[{"timestamp":{"iso":"2008-11-23T08:45:58","unixtimestamp":1227429958},"track":{"name":"Montanita","mbid":"8cb4c999-53ba-43c3-b6f0-6a9fcf815557","artist":{"name":"Ratatat","mbid":"f467181e-d5e0-4285-b47e-e853dcc89ee7"}},"uncorrectedTrack":{"name":"Montanita","mbid":"8cb4c999-53ba-43c3-b6f0-6a9fcf815557","artist":{"name":"Ratatat","mbid":"f467181e-d5e0-4285-b47e-e853dcc89ee7"}}},{"timestamp":{"iso":"2008-11-23T08:46:02","unixtimestamp":1227429962},"track":{"name":"Loud Pipes","mbid":"69d8064a-1b6e-49af-933d-3e689b380af0","artist":{"name":"Ratatat","mbid":"f467181e-d5e0-4285-b47e-e853dcc89ee7"}},"uncorrectedTrack":{"name":"Loud Pipes","mbid":"69d8064a-1b6e-49af-933d-3e689b380af0","artist":{"name":"Ratatat","mbid":"f467181e-d5e0-4285-b47e-e853dcc89ee7"}}},{"timestamp":{"iso":"2008-11-23T08:46:05","unixtimestamp":1227429965},"track":{"name":"Kennedy","mbid":"30097574-d765-4c22-9344-5332ebb47eb5","artist":{"name":"Ratatat","mbid":"f467181e-d5e0-4285-b47e-e853dcc89ee7"}},"uncorrectedTrack":{"name":"Kennedy","mbid":"30097574-d765-4c22-9344-5332ebb47eb5","artist":{"name":"Ratatat","mbid":"f467181e-d5e0-4285-b47e-e853dcc89ee7"}}},{"timestamp":{"iso":"2008-11-23T08:46:14","unixtimestamp":1227429974},"track":{"name":"L.E.S. Artists","artist":{"name":"Santigold","mbid":"56bd1249-3e9a-468d-9efe-57cb980634e1"}},"uncorrectedTrack":{"name":"L.E.S. Artists","artist":{"name":"Santogold"}}},{"timestamp":{"iso":"2008-11-23T08:54:37","unixtimestamp":1227430477},"track":{"name":"Seventeen Years","mbid":"f0b5dba5-dc44-4686-8d24-743fb1413e06","artist":{"name":"Ratatat","mbid":"f467181e-d5e0-4285-b47e-e853dcc89ee7"}},"uncorrectedTrack":{"name":"Seventeen Years","mbid":"f0b5dba5-dc44-4686-8d24-743fb1413e06","artist":{"name":"Ratatat","mbid":"f467181e-d5e0-4285-b47e-e853dcc89ee7"}}},{"timestamp":{"iso":"2008-11-23T09:03:14","unixtimestamp":1227430994},"track":{"name":"Wildcat","mbid":"960944f0-2f97-48b7-90da-eb14dd7a01fd","artist":{"name":"Ratatat","mbid":"f467181e-d5e0-4285-b47e-e853dcc89ee7"}},"uncorrectedTrack":{"name":"Wildcat","mbid":"960944f0-2f97-48b7-90da-eb14dd7a01fd","artist":{"name":"Ratatat","mbid":"f467181e-d5e0-4285-b47e-e853dcc89ee7"}}},{"timestamp":{"iso":"2008-11-23T09:15:56","unixtimestamp":1227431756},"track":{"name":"Desert Eagle","mbid":"a7537bbb-874c-4412-887e-78246439ee79","artist":{"name":"Ratatat","mbid":"f467181e-d5e0-4285-b47e-e853dcc89ee7"}},"uncorrectedTrack":{"name":"Desert Eagle","mbid":"a7537bbb-874c-4412-887e-78246439ee79","artist":{"name":"Ratatat","mbid":"f467181e-d5e0-4285-b47e-e853dcc89ee7"}}},{"timestamp":{"iso":"2008-11-24T19:35:02","unixtimestamp":1227555302},"track":{"name":"The Truth \u0026 The Lie","mbid":"37aba07d-bf24-4b95-b38c-a1f88d670745","artist":{"name":"Cmy","mbid":"ad0de02a-9a8f-4efd-a4e0-33d0e0e6578d"}},"uncorrectedTrack":{"name":"The Truth \u0026 The Lie","mbid":"37aba07d-bf24-4b95-b38c-a1f88d670745","artist":{"name":"Cmy","mbid":"ad0de02a-9a8f-4efd-a4e0-33d0e0e6578d"}}},{"timestamp":{"iso":"2008-11-24T19:35:10","unixtimestamp":1227555310},"track":{"name":"Crawling Up a Hill","mbid":"cdaf258f-eea7-4857-9642-adaec9440747","artist":{"name":"Katie Melua","mbid":"39e32995-6515-40b2-a6f0-841524047edc"}},"uncorrectedTrack":{"name":"Crawling Up a Hill","mbid":"cdaf258f-eea7-4857-9642-adaec9440747","artist":{"name":"Katie Melua","mbid":"39e32995-6515-40b2-a6f0-841524047edc"}}},{"timestamp":{"iso":"2009-01-04T23:41:11","unixtimestamp":1231112471},"track":{"name":"Sick Of Goodbyes","mbid":"2b6f0304-6fb7-4a05-8e1c-63560f68b404","artist":{"name":"Sparklehorse","mbid":"45be8e20-3c3c-4e78-98f0-b5bdecf2f703"}},"uncorrectedTrack":{"name":"Sick Of Goodbyes","mbid":"2b6f0304-6fb7-4a05-8e1c-63560f68b404","artist":{"name":"Sparklehorse","mbid":"45be8e20-3c3c-4e78-98f0-b5bdecf2f703"}}},{"timestamp":{"iso":"2009-01-04T23:55:19","unixtimestamp":1231113319},"track":{"name":"So Contagious","mbid":"bf83bac3-63ee-4b9d-b7ea-2d0b0b027180","artist":{"name":"Acceptance","mbid":"364e1151-40f0-476d-a437-8fc6427262e8"}},"uncorrectedTrack":{"name":"So Contagious","mbid":"bf83bac3-63ee-4b9d-b7ea-2d0b0b027180","artist":{"name":"Acceptance","mbid":"364e1151-40f0-476d-a437-8fc6427262e8"}}},{"timestamp":{"iso":"2009-01-04T23:55:21","unixtimestamp":1231113321},"track":{"name":"Magdalena","mbid":"a54366d9-e627-4374-b662-d50a7676df21","artist":{"name":"A Perfect Circle","mbid":"078a9376-3c04-4280-b7d7-b20e158f345d"}},"uncorrectedTrack":{"name":"Magdalena","mbid":"a54366d9-e627-4374-b662-d50a7676df21","artist":{"name":"A Perfect Circle","mbid":"078a9376-3c04-4280-b7d7-b20e158f345d"}}},{"timestamp":{"iso":"2009-01-04T23:55:51","unixtimestamp":1231113351},"track":{"name":"Changeless","mbid":"2371fd87-b47e-4fec-b68b-0e47e666a987","artist":{"name":"Carbon Leaf","mbid":"d3fb1614-78fd-4555-9c68-f8b25add2de7"}},"uncorrectedTrack":{"name":"Changeless","mbid":"2371fd87-b47e-4fec-b68b-0e47e666a987","artist":{"name":"Carbon Leaf","mbid":"d3fb1614-78fd-4555-9c68-f8b25add2de7"}}},{"timestamp":{"iso":"2009-01-05T06:17:35","unixtimestamp":1231136255},"track":{"name":"You Can\u0027t Always Get What You Want","mbid":"40afb124-5539-4288-8678-8fb2d8298f2e","artist":{"name":"The Rolling Stones","mbid":"b071f9fa-14b0-4217-8e97-eb41da73f598"}},"uncorrectedTrack":{"name":"You Can\u0027t Always Get What You Want","mbid":"40afb124-5539-4288-8678-8fb2d8298f2e","artist":{"name":"The Rolling Stones","mbid":"b071f9fa-14b0-4217-8e97-eb41da73f598"}}},{"timestamp":{"iso":"2009-01-05T06:17:39","unixtimestamp":1231136259},"track":{"name":"Sympathy for the Devil","mbid":"bd473640-02a7-4650-8341-62bd7df09605","artist":{"name":"The Rolling Stones","mbid":"b071f9fa-14b0-4217-8e97-eb41da73f598"}},"uncorrectedTrack":{"name":"Sympathy for the Devil","mbid":"bd473640-02a7-4650-8341-62bd7df09605","artist":{"name":"The Rolling Stones","mbid":"b071f9fa-14b0-4217-8e97-eb41da73f598"}}},{"timestamp":{"iso":"2009-01-05T06:17:41","unixtimestamp":1231136261},"track":{"name":"Get Off Of My Cloud","mbid":"3ed30f1a-b0ff-4a07-a45c-8911d8bc61bc","artist":{"name":"The Rolling Stones","mbid":"b071f9fa-14b0-4217-8e97-eb41da73f598"}},"uncorrectedTrack":{"name":"Get Off Of My Cloud","mbid":"3ed30f1a-b0ff-4a07-a45c-8911d8bc61bc","artist":{"name":"The Rolling Stones","mbid":"b071f9fa-14b0-4217-8e97-eb41da73f598"}}},{"timestamp":{"iso":"2009-01-05T06:20:00","unixtimestamp":1231136400},"track":{"name":"Ruby Tuesday","mbid":"034b2e00-07bf-423e-a0b8-0b671c131387","artist":{"name":"The Rolling Stones","mbid":"b071f9fa-14b0-4217-8e97-eb41da73f598"}},"uncorrectedTrack":{"name":"Ruby Tuesday","mbid":"034b2e00-07bf-423e-a0b8-0b671c131387","artist":{"name":"The Rolling Stones","mbid":"b071f9fa-14b0-4217-8e97-eb41da73f598"}}},{"timestamp":{"iso":"2009-01-05T06:46:50","unixtimestamp":1231138010},"track":{"name":"Paint It Black","mbid":"dee6539b-e09d-4ed5-b5c8-c70fb0a8447d","artist":{"name":"The Rolling Stones","mbid":"b071f9fa-14b0-4217-8e97-eb41da73f598"}},"uncorrectedTrack":{"name":"Paint It Black","mbid":"dee6539b-e09d-4ed5-b5c8-c70fb0a8447d","artist":{"name":"The Rolling Stones","mbid":"b071f9fa-14b0-4217-8e97-eb41da73f598"}}},{"timestamp":{"iso":"2009-01-05T06:46:54","unixtimestamp":1231138014},"track":{"name":"Everything Zen","mbid":"77c76304-1c1f-476f-abc3-18a7b67e9e62","artist":{"name":"Bush","mbid":"6d6d62b2-cff7-447b-ab26-72910aa15c31"}},"uncorrectedTrack":{"name":"Everything Zen","mbid":"77c76304-1c1f-476f-abc3-18a7b67e9e62","artist":{"name":"Bush","mbid":"6d6d62b2-cff7-447b-ab26-72910aa15c31"}}},{"timestamp":{"iso":"2009-01-05T06:58:47","unixtimestamp":1231138727},"track":{"name":"Machinehead","mbid":"163c3cc1-43af-4999-becf-736314121b1a","artist":{"name":"Bush","mbid":"6d6d62b2-cff7-447b-ab26-72910aa15c31"}},"uncorrectedTrack":{"name":"Machine Head","artist":{"name":"Bush","mbid":"6d6d62b2-cff7-447b-ab26-72910aa15c31"}}},{"timestamp":{"iso":"2009-01-05T06:58:58","unixtimestamp":1231138738},"track":{"name":"Adrenaline","artist":{"name":"Bush","mbid":"6d6d62b2-cff7-447b-ab26-72910aa15c31"}},"uncorrectedTrack":{"name":"Adrenaline","artist":{"name":"Bush","mbid":"6d6d62b2-cff7-447b-ab26-72910aa15c31"}}},{"timestamp":{"iso":"2009-01-05T07:06:06","unixtimestamp":1231139166},"track":{"name":"The Chemicals Between Us","mbid":"a44b6da7-3d70-405e-92c0-85057c2567ca","artist":{"name":"Bush","mbid":"6d6d62b2-cff7-447b-ab26-72910aa15c31"}},"uncorrectedTrack":{"name":"The Chemicals Between Us","mbid":"a44b6da7-3d70-405e-92c0-85057c2567ca","artist":{"name":"Bush","mbid":"6d6d62b2-cff7-447b-ab26-72910aa15c31"}}},{"timestamp":{"iso":"2009-01-05T07:30:44","unixtimestamp":1231140644},"track":{"name":"This Is the New Shit","mbid":"008019bd-7506-4b2b-b4e0-252189a35f14","artist":{"name":"Marilyn Manson","mbid":"5dfdca28-9ddc-4853-933c-8bc97d87beec"}},"uncorrectedTrack":{"name":"This Is the New Shit","mbid":"008019bd-7506-4b2b-b4e0-252189a35f14","artist":{"name":"Marilyn Manson","mbid":"5dfdca28-9ddc-4853-933c-8bc97d87beec"}}},{"timestamp":{"iso":"2009-01-05T07:30:49","unixtimestamp":1231140649},"track":{"name":"Swallowed","mbid":"17fee08b-7323-4b31-910f-8948bebbc583","artist":{"name":"Bush","mbid":"6d6d62b2-cff7-447b-ab26-72910aa15c31"}},"uncorrectedTrack":{"name":"Swallowed","mbid":"17fee08b-7323-4b31-910f-8948bebbc583","artist":{"name":"Bush","mbid":"6d6d62b2-cff7-447b-ab26-72910aa15c31"}}},{"timestamp":{"iso":"2009-01-05T07:30:50","unixtimestamp":1231140650},"track":{"name":"The Dope Show","mbid":"f035cfa2-f3be-4e12-aef2-816a30396ea8","artist":{"name":"Marilyn Manson","mbid":"5dfdca28-9ddc-4853-933c-8bc97d87beec"}},"uncorrectedTrack":{"name":"The Dope Show","mbid":"f035cfa2-f3be-4e12-aef2-816a30396ea8","artist":{"name":"Marilyn Manson","mbid":"5dfdca28-9ddc-4853-933c-8bc97d87beec"}}},{"timestamp":{"iso":"2009-01-05T07:41:02","unixtimestamp":1231141262},"track":{"name":"Counting Bodies Like Sheep To The Rhythm Of The War Drums","mbid":"404bf0cd-6ee7-41ff-981f-c0a27998012b","artist":{"name":"A Perfect Circle","mbid":"078a9376-3c04-4280-b7d7-b20e158f345d"}},"uncorrectedTrack":{"name":"Counting Bodies Like Sheep To The Rhythm Of The War Drums","mbid":"404bf0cd-6ee7-41ff-981f-c0a27998012b","artist":{"name":"A Perfect Circle","mbid":"078a9376-3c04-4280-b7d7-b20e158f345d"}}},{"timestamp":{"iso":"2009-01-05T07:54:59","unixtimestamp":1231142099},"track":{"name":"Where is Everybody","mbid":"0997a6f3-a1be-4d95-9a7b-08d5a87bcda3","artist":{"name":"Nine Inch Nails","mbid":"b7ffd2af-418f-4be2-bdd1-22f8b48613da"}},"uncorrectedTrack":{"name":"Where is Everybody","mbid":"0997a6f3-a1be-4d95-9a7b-08d5a87bcda3","artist":{"name":"Nine Inch Nails","mbid":"b7ffd2af-418f-4be2-bdd1-22f8b48613da"}}},{"timestamp":{"iso":"2009-02-09T20:43:08","unixtimestamp":1234212188},"track":{"name":"Le matin","mbid":"d34a83f4-63d9-4599-a0fb-0b3f45d6625b","artist":{"name":"Yann Tiersen","mbid":"12d432a3-feb0-49b1-a107-d20751880764"}},"uncorrectedTrack":{"name":"Le matin","mbid":"d34a83f4-63d9-4599-a0fb-0b3f45d6625b","artist":{"name":"Yann Tiersen","mbid":"12d432a3-feb0-49b1-a107-d20751880764"}}},{"timestamp":{"iso":"2009-02-09T20:43:11","unixtimestamp":1234212191},"track":{"name":"L\u0027un part l\u0027autre reste","artist":{"name":"Charlotte Gainsbourg","mbid":"6efa29c6-9995-48e0-9eaf-3809464a39a7"}},"uncorrectedTrack":{"name":"L\u0027un part l\u0027autre reste","artist":{"name":"Charlotte Gainsbourg","mbid":"6efa29c6-9995-48e0-9eaf-3809464a39a7"}}},{"timestamp":{"iso":"2009-02-09T20:44:05","unixtimestamp":1234212245},"track":{"name":"Sæglópur","mbid":"9b8c653b-a162-494e-8f1d-ee274e1ce524","artist":{"name":"Sigur Rós","mbid":"f6f2326f-6b25-4170-b89d-e235b25508e8"}},"uncorrectedTrack":{"name":"Saeglopur","mbid":"38555c06-4a97-478e-9f37-d4502c6af426","artist":{"name":"Sigur Rós","mbid":"f6f2326f-6b25-4170-b89d-e235b25508e8"}}},{"timestamp":{"iso":"2009-02-09T20:44:14","unixtimestamp":1234212254},"track":{"name":"Kids","mbid":"261b54ec-5552-4099-aa5b-035ceda6bca9","artist":{"name":"MGMT","mbid":"50e6288e-3db5-4253-ae51-5e8738ef2c31"}},"uncorrectedTrack":{"name":"Kids","mbid":"261b54ec-5552-4099-aa5b-035ceda6bca9","artist":{"name":"MGMT","mbid":"50e6288e-3db5-4253-ae51-5e8738ef2c31"}}},{"timestamp":{"iso":"2009-02-09T20:44:22","unixtimestamp":1234212262},"track":{"name":"Unforgettable","mbid":"827473a3-15c9-4c12-9333-856c4a0e1b1f","artist":{"name":"Nat King Cole","mbid":"1205c4f2-a18f-4ee6-80b5-97d4a7f0ae27"}},"uncorrectedTrack":{"name":"Unforgettable","mbid":"827473a3-15c9-4c12-9333-856c4a0e1b1f","artist":{"name":"Nat King Cole","mbid":"1205c4f2-a18f-4ee6-80b5-97d4a7f0ae27"}}},{"timestamp":{"iso":"2009-02-09T20:46:23","unixtimestamp":1234212383},"track":{"name":"Who Am I","mbid":"12d68fb6-c150-4645-81b1-effec31e443b","artist":{"name":"Will Young","mbid":"7240a9e1-01d1-4322-b34a-ad573703f108"}},"uncorrectedTrack":{"name":"Who Am I","mbid":"12d68fb6-c150-4645-81b1-effec31e443b","artist":{"name":"Will Young","mbid":"7240a9e1-01d1-4322-b34a-ad573703f108"}}},{"timestamp":{"iso":"2009-02-09T21:07:50","unixtimestamp":1234213670},"track":{"name":"Straighten Up and Fly Right","mbid":"25775288-c54f-4dfe-b001-fc91cefdb7d3","artist":{"name":"Nat King Cole","mbid":"1205c4f2-a18f-4ee6-80b5-97d4a7f0ae27"}},"uncorrectedTrack":{"name":"Straighten Up and Fly Right","mbid":"25775288-c54f-4dfe-b001-fc91cefdb7d3","artist":{"name":"Nat King Cole","mbid":"1205c4f2-a18f-4ee6-80b5-97d4a7f0ae27"}}},{"timestamp":{"iso":"2009-02-09T21:07:55","unixtimestamp":1234213675},"track":{"name":"Big Yellow Taxi","mbid":"2e7825bf-c18d-4a0f-84c9-b7ac7f913860","artist":{"name":"Joni Mitchell","mbid":"a6de8ef9-b1a1-4756-97aa-481bbb8a4069"}},"uncorrectedTrack":{"name":"Big Yellow Taxi","mbid":"2e7825bf-c18d-4a0f-84c9-b7ac7f913860","artist":{"name":"Joni Mitchell","mbid":"a6de8ef9-b1a1-4756-97aa-481bbb8a4069"}}},{"timestamp":{"iso":"2009-04-20T05:38:40","unixtimestamp":1240205920},"track":{"name":"This Is Halloween","mbid":"4f411236-1236-43ef-a224-dd7983bc3803","artist":{"name":"Marilyn Manson","mbid":"5dfdca28-9ddc-4853-933c-8bc97d87beec"}},"uncorrectedTrack":{"name":"This Is Halloween","mbid":"4f411236-1236-43ef-a224-dd7983bc3803","artist":{"name":"Marilyn Manson","mbid":"5dfdca28-9ddc-4853-933c-8bc97d87beec"}}},{"timestamp":{"iso":"2009-04-20T05:43:41","unixtimestamp":1240206221},"track":{"name":"Deep","mbid":"a320c52d-5d75-42ce-99e4-983e4c2aba2d","artist":{"name":"Nine Inch Nails","mbid":"b7ffd2af-418f-4be2-bdd1-22f8b48613da"}},"uncorrectedTrack":{"name":"Deep","mbid":"a320c52d-5d75-42ce-99e4-983e4c2aba2d","artist":{"name":"Nine Inch Nails","mbid":"b7ffd2af-418f-4be2-bdd1-22f8b48613da"}}},{"timestamp":{"iso":"2009-04-20T05:43:54","unixtimestamp":1240206234},"track":{"name":"「神葬」","mbid":"b5f2a023-5af0-46ef-a6e3-60677d30ff56","artist":{"name":"DIR EN GREY","mbid":"ab309b83-904f-4e2c-8d11-a0223bba51f9"}},"uncorrectedTrack":{"name":"「神葬」","mbid":"b5f2a023-5af0-46ef-a6e3-60677d30ff56","artist":{"name":"DIR EN GREY","mbid":"ab309b83-904f-4e2c-8d11-a0223bba51f9"}}},{"timestamp":{"iso":"2009-04-20T06:00:48","unixtimestamp":1240207248},"track":{"name":"Something I Can Never Have","mbid":"1b1ea310-23b8-4aeb-a617-3ff1a0cf4f5e","artist":{"name":"Nine Inch Nails","mbid":"b7ffd2af-418f-4be2-bdd1-22f8b48613da"}},"uncorrectedTrack":{"name":"Something I Can Never Have","mbid":"1b1ea310-23b8-4aeb-a617-3ff1a0cf4f5e","artist":{"name":"Nine Inch Nails","mbid":"b7ffd2af-418f-4be2-bdd1-22f8b48613da"}}},{"timestamp":{"iso":"2009-04-20T06:11:37","unixtimestamp":1240207897},"track":{"name":"Underneath It All","mbid":"2d104152-a84a-4680-918b-86b633c00777","artist":{"name":"Nine Inch Nails","mbid":"b7ffd2af-418f-4be2-bdd1-22f8b48613da"}},"uncorrectedTrack":{"name":"Underneath It All","mbid":"2d104152-a84a-4680-918b-86b633c00777","artist":{"name":"Nine Inch Nails","mbid":"b7ffd2af-418f-4be2-bdd1-22f8b48613da"}}},{"timestamp":{"iso":"2009-04-20T06:53:30","unixtimestamp":1240210410},"track":{"name":"The Fragile","mbid":"7a325ef4-db84-4de0-9a10-906eeb48e903","artist":{"name":"Nine Inch Nails","mbid":"b7ffd2af-418f-4be2-bdd1-22f8b48613da"}},"uncorrectedTrack":{"name":"The Fragile","mbid":"7a325ef4-db84-4de0-9a10-906eeb48e903","artist":{"name":"Nine Inch Nails","mbid":"b7ffd2af-418f-4be2-bdd1-22f8b48613da"}}},{"timestamp":{"iso":"2009-04-20T07:00:02","unixtimestamp":1240210802},"track":{"name":"Starfuckers, Inc.","mbid":"3df03051-1778-4f2f-9091-cd1d6b92df7c","artist":{"name":"Nine Inch Nails","mbid":"b7ffd2af-418f-4be2-bdd1-22f8b48613da"}},"uncorrectedTrack":{"name":"Starfuckers, Inc.","mbid":"3df03051-1778-4f2f-9091-cd1d6b92df7c","artist":{"name":"Nine Inch Nails","mbid":"b7ffd2af-418f-4be2-bdd1-22f8b48613da"}}},{"timestamp":{"iso":"2009-04-24T01:56:01","unixtimestamp":1240538161},"track":{"name":"Discipline","mbid":"9aa4421c-0971-4ab2-99e7-c0532a66835b","artist":{"name":"Nine Inch Nails","mbid":"b7ffd2af-418f-4be2-bdd1-22f8b48613da"}},"uncorrectedTrack":{"name":"Discipline","mbid":"9aa4421c-0971-4ab2-99e7-c0532a66835b","artist":{"name":"Nine Inch Nails","mbid":"b7ffd2af-418f-4be2-bdd1-22f8b48613da"}}},{"timestamp":{"iso":"2009-05-24T05:58:37","unixtimestamp":1243144717},"track":{"name":"All My Life","mbid":"c72fd6ce-46f8-437a-bb6e-306a145b53a7","artist":{"name":"Foo Fighters","mbid":"67f66c07-6e61-4026-ade5-7e782fad3a5d"}},"uncorrectedTrack":{"name":"All My Life","mbid":"c72fd6ce-46f8-437a-bb6e-306a145b53a7","artist":{"name":"Foo Fighters","mbid":"67f66c07-6e61-4026-ade5-7e782fad3a5d"}}},{"timestamp":{"iso":"2009-05-24T06:09:03","unixtimestamp":1243145343},"track":{"name":"Unforgetable","mbid":"455b1fa3-8e49-473e-acc7-46a1bd6ef36f","artist":{"name":"Nat King Cole","mbid":"1205c4f2-a18f-4ee6-80b5-97d4a7f0ae27"}},"uncorrectedTrack":{"name":"Unforgetable","mbid":"455b1fa3-8e49-473e-acc7-46a1bd6ef36f","artist":{"name":"Nat King Cole","mbid":"1205c4f2-a18f-4ee6-80b5-97d4a7f0ae27"}}},{"timestamp":{"iso":"2009-06-10T20:38:27","unixtimestamp":1244666307},"track":{"name":"Naked As We Came","mbid":"3fca465c-7505-4cb8-ae91-33d7df5c13fe","artist":{"name":"Iron \u0026 Wine","mbid":"c3f28da8-662d-4f09-bdc7-3084bf685930"}},"uncorrectedTrack":{"name":"Naked As We Came","mbid":"3fca465c-7505-4cb8-ae91-33d7df5c13fe","artist":{"name":"Iron \u0026 Wine","mbid":"c3f28da8-662d-4f09-bdc7-3084bf685930"}}},{"timestamp":{"iso":"2009-06-16T20:43:31","unixtimestamp":1245185011},"track":{"name":"Raise Your Rifles","mbid":"2e661a17-e3ab-4718-a52d-9abce6780e7d","artist":{"name":"Autopilot Off","mbid":"7177cc7b-5739-4fb7-a8e8-5ab4bd216f0e"}},"uncorrectedTrack":{"name":"Raise Your Rifles","mbid":"2e661a17-e3ab-4718-a52d-9abce6780e7d","artist":{"name":"Autopilot Off","mbid":"7177cc7b-5739-4fb7-a8e8-5ab4bd216f0e"}}},{"timestamp":{"iso":"2009-06-16T20:43:56","unixtimestamp":1245185036},"track":{"name":"Another Brick In The Wall (cover)","artist":{"name":"Marilyn Manson","mbid":"5dfdca28-9ddc-4853-933c-8bc97d87beec"}},"uncorrectedTrack":{"name":"Another Brick In The Wall (cover)","artist":{"name":"Marilyn Manson","mbid":"5dfdca28-9ddc-4853-933c-8bc97d87beec"}}},{"timestamp":{"iso":"2009-06-17T20:00:42","unixtimestamp":1245268842},"track":{"name":"Lucy in the Sky With Diamonds","artist":{"name":"Across the Universe","mbid":"3f1148a0-1d75-4354-86dd-712f4b1a07e3"}},"uncorrectedTrack":{"name":"Lucy In The Sky With Diamonds","artist":{"name":"Across The Universe Soundtrack"}}},{"timestamp":{"iso":"2009-09-12T06:32:00","unixtimestamp":1252737120},"track":{"name":"Plankton","mbid":"8201fc99-aa18-4c82-b976-f6d9c8ce4b4c","artist":{"name":"Buckethead","mbid":"b5179744-f217-4455-9d8b-17b8d4fdeb93"}},"uncorrectedTrack":{"name":"Plankton","mbid":"8201fc99-aa18-4c82-b976-f6d9c8ce4b4c","artist":{"name":"Buckethead","mbid":"b5179744-f217-4455-9d8b-17b8d4fdeb93"}}},{"timestamp":{"iso":"2009-09-12T17:55:58","unixtimestamp":1252778158},"track":{"name":"Alive","mbid":"8e9b0e05-8072-4261-b930-d4b9f0a1702b","artist":{"name":"Daft Punk","mbid":"056e4f3e-d505-4dad-8ec1-d04f521cbb56"}},"uncorrectedTrack":{"name":"Alive","mbid":"8e9b0e05-8072-4261-b930-d4b9f0a1702b","artist":{"name":"Daft Punk","mbid":"056e4f3e-d505-4dad-8ec1-d04f521cbb56"}}},{"timestamp":{"iso":"2009-11-15T02:39:58","unixtimestamp":1258252798},"track":{"name":"African Velvet","mbid":"09d1e667-b1d1-46ec-9b72-ba6332391b15","artist":{"name":"Air","mbid":"018dcc90-b1a2-400a-a96e-64b6a101f009"}},"uncorrectedTrack":{"name":"African Velvet","mbid":"09d1e667-b1d1-46ec-9b72-ba6332391b15","artist":{"name":"Air","mbid":"018dcc90-b1a2-400a-a96e-64b6a101f009"}}},{"timestamp":{"iso":"2009-11-30T23:59:07","unixtimestamp":1259625547},"track":{"name":"Are You Gonna Be My Girl","mbid":"6524ac6b-69fc-450f-9954-94ff399f0362","artist":{"name":"Jet","mbid":"1b34d22a-9f81-4a8a-83ba-00373e0cc6c4"}},"uncorrectedTrack":{"name":"Are You Gonna Be My Girl","mbid":"6524ac6b-69fc-450f-9954-94ff399f0362","artist":{"name":"Jet","mbid":"1b34d22a-9f81-4a8a-83ba-00373e0cc6c4"}}},{"timestamp":{"iso":"2010-02-01T11:57:23","unixtimestamp":1265025443},"track":{"name":"The Sea","mbid":"2064f240-3f4e-4e8f-bf5d-6ceeee89fca1","artist":{"name":"Morcheeba","mbid":"067102ea-9519-4622-9077-57ca4164cfbb"}},"uncorrectedTrack":{"name":"The Sea","mbid":"2064f240-3f4e-4e8f-bf5d-6ceeee89fca1","artist":{"name":"Morcheeba","mbid":"067102ea-9519-4622-9077-57ca4164cfbb"}}},{"timestamp":{"iso":"2010-02-01T12:46:04","unixtimestamp":1265028364},"track":{"name":"If You Stayed Over (feat. Fink)","mbid":"252c8df6-2825-4822-b1cc-70f7169eaa90","artist":{"name":"Bonobo","mbid":"6f7dea51-1d02-4be1-b138-92078518350c"}},"uncorrectedTrack":{"name":"If You Stayed Over (feat. Fink)","mbid":"252c8df6-2825-4822-b1cc-70f7169eaa90","artist":{"name":"Bonobo","mbid":"6f7dea51-1d02-4be1-b138-92078518350c"}}},{"timestamp":{"iso":"2010-02-01T12:54:24","unixtimestamp":1265028864},"track":{"name":"Recurring","mbid":"8a20b745-f1a2-4d6a-8be9-849d9c5cef23","artist":{"name":"Bonobo","mbid":"6f7dea51-1d02-4be1-b138-92078518350c"}},"uncorrectedTrack":{"name":"Recurring","mbid":"8a20b745-f1a2-4d6a-8be9-849d9c5cef23","artist":{"name":"Bonobo","mbid":"6f7dea51-1d02-4be1-b138-92078518350c"}}},{"timestamp":{"iso":"2010-02-01T20:27:46","unixtimestamp":1265056066},"track":{"name":"Let Me See","mbid":"11a29fc1-4ed3-4f1c-934b-d479e5ef951d","artist":{"name":"Morcheeba","mbid":"067102ea-9519-4622-9077-57ca4164cfbb"}},"uncorrectedTrack":{"name":"Let Me See","mbid":"11a29fc1-4ed3-4f1c-934b-d479e5ef951d","artist":{"name":"Morcheeba","mbid":"067102ea-9519-4622-9077-57ca4164cfbb"}}},{"timestamp":{"iso":"2010-02-02T02:49:35","unixtimestamp":1265078975},"track":{"name":"Slip","mbid":"22e9527e-b6d1-49d1-9dc3-e616fd26c27d","artist":{"name":"Autechre","mbid":"410c9baf-5469-44f6-9852-826524b80c61"}},"uncorrectedTrack":{"name":"Slip","mbid":"22e9527e-b6d1-49d1-9dc3-e616fd26c27d","artist":{"name":"Autechre","mbid":"410c9baf-5469-44f6-9852-826524b80c61"}}},{"timestamp":{"iso":"2010-02-09T00:57:17","unixtimestamp":1265677037},"track":{"name":"Dance With Me","mbid":"2425926a-acd8-48c3-b879-590d9e6085f8","artist":{"name":"Nouvelle Vague","mbid":"77cceea7-91bb-4a4c-ae41-bc9c46c1ccb5"}},"uncorrectedTrack":{"name":"Dance With Me","mbid":"2425926a-acd8-48c3-b879-590d9e6085f8","artist":{"name":"Nouvelle Vague","mbid":"77cceea7-91bb-4a4c-ae41-bc9c46c1ccb5"}}},{"timestamp":{"iso":"2010-02-16T17:01:39","unixtimestamp":1266339699},"track":{"name":"Two Dots","artist":{"name":"Lusine"}},"uncorrectedTrack":{"name":"Two Dots","artist":{"name":"Lusine"}}},{"timestamp":{"iso":"2010-02-24T13:33:23","unixtimestamp":1267018403},"track":{"name":"I\u0027m Looking Through You","mbid":"28469324-306b-41f5-b6c8-f74d51a2ad01","artist":{"name":"The Wallflowers","mbid":"d9c90718-d54d-4ccf-a92e-37a5415ce299"}},"uncorrectedTrack":{"name":"I\u0027m Looking Through You","mbid":"28469324-306b-41f5-b6c8-f74d51a2ad01","artist":{"name":"The Wallflowers","mbid":"d9c90718-d54d-4ccf-a92e-37a5415ce299"}}},{"timestamp":{"iso":"2010-04-22T10:58:48","unixtimestamp":1271933928},"track":{"name":"Walking Away (Tocadisco Remix)","mbid":"1de4598c-5400-4cb9-b043-09398e4aa199","artist":{"name":"The Egg","mbid":"02160d7d-82b6-4a3f-a42c-a7fa43954821"}},"uncorrectedTrack":{"name":"Walking Away (Tocadisco Remix)","mbid":"1de4598c-5400-4cb9-b043-09398e4aa199","artist":{"name":"The Egg","mbid":"02160d7d-82b6-4a3f-a42c-a7fa43954821"}}},{"timestamp":{"iso":"2010-04-22T10:58:52","unixtimestamp":1271933932},"track":{"name":"Dead In Ditches","mbid":"d5a8f6df-5954-4c6b-82b5-b9f311769012","artist":{"name":"Hollywood Undead","mbid":"321fdfbb-426b-43f7-8295-fa9aca6348d9"}},"uncorrectedTrack":{"name":"Dead In Ditches","mbid":"d5a8f6df-5954-4c6b-82b5-b9f311769012","artist":{"name":"Hollywood Undead","mbid":"321fdfbb-426b-43f7-8295-fa9aca6348d9"}}},{"timestamp":{"iso":"2010-04-22T10:58:56","unixtimestamp":1271933936},"track":{"name":"Coming Undone","mbid":"29096343-0958-4746-a509-fd236372cf09","artist":{"name":"Korn","mbid":"ac865b2e-bba8-4f5a-8756-dd40d5e39f46"}},"uncorrectedTrack":{"name":"Coming Undone","artist":{"name":"KoЯn"}}},{"timestamp":{"iso":"2010-04-22T10:59:00","unixtimestamp":1271933940},"track":{"name":"Le Chemin","mbid":"17e99b1f-d695-4088-88b6-7b79ce5df403","artist":{"name":"Kyo","mbid":"016de4c4-6dfd-4f33-9655-0deaa85644bb"}},"uncorrectedTrack":{"name":"Le Chemin","mbid":"17e99b1f-d695-4088-88b6-7b79ce5df403","artist":{"name":"Kyo","mbid":"016de4c4-6dfd-4f33-9655-0deaa85644bb"}}},{"timestamp":{"iso":"2010-05-02T00:13:04","unixtimestamp":1272759184},"track":{"name":"Betray","mbid":"3bff9e39-3c51-4fba-b9f1-060272076827","artist":{"name":"Son Lux","mbid":"afcd292c-3c1e-4708-af4a-991aadf957e4"}},"uncorrectedTrack":{"name":"Betray","mbid":"3bff9e39-3c51-4fba-b9f1-060272076827","artist":{"name":"Son Lux","mbid":"afcd292c-3c1e-4708-af4a-991aadf957e4"}}},{"timestamp":{"iso":"2010-05-03T15:12:22","unixtimestamp":1272899542},"track":{"name":"Coming Undone","mbid":"29096343-0958-4746-a509-fd236372cf09","artist":{"name":"Korn","mbid":"ac865b2e-bba8-4f5a-8756-dd40d5e39f46"}},"uncorrectedTrack":{"name":"Coming Undone","mbid":"29096343-0958-4746-a509-fd236372cf09","artist":{"name":"Korn","mbid":"ac865b2e-bba8-4f5a-8756-dd40d5e39f46"}}},{"timestamp":{"iso":"2010-05-10T15:28:12","unixtimestamp":1273505292},"track":{"name":"The High Road","mbid":"e0adfd20-9ef5-4772-86d3-66977673cbff","artist":{"name":"Broken Bells","mbid":"62d364d2-550b-420e-b918-b3bd1e4a2efc"}},"uncorrectedTrack":{"name":"The High Road","mbid":"e0adfd20-9ef5-4772-86d3-66977673cbff","artist":{"name":"Broken Bells","mbid":"62d364d2-550b-420e-b918-b3bd1e4a2efc"}}},{"timestamp":{"iso":"2010-05-14T02:43:04","unixtimestamp":1273804984},"track":{"name":"Stinkfist","mbid":"b61e8d00-edd4-43de-97c5-be1674698b0b","artist":{"name":"Tool","mbid":"22c94bce-544f-49ba-afdc-026beac4fd3e"}},"uncorrectedTrack":{"name":"Stinkfist","mbid":"b61e8d00-edd4-43de-97c5-be1674698b0b","artist":{"name":"Tool","mbid":"22c94bce-544f-49ba-afdc-026beac4fd3e"}}},{"timestamp":{"iso":"2010-05-18T22:23:57","unixtimestamp":1274221437},"track":{"name":"Derniere danse","artist":{"name":"Kyo","mbid":"016de4c4-6dfd-4f33-9655-0deaa85644bb"}},"uncorrectedTrack":{"name":"Derniere danse","artist":{"name":"Kyo","mbid":"016de4c4-6dfd-4f33-9655-0deaa85644bb"}}},{"timestamp":{"iso":"2010-06-01T01:17:06","unixtimestamp":1275355026},"track":{"name":"The girl in Byakkoya","artist":{"name":"平沢進","mbid":"31e7b30b-f960-408f-908b-c8e277308eab"}},"uncorrectedTrack":{"name":"The girl in Byakkoya","artist":{"name":"Susumu Hirasawa"}}},{"timestamp":{"iso":"2010-07-16T04:38:19","unixtimestamp":1279255099},"track":{"name":"Paradise Circus","mbid":"022ef151-9c94-435d-b637-a8fe9ac9acb2","artist":{"name":"Massive Attack","mbid":"10adbe5e-a2c0-4bf3-8249-2b4cbf6e6ca8"}},"uncorrectedTrack":{"name":"Paradise Circus feat. Hope Sandoval","artist":{"name":"Massive Attack","mbid":"10adbe5e-a2c0-4bf3-8249-2b4cbf6e6ca8"}}},{"timestamp":{"iso":"2010-07-16T04:39:13","unixtimestamp":1279255153},"track":{"name":"Someone Great","mbid":"5a6c9abc-2104-45ed-b4d7-db0f870e26df","artist":{"name":"LCD Soundsystem","mbid":"2aaf7396-6ab8-40f3-9776-a41c42c8e26b"}},"uncorrectedTrack":{"name":"Someone Great","mbid":"5a6c9abc-2104-45ed-b4d7-db0f870e26df","artist":{"name":"LCD Soundsystem","mbid":"2aaf7396-6ab8-40f3-9776-a41c42c8e26b"}}},{"timestamp":{"iso":"2010-07-26T19:37:25","unixtimestamp":1280173045},"track":{"name":"Ghosts N Stuff","mbid":"05542e90-747e-439e-840a-fac5c246c444","artist":{"name":"deadmau5","mbid":"316f2aab-3477-4c62-bb08-eb04dcdcc18f"}},"uncorrectedTrack":{"name":"Ghosts N Stuff","mbid":"05542e90-747e-439e-840a-fac5c246c444","artist":{"name":"deadmau5","mbid":"316f2aab-3477-4c62-bb08-eb04dcdcc18f"}}}]