[{"timestamp":{"iso":"2013-09-02T05:57:46","unixtimestamp":1378101466},"track":{"name":"Colorscale (bonus)","artist":{"name":"Deerhunter","mbid":"4f416ed7-dda2-45de-a6f1-b986e861cf4b"}},"uncorrectedTrack":{"name":"Colorscale (bonus)","artist":{"name":"Deerhunter","mbid":"4f416ed7-dda2-45de-a6f1-b986e861cf4b"}},"album":{"name":"Halcyon Digest","mbid":"0466b981-0b33-43dc-b849-3d889eab7cf0","artist":{"name":"Deerhunter","mbid":"4f416ed7-dda2-45de-a6f1-b986e861cf4b"}},"application":"Grooveshark"},{"timestamp":{"iso":"2013-09-02T05:59:16","unixtimestamp":1378101556},"track":{"name":"Midnight in a Perfect World","mbid":"c9ac422c-adc1-4411-86c2-9be463ec4b49","artist":{"name":"DJ Shadow","mbid":"efa2c11a-1a35-4b60-bc1b-66d37de88511"}},"uncorrectedTrack":{"name":"Midnight in a Perfect World","mbid":"c9ac422c-adc1-4411-86c2-9be463ec4b49","artist":{"name":"DJ Shadow","mbid":"efa2c11a-1a35-4b60-bc1b-66d37de88511"}},"album":{"name":"Endtroducing.....","mbid":"5992a7fd-6ade-3895-827a-a7dfdf6ebb51","artist":{"name":"DJ Shadow","mbid":"efa2c11a-1a35-4b60-bc1b-66d37de88511"}},"application":"Grooveshark"},{"timestamp":{"iso":"2013-09-02T06:00:07","unixtimestamp":1378101607},"track":{"name":"This Must Be The Place (Naive Melody)","mbid":"568b6c89-bc5e-45ef-b0f7-5c0993dabcc5","artist":{"name":"Talking Heads","mbid":"a94a7155-c79d-4409-9fcf-220cb0e4dc3a"}},"uncorrectedTrack":{"name":"This Must Be The Place (Naive Melody)","mbid":"568b6c89-bc5e-45ef-b0f7-5c0993dabcc5","artist":{"name":"Talking Heads","mbid":"a94a7155-c79d-4409-9fcf-220cb0e4dc3a"}},"album":{"name":"The Best of Talking Heads","mbid":"f3598b80-80ce-4b2a-9513-d0321fc5e0ab","artist":{"name":"Talking Heads","mbid":"a94a7155-c79d-4409-9fcf-220cb0e4dc3a"}},"application":"Grooveshark"},{"timestamp":{"iso":"2013-09-02T06:00:48","unixtimestamp":1378101648},"track":{"name":"Novias","mbid":"b4de7318-5e65-450c-baf2-d1cfac5e4b78","artist":{"name":"El Guincho","mbid":"7e57d8a2-e6eb-48dd-8e50-ff7eaa412ccb"}},"uncorrectedTrack":{"name":"Novias","mbid":"b4de7318-5e65-450c-baf2-d1cfac5e4b78","artist":{"name":"El Guincho","mbid":"7e57d8a2-e6eb-48dd-8e50-ff7eaa412ccb"}},"album":{"name":"Pop Negro","mbid":"d1155ca2-d814-4f17-9426-743189f8d853","artist":{"name":"El Guincho","mbid":"7e57d8a2-e6eb-48dd-8e50-ff7eaa412ccb"}},"application":"Grooveshark"},{"timestamp":{"iso":"2013-09-02T06:22:25","unixtimestamp":1378102945},"track":{"name":"Medicine (Sound Remedy Remix)","artist":{"name":"Daughter","mbid":"1a02ce2f-2330-4ea9-b639-a7c6bebdf378"}},"uncorrectedTrack":{"name":"Medicine (Sound Remedy Remix)","artist":{"name":"Daughter","mbid":"1a02ce2f-2330-4ea9-b639-a7c6bebdf378"}},"album":{"name":".","artist":{"name":"Daughter","mbid":"1a02ce2f-2330-4ea9-b639-a7c6bebdf378"}},"application":"Grooveshark"},{"timestamp":{"iso":"2013-09-02T14:36:41","unixtimestamp":1378132601},"track":{"name":"Medicine (Sound Remedy Remix)","artist":{"name":"Daughter","mbid":"1a02ce2f-2330-4ea9-b639-a7c6bebdf378"}},"uncorrectedTrack":{"name":"Medicine (Sound Remedy Remix)","artist":{"name":"Daughter","mbid":"1a02ce2f-2330-4ea9-b639-a7c6bebdf378"}},"album":{"name":".","artist":{"name":"Daughter","mbid":"1a02ce2f-2330-4ea9-b639-a7c6bebdf378"}},"application":"Grooveshark"},{"timestamp":{"iso":"2013-09-02T15:13:46","unixtimestamp":1378134826},"track":{"name":"Medicine (Sound Remedy Remix)","artist":{"name":"Daughter","mbid":"1a02ce2f-2330-4ea9-b639-a7c6bebdf378"}},"uncorrectedTrack":{"name":"Medicine (Sound Remedy Remix)","artist":{"name":"Daughter","mbid":"1a02ce2f-2330-4ea9-b639-a7c6bebdf378"}},"album":{"name":".","artist":{"name":"Daughter","mbid":"1a02ce2f-2330-4ea9-b639-a7c6bebdf378"}},"application":"Grooveshark"},{"timestamp":{"iso":"2013-09-03T18:54:56","unixtimestamp":1378234496},"track":{"name":"Medicine (Sound Remedy Remix)","artist":{"name":"Daughter","mbid":"1a02ce2f-2330-4ea9-b639-a7c6bebdf378"}},"uncorrectedTrack":{"name":"Medicine (Sound Remedy Remix)","artist":{"name":"Daughter","mbid":"1a02ce2f-2330-4ea9-b639-a7c6bebdf378"}},"album":{"name":".","artist":{"name":"Daughter","mbid":"1a02ce2f-2330-4ea9-b639-a7c6bebdf378"}},"application":"Grooveshark"},{"timestamp":{"iso":"2013-09-03T21:15:30","unixtimestamp":1378242930},"track":{"name":"Prelude","mbid":"7eb9fedd-ecc0-4589-aaa6-dc3c1ee3df54","artist":{"name":"Bonobo","mbid":"6f7dea51-1d02-4be1-b138-92078518350c"}},"uncorrectedTrack":{"name":"Prelude","mbid":"7eb9fedd-ecc0-4589-aaa6-dc3c1ee3df54","artist":{"name":"Bonobo","mbid":"6f7dea51-1d02-4be1-b138-92078518350c"}},"album":{"name":"Black Sands","mbid":"6b575427-f110-4c22-bdeb-89620f534da2","artist":{"name":"Bonobo","mbid":"6f7dea51-1d02-4be1-b138-92078518350c"}},"application":"Grooveshark"},{"timestamp":{"iso":"2013-09-03T21:16:06","unixtimestamp":1378242966},"track":{"name":"Black Sands","mbid":"8b86ceb3-0aae-44ca-9462-546b10bd1b24","artist":{"name":"Bonobo","mbid":"6f7dea51-1d02-4be1-b138-92078518350c"}},"uncorrectedTrack":{"name":"Black Sands","mbid":"8b86ceb3-0aae-44ca-9462-546b10bd1b24","artist":{"name":"Bonobo","mbid":"6f7dea51-1d02-4be1-b138-92078518350c"}},"album":{"name":"Black Sands","mbid":"6b575427-f110-4c22-bdeb-89620f534da2","artist":{"name":"Bonobo","mbid":"6f7dea51-1d02-4be1-b138-92078518350c"}},"application":"Grooveshark"},{"timestamp":{"iso":"2013-09-03T21:22:55","unixtimestamp":1378243375},"track":{"name":"Kiara","mbid":"da17946e-5e74-4c02-a474-6cd8e321b96a","artist":{"name":"Bonobo","mbid":"6f7dea51-1d02-4be1-b138-92078518350c"}},"uncorrectedTrack":{"name":"Kiara","mbid":"da17946e-5e74-4c02-a474-6cd8e321b96a","artist":{"name":"Bonobo","mbid":"6f7dea51-1d02-4be1-b138-92078518350c"}},"album":{"name":"Black Sands","mbid":"6b575427-f110-4c22-bdeb-89620f534da2","artist":{"name":"Bonobo","mbid":"6f7dea51-1d02-4be1-b138-92078518350c"}},"application":"Grooveshark"},{"timestamp":{"iso":"2013-09-03T21:26:46","unixtimestamp":1378243606},"track":{"name":"Animals","mbid":"39fb73ca-1148-4d50-89ec-81918af14565","artist":{"name":"Bonobo","mbid":"6f7dea51-1d02-4be1-b138-92078518350c"}},"uncorrectedTrack":{"name":"Animals","mbid":"39fb73ca-1148-4d50-89ec-81918af14565","artist":{"name":"Bonobo","mbid":"6f7dea51-1d02-4be1-b138-92078518350c"}},"album":{"name":"Black Sands","mbid":"6b575427-f110-4c22-bdeb-89620f534da2","artist":{"name":"Bonobo","mbid":"6f7dea51-1d02-4be1-b138-92078518350c"}},"application":"Grooveshark"},{"timestamp":{"iso":"2013-09-03T21:38:16","unixtimestamp":1378244296},"track":{"name":"The Keeper","mbid":"7d4f073b-8127-4321-8b0f-c280e37fd853","artist":{"name":"Bonobo","mbid":"6f7dea51-1d02-4be1-b138-92078518350c"}},"uncorrectedTrack":{"name":"The Keeper","mbid":"7d4f073b-8127-4321-8b0f-c280e37fd853","artist":{"name":"Bonobo","mbid":"6f7dea51-1d02-4be1-b138-92078518350c"}},"album":{"name":"Black Sands","mbid":"6b575427-f110-4c22-bdeb-89620f534da2","artist":{"name":"Bonobo","mbid":"6f7dea51-1d02-4be1-b138-92078518350c"}},"application":"Grooveshark"},{"timestamp":{"iso":"2013-09-04T19:45:48","unixtimestamp":1378323948},"track":{"name":"Medicine (Sound Remedy Remix)","artist":{"name":"Daughter","mbid":"1a02ce2f-2330-4ea9-b639-a7c6bebdf378"}},"uncorrectedTrack":{"name":"Medicine (Sound Remedy Remix)","artist":{"name":"Daughter","mbid":"1a02ce2f-2330-4ea9-b639-a7c6bebdf378"}},"album":{"name":".","artist":{"name":"Daughter","mbid":"1a02ce2f-2330-4ea9-b639-a7c6bebdf378"}},"application":"Grooveshark"},{"timestamp":{"iso":"2013-09-04T20:06:10","unixtimestamp":1378325170},"track":{"name":"Thank You For the Music","mbid":"3d59002e-f071-4d68-ae9b-3dd1553c6576","artist":{"name":"Cornelius","mbid":"d871e973-61fd-499e-8dea-f36fd1e0ad6f"}},"uncorrectedTrack":{"name":"Thank You For the Music","mbid":"3d59002e-f071-4d68-ae9b-3dd1553c6576","artist":{"name":"Cornelius","mbid":"d871e973-61fd-499e-8dea-f36fd1e0ad6f"}},"album":{"name":"Fantasma","mbid":"3367a359-459f-4373-a505-32c0b29fd2c4","artist":{"name":"Cornelius","mbid":"d871e973-61fd-499e-8dea-f36fd1e0ad6f"}},"application":"Grooveshark"},{"timestamp":{"iso":"2013-09-04T20:37:34","unixtimestamp":1378327054},"track":{"name":"Let\u0027s Go","mbid":"297a3e29-ff3a-4ac9-9dd7-126d90a7ccee","artist":{"name":"POLYSICS","mbid":"b7d567df-e26b-4da1-b29d-f903f0ff9bbc"}},"uncorrectedTrack":{"name":"Let\u0027s Go","mbid":"297a3e29-ff3a-4ac9-9dd7-126d90a7ccee","artist":{"name":"POLYSICS","mbid":"b7d567df-e26b-4da1-b29d-f903f0ff9bbc"}},"album":{"name":"For Young Electric Pop","mbid":"0186ad20-c606-409b-b540-ec4a9fc9f455","artist":{"name":"POLYSICS","mbid":"b7d567df-e26b-4da1-b29d-f903f0ff9bbc"}},"application":"Grooveshark"},{"timestamp":{"iso":"2013-09-04T20:38:48","unixtimestamp":1378327128},"track":{"name":"Easy Muffin","mbid":"35b1fd7b-a3e9-43b0-af3d-71198888e767","artist":{"name":"Amon Tobin","mbid":"630662ea-1c7d-4208-99fd-ba3afec20f0c"}},"uncorrectedTrack":{"name":"Easy Muffin","mbid":"35b1fd7b-a3e9-43b0-af3d-71198888e767","artist":{"name":"Amon Tobin","mbid":"630662ea-1c7d-4208-99fd-ba3afec20f0c"}},"album":{"name":"Bricolage","mbid":"865f40b0-8ed8-4a31-8293-7d99d92cd7d7","artist":{"name":"Amon Tobin","mbid":"630662ea-1c7d-4208-99fd-ba3afec20f0c"}},"application":"Grooveshark"},{"timestamp":{"iso":"2013-09-04T20:43:50","unixtimestamp":1378327430},"track":{"name":"Mind Eye","mbid":"c265887e-5960-4d6a-8eab-32f25ab2d4f9","artist":{"name":"Nightmares on Wax","mbid":"b8c5cc4f-239f-4e02-b46f-b040b77c2030"}},"uncorrectedTrack":{"name":"Mind Eye","mbid":"c265887e-5960-4d6a-8eab-32f25ab2d4f9","artist":{"name":"Nightmares on Wax","mbid":"b8c5cc4f-239f-4e02-b46f-b040b77c2030"}},"album":{"name":"Mind Elevation","mbid":"d7f6f747-94c1-42ac-a1f5-a996c8e00192","artist":{"name":"Nightmares on Wax","mbid":"b8c5cc4f-239f-4e02-b46f-b040b77c2030"}},"application":"Grooveshark"},{"timestamp":{"iso":"2013-09-04T20:50:56","unixtimestamp":1378327856},"track":{"name":"Beskhu3epnm","mbid":"012c0462-7af6-4939-85cc-6e9cddb5ee7f","artist":{"name":"Aphex Twin","mbid":"158c6b17-a00a-4624-9ae0-d614d5dd0d52"}},"uncorrectedTrack":{"name":"Beskhu3epnm","mbid":"012c0462-7af6-4939-85cc-6e9cddb5ee7f","artist":{"name":"Aphex Twin","mbid":"158c6b17-a00a-4624-9ae0-d614d5dd0d52"}},"album":{"name":"Drukqs","mbid":"564eb4f3-3211-3462-a3fe-28b911eee0c7","artist":{"name":"Aphex Twin","mbid":"158c6b17-a00a-4624-9ae0-d614d5dd0d52"}},"application":"Grooveshark"},{"timestamp":{"iso":"2013-09-04T20:53:06","unixtimestamp":1378327986},"track":{"name":"Honeydew (feat. Fi)","mbid":"019b2a47-02f1-4cf6-818b-d8fc94798ecf","artist":{"name":"Mr. Scruff","mbid":"234bab50-2f04-4d21-8f91-df93ef554855"}},"uncorrectedTrack":{"name":"Honeydew (feat. Fi)","mbid":"019b2a47-02f1-4cf6-818b-d8fc94798ecf","artist":{"name":"Mr. Scruff","mbid":"234bab50-2f04-4d21-8f91-df93ef554855"}},"album":{"name":"Keep It Unreal","mbid":"2df3b78a-0821-43fd-b138-0da4ee145da6","artist":{"name":"Mr. Scruff","mbid":"234bab50-2f04-4d21-8f91-df93ef554855"}},"application":"Grooveshark"},{"timestamp":{"iso":"2013-09-04T20:59:55","unixtimestamp":1378328395},"track":{"name":"All That You Give","mbid":"91247ee5-9e3d-401c-b5b2-8bf63c11ec71","artist":{"name":"The Cinematic Orchestra","mbid":"7c158ea8-c0aa-410e-bdc1-20bba9759577"}},"uncorrectedTrack":{"name":"All That You Give","mbid":"91247ee5-9e3d-401c-b5b2-8bf63c11ec71","artist":{"name":"The Cinematic Orchestra","mbid":"7c158ea8-c0aa-410e-bdc1-20bba9759577"}},"album":{"name":"Every Day","mbid":"44270faa-917a-4415-be27-d7f0aab94d52","artist":{"name":"The Cinematic Orchestra","mbid":"7c158ea8-c0aa-410e-bdc1-20bba9759577"}},"application":"Grooveshark"},{"timestamp":{"iso":"2013-09-04T21:06:01","unixtimestamp":1378328761},"track":{"name":"Cinematic Orchestra - Burn Out","artist":{"name":"The Cinematic Orchestra","mbid":"7c158ea8-c0aa-410e-bdc1-20bba9759577"}},"uncorrectedTrack":{"name":"Cinematic Orchestra - Burn Out","artist":{"name":"The Cinematic Orchestra","mbid":"7c158ea8-c0aa-410e-bdc1-20bba9759577"}},"album":{"name":"Every Day","mbid":"44270faa-917a-4415-be27-d7f0aab94d52","artist":{"name":"The Cinematic Orchestra","mbid":"7c158ea8-c0aa-410e-bdc1-20bba9759577"}},"application":"Grooveshark"},{"timestamp":{"iso":"2013-09-06T17:55:01","unixtimestamp":1378490101},"track":{"name":"Bombay","mbid":"a83b7d8c-0a85-47b5-a09f-2d198327e341","artist":{"name":"El Guincho","mbid":"7e57d8a2-e6eb-48dd-8e50-ff7eaa412ccb"}},"uncorrectedTrack":{"name":"Bombay","mbid":"a83b7d8c-0a85-47b5-a09f-2d198327e341","artist":{"name":"El Guincho","mbid":"7e57d8a2-e6eb-48dd-8e50-ff7eaa412ccb"}},"album":{"name":"Pop Negro","mbid":"d1155ca2-d814-4f17-9426-743189f8d853","artist":{"name":"El Guincho","mbid":"7e57d8a2-e6eb-48dd-8e50-ff7eaa412ccb"}},"application":"Grooveshark"},{"timestamp":{"iso":"2013-09-06T17:58:42","unixtimestamp":1378490322},"track":{"name":"ghetto fã¡cil","artist":{"name":"El Guincho","mbid":"7e57d8a2-e6eb-48dd-8e50-ff7eaa412ccb"}},"uncorrectedTrack":{"name":"Ghetto FÃ¡cil","artist":{"name":"El Guincho","mbid":"7e57d8a2-e6eb-48dd-8e50-ff7eaa412ccb"}},"album":{"name":"Pop Negro","mbid":"d1155ca2-d814-4f17-9426-743189f8d853","artist":{"name":"El Guincho","mbid":"7e57d8a2-e6eb-48dd-8e50-ff7eaa412ccb"}},"application":"Grooveshark"},{"timestamp":{"iso":"2013-09-06T18:01:47","unixtimestamp":1378490507},"track":{"name":"Novias","mbid":"b4de7318-5e65-450c-baf2-d1cfac5e4b78","artist":{"name":"El Guincho","mbid":"7e57d8a2-e6eb-48dd-8e50-ff7eaa412ccb"}},"uncorrectedTrack":{"name":"Novias","mbid":"b4de7318-5e65-450c-baf2-d1cfac5e4b78","artist":{"name":"El Guincho","mbid":"7e57d8a2-e6eb-48dd-8e50-ff7eaa412ccb"}},"album":{"name":"Pop Negro","mbid":"d1155ca2-d814-4f17-9426-743189f8d853","artist":{"name":"El Guincho","mbid":"7e57d8a2-e6eb-48dd-8e50-ff7eaa412ccb"}},"application":"Grooveshark"},{"timestamp":{"iso":"2013-09-06T18:05:13","unixtimestamp":1378490713},"track":{"name":"ghetto fã¡cil","artist":{"name":"El Guincho","mbid":"7e57d8a2-e6eb-48dd-8e50-ff7eaa412ccb"}},"uncorrectedTrack":{"name":"Ghetto FÃ¡cil","artist":{"name":"El Guincho","mbid":"7e57d8a2-e6eb-48dd-8e50-ff7eaa412ccb"}},"album":{"name":"Pop Negro","mbid":"d1155ca2-d814-4f17-9426-743189f8d853","artist":{"name":"El Guincho","mbid":"7e57d8a2-e6eb-48dd-8e50-ff7eaa412ccb"}},"application":"Grooveshark"},{"timestamp":{"iso":"2013-09-06T18:13:17","unixtimestamp":1378491197},"track":{"name":"Muerte Midi","mbid":"8346f220-cb6d-4912-9bd6-7e536c3781c8","artist":{"name":"El Guincho","mbid":"7e57d8a2-e6eb-48dd-8e50-ff7eaa412ccb"}},"uncorrectedTrack":{"name":"Muerte Midi","mbid":"8346f220-cb6d-4912-9bd6-7e536c3781c8","artist":{"name":"El Guincho","mbid":"7e57d8a2-e6eb-48dd-8e50-ff7eaa412ccb"}},"album":{"name":"Pop Negro","mbid":"d1155ca2-d814-4f17-9426-743189f8d853","artist":{"name":"El Guincho","mbid":"7e57d8a2-e6eb-48dd-8e50-ff7eaa412ccb"}},"application":"Grooveshark"},{"timestamp":{"iso":"2013-09-06T18:17:04","unixtimestamp":1378491424},"track":{"name":"(Chica-Oh) Drims","mbid":"5596c1eb-5e40-466c-b5f0-ba3ed820a49a","artist":{"name":"El Guincho","mbid":"7e57d8a2-e6eb-48dd-8e50-ff7eaa412ccb"}},"uncorrectedTrack":{"name":"(Chica-Oh) Drims","mbid":"5596c1eb-5e40-466c-b5f0-ba3ed820a49a","artist":{"name":"El Guincho","mbid":"7e57d8a2-e6eb-48dd-8e50-ff7eaa412ccb"}},"album":{"name":"Pop Negro","mbid":"d1155ca2-d814-4f17-9426-743189f8d853","artist":{"name":"El Guincho","mbid":"7e57d8a2-e6eb-48dd-8e50-ff7eaa412ccb"}},"application":"Grooveshark"},{"timestamp":{"iso":"2013-09-06T19:31:21","unixtimestamp":1378495881},"track":{"name":"Africa","mbid":"4c545ea9-6680-4d32-823a-8608f1ccbb6e","artist":{"name":"Toto","mbid":"aab5c954-cabe-432e-899e-1c4f99757327"}},"uncorrectedTrack":{"name":"Africa","mbid":"4c545ea9-6680-4d32-823a-8608f1ccbb6e","artist":{"name":"Toto","mbid":"aab5c954-cabe-432e-899e-1c4f99757327"}},"album":{"name":"The Essential Toto","mbid":"7ab2a47f-ffb3-4d73-b33d-0e0395aacf6b","artist":{"name":"Toto","mbid":"aab5c954-cabe-432e-899e-1c4f99757327"}},"application":"Grooveshark"},{"timestamp":{"iso":"2013-09-06T19:35:43","unixtimestamp":1378496143},"track":{"name":"Amanda","mbid":"04e4c83a-44a6-4c5d-b3ab-9bbf83431ed9","artist":{"name":"Boston","mbid":"02a5c0c6-46a6-44d3-8005-912ad742b6fa"}},"uncorrectedTrack":{"name":"Amanda","mbid":"04e4c83a-44a6-4c5d-b3ab-9bbf83431ed9","artist":{"name":"Boston","mbid":"02a5c0c6-46a6-44d3-8005-912ad742b6fa"}},"album":{"name":"Greatest Hits","mbid":"11036817-9300-4280-a2ba-8c78a9c260de","artist":{"name":"Boston","mbid":"02a5c0c6-46a6-44d3-8005-912ad742b6fa"}},"application":"Grooveshark"},{"timestamp":{"iso":"2013-09-06T19:39:59","unixtimestamp":1378496399},"track":{"name":"I\u0027ve Seen All Good People","mbid":"b6595d7b-88d9-401a-ae95-121057930352","artist":{"name":"Yes","mbid":"8353f93f-163e-48c2-bb75-9f18987a3d46"}},"uncorrectedTrack":{"name":"Ive Seen All Good People","artist":{"name":"Yes","mbid":"8353f93f-163e-48c2-bb75-9f18987a3d46"}},"album":{"name":"The Yes Album","mbid":"482bfb0a-4b39-33d3-9c6e-63ba4b3c86f9","artist":{"name":"Yes","mbid":"8353f93f-163e-48c2-bb75-9f18987a3d46"}},"application":"Grooveshark"},{"timestamp":{"iso":"2013-09-06T19:46:56","unixtimestamp":1378496816},"track":{"name":"Over My Head","mbid":"1484013b-b92a-4e68-902a-38d0f24d0bcd","artist":{"name":"Fleetwood Mac","mbid":"43202220-c6d1-4399-a2d2-0c4f8de0a65a"}},"uncorrectedTrack":{"name":"Over My Head","mbid":"1484013b-b92a-4e68-902a-38d0f24d0bcd","artist":{"name":"Fleetwood Mac","mbid":"43202220-c6d1-4399-a2d2-0c4f8de0a65a"}},"album":{"name":"25 Years: The Chain","mbid":"2177c44a-d5d1-4c69-b871-67c490f528ae","artist":{"name":"Fleetwood Mac","mbid":"43202220-c6d1-4399-a2d2-0c4f8de0a65a"}},"application":"Grooveshark"},{"timestamp":{"iso":"2013-09-06T19:50:30","unixtimestamp":1378497030},"track":{"name":"Roundabout","mbid":"29047414-6f83-4d92-9e25-b37960cc3490","artist":{"name":"Yes","mbid":"8353f93f-163e-48c2-bb75-9f18987a3d46"}},"uncorrectedTrack":{"name":"Roundabout","mbid":"29047414-6f83-4d92-9e25-b37960cc3490","artist":{"name":"Yes","mbid":"8353f93f-163e-48c2-bb75-9f18987a3d46"}},"album":{"name":"The best of 50-60-70-80-90","artist":{"name":"Yes","mbid":"8353f93f-163e-48c2-bb75-9f18987a3d46"}},"application":"Grooveshark"},{"timestamp":{"iso":"2013-09-06T19:53:59","unixtimestamp":1378497239},"track":{"name":"Sympathy for the Devil","mbid":"87269267-2e33-46ed-9ec0-85f4341ca82e","artist":{"name":"The Rolling Stones","mbid":"b071f9fa-14b0-4217-8e97-eb41da73f598"}},"uncorrectedTrack":{"name":"Sympathy for the Devil","mbid":"87269267-2e33-46ed-9ec0-85f4341ca82e","artist":{"name":"The Rolling Stones","mbid":"b071f9fa-14b0-4217-8e97-eb41da73f598"}},"album":{"name":"Beggars Banquet","mbid":"1db79b00-f585-4943-a83b-9bd7e6914e06","artist":{"name":"The Rolling Stones","mbid":"b071f9fa-14b0-4217-8e97-eb41da73f598"}},"application":"Grooveshark"},{"timestamp":{"iso":"2013-09-06T20:00:23","unixtimestamp":1378497623},"track":{"name":"Over the Hills and Far Away","mbid":"76e3c6e8-9c13-427c-a772-fca37e66e8f7","artist":{"name":"Led Zeppelin","mbid":"678d88b2-87b0-403b-b63d-5da7465aecc3"}},"uncorrectedTrack":{"name":"Over the Hills and Far Away","mbid":"76e3c6e8-9c13-427c-a772-fca37e66e8f7","artist":{"name":"Led Zeppelin","mbid":"678d88b2-87b0-403b-b63d-5da7465aecc3"}},"album":{"name":"Boxed Set","mbid":"4bd72d5b-1033-395a-9ed3-6110b7b85556","artist":{"name":"Led Zeppelin","mbid":"678d88b2-87b0-403b-b63d-5da7465aecc3"}},"application":"Grooveshark"},{"timestamp":{"iso":"2013-09-06T20:05:09","unixtimestamp":1378497909},"track":{"name":"Won\u0027t Get Fooled Again","artist":{"name":"The Who","mbid":"9fdaa16b-a6c4-4831-b87c-bc9ca8ce7eaa"}},"uncorrectedTrack":{"name":"Won\u0027t Get Fooled Again","artist":{"name":"The Who","mbid":"9fdaa16b-a6c4-4831-b87c-bc9ca8ce7eaa"}},"album":{"name":"Who\u0027s Greatest Hits","mbid":"8134e0e3-0d44-44df-a225-82531e785974","artist":{"name":"The Who","mbid":"9fdaa16b-a6c4-4831-b87c-bc9ca8ce7eaa"}},"application":"Grooveshark"},{"timestamp":{"iso":"2013-09-06T20:13:43","unixtimestamp":1378498423},"track":{"name":"Under African Skies","mbid":"f1daac1a-c8d3-4385-a08a-9df2638aa023","artist":{"name":"Paul Simon","mbid":"05517043-ff78-4988-9c22-88c68588ebb9"}},"uncorrectedTrack":{"name":"Under African Skies","mbid":"f1daac1a-c8d3-4385-a08a-9df2638aa023","artist":{"name":"Paul Simon","mbid":"05517043-ff78-4988-9c22-88c68588ebb9"}},"album":{"name":"Graceland","mbid":"69a1c637-5cd3-40cd-9af0-bb10fcc0d8c8","artist":{"name":"Paul Simon","mbid":"05517043-ff78-4988-9c22-88c68588ebb9"}},"application":"Grooveshark"},{"timestamp":{"iso":"2013-09-06T20:17:20","unixtimestamp":1378498640},"track":{"name":"Eminence Front","mbid":"380e2e7d-5336-4afa-ab37-734b233796b3","artist":{"name":"The Who","mbid":"9fdaa16b-a6c4-4831-b87c-bc9ca8ce7eaa"}},"uncorrectedTrack":{"name":"Eminence Front","mbid":"380e2e7d-5336-4afa-ab37-734b233796b3","artist":{"name":"The Who","mbid":"9fdaa16b-a6c4-4831-b87c-bc9ca8ce7eaa"}},"album":{"name":"Greatest Hits","mbid":"55265199-08f9-3e6a-8532-409b6caf6c5e","artist":{"name":"The Who","mbid":"9fdaa16b-a6c4-4831-b87c-bc9ca8ce7eaa"}},"application":"Grooveshark"},{"timestamp":{"iso":"2013-09-06T20:23:04","unixtimestamp":1378498984},"track":{"name":"Misty Mountain Hop","mbid":"04e085e9-880f-4f42-8bdf-2ae68a729114","artist":{"name":"Led Zeppelin","mbid":"678d88b2-87b0-403b-b63d-5da7465aecc3"}},"uncorrectedTrack":{"name":"Misty Mountain Hop","mbid":"04e085e9-880f-4f42-8bdf-2ae68a729114","artist":{"name":"Led Zeppelin","mbid":"678d88b2-87b0-403b-b63d-5da7465aecc3"}},"album":{"name":"[Led Zeppelin IV]","mbid":"e20a139c-a9a7-4fac-9303-a8a2143d9552","artist":{"name":"Led Zeppelin","mbid":"678d88b2-87b0-403b-b63d-5da7465aecc3"}},"application":"Grooveshark"},{"timestamp":{"iso":"2013-09-06T20:27:43","unixtimestamp":1378499263},"track":{"name":"Pinball Wizard","mbid":"a1cac184-72ca-4bef-aa80-825f72bff715","artist":{"name":"The Who","mbid":"9fdaa16b-a6c4-4831-b87c-bc9ca8ce7eaa"}},"uncorrectedTrack":{"name":"Pinball Wizard","mbid":"a1cac184-72ca-4bef-aa80-825f72bff715","artist":{"name":"The Who","mbid":"9fdaa16b-a6c4-4831-b87c-bc9ca8ce7eaa"}},"album":{"name":"Who\u0027s Greatest Hits","mbid":"8134e0e3-0d44-44df-a225-82531e785974","artist":{"name":"The Who","mbid":"9fdaa16b-a6c4-4831-b87c-bc9ca8ce7eaa"}},"application":"Grooveshark"},{"timestamp":{"iso":"2013-09-06T20:30:46","unixtimestamp":1378499446},"track":{"name":"Club Tropicana","mbid":"de04306b-26c9-4e2e-81f9-14672ccbd603","artist":{"name":"Wham!","mbid":"d570bb31-b9ca-45a4-a2d9-11b186d9c159"}},"uncorrectedTrack":{"name":"Club Tropicana","mbid":"de04306b-26c9-4e2e-81f9-14672ccbd603","artist":{"name":"Wham!","mbid":"d570bb31-b9ca-45a4-a2d9-11b186d9c159"}},"album":{"name":"The Final","mbid":"70bddb4e-8dec-4a5b-aa9a-745c859a1a8b","artist":{"name":"Wham!","mbid":"d570bb31-b9ca-45a4-a2d9-11b186d9c159"}},"application":"Grooveshark"},{"timestamp":{"iso":"2013-09-06T20:38:45","unixtimestamp":1378499925},"track":{"name":"The Song Is Over","mbid":"09b342f1-162d-46b0-a01e-72fe431c4027","artist":{"name":"The Who","mbid":"9fdaa16b-a6c4-4831-b87c-bc9ca8ce7eaa"}},"uncorrectedTrack":{"name":"The Song Is Over","mbid":"09b342f1-162d-46b0-a01e-72fe431c4027","artist":{"name":"The Who","mbid":"9fdaa16b-a6c4-4831-b87c-bc9ca8ce7eaa"}},"album":{"name":"Whoâ€™S Next","artist":{"name":"The Who","mbid":"9fdaa16b-a6c4-4831-b87c-bc9ca8ce7eaa"}},"application":"Grooveshark"},{"timestamp":{"iso":"2013-09-06T20:45:05","unixtimestamp":1378500305},"track":{"name":"Here comes the Sun","artist":{"name":"any song in the world"}},"uncorrectedTrack":{"name":"Here comes the Sun","artist":{"name":"any song in the world"}},"album":{"name":"The Beatles Abbey Road","artist":{"name":"any song in the world"}},"application":"Grooveshark"},{"timestamp":{"iso":"2013-09-06T20:48:11","unixtimestamp":1378500491},"track":{"name":"Kashmir","mbid":"99e1fd72-be49-4eb5-a4be-3ddb2d9870b0","artist":{"name":"Led Zeppelin","mbid":"678d88b2-87b0-403b-b63d-5da7465aecc3"}},"uncorrectedTrack":{"name":"Kashmir","mbid":"99e1fd72-be49-4eb5-a4be-3ddb2d9870b0","artist":{"name":"Led Zeppelin","mbid":"678d88b2-87b0-403b-b63d-5da7465aecc3"}},"album":{"name":"Physical Graffiti","mbid":"d94e4232-8e16-48e6-b54d-43e61552e92b","artist":{"name":"Led Zeppelin","mbid":"678d88b2-87b0-403b-b63d-5da7465aecc3"}},"application":"Grooveshark"},{"timestamp":{"iso":"2013-09-06T20:56:45","unixtimestamp":1378501005},"track":{"name":"Riders on the Storm","mbid":"d3ba5d87-241c-486b-8ebe-6c0d97eba01f","artist":{"name":"The Doors","mbid":"9efff43b-3b29-4082-824e-bc82f646f93d"}},"uncorrectedTrack":{"name":"Riders on the Storm","mbid":"d3ba5d87-241c-486b-8ebe-6c0d97eba01f","artist":{"name":"The Doors","mbid":"9efff43b-3b29-4082-824e-bc82f646f93d"}},"album":{"name":"The best of 50-60-70-80-90","artist":{"name":"The Doors","mbid":"9efff43b-3b29-4082-824e-bc82f646f93d"}},"application":"Grooveshark"},{"timestamp":{"iso":"2013-09-06T21:00:46","unixtimestamp":1378501246},"track":{"name":"Don\u0027t Stop","mbid":"771146e1-4345-441b-8a7b-902da330e416","artist":{"name":"Fleetwood Mac","mbid":"43202220-c6d1-4399-a2d2-0c4f8de0a65a"}},"uncorrectedTrack":{"name":"Don\u0027t Stop","mbid":"771146e1-4345-441b-8a7b-902da330e416","artist":{"name":"Fleetwood Mac","mbid":"43202220-c6d1-4399-a2d2-0c4f8de0a65a"}},"album":{"name":"The best of 50-60-70-80-90","artist":{"name":"Fleetwood Mac","mbid":"43202220-c6d1-4399-a2d2-0c4f8de0a65a"}},"application":"Grooveshark"},{"timestamp":{"iso":"2013-09-06T21:04:01","unixtimestamp":1378501441},"track":{"name":"Moonshadow","mbid":"0ad801ed-ac59-4566-a1b9-6b84f67d28b8","artist":{"name":"Cat Stevens"}},"uncorrectedTrack":{"name":"Moonshadow","mbid":"0ad801ed-ac59-4566-a1b9-6b84f67d28b8","artist":{"name":"Cat Stevens"}},"album":{"name":"The best of 50-60-70-80-90","artist":{"name":"Cat Stevens"}},"application":"Grooveshark"},{"timestamp":{"iso":"2013-09-06T21:06:47","unixtimestamp":1378501607},"track":{"name":"The End","mbid":"2995a3ec-17c4-433f-bb55-07e26bd27d0e","artist":{"name":"The Doors","mbid":"9efff43b-3b29-4082-824e-bc82f646f93d"}},"uncorrectedTrack":{"name":"The End","mbid":"2995a3ec-17c4-433f-bb55-07e26bd27d0e","artist":{"name":"The Doors","mbid":"9efff43b-3b29-4082-824e-bc82f646f93d"}},"album":{"name":"The best of 50-60-70-80-90","artist":{"name":"The Doors","mbid":"9efff43b-3b29-4082-824e-bc82f646f93d"}},"application":"Grooveshark"},{"timestamp":{"iso":"2013-09-06T21:18:29","unixtimestamp":1378502309},"track":{"name":"Suite Judy Blue Eyes","artist":{"name":"Crosby, Stills, Nash \u0026 Young","mbid":"46a782ea-4308-476b-abd1-a91b197f3037"}},"uncorrectedTrack":{"name":"Suite Judy Blue Eyes","artist":{"name":"Crosby, Stills, Nash \u0026 Young","mbid":"46a782ea-4308-476b-abd1-a91b197f3037"}},"album":{"name":"The best of 50-60-70-80-90","artist":{"name":"Crosby, Stills, Nash \u0026 Young","mbid":"46a782ea-4308-476b-abd1-a91b197f3037"}},"application":"Grooveshark"},{"timestamp":{"iso":"2013-09-06T21:25:57","unixtimestamp":1378502757},"track":{"name":"I Would Do Anything For Love","mbid":"21388143-3a0b-4593-b21f-3b4624faea18","artist":{"name":"Meat Loaf","mbid":"208f5f80-3c35-487a-82f3-81024012718a"}},"uncorrectedTrack":{"name":"I Would Do Anything For Love","mbid":"21388143-3a0b-4593-b21f-3b4624faea18","artist":{"name":"Meat Loaf","mbid":"208f5f80-3c35-487a-82f3-81024012718a"}},"album":{"name":"The best of 50-60-70-80-90","artist":{"name":"Meat Loaf","mbid":"208f5f80-3c35-487a-82f3-81024012718a"}},"application":"Grooveshark"},{"timestamp":{"iso":"2013-09-09T15:33:20","unixtimestamp":1378740800},"track":{"name":"The Past Before My Eyes","artist":{"name":"OST","mbid":"1763c989-433f-46b5-9cda-a216cb0d2e15"}},"uncorrectedTrack":{"name":"The Past Before My Eyes","artist":{"name":"OST","mbid":"1763c989-433f-46b5-9cda-a216cb0d2e15"}},"album":{"name":"Departures - Volume 1","artist":{"name":"OST","mbid":"1763c989-433f-46b5-9cda-a216cb0d2e15"}},"application":"Grooveshark"},{"timestamp":{"iso":"2013-09-09T15:36:29","unixtimestamp":1378740989},"track":{"name":"Sigur Boom","artist":{"name":"OST","mbid":"1763c989-433f-46b5-9cda-a216cb0d2e15"}},"uncorrectedTrack":{"name":"Sigur Boom","artist":{"name":"OST","mbid":"1763c989-433f-46b5-9cda-a216cb0d2e15"}},"album":{"name":"Departures - Volume 1","artist":{"name":"OST","mbid":"1763c989-433f-46b5-9cda-a216cb0d2e15"}},"application":"Grooveshark"},{"timestamp":{"iso":"2013-09-09T15:39:40","unixtimestamp":1378741180},"track":{"name":"Lightest Blue","artist":{"name":"OST","mbid":"1763c989-433f-46b5-9cda-a216cb0d2e15"}},"uncorrectedTrack":{"name":"Lightest Blue","artist":{"name":"OST","mbid":"1763c989-433f-46b5-9cda-a216cb0d2e15"}},"album":{"name":"Departures - Volume 1","artist":{"name":"OST","mbid":"1763c989-433f-46b5-9cda-a216cb0d2e15"}},"application":"Grooveshark"},{"timestamp":{"iso":"2013-09-09T15:43:05","unixtimestamp":1378741385},"track":{"name":"Open Shores","artist":{"name":"OST","mbid":"1763c989-433f-46b5-9cda-a216cb0d2e15"}},"uncorrectedTrack":{"name":"Open Shores","artist":{"name":"OST","mbid":"1763c989-433f-46b5-9cda-a216cb0d2e15"}},"album":{"name":"Departures - Volume 1","artist":{"name":"OST","mbid":"1763c989-433f-46b5-9cda-a216cb0d2e15"}},"application":"Grooveshark"},{"timestamp":{"iso":"2013-09-09T15:45:18","unixtimestamp":1378741518},"track":{"name":"Prolong","artist":{"name":"OST","mbid":"1763c989-433f-46b5-9cda-a216cb0d2e15"}},"uncorrectedTrack":{"name":"Prolong","artist":{"name":"OST","mbid":"1763c989-433f-46b5-9cda-a216cb0d2e15"}},"album":{"name":"Departures - Volume 1","artist":{"name":"OST","mbid":"1763c989-433f-46b5-9cda-a216cb0d2e15"}},"application":"Grooveshark"},{"timestamp":{"iso":"2013-09-09T15:49:04","unixtimestamp":1378741744},"track":{"name":"Julio","artist":{"name":"OST","mbid":"1763c989-433f-46b5-9cda-a216cb0d2e15"}},"uncorrectedTrack":{"name":"Julio","artist":{"name":"OST","mbid":"1763c989-433f-46b5-9cda-a216cb0d2e15"}},"album":{"name":"Departures - Volume 1","artist":{"name":"OST","mbid":"1763c989-433f-46b5-9cda-a216cb0d2e15"}},"application":"Grooveshark"},{"timestamp":{"iso":"2013-09-09T15:51:18","unixtimestamp":1378741878},"track":{"name":"Trails","artist":{"name":"OST","mbid":"1763c989-433f-46b5-9cda-a216cb0d2e15"}},"uncorrectedTrack":{"name":"Trails","artist":{"name":"OST","mbid":"1763c989-433f-46b5-9cda-a216cb0d2e15"}},"album":{"name":"Departures - Volume 1","artist":{"name":"OST","mbid":"1763c989-433f-46b5-9cda-a216cb0d2e15"}},"application":"Grooveshark"},{"timestamp":{"iso":"2013-09-09T15:54:10","unixtimestamp":1378742050},"track":{"name":"Armies of Air","artist":{"name":"OST","mbid":"1763c989-433f-46b5-9cda-a216cb0d2e15"}},"uncorrectedTrack":{"name":"Armies of Air","artist":{"name":"OST","mbid":"1763c989-433f-46b5-9cda-a216cb0d2e15"}},"album":{"name":"Departures - Volume 1","artist":{"name":"OST","mbid":"1763c989-433f-46b5-9cda-a216cb0d2e15"}},"application":"Grooveshark"},{"timestamp":{"iso":"2013-09-09T16:10:07","unixtimestamp":1378743007},"track":{"name":"So It Seems","artist":{"name":"OST","mbid":"1763c989-433f-46b5-9cda-a216cb0d2e15"}},"uncorrectedTrack":{"name":"So It Seems","artist":{"name":"OST","mbid":"1763c989-433f-46b5-9cda-a216cb0d2e15"}},"album":{"name":"Departures - Volume 1","artist":{"name":"OST","mbid":"1763c989-433f-46b5-9cda-a216cb0d2e15"}},"application":"Grooveshark"},{"timestamp":{"iso":"2013-09-09T16:10:43","unixtimestamp":1378743043},"track":{"name":"Donna","artist":{"name":"OST","mbid":"1763c989-433f-46b5-9cda-a216cb0d2e15"}},"uncorrectedTrack":{"name":"Donna","artist":{"name":"OST","mbid":"1763c989-433f-46b5-9cda-a216cb0d2e15"}},"album":{"name":"Departures - Volume 1","artist":{"name":"OST","mbid":"1763c989-433f-46b5-9cda-a216cb0d2e15"}},"application":"Grooveshark"},{"timestamp":{"iso":"2013-09-09T16:20:52","unixtimestamp":1378743652},"track":{"name":"Rain Theory","artist":{"name":"OST","mbid":"1763c989-433f-46b5-9cda-a216cb0d2e15"}},"uncorrectedTrack":{"name":"Rain Theory","artist":{"name":"OST","mbid":"1763c989-433f-46b5-9cda-a216cb0d2e15"}},"album":{"name":"Departures - Volume 1","artist":{"name":"OST","mbid":"1763c989-433f-46b5-9cda-a216cb0d2e15"}},"application":"Grooveshark"},{"timestamp":{"iso":"2013-09-09T16:29:05","unixtimestamp":1378744145},"track":{"name":"Get On With It","artist":{"name":"OST","mbid":"1763c989-433f-46b5-9cda-a216cb0d2e15"}},"uncorrectedTrack":{"name":"Get On With It","artist":{"name":"OST","mbid":"1763c989-433f-46b5-9cda-a216cb0d2e15"}},"album":{"name":"Departures - Volume 1","artist":{"name":"OST","mbid":"1763c989-433f-46b5-9cda-a216cb0d2e15"}},"application":"Grooveshark"},{"timestamp":{"iso":"2013-09-09T16:33:38","unixtimestamp":1378744418},"track":{"name":"Conspiring With Light","artist":{"name":"OST","mbid":"1763c989-433f-46b5-9cda-a216cb0d2e15"}},"uncorrectedTrack":{"name":"Conspiring With Light","artist":{"name":"OST","mbid":"1763c989-433f-46b5-9cda-a216cb0d2e15"}},"album":{"name":"Departures - Volume 1","artist":{"name":"OST","mbid":"1763c989-433f-46b5-9cda-a216cb0d2e15"}},"application":"Grooveshark"},{"timestamp":{"iso":"2013-09-09T16:38:49","unixtimestamp":1378744729},"track":{"name":"April","artist":{"name":"OST","mbid":"1763c989-433f-46b5-9cda-a216cb0d2e15"}},"uncorrectedTrack":{"name":"April","artist":{"name":"OST","mbid":"1763c989-433f-46b5-9cda-a216cb0d2e15"}},"album":{"name":"Departures - Volume 1","artist":{"name":"OST","mbid":"1763c989-433f-46b5-9cda-a216cb0d2e15"}},"application":"Grooveshark"},{"timestamp":{"iso":"2013-09-09T16:43:10","unixtimestamp":1378744990},"track":{"name":"Sharpen the Noise","artist":{"name":"OST","mbid":"1763c989-433f-46b5-9cda-a216cb0d2e15"}},"uncorrectedTrack":{"name":"Sharpen the Noise","artist":{"name":"OST","mbid":"1763c989-433f-46b5-9cda-a216cb0d2e15"}},"album":{"name":"Departures - Volume 1","artist":{"name":"OST","mbid":"1763c989-433f-46b5-9cda-a216cb0d2e15"}},"application":"Grooveshark"},{"timestamp":{"iso":"2013-09-09T16:46:21","unixtimestamp":1378745181},"track":{"name":"Azuri","artist":{"name":"OST","mbid":"1763c989-433f-46b5-9cda-a216cb0d2e15"}},"uncorrectedTrack":{"name":"Azuri","artist":{"name":"OST","mbid":"1763c989-433f-46b5-9cda-a216cb0d2e15"}},"album":{"name":"Departures - Volume 1","artist":{"name":"OST","mbid":"1763c989-433f-46b5-9cda-a216cb0d2e15"}},"application":"Grooveshark"},{"timestamp":{"iso":"2013-09-09T16:52:39","unixtimestamp":1378745559},"track":{"name":"Abstracts and Air Pressure","artist":{"name":"OST","mbid":"1763c989-433f-46b5-9cda-a216cb0d2e15"}},"uncorrectedTrack":{"name":"Abstracts and Air Pressure","artist":{"name":"OST","mbid":"1763c989-433f-46b5-9cda-a216cb0d2e15"}},"album":{"name":"Departures - Volume 1","artist":{"name":"OST","mbid":"1763c989-433f-46b5-9cda-a216cb0d2e15"}},"application":"Grooveshark"},{"timestamp":{"iso":"2013-09-09T16:55:21","unixtimestamp":1378745721},"track":{"name":"Main Titles","artist":{"name":"OST","mbid":"1763c989-433f-46b5-9cda-a216cb0d2e15"}},"uncorrectedTrack":{"name":"Main Titles","artist":{"name":"OST","mbid":"1763c989-433f-46b5-9cda-a216cb0d2e15"}},"album":{"name":"Departures - Volume 1","artist":{"name":"OST","mbid":"1763c989-433f-46b5-9cda-a216cb0d2e15"}},"application":"Grooveshark"},{"timestamp":{"iso":"2013-09-09T16:55:57","unixtimestamp":1378745757},"track":{"name":"29 Palms","mbid":"afd5e8e1-f19a-4263-9be4-836063a0d4f2","artist":{"name":"Glen Porter","mbid":"7454165a-d7e4-4138-b326-2473e5a1ef3b"}},"uncorrectedTrack":{"name":"29 Palms","mbid":"afd5e8e1-f19a-4263-9be4-836063a0d4f2","artist":{"name":"Glen Porter","mbid":"7454165a-d7e4-4138-b326-2473e5a1ef3b"}},"album":{"name":"Blessed by a Young Death","mbid":"1e350090-3f3c-4031-81c2-1c01548c5411","artist":{"name":"Glen Porter","mbid":"7454165a-d7e4-4138-b326-2473e5a1ef3b"}},"application":"Grooveshark"},{"timestamp":{"iso":"2013-09-09T16:59:59","unixtimestamp":1378745999},"track":{"name":"Transient","mbid":"7fc96a9f-d16f-48e0-acb4-a1fc17b832c2","artist":{"name":"Glen Porter","mbid":"7454165a-d7e4-4138-b326-2473e5a1ef3b"}},"uncorrectedTrack":{"name":"Transient","mbid":"7fc96a9f-d16f-48e0-acb4-a1fc17b832c2","artist":{"name":"Glen Porter","mbid":"7454165a-d7e4-4138-b326-2473e5a1ef3b"}},"album":{"name":"Blessed by a Young Death","mbid":"1e350090-3f3c-4031-81c2-1c01548c5411","artist":{"name":"Glen Porter","mbid":"7454165a-d7e4-4138-b326-2473e5a1ef3b"}},"application":"Grooveshark"},{"timestamp":{"iso":"2013-09-09T17:03:08","unixtimestamp":1378746188},"track":{"name":"Forgive Me Part 1","artist":{"name":"Glen Porter","mbid":"7454165a-d7e4-4138-b326-2473e5a1ef3b"}},"uncorrectedTrack":{"name":"Forgive Me Part 1","artist":{"name":"Glen Porter","mbid":"7454165a-d7e4-4138-b326-2473e5a1ef3b"}},"album":{"name":"Blessed by a Young Death","mbid":"1e350090-3f3c-4031-81c2-1c01548c5411","artist":{"name":"Glen Porter","mbid":"7454165a-d7e4-4138-b326-2473e5a1ef3b"}},"application":"Grooveshark"},{"timestamp":{"iso":"2013-09-09T17:05:41","unixtimestamp":1378746341},"track":{"name":"Sunset","mbid":"7e2cde57-6a22-4202-b12e-71e5461c55a5","artist":{"name":"Glen Porter","mbid":"7454165a-d7e4-4138-b326-2473e5a1ef3b"}},"uncorrectedTrack":{"name":"Sunset","mbid":"7e2cde57-6a22-4202-b12e-71e5461c55a5","artist":{"name":"Glen Porter","mbid":"7454165a-d7e4-4138-b326-2473e5a1ef3b"}},"album":{"name":"Blessed by a Young Death","mbid":"1e350090-3f3c-4031-81c2-1c01548c5411","artist":{"name":"Glen Porter","mbid":"7454165a-d7e4-4138-b326-2473e5a1ef3b"}},"application":"Grooveshark"},{"timestamp":{"iso":"2013-09-09T17:08:43","unixtimestamp":1378746523},"track":{"name":"Slowburn","mbid":"6e5b54e4-1ed3-4921-8263-a0289c232862","artist":{"name":"Glen Porter","mbid":"7454165a-d7e4-4138-b326-2473e5a1ef3b"}},"uncorrectedTrack":{"name":"Slowburn","mbid":"6e5b54e4-1ed3-4921-8263-a0289c232862","artist":{"name":"Glen Porter","mbid":"7454165a-d7e4-4138-b326-2473e5a1ef3b"}},"album":{"name":"Blessed by a Young Death","mbid":"1e350090-3f3c-4031-81c2-1c01548c5411","artist":{"name":"Glen Porter","mbid":"7454165a-d7e4-4138-b326-2473e5a1ef3b"}},"application":"Grooveshark"},{"timestamp":{"iso":"2013-09-09T17:12:33","unixtimestamp":1378746753},"track":{"name":"I Sat Alone","mbid":"6a720925-3834-425a-a949-94b238c34cf5","artist":{"name":"Glen Porter","mbid":"7454165a-d7e4-4138-b326-2473e5a1ef3b"}},"uncorrectedTrack":{"name":"I Sat Alone","mbid":"6a720925-3834-425a-a949-94b238c34cf5","artist":{"name":"Glen Porter","mbid":"7454165a-d7e4-4138-b326-2473e5a1ef3b"}},"album":{"name":"Blessed by a Young Death","mbid":"1e350090-3f3c-4031-81c2-1c01548c5411","artist":{"name":"Glen Porter","mbid":"7454165a-d7e4-4138-b326-2473e5a1ef3b"}},"application":"Grooveshark"},{"timestamp":{"iso":"2013-09-09T17:15:27","unixtimestamp":1378746927},"track":{"name":"Forgive Me, Part 2","mbid":"33047638-96a2-4356-a12b-38813fc54ba8","artist":{"name":"Glen Porter","mbid":"7454165a-d7e4-4138-b326-2473e5a1ef3b"}},"uncorrectedTrack":{"name":"Forgive Me Part 2","artist":{"name":"Glen Porter","mbid":"7454165a-d7e4-4138-b326-2473e5a1ef3b"}},"album":{"name":"Blessed by a Young Death","mbid":"1e350090-3f3c-4031-81c2-1c01548c5411","artist":{"name":"Glen Porter","mbid":"7454165a-d7e4-4138-b326-2473e5a1ef3b"}},"application":"Grooveshark"},{"timestamp":{"iso":"2013-09-09T17:17:41","unixtimestamp":1378747061},"track":{"name":"Awrldofmkblv","mbid":"5bfa5817-2917-447c-ae9f-ca6d7e35098e","artist":{"name":"Glen Porter","mbid":"7454165a-d7e4-4138-b326-2473e5a1ef3b"}},"uncorrectedTrack":{"name":"Awrldofmkblv","mbid":"5bfa5817-2917-447c-ae9f-ca6d7e35098e","artist":{"name":"Glen Porter","mbid":"7454165a-d7e4-4138-b326-2473e5a1ef3b"}},"album":{"name":"Blessed by a Young Death","mbid":"1e350090-3f3c-4031-81c2-1c01548c5411","artist":{"name":"Glen Porter","mbid":"7454165a-d7e4-4138-b326-2473e5a1ef3b"}},"application":"Grooveshark"},{"timestamp":{"iso":"2013-09-09T17:20:42","unixtimestamp":1378747242},"track":{"name":"And Death of","mbid":"9f8ed439-89f3-434b-89b8-9f8c0d5929e0","artist":{"name":"Glen Porter","mbid":"7454165a-d7e4-4138-b326-2473e5a1ef3b"}},"uncorrectedTrack":{"name":"And Death of","mbid":"9f8ed439-89f3-434b-89b8-9f8c0d5929e0","artist":{"name":"Glen Porter","mbid":"7454165a-d7e4-4138-b326-2473e5a1ef3b"}},"album":{"name":"Blessed by a Young Death","mbid":"1e350090-3f3c-4031-81c2-1c01548c5411","artist":{"name":"Glen Porter","mbid":"7454165a-d7e4-4138-b326-2473e5a1ef3b"}},"application":"Grooveshark"},{"timestamp":{"iso":"2013-09-09T17:24:40","unixtimestamp":1378747480},"track":{"name":"Nach Deutschland","mbid":"576eeab2-fe83-4497-8578-03f11a097a2b","artist":{"name":"John Powell","mbid":"0214a285-589c-4ead-ae13-feab602d8004"}},"uncorrectedTrack":{"name":"Nach Deutschland","mbid":"576eeab2-fe83-4497-8578-03f11a097a2b","artist":{"name":"John Powell","mbid":"0214a285-589c-4ead-ae13-feab602d8004"}},"album":{"name":"The Bourne Supremacy","mbid":"f5356f8a-a089-3814-8f1f-cec5c126f03e","artist":{"name":"John Powell","mbid":"0214a285-589c-4ead-ae13-feab602d8004"}},"application":"Grooveshark"},{"timestamp":{"iso":"2013-09-09T17:27:21","unixtimestamp":1378747641},"track":{"name":"Something Glue","mbid":"a29d1988-6aed-4dac-912f-c492239f4830","artist":{"name":"Glen Porter","mbid":"7454165a-d7e4-4138-b326-2473e5a1ef3b"}},"uncorrectedTrack":{"name":"Something Glue","mbid":"a29d1988-6aed-4dac-912f-c492239f4830","artist":{"name":"Glen Porter","mbid":"7454165a-d7e4-4138-b326-2473e5a1ef3b"}},"album":{"name":"Blessed by a Young Death","mbid":"1e350090-3f3c-4031-81c2-1c01548c5411","artist":{"name":"Glen Porter","mbid":"7454165a-d7e4-4138-b326-2473e5a1ef3b"}},"application":"Grooveshark"},{"timestamp":{"iso":"2013-09-09T17:33:03","unixtimestamp":1378747983},"track":{"name":"5AM","mbid":"816d80a4-b1ff-4b3b-a97e-55cc11f7457a","artist":{"name":"Glen Porter","mbid":"7454165a-d7e4-4138-b326-2473e5a1ef3b"}},"uncorrectedTrack":{"name":"5AM","mbid":"816d80a4-b1ff-4b3b-a97e-55cc11f7457a","artist":{"name":"Glen Porter","mbid":"7454165a-d7e4-4138-b326-2473e5a1ef3b"}},"album":{"name":"Falling Down","mbid":"f97efeba-fe82-4a62-a4bb-283e4d4e97e2","artist":{"name":"Glen Porter","mbid":"7454165a-d7e4-4138-b326-2473e5a1ef3b"}},"application":"Grooveshark"},{"timestamp":{"iso":"2013-09-09T19:20:04","unixtimestamp":1378754404},"track":{"name":"Everywhere","mbid":"0d2c24c2-e762-41b0-a579-cb62ca09a82a","artist":{"name":"Fleetwood Mac","mbid":"43202220-c6d1-4399-a2d2-0c4f8de0a65a"}},"uncorrectedTrack":{"name":"Everywhere","mbid":"0d2c24c2-e762-41b0-a579-cb62ca09a82a","artist":{"name":"Fleetwood Mac","mbid":"43202220-c6d1-4399-a2d2-0c4f8de0a65a"}},"album":{"name":"The best of 50-60-70-80-90","artist":{"name":"Fleetwood Mac","mbid":"43202220-c6d1-4399-a2d2-0c4f8de0a65a"}},"application":"Grooveshark"},{"timestamp":{"iso":"2013-09-09T19:20:47","unixtimestamp":1378754447},"track":{"name":"Over My Head","mbid":"1484013b-b92a-4e68-902a-38d0f24d0bcd","artist":{"name":"Fleetwood Mac","mbid":"43202220-c6d1-4399-a2d2-0c4f8de0a65a"}},"uncorrectedTrack":{"name":"Over My Head","mbid":"1484013b-b92a-4e68-902a-38d0f24d0bcd","artist":{"name":"Fleetwood Mac","mbid":"43202220-c6d1-4399-a2d2-0c4f8de0a65a"}},"album":{"name":"Fleetwood Mac","mbid":"9eab5478-7264-407b-a587-b67ceea31ccf","artist":{"name":"Fleetwood Mac","mbid":"43202220-c6d1-4399-a2d2-0c4f8de0a65a"}},"application":"Grooveshark"},{"timestamp":{"iso":"2013-09-09T19:53:29","unixtimestamp":1378756409},"track":{"name":"Africa","mbid":"4c545ea9-6680-4d32-823a-8608f1ccbb6e","artist":{"name":"Toto","mbid":"aab5c954-cabe-432e-899e-1c4f99757327"}},"uncorrectedTrack":{"name":"Africa","mbid":"4c545ea9-6680-4d32-823a-8608f1ccbb6e","artist":{"name":"Toto","mbid":"aab5c954-cabe-432e-899e-1c4f99757327"}},"album":{"name":"The Essential Toto","mbid":"7ab2a47f-ffb3-4d73-b33d-0e0395aacf6b","artist":{"name":"Toto","mbid":"aab5c954-cabe-432e-899e-1c4f99757327"}},"application":"Grooveshark"},{"timestamp":{"iso":"2013-09-09T19:57:52","unixtimestamp":1378756672},"track":{"name":"Under African Skies","mbid":"f1daac1a-c8d3-4385-a08a-9df2638aa023","artist":{"name":"Paul Simon","mbid":"05517043-ff78-4988-9c22-88c68588ebb9"}},"uncorrectedTrack":{"name":"Under African Skies","mbid":"f1daac1a-c8d3-4385-a08a-9df2638aa023","artist":{"name":"Paul Simon","mbid":"05517043-ff78-4988-9c22-88c68588ebb9"}},"album":{"name":"Graceland","mbid":"69a1c637-5cd3-40cd-9af0-bb10fcc0d8c8","artist":{"name":"Paul Simon","mbid":"05517043-ff78-4988-9c22-88c68588ebb9"}},"application":"Grooveshark"},{"timestamp":{"iso":"2013-09-09T20:14:53","unixtimestamp":1378757693},"track":{"name":"Over My Head","mbid":"1484013b-b92a-4e68-902a-38d0f24d0bcd","artist":{"name":"Fleetwood Mac","mbid":"43202220-c6d1-4399-a2d2-0c4f8de0a65a"}},"uncorrectedTrack":{"name":"Over My Head","mbid":"1484013b-b92a-4e68-902a-38d0f24d0bcd","artist":{"name":"Fleetwood Mac","mbid":"43202220-c6d1-4399-a2d2-0c4f8de0a65a"}},"album":{"name":"Fleetwood Mac","mbid":"9eab5478-7264-407b-a587-b67ceea31ccf","artist":{"name":"Fleetwood Mac","mbid":"43202220-c6d1-4399-a2d2-0c4f8de0a65a"}},"application":"Grooveshark"},{"timestamp":{"iso":"2013-09-09T21:05:11","unixtimestamp":1378760711},"track":{"name":"Africa","mbid":"4c545ea9-6680-4d32-823a-8608f1ccbb6e","artist":{"name":"Toto","mbid":"aab5c954-cabe-432e-899e-1c4f99757327"}},"uncorrectedTrack":{"name":"Africa","mbid":"4c545ea9-6680-4d32-823a-8608f1ccbb6e","artist":{"name":"Toto","mbid":"aab5c954-cabe-432e-899e-1c4f99757327"}},"album":{"name":"The Essential Toto","mbid":"7ab2a47f-ffb3-4d73-b33d-0e0395aacf6b","artist":{"name":"Toto","mbid":"aab5c954-cabe-432e-899e-1c4f99757327"}},"application":"Grooveshark"},{"timestamp":{"iso":"2013-09-09T21:09:34","unixtimestamp":1378760974},"track":{"name":"Under African Skies","mbid":"f1daac1a-c8d3-4385-a08a-9df2638aa023","artist":{"name":"Paul Simon","mbid":"05517043-ff78-4988-9c22-88c68588ebb9"}},"uncorrectedTrack":{"name":"Under African Skies","mbid":"f1daac1a-c8d3-4385-a08a-9df2638aa023","artist":{"name":"Paul Simon","mbid":"05517043-ff78-4988-9c22-88c68588ebb9"}},"album":{"name":"Graceland","mbid":"69a1c637-5cd3-40cd-9af0-bb10fcc0d8c8","artist":{"name":"Paul Simon","mbid":"05517043-ff78-4988-9c22-88c68588ebb9"}},"application":"Grooveshark"},{"timestamp":{"iso":"2013-09-09T21:15:52","unixtimestamp":1378761352},"track":{"name":"April","artist":{"name":"OST","mbid":"1763c989-433f-46b5-9cda-a216cb0d2e15"}},"uncorrectedTrack":{"name":"April","artist":{"name":"OST","mbid":"1763c989-433f-46b5-9cda-a216cb0d2e15"}},"album":{"name":"Departures - Volume 1","artist":{"name":"OST","mbid":"1763c989-433f-46b5-9cda-a216cb0d2e15"}},"application":"Grooveshark"},{"timestamp":{"iso":"2013-09-09T21:20:14","unixtimestamp":1378761614},"track":{"name":"Sharpen the Noise","artist":{"name":"OST","mbid":"1763c989-433f-46b5-9cda-a216cb0d2e15"}},"uncorrectedTrack":{"name":"Sharpen the Noise","artist":{"name":"OST","mbid":"1763c989-433f-46b5-9cda-a216cb0d2e15"}},"album":{"name":"Departures - Volume 1","artist":{"name":"OST","mbid":"1763c989-433f-46b5-9cda-a216cb0d2e15"}},"application":"Grooveshark"},{"timestamp":{"iso":"2013-09-09T21:23:24","unixtimestamp":1378761804},"track":{"name":"Azuri","artist":{"name":"OST","mbid":"1763c989-433f-46b5-9cda-a216cb0d2e15"}},"uncorrectedTrack":{"name":"Azuri","artist":{"name":"OST","mbid":"1763c989-433f-46b5-9cda-a216cb0d2e15"}},"album":{"name":"Departures - Volume 1","artist":{"name":"OST","mbid":"1763c989-433f-46b5-9cda-a216cb0d2e15"}},"application":"Grooveshark"},{"timestamp":{"iso":"2013-09-09T21:26:50","unixtimestamp":1378762010},"track":{"name":"Abstracts and Air Pressure","artist":{"name":"OST","mbid":"1763c989-433f-46b5-9cda-a216cb0d2e15"}},"uncorrectedTrack":{"name":"Abstracts and Air Pressure","artist":{"name":"OST","mbid":"1763c989-433f-46b5-9cda-a216cb0d2e15"}},"album":{"name":"Departures - Volume 1","artist":{"name":"OST","mbid":"1763c989-433f-46b5-9cda-a216cb0d2e15"}},"application":"Grooveshark"},{"timestamp":{"iso":"2013-09-09T21:29:32","unixtimestamp":1378762172},"track":{"name":"Main Titles","artist":{"name":"OST","mbid":"1763c989-433f-46b5-9cda-a216cb0d2e15"}},"uncorrectedTrack":{"name":"Main Titles","artist":{"name":"OST","mbid":"1763c989-433f-46b5-9cda-a216cb0d2e15"}},"album":{"name":"Departures - Volume 1","artist":{"name":"OST","mbid":"1763c989-433f-46b5-9cda-a216cb0d2e15"}},"application":"Grooveshark"},{"timestamp":{"iso":"2013-09-09T21:30:08","unixtimestamp":1378762208},"track":{"name":"29 Palms","mbid":"afd5e8e1-f19a-4263-9be4-836063a0d4f2","artist":{"name":"Glen Porter","mbid":"7454165a-d7e4-4138-b326-2473e5a1ef3b"}},"uncorrectedTrack":{"name":"29 Palms","mbid":"afd5e8e1-f19a-4263-9be4-836063a0d4f2","artist":{"name":"Glen Porter","mbid":"7454165a-d7e4-4138-b326-2473e5a1ef3b"}},"album":{"name":"Blessed by a Young Death","mbid":"1e350090-3f3c-4031-81c2-1c01548c5411","artist":{"name":"Glen Porter","mbid":"7454165a-d7e4-4138-b326-2473e5a1ef3b"}},"application":"Grooveshark"},{"timestamp":{"iso":"2013-09-09T21:34:10","unixtimestamp":1378762450},"track":{"name":"Transient","mbid":"7fc96a9f-d16f-48e0-acb4-a1fc17b832c2","artist":{"name":"Glen Porter","mbid":"7454165a-d7e4-4138-b326-2473e5a1ef3b"}},"uncorrectedTrack":{"name":"Transient","mbid":"7fc96a9f-d16f-48e0-acb4-a1fc17b832c2","artist":{"name":"Glen Porter","mbid":"7454165a-d7e4-4138-b326-2473e5a1ef3b"}},"album":{"name":"Blessed by a Young Death","mbid":"1e350090-3f3c-4031-81c2-1c01548c5411","artist":{"name":"Glen Porter","mbid":"7454165a-d7e4-4138-b326-2473e5a1ef3b"}},"application":"Grooveshark"},{"timestamp":{"iso":"2013-09-09T21:37:19","unixtimestamp":1378762639},"track":{"name":"Forgive Me Part 1","artist":{"name":"Glen Porter","mbid":"7454165a-d7e4-4138-b326-2473e5a1ef3b"}},"uncorrectedTrack":{"name":"Forgive Me Part 1","artist":{"name":"Glen Porter","mbid":"7454165a-d7e4-4138-b326-2473e5a1ef3b"}},"album":{"name":"Blessed by a Young Death","mbid":"1e350090-3f3c-4031-81c2-1c01548c5411","artist":{"name":"Glen Porter","mbid":"7454165a-d7e4-4138-b326-2473e5a1ef3b"}},"application":"Grooveshark"},{"timestamp":{"iso":"2013-09-09T21:39:52","unixtimestamp":1378762792},"track":{"name":"Sunset","mbid":"7e2cde57-6a22-4202-b12e-71e5461c55a5","artist":{"name":"Glen Porter","mbid":"7454165a-d7e4-4138-b326-2473e5a1ef3b"}},"uncorrectedTrack":{"name":"Sunset","mbid":"7e2cde57-6a22-4202-b12e-71e5461c55a5","artist":{"name":"Glen Porter","mbid":"7454165a-d7e4-4138-b326-2473e5a1ef3b"}},"album":{"name":"Blessed by a Young Death","mbid":"1e350090-3f3c-4031-81c2-1c01548c5411","artist":{"name":"Glen Porter","mbid":"7454165a-d7e4-4138-b326-2473e5a1ef3b"}},"application":"Grooveshark"},{"timestamp":{"iso":"2013-09-09T21:42:54","unixtimestamp":1378762974},"track":{"name":"Slowburn","mbid":"6e5b54e4-1ed3-4921-8263-a0289c232862","artist":{"name":"Glen Porter","mbid":"7454165a-d7e4-4138-b326-2473e5a1ef3b"}},"uncorrectedTrack":{"name":"Slowburn","mbid":"6e5b54e4-1ed3-4921-8263-a0289c232862","artist":{"name":"Glen Porter","mbid":"7454165a-d7e4-4138-b326-2473e5a1ef3b"}},"album":{"name":"Blessed by a Young Death","mbid":"1e350090-3f3c-4031-81c2-1c01548c5411","artist":{"name":"Glen Porter","mbid":"7454165a-d7e4-4138-b326-2473e5a1ef3b"}},"application":"Grooveshark"},{"timestamp":{"iso":"2013-09-09T21:46:44","unixtimestamp":1378763204},"track":{"name":"I Sat Alone","mbid":"6a720925-3834-425a-a949-94b238c34cf5","artist":{"name":"Glen Porter","mbid":"7454165a-d7e4-4138-b326-2473e5a1ef3b"}},"uncorrectedTrack":{"name":"I Sat Alone","mbid":"6a720925-3834-425a-a949-94b238c34cf5","artist":{"name":"Glen Porter","mbid":"7454165a-d7e4-4138-b326-2473e5a1ef3b"}},"album":{"name":"Blessed by a Young Death","mbid":"1e350090-3f3c-4031-81c2-1c01548c5411","artist":{"name":"Glen Porter","mbid":"7454165a-d7e4-4138-b326-2473e5a1ef3b"}},"application":"Grooveshark"},{"timestamp":{"iso":"2013-09-09T21:49:38","unixtimestamp":1378763378},"track":{"name":"Forgive Me, Part 2","mbid":"33047638-96a2-4356-a12b-38813fc54ba8","artist":{"name":"Glen Porter","mbid":"7454165a-d7e4-4138-b326-2473e5a1ef3b"}},"uncorrectedTrack":{"name":"Forgive Me Part 2","artist":{"name":"Glen Porter","mbid":"7454165a-d7e4-4138-b326-2473e5a1ef3b"}},"album":{"name":"Blessed by a Young Death","mbid":"1e350090-3f3c-4031-81c2-1c01548c5411","artist":{"name":"Glen Porter","mbid":"7454165a-d7e4-4138-b326-2473e5a1ef3b"}},"application":"Grooveshark"},{"timestamp":{"iso":"2013-09-09T21:51:52","unixtimestamp":1378763512},"track":{"name":"Awrldofmkblv","mbid":"5bfa5817-2917-447c-ae9f-ca6d7e35098e","artist":{"name":"Glen Porter","mbid":"7454165a-d7e4-4138-b326-2473e5a1ef3b"}},"uncorrectedTrack":{"name":"Awrldofmkblv","mbid":"5bfa5817-2917-447c-ae9f-ca6d7e35098e","artist":{"name":"Glen Porter","mbid":"7454165a-d7e4-4138-b326-2473e5a1ef3b"}},"album":{"name":"Blessed by a Young Death","mbid":"1e350090-3f3c-4031-81c2-1c01548c5411","artist":{"name":"Glen Porter","mbid":"7454165a-d7e4-4138-b326-2473e5a1ef3b"}},"application":"Grooveshark"},{"timestamp":{"iso":"2013-09-09T21:54:53","unixtimestamp":1378763693},"track":{"name":"And Death of","mbid":"9f8ed439-89f3-434b-89b8-9f8c0d5929e0","artist":{"name":"Glen Porter","mbid":"7454165a-d7e4-4138-b326-2473e5a1ef3b"}},"uncorrectedTrack":{"name":"And Death of","mbid":"9f8ed439-89f3-434b-89b8-9f8c0d5929e0","artist":{"name":"Glen Porter","mbid":"7454165a-d7e4-4138-b326-2473e5a1ef3b"}},"album":{"name":"Blessed by a Young Death","mbid":"1e350090-3f3c-4031-81c2-1c01548c5411","artist":{"name":"Glen Porter","mbid":"7454165a-d7e4-4138-b326-2473e5a1ef3b"}},"application":"Grooveshark"},{"timestamp":{"iso":"2013-09-09T21:58:51","unixtimestamp":1378763931},"track":{"name":"Nach Deutschland","mbid":"576eeab2-fe83-4497-8578-03f11a097a2b","artist":{"name":"John Powell","mbid":"0214a285-589c-4ead-ae13-feab602d8004"}},"uncorrectedTrack":{"name":"Nach Deutschland","mbid":"576eeab2-fe83-4497-8578-03f11a097a2b","artist":{"name":"John Powell","mbid":"0214a285-589c-4ead-ae13-feab602d8004"}},"album":{"name":"The Bourne Supremacy","mbid":"f5356f8a-a089-3814-8f1f-cec5c126f03e","artist":{"name":"John Powell","mbid":"0214a285-589c-4ead-ae13-feab602d8004"}},"application":"Grooveshark"},{"timestamp":{"iso":"2013-09-09T22:01:32","unixtimestamp":1378764092},"track":{"name":"Something Glue","mbid":"a29d1988-6aed-4dac-912f-c492239f4830","artist":{"name":"Glen Porter","mbid":"7454165a-d7e4-4138-b326-2473e5a1ef3b"}},"uncorrectedTrack":{"name":"Something Glue","mbid":"a29d1988-6aed-4dac-912f-c492239f4830","artist":{"name":"Glen Porter","mbid":"7454165a-d7e4-4138-b326-2473e5a1ef3b"}},"album":{"name":"Blessed by a Young Death","mbid":"1e350090-3f3c-4031-81c2-1c01548c5411","artist":{"name":"Glen Porter","mbid":"7454165a-d7e4-4138-b326-2473e5a1ef3b"}},"application":"Grooveshark"},{"timestamp":{"iso":"2013-09-09T22:07:13","unixtimestamp":1378764433},"track":{"name":"5AM","mbid":"816d80a4-b1ff-4b3b-a97e-55cc11f7457a","artist":{"name":"Glen Porter","mbid":"7454165a-d7e4-4138-b326-2473e5a1ef3b"}},"uncorrectedTrack":{"name":"5AM","mbid":"816d80a4-b1ff-4b3b-a97e-55cc11f7457a","artist":{"name":"Glen Porter","mbid":"7454165a-d7e4-4138-b326-2473e5a1ef3b"}},"album":{"name":"Falling Down","mbid":"f97efeba-fe82-4a62-a4bb-283e4d4e97e2","artist":{"name":"Glen Porter","mbid":"7454165a-d7e4-4138-b326-2473e5a1ef3b"}},"application":"Grooveshark"},{"timestamp":{"iso":"2013-09-09T22:09:52","unixtimestamp":1378764592},"track":{"name":"Over My Head","mbid":"1484013b-b92a-4e68-902a-38d0f24d0bcd","artist":{"name":"Fleetwood Mac","mbid":"43202220-c6d1-4399-a2d2-0c4f8de0a65a"}},"uncorrectedTrack":{"name":"Over My Head","mbid":"1484013b-b92a-4e68-902a-38d0f24d0bcd","artist":{"name":"Fleetwood Mac","mbid":"43202220-c6d1-4399-a2d2-0c4f8de0a65a"}},"album":{"name":"Fleetwood Mac","mbid":"9eab5478-7264-407b-a587-b67ceea31ccf","artist":{"name":"Fleetwood Mac","mbid":"43202220-c6d1-4399-a2d2-0c4f8de0a65a"}},"application":"Grooveshark"},{"timestamp":{"iso":"2013-09-09T22:13:30","unixtimestamp":1378764810},"track":{"name":"Africa","mbid":"4c545ea9-6680-4d32-823a-8608f1ccbb6e","artist":{"name":"Toto","mbid":"aab5c954-cabe-432e-899e-1c4f99757327"}},"uncorrectedTrack":{"name":"Africa","mbid":"4c545ea9-6680-4d32-823a-8608f1ccbb6e","artist":{"name":"Toto","mbid":"aab5c954-cabe-432e-899e-1c4f99757327"}},"album":{"name":"The Essential Toto","mbid":"7ab2a47f-ffb3-4d73-b33d-0e0395aacf6b","artist":{"name":"Toto","mbid":"aab5c954-cabe-432e-899e-1c4f99757327"}},"application":"Grooveshark"},{"timestamp":{"iso":"2013-09-09T22:17:54","unixtimestamp":1378765074},"track":{"name":"Under African Skies","mbid":"f1daac1a-c8d3-4385-a08a-9df2638aa023","artist":{"name":"Paul Simon","mbid":"05517043-ff78-4988-9c22-88c68588ebb9"}},"uncorrectedTrack":{"name":"Under African Skies","mbid":"f1daac1a-c8d3-4385-a08a-9df2638aa023","artist":{"name":"Paul Simon","mbid":"05517043-ff78-4988-9c22-88c68588ebb9"}},"album":{"name":"Graceland","mbid":"69a1c637-5cd3-40cd-9af0-bb10fcc0d8c8","artist":{"name":"Paul Simon","mbid":"05517043-ff78-4988-9c22-88c68588ebb9"}},"application":"Grooveshark"},{"timestamp":{"iso":"2013-09-10T19:14:50","unixtimestamp":1378840490},"track":{"name":"Over My Head","mbid":"1484013b-b92a-4e68-902a-38d0f24d0bcd","artist":{"name":"Fleetwood Mac","mbid":"43202220-c6d1-4399-a2d2-0c4f8de0a65a"}},"uncorrectedTrack":{"name":"Over My Head","mbid":"1484013b-b92a-4e68-902a-38d0f24d0bcd","artist":{"name":"Fleetwood Mac","mbid":"43202220-c6d1-4399-a2d2-0c4f8de0a65a"}},"album":{"name":"25 Years: The Chain","mbid":"2177c44a-d5d1-4c69-b871-67c490f528ae","artist":{"name":"Fleetwood Mac","mbid":"43202220-c6d1-4399-a2d2-0c4f8de0a65a"}},"application":"Grooveshark"},{"timestamp":{"iso":"2013-09-16T16:03:40","unixtimestamp":1379347420},"track":{"name":"Novias","mbid":"b4de7318-5e65-450c-baf2-d1cfac5e4b78","artist":{"name":"El Guincho","mbid":"7e57d8a2-e6eb-48dd-8e50-ff7eaa412ccb"}},"uncorrectedTrack":{"name":"Novias","mbid":"b4de7318-5e65-450c-baf2-d1cfac5e4b78","artist":{"name":"El Guincho","mbid":"7e57d8a2-e6eb-48dd-8e50-ff7eaa412ccb"}},"album":{"name":"Pop Negro","mbid":"d1155ca2-d814-4f17-9426-743189f8d853","artist":{"name":"El Guincho","mbid":"7e57d8a2-e6eb-48dd-8e50-ff7eaa412ccb"}},"application":"Grooveshark"},{"timestamp":{"iso":"2013-09-16T16:26:46","unixtimestamp":1379348806},"track":{"name":"The Past Before My Eyes","artist":{"name":"OST","mbid":"1763c989-433f-46b5-9cda-a216cb0d2e15"}},"uncorrectedTrack":{"name":"The Past Before My Eyes","artist":{"name":"OST","mbid":"1763c989-433f-46b5-9cda-a216cb0d2e15"}},"album":{"name":"Departures - Volume 1","artist":{"name":"OST","mbid":"1763c989-433f-46b5-9cda-a216cb0d2e15"}},"application":"Grooveshark"},{"timestamp":{"iso":"2013-09-16T16:29:18","unixtimestamp":1379348958},"track":{"name":"Sigur Boom","artist":{"name":"OST","mbid":"1763c989-433f-46b5-9cda-a216cb0d2e15"}},"uncorrectedTrack":{"name":"Sigur Boom","artist":{"name":"OST","mbid":"1763c989-433f-46b5-9cda-a216cb0d2e15"}},"album":{"name":"Departures - Volume 1","artist":{"name":"OST","mbid":"1763c989-433f-46b5-9cda-a216cb0d2e15"}},"application":"Grooveshark"},{"timestamp":{"iso":"2013-09-16T16:32:38","unixtimestamp":1379349158},"track":{"name":"Lightest Blue","artist":{"name":"OST","mbid":"1763c989-433f-46b5-9cda-a216cb0d2e15"}},"uncorrectedTrack":{"name":"Lightest Blue","artist":{"name":"OST","mbid":"1763c989-433f-46b5-9cda-a216cb0d2e15"}},"album":{"name":"Departures - Volume 1","artist":{"name":"OST","mbid":"1763c989-433f-46b5-9cda-a216cb0d2e15"}},"application":"Grooveshark"},{"timestamp":{"iso":"2013-09-16T16:35:55","unixtimestamp":1379349355},"track":{"name":"Open Shores","artist":{"name":"OST","mbid":"1763c989-433f-46b5-9cda-a216cb0d2e15"}},"uncorrectedTrack":{"name":"Open Shores","artist":{"name":"OST","mbid":"1763c989-433f-46b5-9cda-a216cb0d2e15"}},"album":{"name":"Departures - Volume 1","artist":{"name":"OST","mbid":"1763c989-433f-46b5-9cda-a216cb0d2e15"}},"application":"Grooveshark"},{"timestamp":{"iso":"2013-09-16T16:38:08","unixtimestamp":1379349488},"track":{"name":"Prolong","artist":{"name":"OST","mbid":"1763c989-433f-46b5-9cda-a216cb0d2e15"}},"uncorrectedTrack":{"name":"Prolong","artist":{"name":"OST","mbid":"1763c989-433f-46b5-9cda-a216cb0d2e15"}},"album":{"name":"Departures - Volume 1","artist":{"name":"OST","mbid":"1763c989-433f-46b5-9cda-a216cb0d2e15"}},"application":"Grooveshark"},{"timestamp":{"iso":"2013-09-16T19:41:15","unixtimestamp":1379360475},"track":{"name":"The Past Before My Eyes","artist":{"name":"OST","mbid":"1763c989-433f-46b5-9cda-a216cb0d2e15"}},"uncorrectedTrack":{"name":"The Past Before My Eyes","artist":{"name":"OST","mbid":"1763c989-433f-46b5-9cda-a216cb0d2e15"}},"album":{"name":"Departures - Volume 1","artist":{"name":"OST","mbid":"1763c989-433f-46b5-9cda-a216cb0d2e15"}},"application":"Grooveshark"},{"timestamp":{"iso":"2013-09-16T19:44:23","unixtimestamp":1379360663},"track":{"name":"Sigur Boom","artist":{"name":"OST","mbid":"1763c989-433f-46b5-9cda-a216cb0d2e15"}},"uncorrectedTrack":{"name":"Sigur Boom","artist":{"name":"OST","mbid":"1763c989-433f-46b5-9cda-a216cb0d2e15"}},"album":{"name":"Departures - Volume 1","artist":{"name":"OST","mbid":"1763c989-433f-46b5-9cda-a216cb0d2e15"}},"application":"Grooveshark"},{"timestamp":{"iso":"2013-09-16T19:47:34","unixtimestamp":1379360854},"track":{"name":"Lightest Blue","artist":{"name":"OST","mbid":"1763c989-433f-46b5-9cda-a216cb0d2e15"}},"uncorrectedTrack":{"name":"Lightest Blue","artist":{"name":"OST","mbid":"1763c989-433f-46b5-9cda-a216cb0d2e15"}},"album":{"name":"Departures - Volume 1","artist":{"name":"OST","mbid":"1763c989-433f-46b5-9cda-a216cb0d2e15"}},"application":"Grooveshark"},{"timestamp":{"iso":"2013-09-16T19:55:43","unixtimestamp":1379361343},"track":{"name":"Open Shores","artist":{"name":"OST","mbid":"1763c989-433f-46b5-9cda-a216cb0d2e15"}},"uncorrectedTrack":{"name":"Open Shores","artist":{"name":"OST","mbid":"1763c989-433f-46b5-9cda-a216cb0d2e15"}},"album":{"name":"Departures - Volume 1","artist":{"name":"OST","mbid":"1763c989-433f-46b5-9cda-a216cb0d2e15"}},"application":"Grooveshark"},{"timestamp":{"iso":"2013-09-16T19:57:57","unixtimestamp":1379361477},"track":{"name":"Prolong","artist":{"name":"OST","mbid":"1763c989-433f-46b5-9cda-a216cb0d2e15"}},"uncorrectedTrack":{"name":"Prolong","artist":{"name":"OST","mbid":"1763c989-433f-46b5-9cda-a216cb0d2e15"}},"album":{"name":"Departures - Volume 1","artist":{"name":"OST","mbid":"1763c989-433f-46b5-9cda-a216cb0d2e15"}},"application":"Grooveshark"},{"timestamp":{"iso":"2013-09-16T20:01:42","unixtimestamp":1379361702},"track":{"name":"Julio","artist":{"name":"OST","mbid":"1763c989-433f-46b5-9cda-a216cb0d2e15"}},"uncorrectedTrack":{"name":"Julio","artist":{"name":"OST","mbid":"1763c989-433f-46b5-9cda-a216cb0d2e15"}},"album":{"name":"Departures - Volume 1","artist":{"name":"OST","mbid":"1763c989-433f-46b5-9cda-a216cb0d2e15"}},"application":"Grooveshark"},{"timestamp":{"iso":"2013-09-16T20:03:56","unixtimestamp":1379361836},"track":{"name":"Trails","artist":{"name":"OST","mbid":"1763c989-433f-46b5-9cda-a216cb0d2e15"}},"uncorrectedTrack":{"name":"Trails","artist":{"name":"OST","mbid":"1763c989-433f-46b5-9cda-a216cb0d2e15"}},"album":{"name":"Departures - Volume 1","artist":{"name":"OST","mbid":"1763c989-433f-46b5-9cda-a216cb0d2e15"}},"application":"Grooveshark"},{"timestamp":{"iso":"2013-09-16T20:06:48","unixtimestamp":1379362008},"track":{"name":"Armies of Air","artist":{"name":"OST","mbid":"1763c989-433f-46b5-9cda-a216cb0d2e15"}},"uncorrectedTrack":{"name":"Armies of Air","artist":{"name":"OST","mbid":"1763c989-433f-46b5-9cda-a216cb0d2e15"}},"album":{"name":"Departures - Volume 1","artist":{"name":"OST","mbid":"1763c989-433f-46b5-9cda-a216cb0d2e15"}},"application":"Grooveshark"},{"timestamp":{"iso":"2013-09-16T20:10:42","unixtimestamp":1379362242},"track":{"name":"So It Seems","artist":{"name":"OST","mbid":"1763c989-433f-46b5-9cda-a216cb0d2e15"}},"uncorrectedTrack":{"name":"So It Seems","artist":{"name":"OST","mbid":"1763c989-433f-46b5-9cda-a216cb0d2e15"}},"album":{"name":"Departures - Volume 1","artist":{"name":"OST","mbid":"1763c989-433f-46b5-9cda-a216cb0d2e15"}},"application":"Grooveshark"},{"timestamp":{"iso":"2013-09-16T20:11:18","unixtimestamp":1379362278},"track":{"name":"Donna","artist":{"name":"OST","mbid":"1763c989-433f-46b5-9cda-a216cb0d2e15"}},"uncorrectedTrack":{"name":"Donna","artist":{"name":"OST","mbid":"1763c989-433f-46b5-9cda-a216cb0d2e15"}},"album":{"name":"Departures - Volume 1","artist":{"name":"OST","mbid":"1763c989-433f-46b5-9cda-a216cb0d2e15"}},"application":"Grooveshark"},{"timestamp":{"iso":"2013-09-16T20:13:29","unixtimestamp":1379362409},"track":{"name":"Rain Theory","artist":{"name":"OST","mbid":"1763c989-433f-46b5-9cda-a216cb0d2e15"}},"uncorrectedTrack":{"name":"Rain Theory","artist":{"name":"OST","mbid":"1763c989-433f-46b5-9cda-a216cb0d2e15"}},"album":{"name":"Departures - Volume 1","artist":{"name":"OST","mbid":"1763c989-433f-46b5-9cda-a216cb0d2e15"}},"application":"Grooveshark"},{"timestamp":{"iso":"2013-09-16T20:17:28","unixtimestamp":1379362648},"track":{"name":"Get On With It","artist":{"name":"OST","mbid":"1763c989-433f-46b5-9cda-a216cb0d2e15"}},"uncorrectedTrack":{"name":"Get On With It","artist":{"name":"OST","mbid":"1763c989-433f-46b5-9cda-a216cb0d2e15"}},"album":{"name":"Departures - Volume 1","artist":{"name":"OST","mbid":"1763c989-433f-46b5-9cda-a216cb0d2e15"}},"application":"Grooveshark"},{"timestamp":{"iso":"2013-09-16T20:22:01","unixtimestamp":1379362921},"track":{"name":"Conspiring With Light","artist":{"name":"OST","mbid":"1763c989-433f-46b5-9cda-a216cb0d2e15"}},"uncorrectedTrack":{"name":"Conspiring With Light","artist":{"name":"OST","mbid":"1763c989-433f-46b5-9cda-a216cb0d2e15"}},"album":{"name":"Departures - Volume 1","artist":{"name":"OST","mbid":"1763c989-433f-46b5-9cda-a216cb0d2e15"}},"application":"Grooveshark"},{"timestamp":{"iso":"2013-09-16T20:27:12","unixtimestamp":1379363232},"track":{"name":"April","artist":{"name":"OST","mbid":"1763c989-433f-46b5-9cda-a216cb0d2e15"}},"uncorrectedTrack":{"name":"April","artist":{"name":"OST","mbid":"1763c989-433f-46b5-9cda-a216cb0d2e15"}},"album":{"name":"Departures - Volume 1","artist":{"name":"OST","mbid":"1763c989-433f-46b5-9cda-a216cb0d2e15"}},"application":"Grooveshark"},{"timestamp":{"iso":"2013-09-16T20:31:32","unixtimestamp":1379363492},"track":{"name":"Sharpen the Noise","artist":{"name":"OST","mbid":"1763c989-433f-46b5-9cda-a216cb0d2e15"}},"uncorrectedTrack":{"name":"Sharpen the Noise","artist":{"name":"OST","mbid":"1763c989-433f-46b5-9cda-a216cb0d2e15"}},"album":{"name":"Departures - Volume 1","artist":{"name":"OST","mbid":"1763c989-433f-46b5-9cda-a216cb0d2e15"}},"application":"Grooveshark"},{"timestamp":{"iso":"2013-09-16T20:34:43","unixtimestamp":1379363683},"track":{"name":"Azuri","artist":{"name":"OST","mbid":"1763c989-433f-46b5-9cda-a216cb0d2e15"}},"uncorrectedTrack":{"name":"Azuri","artist":{"name":"OST","mbid":"1763c989-433f-46b5-9cda-a216cb0d2e15"}},"album":{"name":"Departures - Volume 1","artist":{"name":"OST","mbid":"1763c989-433f-46b5-9cda-a216cb0d2e15"}},"application":"Grooveshark"},{"timestamp":{"iso":"2013-09-16T23:59:33","unixtimestamp":1379375973},"track":{"name":"8b","artist":{"name":"Tom Ryan","mbid":"00599ed5-c0e9-46b4-99e2-29ece620ccfe"}},"uncorrectedTrack":{"name":"8b","artist":{"name":"Tom Ryan","mbid":"00599ed5-c0e9-46b4-99e2-29ece620ccfe"}},"album":{"name":"Following Atticus [Disc 8]","artist":{"name":"Tom Ryan","mbid":"00599ed5-c0e9-46b4-99e2-29ece620ccfe"}}},{"timestamp":{"iso":"2013-09-17T00:10:23","unixtimestamp":1379376623},"track":{"name":"8c","artist":{"name":"Tom Ryan","mbid":"00599ed5-c0e9-46b4-99e2-29ece620ccfe"}},"uncorrectedTrack":{"name":"8c","artist":{"name":"Tom Ryan","mbid":"00599ed5-c0e9-46b4-99e2-29ece620ccfe"}},"album":{"name":"Following Atticus [Disc 8]","artist":{"name":"Tom Ryan","mbid":"00599ed5-c0e9-46b4-99e2-29ece620ccfe"}}},{"timestamp":{"iso":"2013-09-17T00:18:25","unixtimestamp":1379377105},"track":{"name":"8d","artist":{"name":"Tom Ryan","mbid":"00599ed5-c0e9-46b4-99e2-29ece620ccfe"}},"uncorrectedTrack":{"name":"8d","artist":{"name":"Tom Ryan","mbid":"00599ed5-c0e9-46b4-99e2-29ece620ccfe"}},"album":{"name":"Following Atticus [Disc 8]","artist":{"name":"Tom Ryan","mbid":"00599ed5-c0e9-46b4-99e2-29ece620ccfe"}}},{"timestamp":{"iso":"2013-09-19T16:41:52","unixtimestamp":1379608912},"track":{"name":"Ne me quitte pas","mbid":"155d1e4d-b68c-4e71-b93c-38da7543c289","artist":{"name":"Jacques Brel","mbid":"91eda19b-1437-42cd-b7af-69df24b7f275"}},"uncorrectedTrack":{"name":"Ne me quitte pas","mbid":"155d1e4d-b68c-4e71-b93c-38da7543c289","artist":{"name":"Jacques Brel","mbid":"91eda19b-1437-42cd-b7af-69df24b7f275"}},"album":{"name":"Ne Me Quitte Pas","mbid":"28429dbc-0389-4708-8346-388e38aa709f","artist":{"name":"Jacques Brel","mbid":"91eda19b-1437-42cd-b7af-69df24b7f275"}},"application":"Grooveshark"},{"timestamp":{"iso":"2013-09-19T19:22:52","unixtimestamp":1379618572},"track":{"name":"Bombay","mbid":"a83b7d8c-0a85-47b5-a09f-2d198327e341","artist":{"name":"El Guincho","mbid":"7e57d8a2-e6eb-48dd-8e50-ff7eaa412ccb"}},"uncorrectedTrack":{"name":"Bombay","mbid":"a83b7d8c-0a85-47b5-a09f-2d198327e341","artist":{"name":"El Guincho","mbid":"7e57d8a2-e6eb-48dd-8e50-ff7eaa412ccb"}},"album":{"name":"Pop Negro","mbid":"d1155ca2-d814-4f17-9426-743189f8d853","artist":{"name":"El Guincho","mbid":"7e57d8a2-e6eb-48dd-8e50-ff7eaa412ccb"}},"application":"Grooveshark"},{"timestamp":{"iso":"2013-09-19T19:28:07","unixtimestamp":1379618887},"track":{"name":"The Past Before My Eyes","artist":{"name":"OST","mbid":"1763c989-433f-46b5-9cda-a216cb0d2e15"}},"uncorrectedTrack":{"name":"The Past Before My Eyes","artist":{"name":"OST","mbid":"1763c989-433f-46b5-9cda-a216cb0d2e15"}},"album":{"name":"Departures - Volume 1","artist":{"name":"OST","mbid":"1763c989-433f-46b5-9cda-a216cb0d2e15"}},"application":"Grooveshark"},{"timestamp":{"iso":"2013-09-19T19:31:15","unixtimestamp":1379619075},"track":{"name":"Sigur Boom","artist":{"name":"OST","mbid":"1763c989-433f-46b5-9cda-a216cb0d2e15"}},"uncorrectedTrack":{"name":"Sigur Boom","artist":{"name":"OST","mbid":"1763c989-433f-46b5-9cda-a216cb0d2e15"}},"album":{"name":"Departures - Volume 1","artist":{"name":"OST","mbid":"1763c989-433f-46b5-9cda-a216cb0d2e15"}},"application":"Grooveshark"},{"timestamp":{"iso":"2013-09-19T19:34:26","unixtimestamp":1379619266},"track":{"name":"Lightest Blue","artist":{"name":"OST","mbid":"1763c989-433f-46b5-9cda-a216cb0d2e15"}},"uncorrectedTrack":{"name":"Lightest Blue","artist":{"name":"OST","mbid":"1763c989-433f-46b5-9cda-a216cb0d2e15"}},"album":{"name":"Departures - Volume 1","artist":{"name":"OST","mbid":"1763c989-433f-46b5-9cda-a216cb0d2e15"}},"application":"Grooveshark"},{"timestamp":{"iso":"2013-09-19T19:37:51","unixtimestamp":1379619471},"track":{"name":"Open Shores","artist":{"name":"OST","mbid":"1763c989-433f-46b5-9cda-a216cb0d2e15"}},"uncorrectedTrack":{"name":"Open Shores","artist":{"name":"OST","mbid":"1763c989-433f-46b5-9cda-a216cb0d2e15"}},"album":{"name":"Departures - Volume 1","artist":{"name":"OST","mbid":"1763c989-433f-46b5-9cda-a216cb0d2e15"}},"application":"Grooveshark"},{"timestamp":{"iso":"2013-09-19T19:40:05","unixtimestamp":1379619605},"track":{"name":"Prolong","artist":{"name":"OST","mbid":"1763c989-433f-46b5-9cda-a216cb0d2e15"}},"uncorrectedTrack":{"name":"Prolong","artist":{"name":"OST","mbid":"1763c989-433f-46b5-9cda-a216cb0d2e15"}},"album":{"name":"Departures - Volume 1","artist":{"name":"OST","mbid":"1763c989-433f-46b5-9cda-a216cb0d2e15"}},"application":"Grooveshark"},{"timestamp":{"iso":"2013-09-19T19:43:50","unixtimestamp":1379619830},"track":{"name":"Julio","artist":{"name":"OST","mbid":"1763c989-433f-46b5-9cda-a216cb0d2e15"}},"uncorrectedTrack":{"name":"Julio","artist":{"name":"OST","mbid":"1763c989-433f-46b5-9cda-a216cb0d2e15"}},"album":{"name":"Departures - Volume 1","artist":{"name":"OST","mbid":"1763c989-433f-46b5-9cda-a216cb0d2e15"}},"application":"Grooveshark"},{"timestamp":{"iso":"2013-09-19T19:46:04","unixtimestamp":1379619964},"track":{"name":"Trails","artist":{"name":"OST","mbid":"1763c989-433f-46b5-9cda-a216cb0d2e15"}},"uncorrectedTrack":{"name":"Trails","artist":{"name":"OST","mbid":"1763c989-433f-46b5-9cda-a216cb0d2e15"}},"album":{"name":"Departures - Volume 1","artist":{"name":"OST","mbid":"1763c989-433f-46b5-9cda-a216cb0d2e15"}},"application":"Grooveshark"},{"timestamp":{"iso":"2013-09-19T19:48:56","unixtimestamp":1379620136},"track":{"name":"Armies of Air","artist":{"name":"OST","mbid":"1763c989-433f-46b5-9cda-a216cb0d2e15"}},"uncorrectedTrack":{"name":"Armies of Air","artist":{"name":"OST","mbid":"1763c989-433f-46b5-9cda-a216cb0d2e15"}},"album":{"name":"Departures - Volume 1","artist":{"name":"OST","mbid":"1763c989-433f-46b5-9cda-a216cb0d2e15"}},"application":"Grooveshark"},{"timestamp":{"iso":"2013-09-19T20:04:24","unixtimestamp":1379621064},"track":{"name":"So It Seems","artist":{"name":"OST","mbid":"1763c989-433f-46b5-9cda-a216cb0d2e15"}},"uncorrectedTrack":{"name":"So It Seems","artist":{"name":"OST","mbid":"1763c989-433f-46b5-9cda-a216cb0d2e15"}},"album":{"name":"Departures - Volume 1","artist":{"name":"OST","mbid":"1763c989-433f-46b5-9cda-a216cb0d2e15"}},"application":"Grooveshark"},{"timestamp":{"iso":"2013-09-19T20:05:00","unixtimestamp":1379621100},"track":{"name":"Donna","artist":{"name":"OST","mbid":"1763c989-433f-46b5-9cda-a216cb0d2e15"}},"uncorrectedTrack":{"name":"Donna","artist":{"name":"OST","mbid":"1763c989-433f-46b5-9cda-a216cb0d2e15"}},"album":{"name":"Departures - Volume 1","artist":{"name":"OST","mbid":"1763c989-433f-46b5-9cda-a216cb0d2e15"}},"application":"Grooveshark"},{"timestamp":{"iso":"2013-09-19T20:07:11","unixtimestamp":1379621231},"track":{"name":"Rain Theory","artist":{"name":"OST","mbid":"1763c989-433f-46b5-9cda-a216cb0d2e15"}},"uncorrectedTrack":{"name":"Rain Theory","artist":{"name":"OST","mbid":"1763c989-433f-46b5-9cda-a216cb0d2e15"}},"album":{"name":"Departures - Volume 1","artist":{"name":"OST","mbid":"1763c989-433f-46b5-9cda-a216cb0d2e15"}},"application":"Grooveshark"},{"timestamp":{"iso":"2013-09-19T20:11:10","unixtimestamp":1379621470},"track":{"name":"Get On With It","artist":{"name":"OST","mbid":"1763c989-433f-46b5-9cda-a216cb0d2e15"}},"uncorrectedTrack":{"name":"Get On With It","artist":{"name":"OST","mbid":"1763c989-433f-46b5-9cda-a216cb0d2e15"}},"album":{"name":"Departures - Volume 1","artist":{"name":"OST","mbid":"1763c989-433f-46b5-9cda-a216cb0d2e15"}},"application":"Grooveshark"},{"timestamp":{"iso":"2013-09-19T20:15:43","unixtimestamp":1379621743},"track":{"name":"Conspiring With Light","artist":{"name":"OST","mbid":"1763c989-433f-46b5-9cda-a216cb0d2e15"}},"uncorrectedTrack":{"name":"Conspiring With Light","artist":{"name":"OST","mbid":"1763c989-433f-46b5-9cda-a216cb0d2e15"}},"album":{"name":"Departures - Volume 1","artist":{"name":"OST","mbid":"1763c989-433f-46b5-9cda-a216cb0d2e15"}},"application":"Grooveshark"},{"timestamp":{"iso":"2013-09-19T20:21:13","unixtimestamp":1379622073},"track":{"name":"April","artist":{"name":"OST","mbid":"1763c989-433f-46b5-9cda-a216cb0d2e15"}},"uncorrectedTrack":{"name":"April","artist":{"name":"OST","mbid":"1763c989-433f-46b5-9cda-a216cb0d2e15"}},"album":{"name":"Departures - Volume 1","artist":{"name":"OST","mbid":"1763c989-433f-46b5-9cda-a216cb0d2e15"}},"application":"Grooveshark"},{"timestamp":{"iso":"2013-09-23T19:17:04","unixtimestamp":1379963824},"track":{"name":"7/4 (Shoreline)","mbid":"096ba246-0638-4a86-b20a-a3243240f129","artist":{"name":"Broken Social Scene","mbid":"2eada8f8-056a-4093-bbc2-004909ce743b"}},"uncorrectedTrack":{"name":"7/4 (Shoreline)","mbid":"096ba246-0638-4a86-b20a-a3243240f129","artist":{"name":"Broken Social Scene","mbid":"2eada8f8-056a-4093-bbc2-004909ce743b"}},"album":{"name":"Broken Social Scene","mbid":"2d71439b-d7ad-42a0-b8cb-0d53e4d36e51","artist":{"name":"Broken Social Scene","mbid":"2eada8f8-056a-4093-bbc2-004909ce743b"}},"application":"Grooveshark"},{"timestamp":{"iso":"2013-09-23T19:37:03","unixtimestamp":1379965023},"track":{"name":"Daniel","mbid":"c2242909-22aa-4914-8c5a-1408f48de6a0","artist":{"name":"Bat for Lashes","mbid":"10000730-525f-4ed5-aaa8-92888f060f5f"}},"uncorrectedTrack":{"name":"Daniel","mbid":"c2242909-22aa-4914-8c5a-1408f48de6a0","artist":{"name":"Bat for Lashes","mbid":"10000730-525f-4ed5-aaa8-92888f060f5f"}},"application":"Grooveshark"},{"timestamp":{"iso":"2013-09-24T15:52:31","unixtimestamp":1380037951},"track":{"name":"Sonata in g minor for flute, harp \u0026 cello","mbid":"92896ad5-6c1b-4701-bd86-1b6de457f629","artist":{"name":"Johann Sebastian Bach","mbid":"24f1766e-9635-4d58-a4d4-9413f9f98a4c"}},"uncorrectedTrack":{"name":"Sonata in G minor for Flute, Harp \u0026 Cello","artist":{"name":"Bach","mbid":"9cefb3f2-763c-47a3-bc1e-86f1f35206f0"}},"album":{"name":"Bach for Breakfast","artist":{"name":"Bach","mbid":"9cefb3f2-763c-47a3-bc1e-86f1f35206f0"}},"application":"Grooveshark"},{"timestamp":{"iso":"2013-09-24T15:53:36","unixtimestamp":1380038016},"track":{"name":"The High Road","mbid":"e0adfd20-9ef5-4772-86d3-66977673cbff","artist":{"name":"Broken Bells","mbid":"62d364d2-550b-420e-b918-b3bd1e4a2efc"}},"uncorrectedTrack":{"name":"The High Road","mbid":"e0adfd20-9ef5-4772-86d3-66977673cbff","artist":{"name":"Broken Bells","mbid":"62d364d2-550b-420e-b918-b3bd1e4a2efc"}},"album":{"name":"Broken Bells","mbid":"e8f8ead8-7abb-42f2-8974-19c6b16cf4bf","artist":{"name":"Broken Bells","mbid":"62d364d2-550b-420e-b918-b3bd1e4a2efc"}},"application":"Grooveshark"},{"timestamp":{"iso":"2013-09-24T15:58:00","unixtimestamp":1380038280},"track":{"name":"Vaporize","mbid":"1ab79466-00b5-46b0-be2a-c2d395003bf9","artist":{"name":"Broken Bells","mbid":"62d364d2-550b-420e-b918-b3bd1e4a2efc"}},"uncorrectedTrack":{"name":"Vaporize","mbid":"1ab79466-00b5-46b0-be2a-c2d395003bf9","artist":{"name":"Broken Bells","mbid":"62d364d2-550b-420e-b918-b3bd1e4a2efc"}},"album":{"name":"Broken Bells","mbid":"e8f8ead8-7abb-42f2-8974-19c6b16cf4bf","artist":{"name":"Broken Bells","mbid":"62d364d2-550b-420e-b918-b3bd1e4a2efc"}},"application":"Grooveshark"},{"timestamp":{"iso":"2013-09-24T16:01:30","unixtimestamp":1380038490},"track":{"name":"Your Head Is On Fire (Album Version)","artist":{"name":"Broken Bells","mbid":"62d364d2-550b-420e-b918-b3bd1e4a2efc"}},"uncorrectedTrack":{"name":"Your Head Is On Fire (Album Version)","artist":{"name":"Broken Bells","mbid":"62d364d2-550b-420e-b918-b3bd1e4a2efc"}},"album":{"name":"Broken Bells","mbid":"e8f8ead8-7abb-42f2-8974-19c6b16cf4bf","artist":{"name":"Broken Bells","mbid":"62d364d2-550b-420e-b918-b3bd1e4a2efc"}},"application":"Grooveshark"},{"timestamp":{"iso":"2013-09-24T16:04:32","unixtimestamp":1380038672},"track":{"name":"Sailing To Nowhere","mbid":"91a725e2-214f-4a84-bdbb-54dca40e5d7a","artist":{"name":"Broken Bells","mbid":"62d364d2-550b-420e-b918-b3bd1e4a2efc"}},"uncorrectedTrack":{"name":"Sailing To Nowhere","mbid":"91a725e2-214f-4a84-bdbb-54dca40e5d7a","artist":{"name":"Broken Bells","mbid":"62d364d2-550b-420e-b918-b3bd1e4a2efc"}},"album":{"name":"Broken Bells","mbid":"e8f8ead8-7abb-42f2-8974-19c6b16cf4bf","artist":{"name":"Broken Bells","mbid":"62d364d2-550b-420e-b918-b3bd1e4a2efc"}},"application":"Grooveshark"},{"timestamp":{"iso":"2013-09-24T16:08:18","unixtimestamp":1380038898},"track":{"name":"Trap Doors (Album Version)","artist":{"name":"Broken Bells","mbid":"62d364d2-550b-420e-b918-b3bd1e4a2efc"}},"uncorrectedTrack":{"name":"Trap Doors (Album Version)","artist":{"name":"Broken Bells","mbid":"62d364d2-550b-420e-b918-b3bd1e4a2efc"}},"album":{"name":"Broken Bells","mbid":"e8f8ead8-7abb-42f2-8974-19c6b16cf4bf","artist":{"name":"Broken Bells","mbid":"62d364d2-550b-420e-b918-b3bd1e4a2efc"}},"application":"Grooveshark"},{"timestamp":{"iso":"2013-09-24T16:10:15","unixtimestamp":1380039015},"track":{"name":"Sailing To Nowhere","mbid":"91a725e2-214f-4a84-bdbb-54dca40e5d7a","artist":{"name":"Broken Bells","mbid":"62d364d2-550b-420e-b918-b3bd1e4a2efc"}},"uncorrectedTrack":{"name":"Sailing To Nowhere","mbid":"91a725e2-214f-4a84-bdbb-54dca40e5d7a","artist":{"name":"Broken Bells","mbid":"62d364d2-550b-420e-b918-b3bd1e4a2efc"}},"album":{"name":"Broken Bells","mbid":"e8f8ead8-7abb-42f2-8974-19c6b16cf4bf","artist":{"name":"Broken Bells","mbid":"62d364d2-550b-420e-b918-b3bd1e4a2efc"}},"application":"Grooveshark"},{"timestamp":{"iso":"2013-09-24T16:14:04","unixtimestamp":1380039244},"track":{"name":"Citizen","mbid":"21a5606e-41c2-4603-8b17-087767872797","artist":{"name":"Broken Bells","mbid":"62d364d2-550b-420e-b918-b3bd1e4a2efc"}},"uncorrectedTrack":{"name":"Citizen","mbid":"21a5606e-41c2-4603-8b17-087767872797","artist":{"name":"Broken Bells","mbid":"62d364d2-550b-420e-b918-b3bd1e4a2efc"}},"album":{"name":"Broken Bells","mbid":"e8f8ead8-7abb-42f2-8974-19c6b16cf4bf","artist":{"name":"Broken Bells","mbid":"62d364d2-550b-420e-b918-b3bd1e4a2efc"}},"application":"Grooveshark"},{"timestamp":{"iso":"2013-09-24T16:18:33","unixtimestamp":1380039513},"track":{"name":"October (Album Version)","artist":{"name":"Broken Bells","mbid":"62d364d2-550b-420e-b918-b3bd1e4a2efc"}},"uncorrectedTrack":{"name":"October (Album Version)","artist":{"name":"Broken Bells","mbid":"62d364d2-550b-420e-b918-b3bd1e4a2efc"}},"album":{"name":"Broken Bells","mbid":"e8f8ead8-7abb-42f2-8974-19c6b16cf4bf","artist":{"name":"Broken Bells","mbid":"62d364d2-550b-420e-b918-b3bd1e4a2efc"}},"application":"Grooveshark"},{"timestamp":{"iso":"2013-09-24T16:22:11","unixtimestamp":1380039731},"track":{"name":"Mongrel Heart (Album Version)","artist":{"name":"Broken Bells","mbid":"62d364d2-550b-420e-b918-b3bd1e4a2efc"}},"uncorrectedTrack":{"name":"Mongrel Heart (Album Version)","artist":{"name":"Broken Bells","mbid":"62d364d2-550b-420e-b918-b3bd1e4a2efc"}},"album":{"name":"Broken Bells","mbid":"e8f8ead8-7abb-42f2-8974-19c6b16cf4bf","artist":{"name":"Broken Bells","mbid":"62d364d2-550b-420e-b918-b3bd1e4a2efc"}},"application":"Grooveshark"},{"timestamp":{"iso":"2013-09-24T16:26:36","unixtimestamp":1380039996},"track":{"name":"The Mall \u0026 Misery","mbid":"89d84c6d-f577-4190-9cff-79372b42b90d","artist":{"name":"Broken Bells","mbid":"62d364d2-550b-420e-b918-b3bd1e4a2efc"}},"uncorrectedTrack":{"name":"The Mall \u0026 Misery","mbid":"89d84c6d-f577-4190-9cff-79372b42b90d","artist":{"name":"Broken Bells","mbid":"62d364d2-550b-420e-b918-b3bd1e4a2efc"}},"album":{"name":"Broken Bells","mbid":"e8f8ead8-7abb-42f2-8974-19c6b16cf4bf","artist":{"name":"Broken Bells","mbid":"62d364d2-550b-420e-b918-b3bd1e4a2efc"}},"application":"Grooveshark"},{"timestamp":{"iso":"2013-09-25T17:34:59","unixtimestamp":1380130499},"track":{"name":"7/4 (Shoreline)","mbid":"096ba246-0638-4a86-b20a-a3243240f129","artist":{"name":"Broken Social Scene","mbid":"2eada8f8-056a-4093-bbc2-004909ce743b"}},"uncorrectedTrack":{"name":"7/4 (Shoreline)","mbid":"096ba246-0638-4a86-b20a-a3243240f129","artist":{"name":"Broken Social Scene","mbid":"2eada8f8-056a-4093-bbc2-004909ce743b"}},"album":{"name":"Broken Social Scene","mbid":"2d71439b-d7ad-42a0-b8cb-0d53e4d36e51","artist":{"name":"Broken Social Scene","mbid":"2eada8f8-056a-4093-bbc2-004909ce743b"}},"application":"Grooveshark"},{"timestamp":{"iso":"2013-09-26T15:54:24","unixtimestamp":1380210864},"track":{"name":"The Past Before My Eyes","artist":{"name":"OST","mbid":"1763c989-433f-46b5-9cda-a216cb0d2e15"}},"uncorrectedTrack":{"name":"The Past Before My Eyes","artist":{"name":"OST","mbid":"1763c989-433f-46b5-9cda-a216cb0d2e15"}},"album":{"name":"Departures - Volume 1","artist":{"name":"OST","mbid":"1763c989-433f-46b5-9cda-a216cb0d2e15"}},"application":"Grooveshark"},{"timestamp":{"iso":"2013-09-26T15:57:44","unixtimestamp":1380211064},"track":{"name":"Sigur Boom","artist":{"name":"OST","mbid":"1763c989-433f-46b5-9cda-a216cb0d2e15"}},"uncorrectedTrack":{"name":"Sigur Boom","artist":{"name":"OST","mbid":"1763c989-433f-46b5-9cda-a216cb0d2e15"}},"album":{"name":"Departures - Volume 1","artist":{"name":"OST","mbid":"1763c989-433f-46b5-9cda-a216cb0d2e15"}},"application":"Grooveshark"},{"timestamp":{"iso":"2013-09-26T16:00:43","unixtimestamp":1380211243},"track":{"name":"Lightest Blue","artist":{"name":"OST","mbid":"1763c989-433f-46b5-9cda-a216cb0d2e15"}},"uncorrectedTrack":{"name":"Lightest Blue","artist":{"name":"OST","mbid":"1763c989-433f-46b5-9cda-a216cb0d2e15"}},"album":{"name":"Departures - Volume 1","artist":{"name":"OST","mbid":"1763c989-433f-46b5-9cda-a216cb0d2e15"}},"application":"Grooveshark"},{"timestamp":{"iso":"2013-09-26T16:04:11","unixtimestamp":1380211451},"track":{"name":"Open Shores","artist":{"name":"OST","mbid":"1763c989-433f-46b5-9cda-a216cb0d2e15"}},"uncorrectedTrack":{"name":"Open Shores","artist":{"name":"OST","mbid":"1763c989-433f-46b5-9cda-a216cb0d2e15"}},"album":{"name":"Departures - Volume 1","artist":{"name":"OST","mbid":"1763c989-433f-46b5-9cda-a216cb0d2e15"}},"application":"Grooveshark"},{"timestamp":{"iso":"2013-09-26T16:06:21","unixtimestamp":1380211581},"track":{"name":"Prolong","artist":{"name":"OST","mbid":"1763c989-433f-46b5-9cda-a216cb0d2e15"}},"uncorrectedTrack":{"name":"Prolong","artist":{"name":"OST","mbid":"1763c989-433f-46b5-9cda-a216cb0d2e15"}},"album":{"name":"Departures - Volume 1","artist":{"name":"OST","mbid":"1763c989-433f-46b5-9cda-a216cb0d2e15"}},"application":"Grooveshark"},{"timestamp":{"iso":"2013-09-26T16:10:07","unixtimestamp":1380211807},"track":{"name":"Julio","artist":{"name":"OST","mbid":"1763c989-433f-46b5-9cda-a216cb0d2e15"}},"uncorrectedTrack":{"name":"Julio","artist":{"name":"OST","mbid":"1763c989-433f-46b5-9cda-a216cb0d2e15"}},"album":{"name":"Departures - Volume 1","artist":{"name":"OST","mbid":"1763c989-433f-46b5-9cda-a216cb0d2e15"}},"application":"Grooveshark"},{"timestamp":{"iso":"2013-09-26T16:12:21","unixtimestamp":1380211941},"track":{"name":"Trails","artist":{"name":"OST","mbid":"1763c989-433f-46b5-9cda-a216cb0d2e15"}},"uncorrectedTrack":{"name":"Trails","artist":{"name":"OST","mbid":"1763c989-433f-46b5-9cda-a216cb0d2e15"}},"album":{"name":"Departures - Volume 1","artist":{"name":"OST","mbid":"1763c989-433f-46b5-9cda-a216cb0d2e15"}},"application":"Grooveshark"},{"timestamp":{"iso":"2013-09-26T16:15:32","unixtimestamp":1380212132},"track":{"name":"Armies of Air","artist":{"name":"OST","mbid":"1763c989-433f-46b5-9cda-a216cb0d2e15"}},"uncorrectedTrack":{"name":"Armies of Air","artist":{"name":"OST","mbid":"1763c989-433f-46b5-9cda-a216cb0d2e15"}},"album":{"name":"Departures - Volume 1","artist":{"name":"OST","mbid":"1763c989-433f-46b5-9cda-a216cb0d2e15"}},"application":"Grooveshark"}]