[{"timestamp":{"iso":"2014-12-06T05:54:15","unixtimestamp":1417845255},"track":{"name":"Age of Adz","mbid":"ed3a5ab4-7771-4cb8-9d25-b7d1f24b2ccd","artist":{"name":"Sufjan Stevens","mbid":"01d3c51b-9b98-418a-8d8e-37f6fab59d8c"}},"uncorrectedTrack":{"name":"Age of Adz","mbid":"ed3a5ab4-7771-4cb8-9d25-b7d1f24b2ccd","artist":{"name":"Sufjan Stevens","mbid":"01d3c51b-9b98-418a-8d8e-37f6fab59d8c"}},"album":{"name":"The Age of Adz","mbid":"2c80ce6d-a9de-4dac-8d2c-69b1df44c9c0","artist":{"name":"Sufjan Stevens","mbid":"01d3c51b-9b98-418a-8d8e-37f6fab59d8c"}},"application":"Last.fm Scrobbler"},{"timestamp":{"iso":"2014-12-06T05:58:27","unixtimestamp":1417845507},"track":{"name":"The Ghost Inside","mbid":"d9804075-a4e6-4b68-a1a1-3abc04aacf8e","artist":{"name":"Broken Bells","mbid":"62d364d2-550b-420e-b918-b3bd1e4a2efc"}},"uncorrectedTrack":{"name":"The Ghost Inside","mbid":"d9804075-a4e6-4b68-a1a1-3abc04aacf8e","artist":{"name":"Broken Bells","mbid":"62d364d2-550b-420e-b918-b3bd1e4a2efc"}},"album":{"name":"Broken Bells","mbid":"e8f8ead8-7abb-42f2-8974-19c6b16cf4bf","artist":{"name":"Broken Bells","mbid":"62d364d2-550b-420e-b918-b3bd1e4a2efc"}},"application":"Last.fm Scrobbler"},{"timestamp":{"iso":"2014-12-06T06:01:46","unixtimestamp":1417845706},"track":{"name":"Sailing To Nowhere","mbid":"91a725e2-214f-4a84-bdbb-54dca40e5d7a","artist":{"name":"Broken Bells","mbid":"62d364d2-550b-420e-b918-b3bd1e4a2efc"}},"uncorrectedTrack":{"name":"Sailing To Nowhere","mbid":"91a725e2-214f-4a84-bdbb-54dca40e5d7a","artist":{"name":"Broken Bells","mbid":"62d364d2-550b-420e-b918-b3bd1e4a2efc"}},"album":{"name":"Broken Bells","mbid":"e8f8ead8-7abb-42f2-8974-19c6b16cf4bf","artist":{"name":"Broken Bells","mbid":"62d364d2-550b-420e-b918-b3bd1e4a2efc"}},"application":"Last.fm Scrobbler"},{"timestamp":{"iso":"2014-12-06T06:05:32","unixtimestamp":1417845932},"track":{"name":"Trap Doors","mbid":"15658687-52c8-4c9d-82f3-e7aa7d313650","artist":{"name":"Broken Bells","mbid":"62d364d2-550b-420e-b918-b3bd1e4a2efc"}},"uncorrectedTrack":{"name":"Trap Doors","mbid":"15658687-52c8-4c9d-82f3-e7aa7d313650","artist":{"name":"Broken Bells","mbid":"62d364d2-550b-420e-b918-b3bd1e4a2efc"}},"album":{"name":"Broken Bells","mbid":"e8f8ead8-7abb-42f2-8974-19c6b16cf4bf","artist":{"name":"Broken Bells","mbid":"62d364d2-550b-420e-b918-b3bd1e4a2efc"}},"application":"Last.fm Scrobbler"},{"timestamp":{"iso":"2014-12-06T06:08:52","unixtimestamp":1417846132},"track":{"name":"Citizen","mbid":"21a5606e-41c2-4603-8b17-087767872797","artist":{"name":"Broken Bells","mbid":"62d364d2-550b-420e-b918-b3bd1e4a2efc"}},"uncorrectedTrack":{"name":"Citizen","mbid":"21a5606e-41c2-4603-8b17-087767872797","artist":{"name":"Broken Bells","mbid":"62d364d2-550b-420e-b918-b3bd1e4a2efc"}},"album":{"name":"Broken Bells","mbid":"e8f8ead8-7abb-42f2-8974-19c6b16cf4bf","artist":{"name":"Broken Bells","mbid":"62d364d2-550b-420e-b918-b3bd1e4a2efc"}},"application":"Last.fm Scrobbler"},{"timestamp":{"iso":"2014-12-06T06:13:21","unixtimestamp":1417846401},"track":{"name":"October","mbid":"7f6488da-979c-4d21-a7a8-a48036aceb7a","artist":{"name":"Broken Bells","mbid":"62d364d2-550b-420e-b918-b3bd1e4a2efc"}},"uncorrectedTrack":{"name":"October","mbid":"7f6488da-979c-4d21-a7a8-a48036aceb7a","artist":{"name":"Broken Bells","mbid":"62d364d2-550b-420e-b918-b3bd1e4a2efc"}},"album":{"name":"Broken Bells","mbid":"e8f8ead8-7abb-42f2-8974-19c6b16cf4bf","artist":{"name":"Broken Bells","mbid":"62d364d2-550b-420e-b918-b3bd1e4a2efc"}},"application":"Last.fm Scrobbler"},{"timestamp":{"iso":"2014-12-06T06:17:01","unixtimestamp":1417846621},"track":{"name":"Mongrel Heart","mbid":"aee32be1-5fb0-44eb-bffb-18afae77ad2c","artist":{"name":"Broken Bells","mbid":"62d364d2-550b-420e-b918-b3bd1e4a2efc"}},"uncorrectedTrack":{"name":"Mongrel Heart","mbid":"aee32be1-5fb0-44eb-bffb-18afae77ad2c","artist":{"name":"Broken Bells","mbid":"62d364d2-550b-420e-b918-b3bd1e4a2efc"}},"album":{"name":"Broken Bells","mbid":"e8f8ead8-7abb-42f2-8974-19c6b16cf4bf","artist":{"name":"Broken Bells","mbid":"62d364d2-550b-420e-b918-b3bd1e4a2efc"}},"application":"Last.fm Scrobbler"},{"timestamp":{"iso":"2014-12-06T06:22:18","unixtimestamp":1417846938},"track":{"name":"Concerning the UFO Sighting Near Highland, Illinois","mbid":"cafd4090-6430-46c1-b210-267bc0c7391c","artist":{"name":"Sufjan Stevens","mbid":"01d3c51b-9b98-418a-8d8e-37f6fab59d8c"}},"uncorrectedTrack":{"name":"Concerning the UFO Sighting Near Highland, Illinois","mbid":"cafd4090-6430-46c1-b210-267bc0c7391c","artist":{"name":"Sufjan Stevens","mbid":"01d3c51b-9b98-418a-8d8e-37f6fab59d8c"}},"album":{"name":"Illinois","mbid":"777d51fe-b7c7-4874-9217-40abf09b4924","artist":{"name":"Sufjan Stevens","mbid":"01d3c51b-9b98-418a-8d8e-37f6fab59d8c"}},"application":"Last.fm Scrobbler"},{"timestamp":{"iso":"2014-12-12T18:32:33","unixtimestamp":1418409153},"track":{"name":"Kissing the Lipless","mbid":"ebf59fdf-1ee2-4270-a0d3-c9fbdda484de","artist":{"name":"The Shins","mbid":"6c8b9855-ba8b-48f9-ac1d-42167f7f7b18"}},"uncorrectedTrack":{"name":"Kissing the Lipless","mbid":"ebf59fdf-1ee2-4270-a0d3-c9fbdda484de","artist":{"name":"The Shins","mbid":"6c8b9855-ba8b-48f9-ac1d-42167f7f7b18"}},"album":{"name":"Chutes Too Narrow","mbid":"735e9638-b555-49f5-b536-01ce8df1dbeb","artist":{"name":"The Shins","mbid":"6c8b9855-ba8b-48f9-ac1d-42167f7f7b18"}},"application":"Last.fm Scrobbler"},{"timestamp":{"iso":"2014-12-12T18:35:53","unixtimestamp":1418409353},"track":{"name":"Mine\u0027s Not a High Horse","mbid":"3e4cded7-43be-4bd0-8afe-19f0d8dd84d2","artist":{"name":"The Shins","mbid":"6c8b9855-ba8b-48f9-ac1d-42167f7f7b18"}},"uncorrectedTrack":{"name":"Mine\u0027s Not a High Horse","mbid":"3e4cded7-43be-4bd0-8afe-19f0d8dd84d2","artist":{"name":"The Shins","mbid":"6c8b9855-ba8b-48f9-ac1d-42167f7f7b18"}},"album":{"name":"Chutes Too Narrow","mbid":"735e9638-b555-49f5-b536-01ce8df1dbeb","artist":{"name":"The Shins","mbid":"6c8b9855-ba8b-48f9-ac1d-42167f7f7b18"}},"application":"Last.fm Scrobbler"},{"timestamp":{"iso":"2014-12-12T18:39:13","unixtimestamp":1418409553},"track":{"name":"So Says I","mbid":"0f1348f9-d3d1-41f6-872d-4510d017db58","artist":{"name":"The Shins","mbid":"6c8b9855-ba8b-48f9-ac1d-42167f7f7b18"}},"uncorrectedTrack":{"name":"So Says I","mbid":"0f1348f9-d3d1-41f6-872d-4510d017db58","artist":{"name":"The Shins","mbid":"6c8b9855-ba8b-48f9-ac1d-42167f7f7b18"}},"album":{"name":"Chutes Too Narrow","mbid":"735e9638-b555-49f5-b536-01ce8df1dbeb","artist":{"name":"The Shins","mbid":"6c8b9855-ba8b-48f9-ac1d-42167f7f7b18"}},"application":"Last.fm Scrobbler"},{"timestamp":{"iso":"2014-12-12T18:42:02","unixtimestamp":1418409722},"track":{"name":"Young Pilgrims","mbid":"4b8f7b5c-0c74-48ca-bd63-a028ad48576c","artist":{"name":"The Shins","mbid":"6c8b9855-ba8b-48f9-ac1d-42167f7f7b18"}},"uncorrectedTrack":{"name":"Young Pilgrims","mbid":"4b8f7b5c-0c74-48ca-bd63-a028ad48576c","artist":{"name":"The Shins","mbid":"6c8b9855-ba8b-48f9-ac1d-42167f7f7b18"}},"album":{"name":"Chutes Too Narrow","mbid":"735e9638-b555-49f5-b536-01ce8df1dbeb","artist":{"name":"The Shins","mbid":"6c8b9855-ba8b-48f9-ac1d-42167f7f7b18"}},"application":"Last.fm Scrobbler"},{"timestamp":{"iso":"2014-12-12T18:44:50","unixtimestamp":1418409890},"track":{"name":"Saint Simon","mbid":"1946a404-0a96-4dc1-9b98-8065739d002e","artist":{"name":"The Shins","mbid":"6c8b9855-ba8b-48f9-ac1d-42167f7f7b18"}},"uncorrectedTrack":{"name":"Saint Simon","mbid":"1946a404-0a96-4dc1-9b98-8065739d002e","artist":{"name":"The Shins","mbid":"6c8b9855-ba8b-48f9-ac1d-42167f7f7b18"}},"album":{"name":"Chutes Too Narrow","mbid":"735e9638-b555-49f5-b536-01ce8df1dbeb","artist":{"name":"The Shins","mbid":"6c8b9855-ba8b-48f9-ac1d-42167f7f7b18"}},"application":"Last.fm Scrobbler"},{"timestamp":{"iso":"2014-12-12T18:49:15","unixtimestamp":1418410155},"track":{"name":"Fighting in a Sack","mbid":"37a1d329-e821-4176-8df7-0d8a39f06beb","artist":{"name":"The Shins","mbid":"6c8b9855-ba8b-48f9-ac1d-42167f7f7b18"}},"uncorrectedTrack":{"name":"Fighting in a Sack","mbid":"37a1d329-e821-4176-8df7-0d8a39f06beb","artist":{"name":"The Shins","mbid":"6c8b9855-ba8b-48f9-ac1d-42167f7f7b18"}},"album":{"name":"Chutes Too Narrow","mbid":"735e9638-b555-49f5-b536-01ce8df1dbeb","artist":{"name":"The Shins","mbid":"6c8b9855-ba8b-48f9-ac1d-42167f7f7b18"}},"application":"Last.fm Scrobbler"},{"timestamp":{"iso":"2014-12-12T18:51:42","unixtimestamp":1418410302},"track":{"name":"Pink Bullets","mbid":"abfd92f4-1147-4518-b5fd-781e135427bf","artist":{"name":"The Shins","mbid":"6c8b9855-ba8b-48f9-ac1d-42167f7f7b18"}},"uncorrectedTrack":{"name":"Pink Bullets","mbid":"abfd92f4-1147-4518-b5fd-781e135427bf","artist":{"name":"The Shins","mbid":"6c8b9855-ba8b-48f9-ac1d-42167f7f7b18"}},"album":{"name":"Chutes Too Narrow","mbid":"735e9638-b555-49f5-b536-01ce8df1dbeb","artist":{"name":"The Shins","mbid":"6c8b9855-ba8b-48f9-ac1d-42167f7f7b18"}},"application":"Last.fm Scrobbler"},{"timestamp":{"iso":"2014-12-12T18:56:06","unixtimestamp":1418410566},"track":{"name":"Sleeping Lessons","mbid":"ae14ac35-439d-45a8-8844-087b466211cd","artist":{"name":"The Shins","mbid":"6c8b9855-ba8b-48f9-ac1d-42167f7f7b18"}},"uncorrectedTrack":{"name":"Sleeping Lessons","mbid":"ae14ac35-439d-45a8-8844-087b466211cd","artist":{"name":"The Shins","mbid":"6c8b9855-ba8b-48f9-ac1d-42167f7f7b18"}},"album":{"name":"Wincing the Night Away","mbid":"a0d42921-c7aa-42ef-a63d-3a23ca203ddf","artist":{"name":"The Shins","mbid":"6c8b9855-ba8b-48f9-ac1d-42167f7f7b18"}},"application":"Last.fm Scrobbler"},{"timestamp":{"iso":"2014-12-12T19:00:05","unixtimestamp":1418410805},"track":{"name":"Australia","mbid":"4f701878-706b-43dc-aebf-7556c52097bc","artist":{"name":"The Shins","mbid":"6c8b9855-ba8b-48f9-ac1d-42167f7f7b18"}},"uncorrectedTrack":{"name":"Australia","mbid":"4f701878-706b-43dc-aebf-7556c52097bc","artist":{"name":"The Shins","mbid":"6c8b9855-ba8b-48f9-ac1d-42167f7f7b18"}},"album":{"name":"Wincing the Night Away","mbid":"a0d42921-c7aa-42ef-a63d-3a23ca203ddf","artist":{"name":"The Shins","mbid":"6c8b9855-ba8b-48f9-ac1d-42167f7f7b18"}},"application":"Last.fm Scrobbler"},{"timestamp":{"iso":"2014-12-12T19:04:02","unixtimestamp":1418411042},"track":{"name":"Pam Berry","mbid":"14565bae-a302-4c85-b406-9f21cae1aa14","artist":{"name":"The Shins","mbid":"6c8b9855-ba8b-48f9-ac1d-42167f7f7b18"}},"uncorrectedTrack":{"name":"Pam Berry","mbid":"14565bae-a302-4c85-b406-9f21cae1aa14","artist":{"name":"The Shins","mbid":"6c8b9855-ba8b-48f9-ac1d-42167f7f7b18"}},"album":{"name":"Wincing the Night Away","mbid":"a0d42921-c7aa-42ef-a63d-3a23ca203ddf","artist":{"name":"The Shins","mbid":"6c8b9855-ba8b-48f9-ac1d-42167f7f7b18"}},"application":"Last.fm Scrobbler"},{"timestamp":{"iso":"2014-12-12T19:20:08","unixtimestamp":1418412008},"track":{"name":"People Say","mbid":"f2b4a6ee-cbf7-40c7-8336-f0b1c2357c72","artist":{"name":"Portugal. The Man","mbid":"3599a39e-4e10-4cb5-90d4-c8a015ebc73b"}},"uncorrectedTrack":{"name":"01 People Say","artist":{"name":"Portugal. The Man","mbid":"3599a39e-4e10-4cb5-90d4-c8a015ebc73b"}},"application":"Last.fm Scrobbler"},{"timestamp":{"iso":"2014-12-12T19:23:03","unixtimestamp":1418412183},"track":{"name":"The Sun","mbid":"279eb3da-18d0-4844-b5c6-9a778648b404","artist":{"name":"Portugal. The Man","mbid":"3599a39e-4e10-4cb5-90d4-c8a015ebc73b"}},"uncorrectedTrack":{"name":"04 The Sun","artist":{"name":"Portugal. The Man","mbid":"3599a39e-4e10-4cb5-90d4-c8a015ebc73b"}},"application":"Last.fm Scrobbler"},{"timestamp":{"iso":"2014-12-12T19:24:45","unixtimestamp":1418412285},"track":{"name":"The Home","mbid":"6403a114-5e5b-480f-a8c6-4287c15b1bdb","artist":{"name":"Portugal. The Man","mbid":"3599a39e-4e10-4cb5-90d4-c8a015ebc73b"}},"uncorrectedTrack":{"name":"05 The Home","artist":{"name":"Portugal. The Man","mbid":"3599a39e-4e10-4cb5-90d4-c8a015ebc73b"}},"application":"Last.fm Scrobbler"},{"timestamp":{"iso":"2014-12-12T19:26:49","unixtimestamp":1418412409},"track":{"name":"Everything Is Everything","artist":{"name":"Phoenix","mbid":"02f4c1ff-65e0-4412-8e8b-6239b0faecb5"}},"uncorrectedTrack":{"name":"Everything Is Everything","artist":{"name":"Phoenix","mbid":"02f4c1ff-65e0-4412-8e8b-6239b0faecb5"}},"album":{"name":"Alphabetical","mbid":"efff52bc-27bd-30fe-8d3c-c3de427b14bb","artist":{"name":"Phoenix","mbid":"02f4c1ff-65e0-4412-8e8b-6239b0faecb5"}},"application":"Last.fm Scrobbler"},{"timestamp":{"iso":"2014-12-12T19:29:46","unixtimestamp":1418412586},"track":{"name":"I\u0027m Good, I\u0027m Gone","mbid":"12dac8b3-ba8a-4337-80ee-c3ff37a60ab2","artist":{"name":"Lykke Li","mbid":"cc7d4686-ea02-45fd-956e-94c1a322558c"}},"uncorrectedTrack":{"name":"I\u0027m Good, I\u0027m Gone","mbid":"12dac8b3-ba8a-4337-80ee-c3ff37a60ab2","artist":{"name":"Lykke Li","mbid":"cc7d4686-ea02-45fd-956e-94c1a322558c"}},"album":{"name":"Youth Novels","mbid":"e633eb6f-a54b-4ba9-8aa8-92f35f2ac259","artist":{"name":"Lykke Li","mbid":"cc7d4686-ea02-45fd-956e-94c1a322558c"}},"application":"Last.fm Scrobbler"},{"timestamp":{"iso":"2014-12-12T19:40:43","unixtimestamp":1418413243},"track":{"name":"Someone Great","mbid":"5a6c9abc-2104-45ed-b4d7-db0f870e26df","artist":{"name":"LCD Soundsystem","mbid":"2aaf7396-6ab8-40f3-9776-a41c42c8e26b"}},"uncorrectedTrack":{"name":"Someone Great","mbid":"5a6c9abc-2104-45ed-b4d7-db0f870e26df","artist":{"name":"LCD Soundsystem","mbid":"2aaf7396-6ab8-40f3-9776-a41c42c8e26b"}},"album":{"name":"Sound Of Silver","mbid":"7461ca27-65e8-4106-a75e-de068dc3a619","artist":{"name":"LCD Soundsystem","mbid":"2aaf7396-6ab8-40f3-9776-a41c42c8e26b"}},"application":"Last.fm Scrobbler"},{"timestamp":{"iso":"2014-12-12T20:36:58","unixtimestamp":1418416618},"track":{"name":"Come on! Feel the Illinoise! Part I: The World\u0027s Columbian Exposition Part II: Carl Sandburg Visits Me in a Dream","artist":{"name":"Sufjan Stevens","mbid":"01d3c51b-9b98-418a-8d8e-37f6fab59d8c"}},"uncorrectedTrack":{"name":"Come on! Feel the Illinoise! Part I: The World\u0027s Columbian Exposition Part II: Carl Sandburg Visits Me in a Dream","artist":{"name":"Sufjan Stevens","mbid":"01d3c51b-9b98-418a-8d8e-37f6fab59d8c"}},"album":{"name":"Illinois","mbid":"777d51fe-b7c7-4874-9217-40abf09b4924","artist":{"name":"Sufjan Stevens","mbid":"01d3c51b-9b98-418a-8d8e-37f6fab59d8c"}},"application":"Last.fm Scrobbler"},{"timestamp":{"iso":"2014-12-12T20:43:46","unixtimestamp":1418417026},"track":{"name":"John Wayne Gacy, Jr.","mbid":"13343b5b-926c-4c19-8926-94b8b5ab163b","artist":{"name":"Sufjan Stevens","mbid":"01d3c51b-9b98-418a-8d8e-37f6fab59d8c"}},"uncorrectedTrack":{"name":"John Wayne Gacy, Jr.","mbid":"13343b5b-926c-4c19-8926-94b8b5ab163b","artist":{"name":"Sufjan Stevens","mbid":"01d3c51b-9b98-418a-8d8e-37f6fab59d8c"}},"album":{"name":"Illinois","mbid":"777d51fe-b7c7-4874-9217-40abf09b4924","artist":{"name":"Sufjan Stevens","mbid":"01d3c51b-9b98-418a-8d8e-37f6fab59d8c"}},"application":"Last.fm Scrobbler"},{"timestamp":{"iso":"2014-12-12T20:47:08","unixtimestamp":1418417228},"track":{"name":"Jacksonville","mbid":"37ad2bb0-95b8-4747-a1e6-c36d4998672f","artist":{"name":"Sufjan Stevens","mbid":"01d3c51b-9b98-418a-8d8e-37f6fab59d8c"}},"uncorrectedTrack":{"name":"Jacksonville","mbid":"37ad2bb0-95b8-4747-a1e6-c36d4998672f","artist":{"name":"Sufjan Stevens","mbid":"01d3c51b-9b98-418a-8d8e-37f6fab59d8c"}},"album":{"name":"Illinois","mbid":"777d51fe-b7c7-4874-9217-40abf09b4924","artist":{"name":"Sufjan Stevens","mbid":"01d3c51b-9b98-418a-8d8e-37f6fab59d8c"}},"application":"Last.fm Scrobbler"},{"timestamp":{"iso":"2014-12-12T20:52:34","unixtimestamp":1418417554},"track":{"name":"A Short Reprise for Mary Todd, Who Went Insane, But for Very Good Reasons","mbid":"341c8dd2-5388-40bd-aedb-5f90a5fff841","artist":{"name":"Sufjan Stevens","mbid":"01d3c51b-9b98-418a-8d8e-37f6fab59d8c"}},"uncorrectedTrack":{"name":"A Short Reprise for Mary Todd, Who Went Insane, But for Very Good Reasons","mbid":"341c8dd2-5388-40bd-aedb-5f90a5fff841","artist":{"name":"Sufjan Stevens","mbid":"01d3c51b-9b98-418a-8d8e-37f6fab59d8c"}},"album":{"name":"Illinois","mbid":"777d51fe-b7c7-4874-9217-40abf09b4924","artist":{"name":"Sufjan Stevens","mbid":"01d3c51b-9b98-418a-8d8e-37f6fab59d8c"}},"application":"Last.fm Scrobbler"},{"timestamp":{"iso":"2014-12-12T20:53:24","unixtimestamp":1418417604},"track":{"name":"Decatur, Or, Round Of Applause For Your Step-Mother!","artist":{"name":"Sufjan Stevens","mbid":"01d3c51b-9b98-418a-8d8e-37f6fab59d8c"}},"uncorrectedTrack":{"name":"Decatur, Or, Round Of Applause For Your Step-Mother!","artist":{"name":"Sufjan Stevens","mbid":"01d3c51b-9b98-418a-8d8e-37f6fab59d8c"}},"album":{"name":"Illinois","mbid":"777d51fe-b7c7-4874-9217-40abf09b4924","artist":{"name":"Sufjan Stevens","mbid":"01d3c51b-9b98-418a-8d8e-37f6fab59d8c"}},"application":"Last.fm Scrobbler"},{"timestamp":{"iso":"2014-12-12T20:56:38","unixtimestamp":1418417798},"track":{"name":"Chicago","mbid":"2d72dbd3-1dd9-49d5-a8b3-f7a7f771511a","artist":{"name":"Sufjan Stevens","mbid":"01d3c51b-9b98-418a-8d8e-37f6fab59d8c"}},"uncorrectedTrack":{"name":"Chicago","mbid":"2d72dbd3-1dd9-49d5-a8b3-f7a7f771511a","artist":{"name":"Sufjan Stevens","mbid":"01d3c51b-9b98-418a-8d8e-37f6fab59d8c"}},"album":{"name":"Illinois","mbid":"777d51fe-b7c7-4874-9217-40abf09b4924","artist":{"name":"Sufjan Stevens","mbid":"01d3c51b-9b98-418a-8d8e-37f6fab59d8c"}},"application":"Last.fm Scrobbler"},{"timestamp":{"iso":"2014-12-13T00:16:00","unixtimestamp":1418429760},"track":{"name":"\u0027Ulili E (vocal duet with David Kamakahi)","artist":{"name":"Dennis Kamakahi","mbid":"003f777f-98e1-4a55-9548-6ec52b7e624c"}},"uncorrectedTrack":{"name":"\u0027Ulili E (vocal duet with David Kamakahi)","artist":{"name":"Dennis Kamakahi","mbid":"003f777f-98e1-4a55-9548-6ec52b7e624c"}},"album":{"name":"The Descendants Soundtrack","artist":{"name":"Dennis Kamakahi","mbid":"003f777f-98e1-4a55-9548-6ec52b7e624c"}},"application":"Grooveshark"},{"timestamp":{"iso":"2014-12-13T00:22:01","unixtimestamp":1418430121},"track":{"name":"Jacksonville","mbid":"37ad2bb0-95b8-4747-a1e6-c36d4998672f","artist":{"name":"Sufjan Stevens","mbid":"01d3c51b-9b98-418a-8d8e-37f6fab59d8c"}},"uncorrectedTrack":{"name":"Jacksonville","mbid":"37ad2bb0-95b8-4747-a1e6-c36d4998672f","artist":{"name":"Sufjan Stevens","mbid":"01d3c51b-9b98-418a-8d8e-37f6fab59d8c"}},"album":{"name":"Illinois","mbid":"777d51fe-b7c7-4874-9217-40abf09b4924","artist":{"name":"Sufjan Stevens","mbid":"01d3c51b-9b98-418a-8d8e-37f6fab59d8c"}},"application":"Grooveshark"},{"timestamp":{"iso":"2014-12-13T00:34:48","unixtimestamp":1418430888},"track":{"name":"All That You Give","mbid":"91247ee5-9e3d-401c-b5b2-8bf63c11ec71","artist":{"name":"The Cinematic Orchestra","mbid":"7c158ea8-c0aa-410e-bdc1-20bba9759577"}},"uncorrectedTrack":{"name":"All That You Give","mbid":"91247ee5-9e3d-401c-b5b2-8bf63c11ec71","artist":{"name":"The Cinematic Orchestra","mbid":"7c158ea8-c0aa-410e-bdc1-20bba9759577"}},"album":{"name":"Every Day","mbid":"44270faa-917a-4415-be27-d7f0aab94d52","artist":{"name":"The Cinematic Orchestra","mbid":"7c158ea8-c0aa-410e-bdc1-20bba9759577"}},"application":"Grooveshark"},{"timestamp":{"iso":"2014-12-13T00:40:59","unixtimestamp":1418431259},"track":{"name":"Cinematic Orchestra - Burn Out","artist":{"name":"The Cinematic Orchestra","mbid":"7c158ea8-c0aa-410e-bdc1-20bba9759577"}},"uncorrectedTrack":{"name":"Cinematic Orchestra - Burn Out","artist":{"name":"The Cinematic Orchestra","mbid":"7c158ea8-c0aa-410e-bdc1-20bba9759577"}},"album":{"name":"Every Day","mbid":"44270faa-917a-4415-be27-d7f0aab94d52","artist":{"name":"The Cinematic Orchestra","mbid":"7c158ea8-c0aa-410e-bdc1-20bba9759577"}},"application":"Grooveshark"},{"timestamp":{"iso":"2014-12-21T20:24:13","unixtimestamp":1419193453},"track":{"name":"\u0027Ulili E (vocal duet with David Kamakahi)","artist":{"name":"Dennis Kamakahi","mbid":"003f777f-98e1-4a55-9548-6ec52b7e624c"}},"uncorrectedTrack":{"name":"\u0027Ulili E (vocal duet with David Kamakahi)","artist":{"name":"Dennis Kamakahi","mbid":"003f777f-98e1-4a55-9548-6ec52b7e624c"}},"album":{"name":"The Descendants Soundtrack","artist":{"name":"Dennis Kamakahi","mbid":"003f777f-98e1-4a55-9548-6ec52b7e624c"}},"application":"Grooveshark"},{"timestamp":{"iso":"2014-12-21T20:29:22","unixtimestamp":1419193762},"track":{"name":"Jacksonville","mbid":"37ad2bb0-95b8-4747-a1e6-c36d4998672f","artist":{"name":"Sufjan Stevens","mbid":"01d3c51b-9b98-418a-8d8e-37f6fab59d8c"}},"uncorrectedTrack":{"name":"Jacksonville","mbid":"37ad2bb0-95b8-4747-a1e6-c36d4998672f","artist":{"name":"Sufjan Stevens","mbid":"01d3c51b-9b98-418a-8d8e-37f6fab59d8c"}},"album":{"name":"Illinois","mbid":"777d51fe-b7c7-4874-9217-40abf09b4924","artist":{"name":"Sufjan Stevens","mbid":"01d3c51b-9b98-418a-8d8e-37f6fab59d8c"}},"application":"Grooveshark"},{"timestamp":{"iso":"2014-12-21T20:34:47","unixtimestamp":1419194087},"track":{"name":"Imitosis","mbid":"7790e395-daf9-4520-8a34-654f3d46df38","artist":{"name":"Andrew Bird","mbid":"081b133e-ce74-42ba-92c1-c18234acb532"}},"uncorrectedTrack":{"name":"Imitosis","mbid":"7790e395-daf9-4520-8a34-654f3d46df38","artist":{"name":"Andrew Bird","mbid":"081b133e-ce74-42ba-92c1-c18234acb532"}},"album":{"name":"Nova Tunes 1.6","artist":{"name":"Andrew Bird","mbid":"081b133e-ce74-42ba-92c1-c18234acb532"}},"application":"Grooveshark"},{"timestamp":{"iso":"2014-12-21T20:38:39","unixtimestamp":1419194319},"track":{"name":"I Slept With Bonhomme at the CBC","mbid":"8bfa8f42-5a9d-45a9-8ab3-294c8f55b3f8","artist":{"name":"Broken Social Scene","mbid":"2eada8f8-056a-4093-bbc2-004909ce743b"}},"uncorrectedTrack":{"name":"I Slept With Bonhomme at the CBC","mbid":"8bfa8f42-5a9d-45a9-8ab3-294c8f55b3f8","artist":{"name":"Broken Social Scene","mbid":"2eada8f8-056a-4093-bbc2-004909ce743b"}},"album":{"name":"Feel Good Lost","mbid":"bcc94f56-bdb0-32b7-9d1b-fda488bff5dc","artist":{"name":"Broken Social Scene","mbid":"2eada8f8-056a-4093-bbc2-004909ce743b"}},"application":"Grooveshark"},{"timestamp":{"iso":"2014-12-21T20:44:06","unixtimestamp":1419194646},"track":{"name":"Kong","mbid":"325735b0-a7a7-4193-83a7-25ec0c856c06","artist":{"name":"Bonobo","mbid":"6f7dea51-1d02-4be1-b138-92078518350c"}},"uncorrectedTrack":{"name":"Kong","mbid":"325735b0-a7a7-4193-83a7-25ec0c856c06","artist":{"name":"Bonobo","mbid":"6f7dea51-1d02-4be1-b138-92078518350c"}},"album":{"name":"Black Sands","mbid":"6b575427-f110-4c22-bdeb-89620f534da2","artist":{"name":"Bonobo","mbid":"6f7dea51-1d02-4be1-b138-92078518350c"}},"application":"Grooveshark"},{"timestamp":{"iso":"2014-12-21T20:48:04","unixtimestamp":1419194884},"track":{"name":"Six Days","mbid":"ddd561b1-764a-4b9a-b4bd-9f526c7ba97b","artist":{"name":"DJ Shadow","mbid":"efa2c11a-1a35-4b60-bc1b-66d37de88511"}},"uncorrectedTrack":{"name":"Six Days","mbid":"ddd561b1-764a-4b9a-b4bd-9f526c7ba97b","artist":{"name":"DJ Shadow","mbid":"efa2c11a-1a35-4b60-bc1b-66d37de88511"}},"album":{"name":"The Private Press","mbid":"eb9f1d2f-1052-382a-a263-334931a8acfb","artist":{"name":"DJ Shadow","mbid":"efa2c11a-1a35-4b60-bc1b-66d37de88511"}},"application":"Grooveshark"},{"timestamp":{"iso":"2014-12-21T20:53:07","unixtimestamp":1419195187},"track":{"name":"Pacific Theme","mbid":"b1326b17-d876-47dc-8a0a-a4a05bb2087d","artist":{"name":"Broken Social Scene","mbid":"2eada8f8-056a-4093-bbc2-004909ce743b"}},"uncorrectedTrack":{"name":"Pacific Theme","mbid":"b1326b17-d876-47dc-8a0a-a4a05bb2087d","artist":{"name":"Broken Social Scene","mbid":"2eada8f8-056a-4093-bbc2-004909ce743b"}},"album":{"name":"You Forgot It In People","mbid":"4a62cd38-0405-33c0-ade2-6be951f7b777","artist":{"name":"Broken Social Scene","mbid":"2eada8f8-056a-4093-bbc2-004909ce743b"}},"application":"Grooveshark"},{"timestamp":{"iso":"2014-12-21T20:58:17","unixtimestamp":1419195497},"track":{"name":"Bario Alto","mbid":"cdb077b2-5613-42a1-91ed-4041f22c7103","artist":{"name":"Thievery Corporation","mbid":"a505bb48-ad65-4af4-ae47-29149715bff9"}},"uncorrectedTrack":{"name":"Bario Alto","mbid":"cdb077b2-5613-42a1-91ed-4041f22c7103","artist":{"name":"Thievery Corporation","mbid":"a505bb48-ad65-4af4-ae47-29149715bff9"}},"album":{"name":"The Mirror Conspiracy","mbid":"d8e7f1f0-0d17-47a7-8fcf-0e297adbae97","artist":{"name":"Thievery Corporation","mbid":"a505bb48-ad65-4af4-ae47-29149715bff9"}},"application":"Grooveshark"},{"timestamp":{"iso":"2014-12-21T21:02:12","unixtimestamp":1419195732},"track":{"name":"Nightlite (feat. Bajka)","mbid":"2de9c3e2-7412-49fb-b70c-a98917bee03a","artist":{"name":"Bonobo","mbid":"6f7dea51-1d02-4be1-b138-92078518350c"}},"uncorrectedTrack":{"name":"Nightlite (feat. Bajka)","mbid":"2de9c3e2-7412-49fb-b70c-a98917bee03a","artist":{"name":"Bonobo","mbid":"6f7dea51-1d02-4be1-b138-92078518350c"}},"album":{"name":"Days to Come","mbid":"6e99b4b6-42ca-4187-8249-68edaed60fe5","artist":{"name":"Bonobo","mbid":"6f7dea51-1d02-4be1-b138-92078518350c"}},"application":"Grooveshark"},{"timestamp":{"iso":"2014-12-21T21:07:22","unixtimestamp":1419196042},"track":{"name":"Ketto","mbid":"9fa9aba0-d8e2-4177-8ee7-728f365a7cd4","artist":{"name":"Bonobo","mbid":"6f7dea51-1d02-4be1-b138-92078518350c"}},"uncorrectedTrack":{"name":"Ketto","mbid":"9fa9aba0-d8e2-4177-8ee7-728f365a7cd4","artist":{"name":"Bonobo","mbid":"6f7dea51-1d02-4be1-b138-92078518350c"}},"album":{"name":"Days to Come","mbid":"6e99b4b6-42ca-4187-8249-68edaed60fe5","artist":{"name":"Bonobo","mbid":"6f7dea51-1d02-4be1-b138-92078518350c"}},"application":"Grooveshark"},{"timestamp":{"iso":"2014-12-21T21:12:29","unixtimestamp":1419196349},"track":{"name":"Marmalade","mbid":"81513704-9da0-4199-bdb0-8a18214d881b","artist":{"name":"Cagedbaby","mbid":"b398215e-c440-4dee-bd18-9d82f715442f"}},"uncorrectedTrack":{"name":"Marmalade","mbid":"81513704-9da0-4199-bdb0-8a18214d881b","artist":{"name":"Cagedbaby","mbid":"b398215e-c440-4dee-bd18-9d82f715442f"}},"album":{"name":"Will See You Now","mbid":"09882fdb-e65a-4feb-9be6-0edafb36355d","artist":{"name":"Cagedbaby","mbid":"b398215e-c440-4dee-bd18-9d82f715442f"}},"application":"Grooveshark"},{"timestamp":{"iso":"2014-12-21T21:17:19","unixtimestamp":1419196639},"track":{"name":"Ghostwriter","mbid":"54f534ee-cf6c-439e-a04f-d9c8e93484c5","artist":{"name":"RJD2","mbid":"1a120ec5-35b3-4f3e-aa49-7201550d9feb"}},"uncorrectedTrack":{"name":"Ghostwriter","mbid":"54f534ee-cf6c-439e-a04f-d9c8e93484c5","artist":{"name":"RJD2","mbid":"1a120ec5-35b3-4f3e-aa49-7201550d9feb"}},"album":{"name":"Deadringer","mbid":"2daaa522-477c-4d6d-bf43-f9a6afc2e795","artist":{"name":"RJD2","mbid":"1a120ec5-35b3-4f3e-aa49-7201550d9feb"}},"application":"Grooveshark"},{"timestamp":{"iso":"2014-12-21T21:22:37","unixtimestamp":1419196957},"track":{"name":"Psyche","mbid":"37bd0914-d223-46ca-926f-86cc0a923eac","artist":{"name":"Massive Attack","mbid":"10adbe5e-a2c0-4bf3-8249-2b4cbf6e6ca8"}},"uncorrectedTrack":{"name":"Psyche","mbid":"37bd0914-d223-46ca-926f-86cc0a923eac","artist":{"name":"Massive Attack","mbid":"10adbe5e-a2c0-4bf3-8249-2b4cbf6e6ca8"}},"album":{"name":"Heligoland","mbid":"5042d45d-6a48-4546-bdf5-26f01caa3a43","artist":{"name":"Massive Attack","mbid":"10adbe5e-a2c0-4bf3-8249-2b4cbf6e6ca8"}},"application":"Grooveshark"},{"timestamp":{"iso":"2014-12-21T21:26:03","unixtimestamp":1419197163},"track":{"name":"Come on! Feel the Illinoise!","mbid":"eff26f95-4c63-4fbb-915b-30fe1ad4617f","artist":{"name":"Sufjan Stevens","mbid":"01d3c51b-9b98-418a-8d8e-37f6fab59d8c"}},"uncorrectedTrack":{"name":"Come on! Feel the Illinoise!","mbid":"eff26f95-4c63-4fbb-915b-30fe1ad4617f","artist":{"name":"Sufjan Stevens","mbid":"01d3c51b-9b98-418a-8d8e-37f6fab59d8c"}},"album":{"name":"Illinois","mbid":"777d51fe-b7c7-4874-9217-40abf09b4924","artist":{"name":"Sufjan Stevens","mbid":"01d3c51b-9b98-418a-8d8e-37f6fab59d8c"}},"application":"Grooveshark"},{"timestamp":{"iso":"2014-12-21T21:32:49","unixtimestamp":1419197569},"track":{"name":"Looks Just Like the Sun","mbid":"38eaba30-e116-4178-b645-871a7434fd66","artist":{"name":"Broken Social Scene","mbid":"2eada8f8-056a-4093-bbc2-004909ce743b"}},"uncorrectedTrack":{"name":"Looks Just Like the Sun","mbid":"38eaba30-e116-4178-b645-871a7434fd66","artist":{"name":"Broken Social Scene","mbid":"2eada8f8-056a-4093-bbc2-004909ce743b"}},"album":{"name":"You Forgot It In People","mbid":"4a62cd38-0405-33c0-ade2-6be951f7b777","artist":{"name":"Broken Social Scene","mbid":"2eada8f8-056a-4093-bbc2-004909ce743b"}},"application":"Grooveshark"}]