[{"timestamp":{"iso":"2013-06-03T22:09:28","unixtimestamp":1370297368},"track":{"name":"7/4 (Shoreline)","mbid":"096ba246-0638-4a86-b20a-a3243240f129","artist":{"name":"Broken Social Scene","mbid":"2eada8f8-056a-4093-bbc2-004909ce743b"}},"uncorrectedTrack":{"name":"7/4 (Shoreline)","mbid":"096ba246-0638-4a86-b20a-a3243240f129","artist":{"name":"Broken Social Scene","mbid":"2eada8f8-056a-4093-bbc2-004909ce743b"}},"album":{"name":"Broken Social Scene","mbid":"2d71439b-d7ad-42a0-b8cb-0d53e4d36e51","artist":{"name":"Broken Social Scene","mbid":"2eada8f8-056a-4093-bbc2-004909ce743b"}},"application":"Grooveshark"},{"timestamp":{"iso":"2013-06-04T18:43:46","unixtimestamp":1370371426},"track":{"name":"All That You Give","mbid":"91247ee5-9e3d-401c-b5b2-8bf63c11ec71","artist":{"name":"The Cinematic Orchestra","mbid":"7c158ea8-c0aa-410e-bdc1-20bba9759577"}},"uncorrectedTrack":{"name":"All That You Give","mbid":"91247ee5-9e3d-401c-b5b2-8bf63c11ec71","artist":{"name":"The Cinematic Orchestra","mbid":"7c158ea8-c0aa-410e-bdc1-20bba9759577"}},"album":{"name":"Every Day","mbid":"44270faa-917a-4415-be27-d7f0aab94d52","artist":{"name":"The Cinematic Orchestra","mbid":"7c158ea8-c0aa-410e-bdc1-20bba9759577"}},"application":"Grooveshark"},{"timestamp":{"iso":"2013-06-04T18:49:52","unixtimestamp":1370371792},"track":{"name":"Cinematic Orchestra - Burn Out","artist":{"name":"The Cinematic Orchestra","mbid":"7c158ea8-c0aa-410e-bdc1-20bba9759577"}},"uncorrectedTrack":{"name":"Cinematic Orchestra - Burn Out","artist":{"name":"The Cinematic Orchestra","mbid":"7c158ea8-c0aa-410e-bdc1-20bba9759577"}},"album":{"name":"Every Day","mbid":"44270faa-917a-4415-be27-d7f0aab94d52","artist":{"name":"The Cinematic Orchestra","mbid":"7c158ea8-c0aa-410e-bdc1-20bba9759577"}},"application":"Grooveshark"},{"timestamp":{"iso":"2013-06-04T19:00:06","unixtimestamp":1370372406},"track":{"name":"Cinematic Orchestra - Flite","artist":{"name":"The Cinematic Orchestra","mbid":"7c158ea8-c0aa-410e-bdc1-20bba9759577"}},"uncorrectedTrack":{"name":"Cinematic Orchestra - Flite","artist":{"name":"The Cinematic Orchestra","mbid":"7c158ea8-c0aa-410e-bdc1-20bba9759577"}},"album":{"name":"Every Day","mbid":"44270faa-917a-4415-be27-d7f0aab94d52","artist":{"name":"The Cinematic Orchestra","mbid":"7c158ea8-c0aa-410e-bdc1-20bba9759577"}},"application":"Grooveshark"},{"timestamp":{"iso":"2013-06-04T19:06:42","unixtimestamp":1370372802},"track":{"name":"Evolution - The Cinematic Orchestra, Fontella Bass","artist":{"name":"The Cinematic Orchestra","mbid":"7c158ea8-c0aa-410e-bdc1-20bba9759577"}},"uncorrectedTrack":{"name":"Evolution - The Cinematic Orchestra, Fontella Bass","artist":{"name":"The Cinematic Orchestra","mbid":"7c158ea8-c0aa-410e-bdc1-20bba9759577"}},"album":{"name":"Every Day","mbid":"44270faa-917a-4415-be27-d7f0aab94d52","artist":{"name":"The Cinematic Orchestra","mbid":"7c158ea8-c0aa-410e-bdc1-20bba9759577"}},"application":"Grooveshark"},{"timestamp":{"iso":"2013-06-04T19:13:21","unixtimestamp":1370373201},"track":{"name":"Man With the Movie Camera","mbid":"2ff9c10a-76b8-4633-90cd-7d07b07270a7","artist":{"name":"The Cinematic Orchestra","mbid":"7c158ea8-c0aa-410e-bdc1-20bba9759577"}},"uncorrectedTrack":{"name":"Man With the Movie Camera","mbid":"2ff9c10a-76b8-4633-90cd-7d07b07270a7","artist":{"name":"The Cinematic Orchestra","mbid":"7c158ea8-c0aa-410e-bdc1-20bba9759577"}},"album":{"name":"Every Day","mbid":"44270faa-917a-4415-be27-d7f0aab94d52","artist":{"name":"The Cinematic Orchestra","mbid":"7c158ea8-c0aa-410e-bdc1-20bba9759577"}},"application":"Grooveshark"},{"timestamp":{"iso":"2013-06-04T19:22:31","unixtimestamp":1370373751},"track":{"name":"Cinematic Orchestra - Everyday","artist":{"name":"The Cinematic Orchestra","mbid":"7c158ea8-c0aa-410e-bdc1-20bba9759577"}},"uncorrectedTrack":{"name":"Cinematic Orchestra - Everyday","artist":{"name":"The Cinematic Orchestra","mbid":"7c158ea8-c0aa-410e-bdc1-20bba9759577"}},"album":{"name":"Every Day","mbid":"44270faa-917a-4415-be27-d7f0aab94d52","artist":{"name":"The Cinematic Orchestra","mbid":"7c158ea8-c0aa-410e-bdc1-20bba9759577"}},"application":"Grooveshark"},{"timestamp":{"iso":"2013-06-04T19:32:50","unixtimestamp":1370374370},"track":{"name":"Oregon (Japanese bonus track)","artist":{"name":"The Cinematic Orchestra","mbid":"7c158ea8-c0aa-410e-bdc1-20bba9759577"}},"uncorrectedTrack":{"name":"Oregon (Japanese bonus track)","artist":{"name":"The Cinematic Orchestra","mbid":"7c158ea8-c0aa-410e-bdc1-20bba9759577"}},"album":{"name":"Every Day","mbid":"44270faa-917a-4415-be27-d7f0aab94d52","artist":{"name":"The Cinematic Orchestra","mbid":"7c158ea8-c0aa-410e-bdc1-20bba9759577"}},"application":"Grooveshark"},{"timestamp":{"iso":"2013-06-05T19:25:46","unixtimestamp":1370460346},"track":{"name":"Stay the Same","mbid":"ef255283-adb9-4464-9e27-09e11ae6cb73","artist":{"name":"Bonobo","mbid":"6f7dea51-1d02-4be1-b138-92078518350c"}},"uncorrectedTrack":{"name":"Stay the Same","mbid":"ef255283-adb9-4464-9e27-09e11ae6cb73","artist":{"name":"Bonobo","mbid":"6f7dea51-1d02-4be1-b138-92078518350c"}},"album":{"name":"Black Sands","mbid":"6b575427-f110-4c22-bdeb-89620f534da2","artist":{"name":"Bonobo","mbid":"6f7dea51-1d02-4be1-b138-92078518350c"}},"application":"Grooveshark"},{"timestamp":{"iso":"2013-06-05T19:30:31","unixtimestamp":1370460631},"track":{"name":"Ketto","mbid":"9fa9aba0-d8e2-4177-8ee7-728f365a7cd4","artist":{"name":"Bonobo","mbid":"6f7dea51-1d02-4be1-b138-92078518350c"}},"uncorrectedTrack":{"name":"Ketto","mbid":"9fa9aba0-d8e2-4177-8ee7-728f365a7cd4","artist":{"name":"Bonobo","mbid":"6f7dea51-1d02-4be1-b138-92078518350c"}},"album":{"name":"Days to Come","mbid":"6e99b4b6-42ca-4187-8249-68edaed60fe5","artist":{"name":"Bonobo","mbid":"6f7dea51-1d02-4be1-b138-92078518350c"}},"application":"Grooveshark"},{"timestamp":{"iso":"2013-06-05T19:35:37","unixtimestamp":1370460937},"track":{"name":"Days To Come","mbid":"dda67aa9-7745-42ab-b497-b502cb955e28","artist":{"name":"Bonobo","mbid":"6f7dea51-1d02-4be1-b138-92078518350c"}},"uncorrectedTrack":{"name":"Days To Come","mbid":"dda67aa9-7745-42ab-b497-b502cb955e28","artist":{"name":"Bonobo","mbid":"6f7dea51-1d02-4be1-b138-92078518350c"}},"album":{"name":"Days to Come","mbid":"6e99b4b6-42ca-4187-8249-68edaed60fe5","artist":{"name":"Bonobo","mbid":"6f7dea51-1d02-4be1-b138-92078518350c"}},"application":"Grooveshark"},{"timestamp":{"iso":"2013-06-05T20:20:53","unixtimestamp":1370463653},"track":{"name":"Eyesdown (Ft. Andreya Triana)","artist":{"name":"Bonobo","mbid":"6f7dea51-1d02-4be1-b138-92078518350c"}},"uncorrectedTrack":{"name":"Eyesdown (Ft. Andreya Triana)","artist":{"name":"Bonobo","mbid":"6f7dea51-1d02-4be1-b138-92078518350c"}},"album":{"name":"Black Sands","mbid":"6b575427-f110-4c22-bdeb-89620f534da2","artist":{"name":"Bonobo","mbid":"6f7dea51-1d02-4be1-b138-92078518350c"}},"application":"Grooveshark"},{"timestamp":{"iso":"2013-06-05T20:28:01","unixtimestamp":1370464081},"track":{"name":"Days To Come","mbid":"dda67aa9-7745-42ab-b497-b502cb955e28","artist":{"name":"Bonobo","mbid":"6f7dea51-1d02-4be1-b138-92078518350c"}},"uncorrectedTrack":{"name":"Days To Come","mbid":"dda67aa9-7745-42ab-b497-b502cb955e28","artist":{"name":"Bonobo","mbid":"6f7dea51-1d02-4be1-b138-92078518350c"}},"album":{"name":"Days to Come","mbid":"6e99b4b6-42ca-4187-8249-68edaed60fe5","artist":{"name":"Bonobo","mbid":"6f7dea51-1d02-4be1-b138-92078518350c"}},"application":"Grooveshark"},{"timestamp":{"iso":"2013-06-05T20:39:39","unixtimestamp":1370464779},"track":{"name":"Easy Muffin","mbid":"35b1fd7b-a3e9-43b0-af3d-71198888e767","artist":{"name":"Amon Tobin","mbid":"630662ea-1c7d-4208-99fd-ba3afec20f0c"}},"uncorrectedTrack":{"name":"Easy Muffin","mbid":"35b1fd7b-a3e9-43b0-af3d-71198888e767","artist":{"name":"Amon Tobin","mbid":"630662ea-1c7d-4208-99fd-ba3afec20f0c"}},"album":{"name":"Bricolage","mbid":"865f40b0-8ed8-4a31-8293-7d99d92cd7d7","artist":{"name":"Amon Tobin","mbid":"630662ea-1c7d-4208-99fd-ba3afec20f0c"}},"application":"Grooveshark"},{"timestamp":{"iso":"2013-06-06T16:51:34","unixtimestamp":1370537494},"track":{"name":"Rumour Has It","mbid":"37829a4a-acc3-4d13-bc0b-02e3f48edc5b","artist":{"name":"Adele","mbid":"1de93a63-3a9f-443a-ba8a-a43b5fe0121e"}},"uncorrectedTrack":{"name":"Rumour Has It","mbid":"37829a4a-acc3-4d13-bc0b-02e3f48edc5b","artist":{"name":"Adele","mbid":"1de93a63-3a9f-443a-ba8a-a43b5fe0121e"}},"album":{"name":"21","mbid":"29f224ac-498d-4dcb-9a07-22b1293288ae","artist":{"name":"Adele","mbid":"1de93a63-3a9f-443a-ba8a-a43b5fe0121e"}},"application":"Grooveshark"},{"timestamp":{"iso":"2013-06-07T15:32:59","unixtimestamp":1370619179},"track":{"name":"Paradise Circus (Breakage\u0027s Tight Rope Remix)","mbid":"3ed2b5fd-26ad-4bfb-90ce-19219ab74bd3","artist":{"name":"Massive Attack","mbid":"10adbe5e-a2c0-4bf3-8249-2b4cbf6e6ca8"}},"uncorrectedTrack":{"name":"Paradise Circus (Breakage\u0027s Tight Rope Remix)","mbid":"3ed2b5fd-26ad-4bfb-90ce-19219ab74bd3","artist":{"name":"Massive Attack","mbid":"10adbe5e-a2c0-4bf3-8249-2b4cbf6e6ca8"}},"album":{"name":"Heligoland","mbid":"5042d45d-6a48-4546-bdf5-26f01caa3a43","artist":{"name":"Massive Attack","mbid":"10adbe5e-a2c0-4bf3-8249-2b4cbf6e6ca8"}},"application":"Grooveshark"},{"timestamp":{"iso":"2013-06-11T15:13:08","unixtimestamp":1370963588},"track":{"name":"Kiara","mbid":"da17946e-5e74-4c02-a474-6cd8e321b96a","artist":{"name":"Bonobo","mbid":"6f7dea51-1d02-4be1-b138-92078518350c"}},"uncorrectedTrack":{"name":"Kiara","mbid":"da17946e-5e74-4c02-a474-6cd8e321b96a","artist":{"name":"Bonobo","mbid":"6f7dea51-1d02-4be1-b138-92078518350c"}},"album":{"name":"Black Sands","mbid":"6b575427-f110-4c22-bdeb-89620f534da2","artist":{"name":"Bonobo","mbid":"6f7dea51-1d02-4be1-b138-92078518350c"}},"application":"Grooveshark"},{"timestamp":{"iso":"2013-06-11T15:17:25","unixtimestamp":1370963845},"track":{"name":"Stay the Same","mbid":"ef255283-adb9-4464-9e27-09e11ae6cb73","artist":{"name":"Bonobo","mbid":"6f7dea51-1d02-4be1-b138-92078518350c"}},"uncorrectedTrack":{"name":"Stay the Same","mbid":"ef255283-adb9-4464-9e27-09e11ae6cb73","artist":{"name":"Bonobo","mbid":"6f7dea51-1d02-4be1-b138-92078518350c"}},"album":{"name":"Black Sands","mbid":"6b575427-f110-4c22-bdeb-89620f534da2","artist":{"name":"Bonobo","mbid":"6f7dea51-1d02-4be1-b138-92078518350c"}},"application":"Grooveshark"},{"timestamp":{"iso":"2013-06-12T15:47:27","unixtimestamp":1371052047},"track":{"name":"Silver Soul","mbid":"4851bda1-464c-4b70-b923-23f53010c9c6","artist":{"name":"Beach House","mbid":"d5cc67b8-1cc4-453b-96e8-44487acdebea"}},"uncorrectedTrack":{"name":"Silver Soul","mbid":"4851bda1-464c-4b70-b923-23f53010c9c6","artist":{"name":"Beach House","mbid":"d5cc67b8-1cc4-453b-96e8-44487acdebea"}},"album":{"name":"Teen Dream","mbid":"44f67ad5-cdff-3036-80e9-bee67402ded0","artist":{"name":"Beach House","mbid":"d5cc67b8-1cc4-453b-96e8-44487acdebea"}},"application":"Grooveshark"},{"timestamp":{"iso":"2013-06-13T20:47:39","unixtimestamp":1371156459},"track":{"name":"ghetto fã¡cil","artist":{"name":"El Guincho","mbid":"7e57d8a2-e6eb-48dd-8e50-ff7eaa412ccb"}},"uncorrectedTrack":{"name":"Ghetto FÃ¡cil","artist":{"name":"El Guincho","mbid":"7e57d8a2-e6eb-48dd-8e50-ff7eaa412ccb"}},"album":{"name":"Pop Negro","mbid":"d1155ca2-d814-4f17-9426-743189f8d853","artist":{"name":"El Guincho","mbid":"7e57d8a2-e6eb-48dd-8e50-ff7eaa412ccb"}},"application":"Grooveshark"},{"timestamp":{"iso":"2013-06-13T20:50:23","unixtimestamp":1371156623},"track":{"name":"Diane Keaton","mbid":"528b6aad-77f0-4ad6-844d-60c7280706fc","artist":{"name":"Dënver","mbid":"de447818-fe86-423e-a2d5-b1e6138f4209"}},"uncorrectedTrack":{"name":"Diane Keaton","mbid":"528b6aad-77f0-4ad6-844d-60c7280706fc","artist":{"name":"Dënver","mbid":"de447818-fe86-423e-a2d5-b1e6138f4209"}},"album":{"name":"Música, Gramática, Gimnasia","mbid":"6ebe7264-0f5a-476b-92b6-28dff61932aa","artist":{"name":"Dënver","mbid":"de447818-fe86-423e-a2d5-b1e6138f4209"}},"application":"Grooveshark"},{"timestamp":{"iso":"2013-06-13T20:54:19","unixtimestamp":1371156859},"track":{"name":"Como siempre soñé","mbid":"6e174d31-7d50-43e1-8283-12994fba4d4c","artist":{"name":"Javiera Mena","mbid":"904d15da-bd29-40d2-b69e-24612f18803e"}},"uncorrectedTrack":{"name":"Como siempre soñé","mbid":"6e174d31-7d50-43e1-8283-12994fba4d4c","artist":{"name":"Javiera Mena","mbid":"904d15da-bd29-40d2-b69e-24612f18803e"}},"album":{"name":"Esquemas juveniles","mbid":"bea922ba-68ee-4af0-9bb4-0f58c502c4c7","artist":{"name":"Javiera Mena","mbid":"904d15da-bd29-40d2-b69e-24612f18803e"}},"application":"Grooveshark"},{"timestamp":{"iso":"2013-06-14T17:14:11","unixtimestamp":1371230051},"track":{"name":"All That You Give","mbid":"91247ee5-9e3d-401c-b5b2-8bf63c11ec71","artist":{"name":"The Cinematic Orchestra","mbid":"7c158ea8-c0aa-410e-bdc1-20bba9759577"}},"uncorrectedTrack":{"name":"All That You Give","mbid":"91247ee5-9e3d-401c-b5b2-8bf63c11ec71","artist":{"name":"The Cinematic Orchestra","mbid":"7c158ea8-c0aa-410e-bdc1-20bba9759577"}},"album":{"name":"Every Day","mbid":"44270faa-917a-4415-be27-d7f0aab94d52","artist":{"name":"The Cinematic Orchestra","mbid":"7c158ea8-c0aa-410e-bdc1-20bba9759577"}},"application":"Grooveshark"},{"timestamp":{"iso":"2013-06-14T17:20:17","unixtimestamp":1371230417},"track":{"name":"Cinematic Orchestra - Burn Out","artist":{"name":"The Cinematic Orchestra","mbid":"7c158ea8-c0aa-410e-bdc1-20bba9759577"}},"uncorrectedTrack":{"name":"Cinematic Orchestra - Burn Out","artist":{"name":"The Cinematic Orchestra","mbid":"7c158ea8-c0aa-410e-bdc1-20bba9759577"}},"album":{"name":"Every Day","mbid":"44270faa-917a-4415-be27-d7f0aab94d52","artist":{"name":"The Cinematic Orchestra","mbid":"7c158ea8-c0aa-410e-bdc1-20bba9759577"}},"application":"Grooveshark"},{"timestamp":{"iso":"2013-06-14T17:30:31","unixtimestamp":1371231031},"track":{"name":"Cinematic Orchestra - Flite","artist":{"name":"The Cinematic Orchestra","mbid":"7c158ea8-c0aa-410e-bdc1-20bba9759577"}},"uncorrectedTrack":{"name":"Cinematic Orchestra - Flite","artist":{"name":"The Cinematic Orchestra","mbid":"7c158ea8-c0aa-410e-bdc1-20bba9759577"}},"album":{"name":"Every Day","mbid":"44270faa-917a-4415-be27-d7f0aab94d52","artist":{"name":"The Cinematic Orchestra","mbid":"7c158ea8-c0aa-410e-bdc1-20bba9759577"}},"application":"Grooveshark"},{"timestamp":{"iso":"2013-06-14T17:37:06","unixtimestamp":1371231426},"track":{"name":"Evolution - The Cinematic Orchestra, Fontella Bass","artist":{"name":"The Cinematic Orchestra","mbid":"7c158ea8-c0aa-410e-bdc1-20bba9759577"}},"uncorrectedTrack":{"name":"Evolution - The Cinematic Orchestra, Fontella Bass","artist":{"name":"The Cinematic Orchestra","mbid":"7c158ea8-c0aa-410e-bdc1-20bba9759577"}},"album":{"name":"Every Day","mbid":"44270faa-917a-4415-be27-d7f0aab94d52","artist":{"name":"The Cinematic Orchestra","mbid":"7c158ea8-c0aa-410e-bdc1-20bba9759577"}},"application":"Grooveshark"},{"timestamp":{"iso":"2013-06-14T17:43:45","unixtimestamp":1371231825},"track":{"name":"Man With the Movie Camera","mbid":"2ff9c10a-76b8-4633-90cd-7d07b07270a7","artist":{"name":"The Cinematic Orchestra","mbid":"7c158ea8-c0aa-410e-bdc1-20bba9759577"}},"uncorrectedTrack":{"name":"Man With the Movie Camera","mbid":"2ff9c10a-76b8-4633-90cd-7d07b07270a7","artist":{"name":"The Cinematic Orchestra","mbid":"7c158ea8-c0aa-410e-bdc1-20bba9759577"}},"album":{"name":"Every Day","mbid":"44270faa-917a-4415-be27-d7f0aab94d52","artist":{"name":"The Cinematic Orchestra","mbid":"7c158ea8-c0aa-410e-bdc1-20bba9759577"}},"application":"Grooveshark"},{"timestamp":{"iso":"2013-06-14T17:52:56","unixtimestamp":1371232376},"track":{"name":"Cinematic Orchestra - Everyday","artist":{"name":"The Cinematic Orchestra","mbid":"7c158ea8-c0aa-410e-bdc1-20bba9759577"}},"uncorrectedTrack":{"name":"Cinematic Orchestra - Everyday","artist":{"name":"The Cinematic Orchestra","mbid":"7c158ea8-c0aa-410e-bdc1-20bba9759577"}},"album":{"name":"Every Day","mbid":"44270faa-917a-4415-be27-d7f0aab94d52","artist":{"name":"The Cinematic Orchestra","mbid":"7c158ea8-c0aa-410e-bdc1-20bba9759577"}},"application":"Grooveshark"},{"timestamp":{"iso":"2013-06-14T18:03:14","unixtimestamp":1371232994},"track":{"name":"Oregon (Japanese bonus track)","artist":{"name":"The Cinematic Orchestra","mbid":"7c158ea8-c0aa-410e-bdc1-20bba9759577"}},"uncorrectedTrack":{"name":"Oregon (Japanese bonus track)","artist":{"name":"The Cinematic Orchestra","mbid":"7c158ea8-c0aa-410e-bdc1-20bba9759577"}},"album":{"name":"Every Day","mbid":"44270faa-917a-4415-be27-d7f0aab94d52","artist":{"name":"The Cinematic Orchestra","mbid":"7c158ea8-c0aa-410e-bdc1-20bba9759577"}},"application":"Grooveshark"},{"timestamp":{"iso":"2013-06-14T18:07:25","unixtimestamp":1371233245},"track":{"name":"Horizon (feat. Niara Scarlett)","mbid":"7bdf3c32-b9fb-4a88-b996-bfcab2bf8438","artist":{"name":"The Cinematic Orchestra","mbid":"7c158ea8-c0aa-410e-bdc1-20bba9759577"}},"uncorrectedTrack":{"name":"Horizon (feat. Niara Scarlett)","mbid":"7bdf3c32-b9fb-4a88-b996-bfcab2bf8438","artist":{"name":"The Cinematic Orchestra","mbid":"7c158ea8-c0aa-410e-bdc1-20bba9759577"}},"album":{"name":"Every Day","mbid":"44270faa-917a-4415-be27-d7f0aab94d52","artist":{"name":"The Cinematic Orchestra","mbid":"7c158ea8-c0aa-410e-bdc1-20bba9759577"}},"application":"Grooveshark"},{"timestamp":{"iso":"2013-06-14T18:12:10","unixtimestamp":1371233530},"track":{"name":"I Wanna Be the One","mbid":"6c9371d9-9f33-43f7-b557-2656324937de","artist":{"name":"fun.","mbid":"136c4166-85b3-4994-aa04-59857c434199"}},"uncorrectedTrack":{"name":"I Wanna Be the One","mbid":"6c9371d9-9f33-43f7-b557-2656324937de","artist":{"name":"fun.","mbid":"136c4166-85b3-4994-aa04-59857c434199"}},"album":{"name":"Aim \u0026 Ignite","artist":{"name":"fun.","mbid":"136c4166-85b3-4994-aa04-59857c434199"}},"application":"Grooveshark"},{"timestamp":{"iso":"2013-06-14T18:15:48","unixtimestamp":1371233748},"track":{"name":"All That You Give (Dr Rockit R","artist":{"name":"The Cinematic Orchestra","mbid":"7c158ea8-c0aa-410e-bdc1-20bba9759577"}},"uncorrectedTrack":{"name":"All That You Give (Dr Rockit R","artist":{"name":"The Cinematic Orchestra","mbid":"7c158ea8-c0aa-410e-bdc1-20bba9759577"}},"album":{"name":"Every Day","mbid":"44270faa-917a-4415-be27-d7f0aab94d52","artist":{"name":"The Cinematic Orchestra","mbid":"7c158ea8-c0aa-410e-bdc1-20bba9759577"}},"application":"Grooveshark"},{"timestamp":{"iso":"2013-06-14T18:17:07","unixtimestamp":1371233827},"track":{"name":"To Build a Home","mbid":"863551b3-19fe-45d0-8a06-aff77f07c8cd","artist":{"name":"The Cinematic Orchestra","mbid":"7c158ea8-c0aa-410e-bdc1-20bba9759577"}},"uncorrectedTrack":{"name":"To Build a Home","mbid":"863551b3-19fe-45d0-8a06-aff77f07c8cd","artist":{"name":"The Cinematic Orchestra","mbid":"7c158ea8-c0aa-410e-bdc1-20bba9759577"}},"album":{"name":"Ma Fleur","mbid":"63ebd406-fd8c-4382-a4b8-08b5d205c2c3","artist":{"name":"The Cinematic Orchestra","mbid":"7c158ea8-c0aa-410e-bdc1-20bba9759577"}},"application":"Grooveshark"},{"timestamp":{"iso":"2013-06-14T18:23:16","unixtimestamp":1371234196},"track":{"name":"Time and Space","mbid":"2cc6550b-b89b-4c43-99f3-78c531e7af36","artist":{"name":"The Cinematic Orchestra","mbid":"7c158ea8-c0aa-410e-bdc1-20bba9759577"}},"uncorrectedTrack":{"name":"Time and Space","mbid":"2cc6550b-b89b-4c43-99f3-78c531e7af36","artist":{"name":"The Cinematic Orchestra","mbid":"7c158ea8-c0aa-410e-bdc1-20bba9759577"}},"album":{"name":"Ma Fleur","mbid":"63ebd406-fd8c-4382-a4b8-08b5d205c2c3","artist":{"name":"The Cinematic Orchestra","mbid":"7c158ea8-c0aa-410e-bdc1-20bba9759577"}},"application":"Grooveshark"},{"timestamp":{"iso":"2013-06-14T19:00:56","unixtimestamp":1371236456},"track":{"name":"Bright Whites","mbid":"de57f59e-9dfe-47f8-b5a1-93dc9077f99c","artist":{"name":"Kishi Bashi","mbid":"7c340ac5-6eda-4981-91d6-d5b1f4d1bbbf"}},"uncorrectedTrack":{"name":"Bright Whites","mbid":"de57f59e-9dfe-47f8-b5a1-93dc9077f99c","artist":{"name":"Kishi Bashi","mbid":"7c340ac5-6eda-4981-91d6-d5b1f4d1bbbf"}},"album":{"name":"Room For Dream","mbid":"5305b6a6-aae4-43cf-90bd-087cad8433e2","artist":{"name":"Kishi Bashi","mbid":"7c340ac5-6eda-4981-91d6-d5b1f4d1bbbf"}},"application":"Grooveshark"},{"timestamp":{"iso":"2013-06-14T19:05:12","unixtimestamp":1371236712},"track":{"name":"Tessellate","mbid":"c03d0c17-b702-4cd9-82b4-7361008f0933","artist":{"name":"alt-J","mbid":"fc7bbf00-fbaa-4736-986b-b3ac0266ca9b"}},"uncorrectedTrack":{"name":"Tessellate","mbid":"c03d0c17-b702-4cd9-82b4-7361008f0933","artist":{"name":"alt-J","mbid":"fc7bbf00-fbaa-4736-986b-b3ac0266ca9b"}},"album":{"name":".","artist":{"name":"alt-J","mbid":"fc7bbf00-fbaa-4736-986b-b3ac0266ca9b"}},"application":"Grooveshark"},{"timestamp":{"iso":"2013-06-14T19:08:12","unixtimestamp":1371236892},"track":{"name":"Abducted","mbid":"10d36c1d-2a7b-4121-88c8-10cec1962a9d","artist":{"name":"Cults","mbid":"4c671d5a-7027-4398-8055-03e61d1a3967"}},"uncorrectedTrack":{"name":"Abducted","mbid":"10d36c1d-2a7b-4121-88c8-10cec1962a9d","artist":{"name":"Cults","mbid":"4c671d5a-7027-4398-8055-03e61d1a3967"}},"album":{"name":"Cults","mbid":"ea6d5a6b-be84-4835-b5c5-f28dd41ba884","artist":{"name":"Cults","mbid":"4c671d5a-7027-4398-8055-03e61d1a3967"}},"application":"Grooveshark"},{"timestamp":{"iso":"2013-06-14T19:11:05","unixtimestamp":1371237065},"track":{"name":"Diane Keaton","mbid":"528b6aad-77f0-4ad6-844d-60c7280706fc","artist":{"name":"Dënver","mbid":"de447818-fe86-423e-a2d5-b1e6138f4209"}},"uncorrectedTrack":{"name":"Diane Keaton","mbid":"528b6aad-77f0-4ad6-844d-60c7280706fc","artist":{"name":"Dënver","mbid":"de447818-fe86-423e-a2d5-b1e6138f4209"}},"album":{"name":"Música, Gramática, Gimnasia","mbid":"6ebe7264-0f5a-476b-92b6-28dff61932aa","artist":{"name":"Dënver","mbid":"de447818-fe86-423e-a2d5-b1e6138f4209"}},"application":"Grooveshark"},{"timestamp":{"iso":"2013-06-14T19:15:00","unixtimestamp":1371237300},"track":{"name":"Age of Consent (New Order)","artist":{"name":"Geographer","mbid":"c1213174-2d79-488d-93fd-1db2ef43da8e"}},"uncorrectedTrack":{"name":"Age of Consent (New Order)","artist":{"name":"Geographer","mbid":"c1213174-2d79-488d-93fd-1db2ef43da8e"}},"album":{"name":"Blalock\u0027s Indie/Rock Playlist: November (2010)","artist":{"name":"Geographer","mbid":"c1213174-2d79-488d-93fd-1db2ef43da8e"}},"application":"Grooveshark"},{"timestamp":{"iso":"2013-06-14T19:19:26","unixtimestamp":1371237566},"track":{"name":"17","mbid":"097d48da-bacd-45cf-9747-d9862237c030","artist":{"name":"Youth Lagoon","mbid":"4a18722d-5a98-41c8-9e86-814afbffc704"}},"uncorrectedTrack":{"name":"17","mbid":"097d48da-bacd-45cf-9747-d9862237c030","artist":{"name":"Youth Lagoon","mbid":"4a18722d-5a98-41c8-9e86-814afbffc704"}},"album":{"name":"The Year of Hibernation","mbid":"541c94f4-e448-4cef-a6a2-701bfeef9e70","artist":{"name":"Youth Lagoon","mbid":"4a18722d-5a98-41c8-9e86-814afbffc704"}},"application":"Grooveshark"},{"timestamp":{"iso":"2013-06-14T19:23:22","unixtimestamp":1371237802},"track":{"name":"Simple Song","mbid":"94e35137-f710-475c-ae96-da2997d4d823","artist":{"name":"The Shins","mbid":"6c8b9855-ba8b-48f9-ac1d-42167f7f7b18"}},"uncorrectedTrack":{"name":"Simple Song","mbid":"94e35137-f710-475c-ae96-da2997d4d823","artist":{"name":"The Shins","mbid":"6c8b9855-ba8b-48f9-ac1d-42167f7f7b18"}},"album":{"name":"The Shins","artist":{"name":"The Shins","mbid":"6c8b9855-ba8b-48f9-ac1d-42167f7f7b18"}},"application":"Grooveshark"},{"timestamp":{"iso":"2013-06-14T19:37:28","unixtimestamp":1371238648},"track":{"name":"Myth","mbid":"d9eed2f2-76c1-4d75-afc2-7c9944201090","artist":{"name":"Beach House","mbid":"d5cc67b8-1cc4-453b-96e8-44487acdebea"}},"uncorrectedTrack":{"name":"Myth","mbid":"d9eed2f2-76c1-4d75-afc2-7c9944201090","artist":{"name":"Beach House","mbid":"d5cc67b8-1cc4-453b-96e8-44487acdebea"}},"album":{"name":"Bloom","mbid":"f2f1a163-a620-4d15-95b4-709d79526fc5","artist":{"name":"Beach House","mbid":"d5cc67b8-1cc4-453b-96e8-44487acdebea"}},"application":"Grooveshark"},{"timestamp":{"iso":"2013-06-14T19:41:50","unixtimestamp":1371238910},"track":{"name":"Lazuli","mbid":"480dead5-43e0-402e-8a9d-313178099a60","artist":{"name":"Beach House","mbid":"d5cc67b8-1cc4-453b-96e8-44487acdebea"}},"uncorrectedTrack":{"name":"Lazuli","mbid":"480dead5-43e0-402e-8a9d-313178099a60","artist":{"name":"Beach House","mbid":"d5cc67b8-1cc4-453b-96e8-44487acdebea"}},"album":{"name":"Bloom","mbid":"f2f1a163-a620-4d15-95b4-709d79526fc5","artist":{"name":"Beach House","mbid":"d5cc67b8-1cc4-453b-96e8-44487acdebea"}},"application":"Grooveshark"},{"timestamp":{"iso":"2013-06-14T19:46:53","unixtimestamp":1371239213},"track":{"name":"Night section","mbid":"b4841be1-1181-4043-845f-e0ec843233a1","artist":{"name":"Data Romance","mbid":"37c48db5-ee66-4bbf-83ac-32f3acce2d62"}},"uncorrectedTrack":{"name":"Night section","mbid":"b4841be1-1181-4043-845f-e0ec843233a1","artist":{"name":"Data Romance","mbid":"37c48db5-ee66-4bbf-83ac-32f3acce2d62"}},"album":{"name":"Life Cycles (Original Soundtrack)","artist":{"name":"Data Romance","mbid":"37c48db5-ee66-4bbf-83ac-32f3acce2d62"}},"application":"Grooveshark"},{"timestamp":{"iso":"2013-06-17T15:45:13","unixtimestamp":1371483913},"track":{"name":"Novias","mbid":"b4de7318-5e65-450c-baf2-d1cfac5e4b78","artist":{"name":"El Guincho","mbid":"7e57d8a2-e6eb-48dd-8e50-ff7eaa412ccb"}},"uncorrectedTrack":{"name":"Novias","mbid":"b4de7318-5e65-450c-baf2-d1cfac5e4b78","artist":{"name":"El Guincho","mbid":"7e57d8a2-e6eb-48dd-8e50-ff7eaa412ccb"}},"album":{"name":"Pop Negro","mbid":"d1155ca2-d814-4f17-9426-743189f8d853","artist":{"name":"El Guincho","mbid":"7e57d8a2-e6eb-48dd-8e50-ff7eaa412ccb"}},"application":"Grooveshark"},{"timestamp":{"iso":"2013-06-17T15:51:12","unixtimestamp":1371484272},"track":{"name":"Palmitos Park","mbid":"03dd1f0d-1b78-49bb-9de8-cad73560837d","artist":{"name":"El Guincho","mbid":"7e57d8a2-e6eb-48dd-8e50-ff7eaa412ccb"}},"uncorrectedTrack":{"name":"Palmitos Park","mbid":"03dd1f0d-1b78-49bb-9de8-cad73560837d","artist":{"name":"El Guincho","mbid":"7e57d8a2-e6eb-48dd-8e50-ff7eaa412ccb"}},"album":{"name":"Alegranza","mbid":"08cd6dab-f1e1-3360-b139-4b25e03d36a1","artist":{"name":"El Guincho","mbid":"7e57d8a2-e6eb-48dd-8e50-ff7eaa412ccb"}},"application":"Grooveshark"},{"timestamp":{"iso":"2013-06-17T16:12:01","unixtimestamp":1371485521},"track":{"name":"Novias","mbid":"b4de7318-5e65-450c-baf2-d1cfac5e4b78","artist":{"name":"El Guincho","mbid":"7e57d8a2-e6eb-48dd-8e50-ff7eaa412ccb"}},"uncorrectedTrack":{"name":"Novias","mbid":"b4de7318-5e65-450c-baf2-d1cfac5e4b78","artist":{"name":"El Guincho","mbid":"7e57d8a2-e6eb-48dd-8e50-ff7eaa412ccb"}},"album":{"name":"Pop Negro","mbid":"d1155ca2-d814-4f17-9426-743189f8d853","artist":{"name":"El Guincho","mbid":"7e57d8a2-e6eb-48dd-8e50-ff7eaa412ccb"}},"application":"Grooveshark"},{"timestamp":{"iso":"2013-06-17T16:15:21","unixtimestamp":1371485721},"track":{"name":"Palmitos Park","mbid":"03dd1f0d-1b78-49bb-9de8-cad73560837d","artist":{"name":"El Guincho","mbid":"7e57d8a2-e6eb-48dd-8e50-ff7eaa412ccb"}},"uncorrectedTrack":{"name":"Palmitos Park","mbid":"03dd1f0d-1b78-49bb-9de8-cad73560837d","artist":{"name":"El Guincho","mbid":"7e57d8a2-e6eb-48dd-8e50-ff7eaa412ccb"}},"album":{"name":"Alegranza","mbid":"08cd6dab-f1e1-3360-b139-4b25e03d36a1","artist":{"name":"El Guincho","mbid":"7e57d8a2-e6eb-48dd-8e50-ff7eaa412ccb"}},"application":"Grooveshark"},{"timestamp":{"iso":"2013-06-17T21:01:45","unixtimestamp":1371502905},"track":{"name":"Novias","mbid":"b4de7318-5e65-450c-baf2-d1cfac5e4b78","artist":{"name":"El Guincho","mbid":"7e57d8a2-e6eb-48dd-8e50-ff7eaa412ccb"}},"uncorrectedTrack":{"name":"Novias","mbid":"b4de7318-5e65-450c-baf2-d1cfac5e4b78","artist":{"name":"El Guincho","mbid":"7e57d8a2-e6eb-48dd-8e50-ff7eaa412ccb"}},"album":{"name":"Pop Negro","mbid":"d1155ca2-d814-4f17-9426-743189f8d853","artist":{"name":"El Guincho","mbid":"7e57d8a2-e6eb-48dd-8e50-ff7eaa412ccb"}},"application":"Grooveshark"},{"timestamp":{"iso":"2013-06-17T21:05:05","unixtimestamp":1371503105},"track":{"name":"Palmitos Park","mbid":"03dd1f0d-1b78-49bb-9de8-cad73560837d","artist":{"name":"El Guincho","mbid":"7e57d8a2-e6eb-48dd-8e50-ff7eaa412ccb"}},"uncorrectedTrack":{"name":"Palmitos Park","mbid":"03dd1f0d-1b78-49bb-9de8-cad73560837d","artist":{"name":"El Guincho","mbid":"7e57d8a2-e6eb-48dd-8e50-ff7eaa412ccb"}},"album":{"name":"Alegranza","mbid":"08cd6dab-f1e1-3360-b139-4b25e03d36a1","artist":{"name":"El Guincho","mbid":"7e57d8a2-e6eb-48dd-8e50-ff7eaa412ccb"}},"application":"Grooveshark"},{"timestamp":{"iso":"2013-06-17T21:13:12","unixtimestamp":1371503592},"track":{"name":"Diane Keaton","mbid":"528b6aad-77f0-4ad6-844d-60c7280706fc","artist":{"name":"Dënver","mbid":"de447818-fe86-423e-a2d5-b1e6138f4209"}},"uncorrectedTrack":{"name":"Diane Keaton","mbid":"528b6aad-77f0-4ad6-844d-60c7280706fc","artist":{"name":"Dënver","mbid":"de447818-fe86-423e-a2d5-b1e6138f4209"}},"album":{"name":"Música, Gramática, Gimnasia","mbid":"6ebe7264-0f5a-476b-92b6-28dff61932aa","artist":{"name":"Dënver","mbid":"de447818-fe86-423e-a2d5-b1e6138f4209"}},"application":"Grooveshark"},{"timestamp":{"iso":"2013-06-18T21:00:54","unixtimestamp":1371589254},"track":{"name":"Planet Telex","mbid":"751fd274-a312-4000-8481-3dd55c94224d","artist":{"name":"Radiohead","mbid":"a74b1b7f-71a5-4011-9441-d0b5e4122711"}},"uncorrectedTrack":{"name":"Planet Telex","mbid":"751fd274-a312-4000-8481-3dd55c94224d","artist":{"name":"Radiohead","mbid":"a74b1b7f-71a5-4011-9441-d0b5e4122711"}},"album":{"name":"The Bends","mbid":"0b0ae271-728d-3899-af0a-0c9d5f2fcad8","artist":{"name":"Radiohead","mbid":"a74b1b7f-71a5-4011-9441-d0b5e4122711"}},"application":"Grooveshark"},{"timestamp":{"iso":"2013-06-18T21:05:13","unixtimestamp":1371589513},"track":{"name":"The Bends","mbid":"67bd3e0a-7834-42d4-96e5-ae8871978312","artist":{"name":"Radiohead","mbid":"a74b1b7f-71a5-4011-9441-d0b5e4122711"}},"uncorrectedTrack":{"name":"The Bends","mbid":"67bd3e0a-7834-42d4-96e5-ae8871978312","artist":{"name":"Radiohead","mbid":"a74b1b7f-71a5-4011-9441-d0b5e4122711"}},"album":{"name":"The Bends","mbid":"0b0ae271-728d-3899-af0a-0c9d5f2fcad8","artist":{"name":"Radiohead","mbid":"a74b1b7f-71a5-4011-9441-d0b5e4122711"}},"application":"Grooveshark"},{"timestamp":{"iso":"2013-06-18T21:13:19","unixtimestamp":1371589999},"track":{"name":"India Rubber","mbid":"147c73d4-80c4-448a-9d67-25c7c81cdc95","artist":{"name":"Radiohead","mbid":"a74b1b7f-71a5-4011-9441-d0b5e4122711"}},"uncorrectedTrack":{"name":"India Rubber","mbid":"147c73d4-80c4-448a-9d67-25c7c81cdc95","artist":{"name":"Radiohead","mbid":"a74b1b7f-71a5-4011-9441-d0b5e4122711"}},"album":{"name":"The Bends","mbid":"0b0ae271-728d-3899-af0a-0c9d5f2fcad8","artist":{"name":"Radiohead","mbid":"a74b1b7f-71a5-4011-9441-d0b5e4122711"}},"application":"Grooveshark"},{"timestamp":{"iso":"2013-06-20T19:01:15","unixtimestamp":1371754875},"track":{"name":"Efêmera","mbid":"d9266b07-3a79-47c1-9629-93bcb448462e","artist":{"name":"Tulipa Ruiz","mbid":"883cbd06-7ed2-4c5f-a5c0-8ea7792b4655"}},"uncorrectedTrack":{"name":"Efêmera","mbid":"d9266b07-3a79-47c1-9629-93bcb448462e","artist":{"name":"Tulipa Ruiz","mbid":"883cbd06-7ed2-4c5f-a5c0-8ea7792b4655"}},"album":{"name":"Efêmera","mbid":"389f3aa9-f22e-4af4-aef2-2e70b1d5227b","artist":{"name":"Tulipa Ruiz","mbid":"883cbd06-7ed2-4c5f-a5c0-8ea7792b4655"}},"application":"Grooveshark"},{"timestamp":{"iso":"2013-06-20T19:07:01","unixtimestamp":1371755221},"track":{"name":"Paradise Circus (Breakage\u0027s Tight Rope Remix)","mbid":"3ed2b5fd-26ad-4bfb-90ce-19219ab74bd3","artist":{"name":"Massive Attack","mbid":"10adbe5e-a2c0-4bf3-8249-2b4cbf6e6ca8"}},"uncorrectedTrack":{"name":"Paradise Circus (Breakage\u0027s Tight Rope Remix)","mbid":"3ed2b5fd-26ad-4bfb-90ce-19219ab74bd3","artist":{"name":"Massive Attack","mbid":"10adbe5e-a2c0-4bf3-8249-2b4cbf6e6ca8"}},"album":{"name":"Heligoland","mbid":"5042d45d-6a48-4546-bdf5-26f01caa3a43","artist":{"name":"Massive Attack","mbid":"10adbe5e-a2c0-4bf3-8249-2b4cbf6e6ca8"}},"application":"Grooveshark"},{"timestamp":{"iso":"2013-06-20T19:17:27","unixtimestamp":1371755847},"track":{"name":"Mer du Japon","mbid":"19c029d9-f7bf-4402-817f-f6a79e94b680","artist":{"name":"Air","mbid":"018dcc90-b1a2-400a-a96e-64b6a101f009"}},"uncorrectedTrack":{"name":"Mer du Japon","mbid":"19c029d9-f7bf-4402-817f-f6a79e94b680","artist":{"name":"Air","mbid":"018dcc90-b1a2-400a-a96e-64b6a101f009"}},"album":{"name":"Greatest Hits - Disc 1","artist":{"name":"Air","mbid":"018dcc90-b1a2-400a-a96e-64b6a101f009"}},"application":"Grooveshark"},{"timestamp":{"iso":"2013-06-20T19:21:57","unixtimestamp":1371756117},"track":{"name":"Dead Man\u0027s Bones","mbid":"06f75be2-30e3-4a7b-b3a9-df69da37c566","artist":{"name":"Dead Man\u0027s Bones","mbid":"b2c8ff02-6078-4e9a-b2d7-267451925394"}},"uncorrectedTrack":{"name":"Dead Man\u0027s Bones","mbid":"06f75be2-30e3-4a7b-b3a9-df69da37c566","artist":{"name":"Dead Man\u0027s Bones","mbid":"b2c8ff02-6078-4e9a-b2d7-267451925394"}},"album":{"name":"Dead Man\u0027s Bones","mbid":"efa93a5d-b718-4434-9486-0a33936e4247","artist":{"name":"Dead Man\u0027s Bones","mbid":"b2c8ff02-6078-4e9a-b2d7-267451925394"}},"application":"Grooveshark"},{"timestamp":{"iso":"2013-06-20T19:24:57","unixtimestamp":1371756297},"track":{"name":"Mer du Japon","mbid":"19c029d9-f7bf-4402-817f-f6a79e94b680","artist":{"name":"Air","mbid":"018dcc90-b1a2-400a-a96e-64b6a101f009"}},"uncorrectedTrack":{"name":"Mer du Japon","mbid":"19c029d9-f7bf-4402-817f-f6a79e94b680","artist":{"name":"Air","mbid":"018dcc90-b1a2-400a-a96e-64b6a101f009"}},"album":{"name":"Greatest Hits - Disc 1","artist":{"name":"Air","mbid":"018dcc90-b1a2-400a-a96e-64b6a101f009"}},"application":"Grooveshark"},{"timestamp":{"iso":"2013-06-20T19:30:14","unixtimestamp":1371756614},"track":{"name":"Novias","mbid":"b4de7318-5e65-450c-baf2-d1cfac5e4b78","artist":{"name":"El Guincho","mbid":"7e57d8a2-e6eb-48dd-8e50-ff7eaa412ccb"}},"uncorrectedTrack":{"name":"Novias","mbid":"b4de7318-5e65-450c-baf2-d1cfac5e4b78","artist":{"name":"El Guincho","mbid":"7e57d8a2-e6eb-48dd-8e50-ff7eaa412ccb"}},"album":{"name":"Pop Negro","mbid":"d1155ca2-d814-4f17-9426-743189f8d853","artist":{"name":"El Guincho","mbid":"7e57d8a2-e6eb-48dd-8e50-ff7eaa412ccb"}},"application":"Grooveshark"},{"timestamp":{"iso":"2013-06-20T19:34:30","unixtimestamp":1371756870},"track":{"name":"Bombay","mbid":"a83b7d8c-0a85-47b5-a09f-2d198327e341","artist":{"name":"El Guincho","mbid":"7e57d8a2-e6eb-48dd-8e50-ff7eaa412ccb"}},"uncorrectedTrack":{"name":"Bombay","mbid":"a83b7d8c-0a85-47b5-a09f-2d198327e341","artist":{"name":"El Guincho","mbid":"7e57d8a2-e6eb-48dd-8e50-ff7eaa412ccb"}},"album":{"name":"Pop Negro","mbid":"d1155ca2-d814-4f17-9426-743189f8d853","artist":{"name":"El Guincho","mbid":"7e57d8a2-e6eb-48dd-8e50-ff7eaa412ccb"}},"application":"Grooveshark"},{"timestamp":{"iso":"2013-06-20T19:39:53","unixtimestamp":1371757193},"track":{"name":"Novias","mbid":"b4de7318-5e65-450c-baf2-d1cfac5e4b78","artist":{"name":"El Guincho","mbid":"7e57d8a2-e6eb-48dd-8e50-ff7eaa412ccb"}},"uncorrectedTrack":{"name":"Novias","mbid":"b4de7318-5e65-450c-baf2-d1cfac5e4b78","artist":{"name":"El Guincho","mbid":"7e57d8a2-e6eb-48dd-8e50-ff7eaa412ccb"}},"album":{"name":"Pop Negro","mbid":"d1155ca2-d814-4f17-9426-743189f8d853","artist":{"name":"El Guincho","mbid":"7e57d8a2-e6eb-48dd-8e50-ff7eaa412ccb"}},"application":"Grooveshark"},{"timestamp":{"iso":"2013-06-20T19:43:17","unixtimestamp":1371757397},"track":{"name":"Bombay","mbid":"a83b7d8c-0a85-47b5-a09f-2d198327e341","artist":{"name":"El Guincho","mbid":"7e57d8a2-e6eb-48dd-8e50-ff7eaa412ccb"}},"uncorrectedTrack":{"name":"Bombay","mbid":"a83b7d8c-0a85-47b5-a09f-2d198327e341","artist":{"name":"El Guincho","mbid":"7e57d8a2-e6eb-48dd-8e50-ff7eaa412ccb"}},"album":{"name":"Pop Negro","mbid":"d1155ca2-d814-4f17-9426-743189f8d853","artist":{"name":"El Guincho","mbid":"7e57d8a2-e6eb-48dd-8e50-ff7eaa412ccb"}},"application":"Grooveshark"},{"timestamp":{"iso":"2013-06-20T22:14:14","unixtimestamp":1371766454},"track":{"name":"Novias","mbid":"b4de7318-5e65-450c-baf2-d1cfac5e4b78","artist":{"name":"El Guincho","mbid":"7e57d8a2-e6eb-48dd-8e50-ff7eaa412ccb"}},"uncorrectedTrack":{"name":"Novias","mbid":"b4de7318-5e65-450c-baf2-d1cfac5e4b78","artist":{"name":"El Guincho","mbid":"7e57d8a2-e6eb-48dd-8e50-ff7eaa412ccb"}},"album":{"name":"Pop Negro","mbid":"d1155ca2-d814-4f17-9426-743189f8d853","artist":{"name":"El Guincho","mbid":"7e57d8a2-e6eb-48dd-8e50-ff7eaa412ccb"}},"application":"Grooveshark"},{"timestamp":{"iso":"2013-06-20T22:17:35","unixtimestamp":1371766655},"track":{"name":"Bombay","mbid":"a83b7d8c-0a85-47b5-a09f-2d198327e341","artist":{"name":"El Guincho","mbid":"7e57d8a2-e6eb-48dd-8e50-ff7eaa412ccb"}},"uncorrectedTrack":{"name":"Bombay","mbid":"a83b7d8c-0a85-47b5-a09f-2d198327e341","artist":{"name":"El Guincho","mbid":"7e57d8a2-e6eb-48dd-8e50-ff7eaa412ccb"}},"album":{"name":"Pop Negro","mbid":"d1155ca2-d814-4f17-9426-743189f8d853","artist":{"name":"El Guincho","mbid":"7e57d8a2-e6eb-48dd-8e50-ff7eaa412ccb"}},"application":"Grooveshark"},{"timestamp":{"iso":"2013-06-22T21:38:48","unixtimestamp":1371937128},"track":{"name":"Hang Loose","mbid":"c1756d78-4aca-453e-bf05-83fa22334a14","artist":{"name":"Alabama Shakes","mbid":"40419b33-18e9-4d5a-a674-30b4bb14bac2"}},"uncorrectedTrack":{"name":"Hang Loose","mbid":"c1756d78-4aca-453e-bf05-83fa22334a14","artist":{"name":"Alabama Shakes","mbid":"40419b33-18e9-4d5a-a674-30b4bb14bac2"}},"album":{"name":"Boys \u0026 Girls","mbid":"af89a0f6-96c7-476a-97ff-488fca530765","artist":{"name":"Alabama Shakes","mbid":"40419b33-18e9-4d5a-a674-30b4bb14bac2"}}},{"timestamp":{"iso":"2013-06-22T21:43:22","unixtimestamp":1371937402},"track":{"name":"Sorry Sorry","mbid":"0e68b797-cad6-48a2-a0dc-754b9c70dccb","artist":{"name":"Femi Kuti","mbid":"702d2b90-eef0-4354-b2c4-6366eba92b7f"}},"uncorrectedTrack":{"name":"Sorry Sorry","mbid":"0e68b797-cad6-48a2-a0dc-754b9c70dccb","artist":{"name":"Femi Kuti","mbid":"702d2b90-eef0-4354-b2c4-6366eba92b7f"}},"album":{"name":"Shoki Shoki","mbid":"ea683522-7f8a-4b52-b4e4-0dc367c3616b","artist":{"name":"Femi Kuti","mbid":"702d2b90-eef0-4354-b2c4-6366eba92b7f"}}},{"timestamp":{"iso":"2013-06-22T21:50:03","unixtimestamp":1371937803},"track":{"name":"Eregele","mbid":"57ad184d-6e8e-4c44-86b9-310e0cfddb4f","artist":{"name":"Femi Kuti","mbid":"702d2b90-eef0-4354-b2c4-6366eba92b7f"}},"uncorrectedTrack":{"name":"Eregele","mbid":"57ad184d-6e8e-4c44-86b9-310e0cfddb4f","artist":{"name":"Femi Kuti","mbid":"702d2b90-eef0-4354-b2c4-6366eba92b7f"}},"album":{"name":"Shoki Shoki","mbid":"ea683522-7f8a-4b52-b4e4-0dc367c3616b","artist":{"name":"Femi Kuti","mbid":"702d2b90-eef0-4354-b2c4-6366eba92b7f"}}},{"timestamp":{"iso":"2013-06-22T21:54:50","unixtimestamp":1371938090},"track":{"name":"Truth Don Die","mbid":"59829317-f480-4f97-82e4-4f579f3f0cf3","artist":{"name":"Femi Kuti","mbid":"702d2b90-eef0-4354-b2c4-6366eba92b7f"}},"uncorrectedTrack":{"name":"Truth Don Die","mbid":"59829317-f480-4f97-82e4-4f579f3f0cf3","artist":{"name":"Femi Kuti","mbid":"702d2b90-eef0-4354-b2c4-6366eba92b7f"}},"album":{"name":"Shoki Shoki","mbid":"ea683522-7f8a-4b52-b4e4-0dc367c3616b","artist":{"name":"Femi Kuti","mbid":"702d2b90-eef0-4354-b2c4-6366eba92b7f"}}},{"timestamp":{"iso":"2013-06-22T22:01:06","unixtimestamp":1371938466},"track":{"name":"Beng Beng Beng","mbid":"268b496a-872c-4939-a64f-eb8687a497a6","artist":{"name":"Femi Kuti","mbid":"702d2b90-eef0-4354-b2c4-6366eba92b7f"}},"uncorrectedTrack":{"name":"Beng Beng Beng","mbid":"268b496a-872c-4939-a64f-eb8687a497a6","artist":{"name":"Femi Kuti","mbid":"702d2b90-eef0-4354-b2c4-6366eba92b7f"}},"album":{"name":"Shoki Shoki","mbid":"ea683522-7f8a-4b52-b4e4-0dc367c3616b","artist":{"name":"Femi Kuti","mbid":"702d2b90-eef0-4354-b2c4-6366eba92b7f"}}},{"timestamp":{"iso":"2013-06-22T22:06:23","unixtimestamp":1371938783},"track":{"name":"What Will Tomorrow Bring","mbid":"302636b0-d40e-4dfb-a278-a914861f7658","artist":{"name":"Femi Kuti","mbid":"702d2b90-eef0-4354-b2c4-6366eba92b7f"}},"uncorrectedTrack":{"name":"What Will Tomorrow Bring","mbid":"302636b0-d40e-4dfb-a278-a914861f7658","artist":{"name":"Femi Kuti","mbid":"702d2b90-eef0-4354-b2c4-6366eba92b7f"}},"album":{"name":"Shoki Shoki","mbid":"ea683522-7f8a-4b52-b4e4-0dc367c3616b","artist":{"name":"Femi Kuti","mbid":"702d2b90-eef0-4354-b2c4-6366eba92b7f"}}},{"timestamp":{"iso":"2013-06-22T22:11:04","unixtimestamp":1371939064},"track":{"name":"Panoramic","artist":{"name":"Lusine"}},"uncorrectedTrack":{"name":"Panoramic","artist":{"name":"Lusine"}},"album":{"name":"The Waiting Room","mbid":"daa9bf07-64c0-40fe-bd3c-6d867ca40a19","artist":{"name":"Lusine"}}},{"timestamp":{"iso":"2013-06-24T17:11:21","unixtimestamp":1372093881},"track":{"name":"Novias","mbid":"b4de7318-5e65-450c-baf2-d1cfac5e4b78","artist":{"name":"El Guincho","mbid":"7e57d8a2-e6eb-48dd-8e50-ff7eaa412ccb"}},"uncorrectedTrack":{"name":"Novias","mbid":"b4de7318-5e65-450c-baf2-d1cfac5e4b78","artist":{"name":"El Guincho","mbid":"7e57d8a2-e6eb-48dd-8e50-ff7eaa412ccb"}},"album":{"name":"Pop Negro","mbid":"d1155ca2-d814-4f17-9426-743189f8d853","artist":{"name":"El Guincho","mbid":"7e57d8a2-e6eb-48dd-8e50-ff7eaa412ccb"}},"application":"Grooveshark"},{"timestamp":{"iso":"2013-06-24T17:44:06","unixtimestamp":1372095846},"track":{"name":"Novias","mbid":"b4de7318-5e65-450c-baf2-d1cfac5e4b78","artist":{"name":"El Guincho","mbid":"7e57d8a2-e6eb-48dd-8e50-ff7eaa412ccb"}},"uncorrectedTrack":{"name":"Novias","mbid":"b4de7318-5e65-450c-baf2-d1cfac5e4b78","artist":{"name":"El Guincho","mbid":"7e57d8a2-e6eb-48dd-8e50-ff7eaa412ccb"}},"album":{"name":"Pop Negro","mbid":"d1155ca2-d814-4f17-9426-743189f8d853","artist":{"name":"El Guincho","mbid":"7e57d8a2-e6eb-48dd-8e50-ff7eaa412ccb"}},"application":"Grooveshark"},{"timestamp":{"iso":"2013-06-24T17:54:02","unixtimestamp":1372096442},"track":{"name":"La Esquina","mbid":"bc493b7c-5f96-4d6e-92c6-9fc34f12d491","artist":{"name":"Federico Aubele","mbid":"2db43da6-401e-4dd7-898d-8f6da60c58da"}},"uncorrectedTrack":{"name":"La Esquina","mbid":"bc493b7c-5f96-4d6e-92c6-9fc34f12d491","artist":{"name":"Federico Aubele","mbid":"2db43da6-401e-4dd7-898d-8f6da60c58da"}},"album":{"name":"KEXP Song of the Day","artist":{"name":"Federico Aubele","mbid":"2db43da6-401e-4dd7-898d-8f6da60c58da"}},"application":"Grooveshark"},{"timestamp":{"iso":"2013-06-24T17:59:06","unixtimestamp":1372096746},"track":{"name":"Diane Keaton","mbid":"528b6aad-77f0-4ad6-844d-60c7280706fc","artist":{"name":"Dënver","mbid":"de447818-fe86-423e-a2d5-b1e6138f4209"}},"uncorrectedTrack":{"name":"Diane Keaton","mbid":"528b6aad-77f0-4ad6-844d-60c7280706fc","artist":{"name":"Dënver","mbid":"de447818-fe86-423e-a2d5-b1e6138f4209"}},"album":{"name":"Música, Gramática, Gimnasia","mbid":"6ebe7264-0f5a-476b-92b6-28dff61932aa","artist":{"name":"Dënver","mbid":"de447818-fe86-423e-a2d5-b1e6138f4209"}},"application":"Grooveshark"},{"timestamp":{"iso":"2013-06-24T18:15:30","unixtimestamp":1372097730},"track":{"name":"Como siempre soñé","mbid":"6e174d31-7d50-43e1-8283-12994fba4d4c","artist":{"name":"Javiera Mena","mbid":"904d15da-bd29-40d2-b69e-24612f18803e"}},"uncorrectedTrack":{"name":"Como siempre soñé","mbid":"6e174d31-7d50-43e1-8283-12994fba4d4c","artist":{"name":"Javiera Mena","mbid":"904d15da-bd29-40d2-b69e-24612f18803e"}},"album":{"name":"Esquemas juveniles","mbid":"bea922ba-68ee-4af0-9bb4-0f58c502c4c7","artist":{"name":"Javiera Mena","mbid":"904d15da-bd29-40d2-b69e-24612f18803e"}},"application":"Grooveshark"},{"timestamp":{"iso":"2013-06-24T19:22:30","unixtimestamp":1372101750},"track":{"name":"Novias","mbid":"b4de7318-5e65-450c-baf2-d1cfac5e4b78","artist":{"name":"El Guincho","mbid":"7e57d8a2-e6eb-48dd-8e50-ff7eaa412ccb"}},"uncorrectedTrack":{"name":"Novias","mbid":"b4de7318-5e65-450c-baf2-d1cfac5e4b78","artist":{"name":"El Guincho","mbid":"7e57d8a2-e6eb-48dd-8e50-ff7eaa412ccb"}},"album":{"name":"Pop Negro","mbid":"d1155ca2-d814-4f17-9426-743189f8d853","artist":{"name":"El Guincho","mbid":"7e57d8a2-e6eb-48dd-8e50-ff7eaa412ccb"}},"application":"Grooveshark"},{"timestamp":{"iso":"2013-06-24T19:25:53","unixtimestamp":1372101953},"track":{"name":"La Esquina","mbid":"bc493b7c-5f96-4d6e-92c6-9fc34f12d491","artist":{"name":"Federico Aubele","mbid":"2db43da6-401e-4dd7-898d-8f6da60c58da"}},"uncorrectedTrack":{"name":"La Esquina","mbid":"bc493b7c-5f96-4d6e-92c6-9fc34f12d491","artist":{"name":"Federico Aubele","mbid":"2db43da6-401e-4dd7-898d-8f6da60c58da"}},"album":{"name":"KEXP Song of the Day","artist":{"name":"Federico Aubele","mbid":"2db43da6-401e-4dd7-898d-8f6da60c58da"}},"application":"Grooveshark"},{"timestamp":{"iso":"2013-06-24T19:29:19","unixtimestamp":1372102159},"track":{"name":"Diane Keaton","mbid":"528b6aad-77f0-4ad6-844d-60c7280706fc","artist":{"name":"Dënver","mbid":"de447818-fe86-423e-a2d5-b1e6138f4209"}},"uncorrectedTrack":{"name":"Diane Keaton","mbid":"528b6aad-77f0-4ad6-844d-60c7280706fc","artist":{"name":"Dënver","mbid":"de447818-fe86-423e-a2d5-b1e6138f4209"}},"album":{"name":"Música, Gramática, Gimnasia","mbid":"6ebe7264-0f5a-476b-92b6-28dff61932aa","artist":{"name":"Dënver","mbid":"de447818-fe86-423e-a2d5-b1e6138f4209"}},"application":"Grooveshark"},{"timestamp":{"iso":"2013-06-24T19:33:11","unixtimestamp":1372102391},"track":{"name":"Como siempre soñé","mbid":"6e174d31-7d50-43e1-8283-12994fba4d4c","artist":{"name":"Javiera Mena","mbid":"904d15da-bd29-40d2-b69e-24612f18803e"}},"uncorrectedTrack":{"name":"Como siempre soñé","mbid":"6e174d31-7d50-43e1-8283-12994fba4d4c","artist":{"name":"Javiera Mena","mbid":"904d15da-bd29-40d2-b69e-24612f18803e"}},"album":{"name":"Esquemas juveniles","mbid":"bea922ba-68ee-4af0-9bb4-0f58c502c4c7","artist":{"name":"Javiera Mena","mbid":"904d15da-bd29-40d2-b69e-24612f18803e"}},"application":"Grooveshark"},{"timestamp":{"iso":"2013-06-24T19:43:30","unixtimestamp":1372103010},"track":{"name":"Under African Skies","mbid":"f1daac1a-c8d3-4385-a08a-9df2638aa023","artist":{"name":"Paul Simon","mbid":"05517043-ff78-4988-9c22-88c68588ebb9"}},"uncorrectedTrack":{"name":"Under African Skies","mbid":"f1daac1a-c8d3-4385-a08a-9df2638aa023","artist":{"name":"Paul Simon","mbid":"05517043-ff78-4988-9c22-88c68588ebb9"}},"album":{"name":"Graceland","mbid":"69a1c637-5cd3-40cd-9af0-bb10fcc0d8c8","artist":{"name":"Paul Simon","mbid":"05517043-ff78-4988-9c22-88c68588ebb9"}},"application":"Grooveshark"},{"timestamp":{"iso":"2013-06-24T19:48:33","unixtimestamp":1372103313},"track":{"name":"Truth Don Die","mbid":"59829317-f480-4f97-82e4-4f579f3f0cf3","artist":{"name":"Femi Kuti","mbid":"702d2b90-eef0-4354-b2c4-6366eba92b7f"}},"uncorrectedTrack":{"name":"Truth Don Die","mbid":"59829317-f480-4f97-82e4-4f579f3f0cf3","artist":{"name":"Femi Kuti","mbid":"702d2b90-eef0-4354-b2c4-6366eba92b7f"}},"album":{"name":"Shoki Shoki","mbid":"ea683522-7f8a-4b52-b4e4-0dc367c3616b","artist":{"name":"Femi Kuti","mbid":"702d2b90-eef0-4354-b2c4-6366eba92b7f"}},"application":"Grooveshark"},{"timestamp":{"iso":"2013-06-27T04:03:58","unixtimestamp":1372305838},"track":{"name":"Sonata in g minor for flute, harp \u0026 cello","mbid":"92896ad5-6c1b-4701-bd86-1b6de457f629","artist":{"name":"Johann Sebastian Bach","mbid":"24f1766e-9635-4d58-a4d4-9413f9f98a4c"}},"uncorrectedTrack":{"name":"Sonata in G minor for Flute, Harp \u0026 Cello","artist":{"name":"Bach","mbid":"9cefb3f2-763c-47a3-bc1e-86f1f35206f0"}},"album":{"name":"Bach for Breakfast","artist":{"name":"Bach","mbid":"9cefb3f2-763c-47a3-bc1e-86f1f35206f0"}},"application":"Grooveshark"},{"timestamp":{"iso":"2013-06-27T15:29:35","unixtimestamp":1372346975},"track":{"name":"Azuri","artist":{"name":"OST","mbid":"1763c989-433f-46b5-9cda-a216cb0d2e15"}},"uncorrectedTrack":{"name":"Azuri","artist":{"name":"OST","mbid":"1763c989-433f-46b5-9cda-a216cb0d2e15"}},"album":{"name":"Departures - Volume 1","artist":{"name":"OST","mbid":"1763c989-433f-46b5-9cda-a216cb0d2e15"}},"application":"Grooveshark"},{"timestamp":{"iso":"2013-06-27T15:34:15","unixtimestamp":1372347255},"track":{"name":"Black Is The Color Of My True Love\u0027s Hair (Jaffa Remix)","artist":{"name":"Nina Simone","mbid":"2944824d-4c26-476f-a981-be849081942f"}},"uncorrectedTrack":{"name":"Black Is The Color Of My True Love\u0027s Hair (Jaffa Remix)","artist":{"name":"Nina Simone","mbid":"2944824d-4c26-476f-a981-be849081942f"}},"album":{"name":"Verve Remixed 2","artist":{"name":"Nina Simone","mbid":"2944824d-4c26-476f-a981-be849081942f"}},"application":"Grooveshark"},{"timestamp":{"iso":"2013-06-27T15:41:56","unixtimestamp":1372347716},"track":{"name":"Cello Sonata No. 1 in F Major - 2 Allegro","artist":{"name":"Ludwig van Beethoven","mbid":"1f9df192-a621-4f54-8850-2c5373b7eac9"}},"uncorrectedTrack":{"name":"Cello Sonata No. 1 in F Major - 2 Allegro","artist":{"name":"Ludwig van Beethoven","mbid":"1f9df192-a621-4f54-8850-2c5373b7eac9"}},"album":{"name":"Cello Sonata No. 2 in G Minor ( L. Harrel - Ashkenasy )","artist":{"name":"Ludwig van Beethoven","mbid":"1f9df192-a621-4f54-8850-2c5373b7eac9"}},"application":"Grooveshark"},{"timestamp":{"iso":"2013-06-27T15:57:52","unixtimestamp":1372348672},"track":{"name":"Cello Sonata no. 2 in g minor, op. 5, no. 2: III. Rondo: Allegro","artist":{"name":"Wu Han and David Finckel"}},"uncorrectedTrack":{"name":"Cello Sonata no. 2 in g minor, op. 5, no. 2: III. Rondo: Allegro","artist":{"name":"Wu Han and David Finckel"}},"album":{"name":"Beethoven: Complete Works for Piano \u0026 Cello","artist":{"name":"Wu Han and David Finckel"}},"application":"Grooveshark"},{"timestamp":{"iso":"2013-06-27T16:25:56","unixtimestamp":1372350356},"track":{"name":"Novias","mbid":"b4de7318-5e65-450c-baf2-d1cfac5e4b78","artist":{"name":"El Guincho","mbid":"7e57d8a2-e6eb-48dd-8e50-ff7eaa412ccb"}},"uncorrectedTrack":{"name":"Novias","mbid":"b4de7318-5e65-450c-baf2-d1cfac5e4b78","artist":{"name":"El Guincho","mbid":"7e57d8a2-e6eb-48dd-8e50-ff7eaa412ccb"}},"album":{"name":"Pop Negro","mbid":"d1155ca2-d814-4f17-9426-743189f8d853","artist":{"name":"El Guincho","mbid":"7e57d8a2-e6eb-48dd-8e50-ff7eaa412ccb"}},"application":"Grooveshark"},{"timestamp":{"iso":"2013-06-27T16:30:38","unixtimestamp":1372350638},"track":{"name":"Bombay","mbid":"a83b7d8c-0a85-47b5-a09f-2d198327e341","artist":{"name":"El Guincho","mbid":"7e57d8a2-e6eb-48dd-8e50-ff7eaa412ccb"}},"uncorrectedTrack":{"name":"Bombay","mbid":"a83b7d8c-0a85-47b5-a09f-2d198327e341","artist":{"name":"El Guincho","mbid":"7e57d8a2-e6eb-48dd-8e50-ff7eaa412ccb"}},"album":{"name":"Pop Negro","mbid":"d1155ca2-d814-4f17-9426-743189f8d853","artist":{"name":"El Guincho","mbid":"7e57d8a2-e6eb-48dd-8e50-ff7eaa412ccb"}},"application":"Grooveshark"},{"timestamp":{"iso":"2013-06-27T16:35:36","unixtimestamp":1372350936},"track":{"name":"ghetto fã¡cil","artist":{"name":"El Guincho","mbid":"7e57d8a2-e6eb-48dd-8e50-ff7eaa412ccb"}},"uncorrectedTrack":{"name":"Ghetto FÃ¡cil","artist":{"name":"El Guincho","mbid":"7e57d8a2-e6eb-48dd-8e50-ff7eaa412ccb"}},"album":{"name":"Pop Negro","mbid":"d1155ca2-d814-4f17-9426-743189f8d853","artist":{"name":"El Guincho","mbid":"7e57d8a2-e6eb-48dd-8e50-ff7eaa412ccb"}},"application":"Grooveshark"},{"timestamp":{"iso":"2013-06-28T14:44:47","unixtimestamp":1372430687},"track":{"name":"Novias","mbid":"b4de7318-5e65-450c-baf2-d1cfac5e4b78","artist":{"name":"El Guincho","mbid":"7e57d8a2-e6eb-48dd-8e50-ff7eaa412ccb"}},"uncorrectedTrack":{"name":"Novias","mbid":"b4de7318-5e65-450c-baf2-d1cfac5e4b78","artist":{"name":"El Guincho","mbid":"7e57d8a2-e6eb-48dd-8e50-ff7eaa412ccb"}},"album":{"name":"Pop Negro","mbid":"d1155ca2-d814-4f17-9426-743189f8d853","artist":{"name":"El Guincho","mbid":"7e57d8a2-e6eb-48dd-8e50-ff7eaa412ccb"}},"application":"Grooveshark"},{"timestamp":{"iso":"2013-06-28T16:48:24","unixtimestamp":1372438104},"track":{"name":"Dust","mbid":"ad926ef8-d3b1-46cd-9798-427f44b8eceb","artist":{"name":"Gang Gang Dance","mbid":"83f1cb07-1745-48e6-8576-428604e67aa8"}},"uncorrectedTrack":{"name":"Dust","mbid":"ad926ef8-d3b1-46cd-9798-427f44b8eceb","artist":{"name":"Gang Gang Dance","mbid":"83f1cb07-1745-48e6-8576-428604e67aa8"}},"album":{"name":"Saint Dymphna","mbid":"d09aeeaf-dd37-3095-82d6-33e622559151","artist":{"name":"Gang Gang Dance","mbid":"83f1cb07-1745-48e6-8576-428604e67aa8"}},"application":"Grooveshark"},{"timestamp":{"iso":"2013-06-28T16:54:25","unixtimestamp":1372438465},"track":{"name":"Muerte Midi","mbid":"8346f220-cb6d-4912-9bd6-7e536c3781c8","artist":{"name":"El Guincho","mbid":"7e57d8a2-e6eb-48dd-8e50-ff7eaa412ccb"}},"uncorrectedTrack":{"name":"Muerte Midi","mbid":"8346f220-cb6d-4912-9bd6-7e536c3781c8","artist":{"name":"El Guincho","mbid":"7e57d8a2-e6eb-48dd-8e50-ff7eaa412ccb"}},"album":{"name":"Pop Negro","mbid":"d1155ca2-d814-4f17-9426-743189f8d853","artist":{"name":"El Guincho","mbid":"7e57d8a2-e6eb-48dd-8e50-ff7eaa412ccb"}},"application":"Grooveshark"},{"timestamp":{"iso":"2013-06-28T16:58:10","unixtimestamp":1372438690},"track":{"name":"Ibiza","mbid":"884739df-dd8b-46f4-9d4c-d6b62f253413","artist":{"name":"Coconot","mbid":"75d63c5c-fd8a-43c1-87e9-ad756d54537b"}},"uncorrectedTrack":{"name":"Ibiza","mbid":"884739df-dd8b-46f4-9d4c-d6b62f253413","artist":{"name":"Coconot","mbid":"75d63c5c-fd8a-43c1-87e9-ad756d54537b"}},"album":{"name":"Cosa Astral","mbid":"d95d1634-3f40-4565-9fea-068fe26a3e0a","artist":{"name":"Coconot","mbid":"75d63c5c-fd8a-43c1-87e9-ad756d54537b"}},"application":"Grooveshark"},{"timestamp":{"iso":"2013-06-28T17:02:46","unixtimestamp":1372438966},"track":{"name":"Untitled Roadside Demo","mbid":"12f11af0-9a05-44f8-8229-847303bb3a1c","artist":{"name":"Black Moth Super Rainbow","mbid":"44e14e88-b17a-44d8-9e94-f3afa977239b"}},"uncorrectedTrack":{"name":"Untitled Roadside Demo","mbid":"12f11af0-9a05-44f8-8229-847303bb3a1c","artist":{"name":"Black Moth Super Rainbow","mbid":"44e14e88-b17a-44d8-9e94-f3afa977239b"}},"album":{"name":"Dandelion Gum","mbid":"a314661b-533f-407b-9c33-1d6b8c604a64","artist":{"name":"Black Moth Super Rainbow","mbid":"44e14e88-b17a-44d8-9e94-f3afa977239b"}},"application":"Grooveshark"},{"timestamp":{"iso":"2013-06-28T17:05:04","unixtimestamp":1372439104},"track":{"name":"Prognissekongen","mbid":"27ab950b-778d-4b6d-9ba1-0a540c3e2f73","artist":{"name":"Jaga Jazzist","mbid":"5c71ea68-9238-4dfc-8519-bd6eff6bc28b"}},"uncorrectedTrack":{"name":"Prognissekongen","mbid":"27ab950b-778d-4b6d-9ba1-0a540c3e2f73","artist":{"name":"Jaga Jazzist","mbid":"5c71ea68-9238-4dfc-8519-bd6eff6bc28b"}},"album":{"name":"One-Armed Bandit","mbid":"f8276d8f-336c-4e9b-9eea-b25f47cfde14","artist":{"name":"Jaga Jazzist","mbid":"5c71ea68-9238-4dfc-8519-bd6eff6bc28b"}},"application":"Grooveshark"},{"timestamp":{"iso":"2013-06-28T17:07:20","unixtimestamp":1372439240},"track":{"name":"Costa ParaÃ­so","artist":{"name":"El Guincho","mbid":"7e57d8a2-e6eb-48dd-8e50-ff7eaa412ccb"}},"uncorrectedTrack":{"name":"Costa ParaÃ­so","artist":{"name":"El Guincho","mbid":"7e57d8a2-e6eb-48dd-8e50-ff7eaa412ccb"}},"album":{"name":"Alegranza","mbid":"08cd6dab-f1e1-3360-b139-4b25e03d36a1","artist":{"name":"El Guincho","mbid":"7e57d8a2-e6eb-48dd-8e50-ff7eaa412ccb"}},"application":"Grooveshark"},{"timestamp":{"iso":"2013-06-28T17:11:56","unixtimestamp":1372439516},"track":{"name":"They\u0027re Going To Take My Thumbs","mbid":"899c676c-5766-4cc1-80b1-3d9222e09267","artist":{"name":"Holy Fuck","mbid":"4342cf80-7c06-4402-a431-457e77310474"}},"uncorrectedTrack":{"name":"They\u0027re Going To Take My Thumbs","mbid":"899c676c-5766-4cc1-80b1-3d9222e09267","artist":{"name":"Holy Fuck","mbid":"4342cf80-7c06-4402-a431-457e77310474"}},"album":{"name":"Holy Fuck EP","mbid":"00628916-c1dc-43e0-8e04-e29457eb5899","artist":{"name":"Holy Fuck","mbid":"4342cf80-7c06-4402-a431-457e77310474"}},"application":"Grooveshark"},{"timestamp":{"iso":"2013-06-28T17:15:03","unixtimestamp":1372439703},"track":{"name":"Flaws","mbid":"634ac656-87c1-4745-bc57-0c1453570141","artist":{"name":"Bastille","mbid":"16c07e8e-e1ef-452c-bbb7-0cda599c1ffd"}},"uncorrectedTrack":{"name":"Flaws","mbid":"634ac656-87c1-4745-bc57-0c1453570141","artist":{"name":"Bastille","mbid":"16c07e8e-e1ef-452c-bbb7-0cda599c1ffd"}},"album":{"name":"Icarus","artist":{"name":"Bastille","mbid":"16c07e8e-e1ef-452c-bbb7-0cda599c1ffd"}},"application":"Grooveshark"},{"timestamp":{"iso":"2013-06-28T17:20:55","unixtimestamp":1372440055},"track":{"name":"Latchmere","mbid":"1cd804b3-0008-4458-b3e2-bfaa8829a14e","artist":{"name":"The Maccabees","mbid":"83b86967-6b1a-4ca8-9cf0-c7cfe047ef3f"}},"uncorrectedTrack":{"name":"Latchmere","mbid":"1cd804b3-0008-4458-b3e2-bfaa8829a14e","artist":{"name":"The Maccabees","mbid":"83b86967-6b1a-4ca8-9cf0-c7cfe047ef3f"}},"album":{"name":"Colour It In","mbid":"1239e881-1cca-4be6-b738-ce843bf213b9","artist":{"name":"The Maccabees","mbid":"83b86967-6b1a-4ca8-9cf0-c7cfe047ef3f"}},"application":"Grooveshark"},{"timestamp":{"iso":"2013-06-28T17:23:57","unixtimestamp":1372440237},"track":{"name":"Taste","mbid":"db82033d-9dec-4730-87c7-15a6d4bb9397","artist":{"name":"Animal Collective","mbid":"0c751690-c784-4a4f-b1e4-c1de27d47581"}},"uncorrectedTrack":{"name":"Taste","mbid":"db82033d-9dec-4730-87c7-15a6d4bb9397","artist":{"name":"Animal Collective","mbid":"0c751690-c784-4a4f-b1e4-c1de27d47581"}},"album":{"name":"Merriweather Post Pavilion","mbid":"5fb66781-17d5-34c6-9ff0-eeba19d4e240","artist":{"name":"Animal Collective","mbid":"0c751690-c784-4a4f-b1e4-c1de27d47581"}},"application":"Grooveshark"},{"timestamp":{"iso":"2013-06-28T17:27:52","unixtimestamp":1372440472},"track":{"name":"Bluish","mbid":"596ae034-8a18-4541-bd8b-ece7ca29c29b","artist":{"name":"Animal Collective","mbid":"0c751690-c784-4a4f-b1e4-c1de27d47581"}},"uncorrectedTrack":{"name":"Bluish","mbid":"596ae034-8a18-4541-bd8b-ece7ca29c29b","artist":{"name":"Animal Collective","mbid":"0c751690-c784-4a4f-b1e4-c1de27d47581"}},"album":{"name":"Merriweather Post Pavilion","mbid":"5fb66781-17d5-34c6-9ff0-eeba19d4e240","artist":{"name":"Animal Collective","mbid":"0c751690-c784-4a4f-b1e4-c1de27d47581"}},"application":"Grooveshark"},{"timestamp":{"iso":"2013-06-28T17:33:06","unixtimestamp":1372440786},"track":{"name":"Randy Described Eternity","mbid":"e6ab82aa-25f1-4455-9660-1ef576e246e1","artist":{"name":"Built to Spill","mbid":"3ac482b8-1494-4071-a0e9-f192f9d2c2b0"}},"uncorrectedTrack":{"name":"Randy Described Eternity","mbid":"e6ab82aa-25f1-4455-9660-1ef576e246e1","artist":{"name":"Built to Spill","mbid":"3ac482b8-1494-4071-a0e9-f192f9d2c2b0"}},"album":{"name":"Perfect From Now On","mbid":"524c5a17-1f08-4d05-8bb5-bed5735dd96e","artist":{"name":"Built to Spill","mbid":"3ac482b8-1494-4071-a0e9-f192f9d2c2b0"}},"application":"Grooveshark"},{"timestamp":{"iso":"2013-06-28T17:39:11","unixtimestamp":1372441151},"track":{"name":"Kicked it in the Sun","mbid":"60b70320-8e80-4dce-99e6-60e87c2567da","artist":{"name":"Built to Spill","mbid":"3ac482b8-1494-4071-a0e9-f192f9d2c2b0"}},"uncorrectedTrack":{"name":"Kicked it in the Sun","mbid":"60b70320-8e80-4dce-99e6-60e87c2567da","artist":{"name":"Built to Spill","mbid":"3ac482b8-1494-4071-a0e9-f192f9d2c2b0"}},"album":{"name":"Perfect From Now On","mbid":"524c5a17-1f08-4d05-8bb5-bed5735dd96e","artist":{"name":"Built to Spill","mbid":"3ac482b8-1494-4071-a0e9-f192f9d2c2b0"}},"application":"Grooveshark"},{"timestamp":{"iso":"2013-06-28T17:46:45","unixtimestamp":1372441605},"track":{"name":"Good Arms vs. Bad Arms","mbid":"8342962d-9f85-449f-8bb0-8f8948c1d648","artist":{"name":"Frightened Rabbit","mbid":"dc21d171-7204-4759-9fd0-77d031aeb40c"}},"uncorrectedTrack":{"name":"Good Arms vs. Bad Arms","mbid":"8342962d-9f85-449f-8bb0-8f8948c1d648","artist":{"name":"Frightened Rabbit","mbid":"dc21d171-7204-4759-9fd0-77d031aeb40c"}},"album":{"name":"The Midnight Organ Fight","mbid":"c3df7206-f769-49bb-9f57-2f6110c65621","artist":{"name":"Frightened Rabbit","mbid":"dc21d171-7204-4759-9fd0-77d031aeb40c"}},"application":"Grooveshark"},{"timestamp":{"iso":"2013-06-28T17:51:54","unixtimestamp":1372441914},"track":{"name":"The Modern Leper","mbid":"80845237-3651-4451-a10f-79a0b9dc01d8","artist":{"name":"Frightened Rabbit","mbid":"dc21d171-7204-4759-9fd0-77d031aeb40c"}},"uncorrectedTrack":{"name":"The Modern Leper","mbid":"80845237-3651-4451-a10f-79a0b9dc01d8","artist":{"name":"Frightened Rabbit","mbid":"dc21d171-7204-4759-9fd0-77d031aeb40c"}},"album":{"name":"The Midnight Organ Fight","mbid":"c3df7206-f769-49bb-9f57-2f6110c65621","artist":{"name":"Frightened Rabbit","mbid":"dc21d171-7204-4759-9fd0-77d031aeb40c"}},"application":"Grooveshark"},{"timestamp":{"iso":"2013-06-28T17:55:43","unixtimestamp":1372442143},"track":{"name":"The Twist","mbid":"cb3ba18f-7ccb-4cd6-b206-fd707fa5842d","artist":{"name":"Frightened Rabbit","mbid":"dc21d171-7204-4759-9fd0-77d031aeb40c"}},"uncorrectedTrack":{"name":"The Twist","mbid":"cb3ba18f-7ccb-4cd6-b206-fd707fa5842d","artist":{"name":"Frightened Rabbit","mbid":"dc21d171-7204-4759-9fd0-77d031aeb40c"}},"album":{"name":"The Midnight Organ Fight","mbid":"c3df7206-f769-49bb-9f57-2f6110c65621","artist":{"name":"Frightened Rabbit","mbid":"dc21d171-7204-4759-9fd0-77d031aeb40c"}},"application":"Grooveshark"},{"timestamp":{"iso":"2013-06-28T17:59:16","unixtimestamp":1372442356},"track":{"name":"Flaws","mbid":"634ac656-87c1-4745-bc57-0c1453570141","artist":{"name":"Bastille","mbid":"16c07e8e-e1ef-452c-bbb7-0cda599c1ffd"}},"uncorrectedTrack":{"name":"Flaws","mbid":"634ac656-87c1-4745-bc57-0c1453570141","artist":{"name":"Bastille","mbid":"16c07e8e-e1ef-452c-bbb7-0cda599c1ffd"}},"album":{"name":"Icarus","artist":{"name":"Bastille","mbid":"16c07e8e-e1ef-452c-bbb7-0cda599c1ffd"}},"application":"Grooveshark"}]