[{"timestamp":{"iso":"2014-03-03T17:01:54","unixtimestamp":1393866114},"track":{"name":"Teardrop","mbid":"10b95c61-bbab-4473-af83-4803729ee276","artist":{"name":"Massive Attack","mbid":"10adbe5e-a2c0-4bf3-8249-2b4cbf6e6ca8"}},"uncorrectedTrack":{"name":"Teardrop","mbid":"10b95c61-bbab-4473-af83-4803729ee276","artist":{"name":"Massive Attack","mbid":"10adbe5e-a2c0-4bf3-8249-2b4cbf6e6ca8"}},"album":{"name":"Collected","mbid":"bc5d83b1-c962-4b9f-8803-8c50545ba71c","artist":{"name":"Massive Attack","mbid":"10adbe5e-a2c0-4bf3-8249-2b4cbf6e6ca8"}},"application":"Grooveshark"},{"timestamp":{"iso":"2014-03-03T17:07:59","unixtimestamp":1393866479},"track":{"name":"Paradise Circus","mbid":"022ef151-9c94-435d-b637-a8fe9ac9acb2","artist":{"name":"Massive Attack","mbid":"10adbe5e-a2c0-4bf3-8249-2b4cbf6e6ca8"}},"uncorrectedTrack":{"name":"Paradise Circus","mbid":"022ef151-9c94-435d-b637-a8fe9ac9acb2","artist":{"name":"Massive Attack","mbid":"10adbe5e-a2c0-4bf3-8249-2b4cbf6e6ca8"}},"album":{"name":"Heligoland","mbid":"5042d45d-6a48-4546-bdf5-26f01caa3a43","artist":{"name":"Massive Attack","mbid":"10adbe5e-a2c0-4bf3-8249-2b4cbf6e6ca8"}},"application":"Grooveshark"},{"timestamp":{"iso":"2014-03-03T17:13:31","unixtimestamp":1393866811},"track":{"name":"Chocolate Lovely","mbid":"b24f09b5-d0fd-4a71-bc6e-a00c9ec6f92f","artist":{"name":"Amon Tobin","mbid":"630662ea-1c7d-4208-99fd-ba3afec20f0c"}},"uncorrectedTrack":{"name":"Chocolate Lovely","mbid":"b24f09b5-d0fd-4a71-bc6e-a00c9ec6f92f","artist":{"name":"Amon Tobin","mbid":"630662ea-1c7d-4208-99fd-ba3afec20f0c"}},"album":{"name":"Supermodified","mbid":"fc94d683-52f6-4a55-9563-df2cf70da4e5","artist":{"name":"Amon Tobin","mbid":"630662ea-1c7d-4208-99fd-ba3afec20f0c"}},"application":"Grooveshark"},{"timestamp":{"iso":"2014-03-03T17:18:28","unixtimestamp":1393867108},"track":{"name":"El Cargo","mbid":"57624e10-9cae-41ee-b7cc-798b9e626326","artist":{"name":"Amon Tobin","mbid":"630662ea-1c7d-4208-99fd-ba3afec20f0c"}},"uncorrectedTrack":{"name":"El Cargo","mbid":"57624e10-9cae-41ee-b7cc-798b9e626326","artist":{"name":"Amon Tobin","mbid":"630662ea-1c7d-4208-99fd-ba3afec20f0c"}},"album":{"name":"Chaos Theory (Splinter Cell)","artist":{"name":"Amon Tobin","mbid":"630662ea-1c7d-4208-99fd-ba3afec20f0c"}},"application":"Grooveshark"},{"timestamp":{"iso":"2014-03-03T17:22:52","unixtimestamp":1393867372},"track":{"name":"Teardrop","mbid":"10b95c61-bbab-4473-af83-4803729ee276","artist":{"name":"Massive Attack","mbid":"10adbe5e-a2c0-4bf3-8249-2b4cbf6e6ca8"}},"uncorrectedTrack":{"name":"Teardrop","mbid":"10b95c61-bbab-4473-af83-4803729ee276","artist":{"name":"Massive Attack","mbid":"10adbe5e-a2c0-4bf3-8249-2b4cbf6e6ca8"}},"album":{"name":"Collected","mbid":"bc5d83b1-c962-4b9f-8803-8c50545ba71c","artist":{"name":"Massive Attack","mbid":"10adbe5e-a2c0-4bf3-8249-2b4cbf6e6ca8"}},"application":"Grooveshark"},{"timestamp":{"iso":"2014-03-03T17:23:39","unixtimestamp":1393867419},"track":{"name":"Hokkaido","mbid":"8db542b6-7d90-46c2-bad2-46bcb77761f2","artist":{"name":"Amon Tobin","mbid":"630662ea-1c7d-4208-99fd-ba3afec20f0c"}},"uncorrectedTrack":{"name":"Hokkaido","mbid":"8db542b6-7d90-46c2-bad2-46bcb77761f2","artist":{"name":"Amon Tobin","mbid":"630662ea-1c7d-4208-99fd-ba3afec20f0c"}},"album":{"name":"Chaos Theory (Splinter Cell)","artist":{"name":"Amon Tobin","mbid":"630662ea-1c7d-4208-99fd-ba3afec20f0c"}},"application":"Grooveshark"},{"timestamp":{"iso":"2014-03-03T17:26:40","unixtimestamp":1393867600},"track":{"name":"Kokubo Sosho Stealth","mbid":"5000fd57-1a10-4e08-82a2-b1950efc921c","artist":{"name":"Amon Tobin","mbid":"630662ea-1c7d-4208-99fd-ba3afec20f0c"}},"uncorrectedTrack":{"name":"Kokubo Sosho Stealth","mbid":"5000fd57-1a10-4e08-82a2-b1950efc921c","artist":{"name":"Amon Tobin","mbid":"630662ea-1c7d-4208-99fd-ba3afec20f0c"}},"album":{"name":"Chaos Theory (Splinter Cell)","artist":{"name":"Amon Tobin","mbid":"630662ea-1c7d-4208-99fd-ba3afec20f0c"}},"application":"Grooveshark"},{"timestamp":{"iso":"2014-03-03T17:29:53","unixtimestamp":1393867793},"track":{"name":"The Lighthouse","mbid":"a24d6a06-ff05-41eb-b1f2-1fad7fdc487e","artist":{"name":"Amon Tobin","mbid":"630662ea-1c7d-4208-99fd-ba3afec20f0c"}},"uncorrectedTrack":{"name":"The Lighthouse","mbid":"a24d6a06-ff05-41eb-b1f2-1fad7fdc487e","artist":{"name":"Amon Tobin","mbid":"630662ea-1c7d-4208-99fd-ba3afec20f0c"}},"album":{"name":"Chaos Theory (Splinter Cell)","artist":{"name":"Amon Tobin","mbid":"630662ea-1c7d-4208-99fd-ba3afec20f0c"}},"application":"Grooveshark"},{"timestamp":{"iso":"2014-03-03T17:34:59","unixtimestamp":1393868099},"track":{"name":"Theme From Battery","mbid":"55d85154-09b4-4220-b821-71697b91456b","artist":{"name":"Amon Tobin","mbid":"630662ea-1c7d-4208-99fd-ba3afec20f0c"}},"uncorrectedTrack":{"name":"Theme From Battery","mbid":"55d85154-09b4-4220-b821-71697b91456b","artist":{"name":"Amon Tobin","mbid":"630662ea-1c7d-4208-99fd-ba3afec20f0c"}},"album":{"name":"Chaos Theory (Splinter Cell)","artist":{"name":"Amon Tobin","mbid":"630662ea-1c7d-4208-99fd-ba3afec20f0c"}},"application":"Grooveshark"},{"timestamp":{"iso":"2014-03-03T17:39:25","unixtimestamp":1393868365},"track":{"name":"Ruthless (reprise)","mbid":"244a9eea-d662-4b77-a6cd-672c2e65f9d9","artist":{"name":"Amon Tobin","mbid":"630662ea-1c7d-4208-99fd-ba3afec20f0c"}},"uncorrectedTrack":{"name":"Ruthless (reprise)","mbid":"244a9eea-d662-4b77-a6cd-672c2e65f9d9","artist":{"name":"Amon Tobin","mbid":"630662ea-1c7d-4208-99fd-ba3afec20f0c"}},"album":{"name":"Chaos Theory (Splinter Cell)","artist":{"name":"Amon Tobin","mbid":"630662ea-1c7d-4208-99fd-ba3afec20f0c"}},"application":"Grooveshark"},{"timestamp":{"iso":"2014-03-03T17:53:09","unixtimestamp":1393869189},"track":{"name":"Yasawas","mbid":"7d5f123c-f731-46a9-ab3c-e85767c7599a","artist":{"name":"Amon Tobin","mbid":"630662ea-1c7d-4208-99fd-ba3afec20f0c"}},"uncorrectedTrack":{"name":"Yasawas","mbid":"7d5f123c-f731-46a9-ab3c-e85767c7599a","artist":{"name":"Amon Tobin","mbid":"630662ea-1c7d-4208-99fd-ba3afec20f0c"}},"album":{"name":"Bricolage","mbid":"865f40b0-8ed8-4a31-8293-7d99d92cd7d7","artist":{"name":"Amon Tobin","mbid":"630662ea-1c7d-4208-99fd-ba3afec20f0c"}},"application":"Grooveshark"},{"timestamp":{"iso":"2014-03-03T17:58:34","unixtimestamp":1393869514},"track":{"name":"Hokkaido","mbid":"8db542b6-7d90-46c2-bad2-46bcb77761f2","artist":{"name":"Amon Tobin","mbid":"630662ea-1c7d-4208-99fd-ba3afec20f0c"}},"uncorrectedTrack":{"name":"Hokkaido","mbid":"8db542b6-7d90-46c2-bad2-46bcb77761f2","artist":{"name":"Amon Tobin","mbid":"630662ea-1c7d-4208-99fd-ba3afec20f0c"}},"album":{"name":"Chaos Theory (Splinter Cell)","artist":{"name":"Amon Tobin","mbid":"630662ea-1c7d-4208-99fd-ba3afec20f0c"}},"application":"Grooveshark"},{"timestamp":{"iso":"2014-03-03T18:01:36","unixtimestamp":1393869696},"track":{"name":"Kokubo Sosho Stealth","mbid":"5000fd57-1a10-4e08-82a2-b1950efc921c","artist":{"name":"Amon Tobin","mbid":"630662ea-1c7d-4208-99fd-ba3afec20f0c"}},"uncorrectedTrack":{"name":"Kokubo Sosho Stealth","mbid":"5000fd57-1a10-4e08-82a2-b1950efc921c","artist":{"name":"Amon Tobin","mbid":"630662ea-1c7d-4208-99fd-ba3afec20f0c"}},"album":{"name":"Chaos Theory (Splinter Cell)","artist":{"name":"Amon Tobin","mbid":"630662ea-1c7d-4208-99fd-ba3afec20f0c"}},"application":"Grooveshark"},{"timestamp":{"iso":"2014-03-03T18:05:01","unixtimestamp":1393869901},"track":{"name":"Ruthless","mbid":"264eee8b-5239-44f0-92cd-34f4f824d292","artist":{"name":"Amon Tobin","mbid":"630662ea-1c7d-4208-99fd-ba3afec20f0c"}},"uncorrectedTrack":{"name":"Ruthless","mbid":"264eee8b-5239-44f0-92cd-34f4f824d292","artist":{"name":"Amon Tobin","mbid":"630662ea-1c7d-4208-99fd-ba3afec20f0c"}},"album":{"name":"Chaos Theory (Splinter Cell)","artist":{"name":"Amon Tobin","mbid":"630662ea-1c7d-4208-99fd-ba3afec20f0c"}},"application":"Grooveshark"},{"timestamp":{"iso":"2014-03-03T18:10:12","unixtimestamp":1393870212},"track":{"name":"Displaced","mbid":"323b8567-eb6d-47da-ae99-080613d882a4","artist":{"name":"Amon Tobin","mbid":"630662ea-1c7d-4208-99fd-ba3afec20f0c"}},"uncorrectedTrack":{"name":"Displaced","mbid":"323b8567-eb6d-47da-ae99-080613d882a4","artist":{"name":"Amon Tobin","mbid":"630662ea-1c7d-4208-99fd-ba3afec20f0c"}},"album":{"name":"Chaos Theory (Splinter Cell)","artist":{"name":"Amon Tobin","mbid":"630662ea-1c7d-4208-99fd-ba3afec20f0c"}},"application":"Grooveshark"},{"timestamp":{"iso":"2014-03-03T18:17:11","unixtimestamp":1393870631},"track":{"name":"The Lighthouse","mbid":"a24d6a06-ff05-41eb-b1f2-1fad7fdc487e","artist":{"name":"Amon Tobin","mbid":"630662ea-1c7d-4208-99fd-ba3afec20f0c"}},"uncorrectedTrack":{"name":"The Lighthouse","mbid":"a24d6a06-ff05-41eb-b1f2-1fad7fdc487e","artist":{"name":"Amon Tobin","mbid":"630662ea-1c7d-4208-99fd-ba3afec20f0c"}},"album":{"name":"Chaos Theory (Splinter Cell)","artist":{"name":"Amon Tobin","mbid":"630662ea-1c7d-4208-99fd-ba3afec20f0c"}},"application":"Grooveshark"},{"timestamp":{"iso":"2014-03-03T18:22:17","unixtimestamp":1393870937},"track":{"name":"Theme From Battery","mbid":"55d85154-09b4-4220-b821-71697b91456b","artist":{"name":"Amon Tobin","mbid":"630662ea-1c7d-4208-99fd-ba3afec20f0c"}},"uncorrectedTrack":{"name":"Theme From Battery","mbid":"55d85154-09b4-4220-b821-71697b91456b","artist":{"name":"Amon Tobin","mbid":"630662ea-1c7d-4208-99fd-ba3afec20f0c"}},"album":{"name":"Chaos Theory (Splinter Cell)","artist":{"name":"Amon Tobin","mbid":"630662ea-1c7d-4208-99fd-ba3afec20f0c"}},"application":"Grooveshark"},{"timestamp":{"iso":"2014-03-03T18:26:42","unixtimestamp":1393871202},"track":{"name":"Ruthless (reprise)","mbid":"244a9eea-d662-4b77-a6cd-672c2e65f9d9","artist":{"name":"Amon Tobin","mbid":"630662ea-1c7d-4208-99fd-ba3afec20f0c"}},"uncorrectedTrack":{"name":"Ruthless (reprise)","mbid":"244a9eea-d662-4b77-a6cd-672c2e65f9d9","artist":{"name":"Amon Tobin","mbid":"630662ea-1c7d-4208-99fd-ba3afec20f0c"}},"album":{"name":"Chaos Theory (Splinter Cell)","artist":{"name":"Amon Tobin","mbid":"630662ea-1c7d-4208-99fd-ba3afec20f0c"}},"application":"Grooveshark"},{"timestamp":{"iso":"2014-03-03T19:59:03","unixtimestamp":1393876743},"track":{"name":"Ruthless","mbid":"264eee8b-5239-44f0-92cd-34f4f824d292","artist":{"name":"Amon Tobin","mbid":"630662ea-1c7d-4208-99fd-ba3afec20f0c"}},"uncorrectedTrack":{"name":"Ruthless","mbid":"264eee8b-5239-44f0-92cd-34f4f824d292","artist":{"name":"Amon Tobin","mbid":"630662ea-1c7d-4208-99fd-ba3afec20f0c"}},"album":{"name":"Chaos Theory (Splinter Cell)","artist":{"name":"Amon Tobin","mbid":"630662ea-1c7d-4208-99fd-ba3afec20f0c"}},"application":"Grooveshark"},{"timestamp":{"iso":"2014-03-03T20:04:31","unixtimestamp":1393877071},"track":{"name":"El Cargo","mbid":"57624e10-9cae-41ee-b7cc-798b9e626326","artist":{"name":"Amon Tobin","mbid":"630662ea-1c7d-4208-99fd-ba3afec20f0c"}},"uncorrectedTrack":{"name":"El Cargo","mbid":"57624e10-9cae-41ee-b7cc-798b9e626326","artist":{"name":"Amon Tobin","mbid":"630662ea-1c7d-4208-99fd-ba3afec20f0c"}},"album":{"name":"Splinter Cell 3 : Chaos Theory\u0027s OST","artist":{"name":"Amon Tobin","mbid":"630662ea-1c7d-4208-99fd-ba3afec20f0c"}},"application":"Grooveshark"},{"timestamp":{"iso":"2014-03-03T20:18:32","unixtimestamp":1393877912},"track":{"name":"Theme From Battery","mbid":"55d85154-09b4-4220-b821-71697b91456b","artist":{"name":"Amon Tobin","mbid":"630662ea-1c7d-4208-99fd-ba3afec20f0c"}},"uncorrectedTrack":{"name":"Theme From Battery","mbid":"55d85154-09b4-4220-b821-71697b91456b","artist":{"name":"Amon Tobin","mbid":"630662ea-1c7d-4208-99fd-ba3afec20f0c"}},"album":{"name":"Splinter Cell 3 : Chaos Theory\u0027s OST","artist":{"name":"Amon Tobin","mbid":"630662ea-1c7d-4208-99fd-ba3afec20f0c"}},"application":"Grooveshark"},{"timestamp":{"iso":"2014-03-03T20:20:53","unixtimestamp":1393878053},"track":{"name":"Sapphire","mbid":"c184fc0c-7c4f-4c17-b5f3-d0fa10d305a5","artist":{"name":"Bonobo","mbid":"6f7dea51-1d02-4be1-b138-92078518350c"}},"uncorrectedTrack":{"name":"Sapphire","mbid":"c184fc0c-7c4f-4c17-b5f3-d0fa10d305a5","artist":{"name":"Bonobo","mbid":"6f7dea51-1d02-4be1-b138-92078518350c"}},"album":{"name":"The North Borders.","artist":{"name":"Bonobo","mbid":"6f7dea51-1d02-4be1-b138-92078518350c"}},"application":"Grooveshark"},{"timestamp":{"iso":"2014-03-03T20:28:59","unixtimestamp":1393878539},"track":{"name":"Something for Windy","mbid":"878c3d41-7ebf-46b9-a754-f8f15034ace3","artist":{"name":"Bonobo","mbid":"6f7dea51-1d02-4be1-b138-92078518350c"}},"uncorrectedTrack":{"name":"Something for Windy","mbid":"878c3d41-7ebf-46b9-a754-f8f15034ace3","artist":{"name":"Bonobo","mbid":"6f7dea51-1d02-4be1-b138-92078518350c"}},"album":{"name":"Dial M for Monkey","artist":{"name":"Bonobo","mbid":"6f7dea51-1d02-4be1-b138-92078518350c"}},"application":"Grooveshark"},{"timestamp":{"iso":"2014-03-03T20:29:35","unixtimestamp":1393878575},"track":{"name":"Wayward Bob","mbid":"9546fd8f-9324-4a5f-8167-410456707b5e","artist":{"name":"Bonobo","mbid":"6f7dea51-1d02-4be1-b138-92078518350c"}},"uncorrectedTrack":{"name":"Wayward Bob","mbid":"9546fd8f-9324-4a5f-8167-410456707b5e","artist":{"name":"Bonobo","mbid":"6f7dea51-1d02-4be1-b138-92078518350c"}},"album":{"name":"Dial M for Monkey","artist":{"name":"Bonobo","mbid":"6f7dea51-1d02-4be1-b138-92078518350c"}},"application":"Grooveshark"},{"timestamp":{"iso":"2014-03-03T20:34:16","unixtimestamp":1393878856},"track":{"name":"Ruthless","mbid":"264eee8b-5239-44f0-92cd-34f4f824d292","artist":{"name":"Amon Tobin","mbid":"630662ea-1c7d-4208-99fd-ba3afec20f0c"}},"uncorrectedTrack":{"name":"Ruthless","mbid":"264eee8b-5239-44f0-92cd-34f4f824d292","artist":{"name":"Amon Tobin","mbid":"630662ea-1c7d-4208-99fd-ba3afec20f0c"}},"album":{"name":"Chaos Theory (Splinter Cell)","artist":{"name":"Amon Tobin","mbid":"630662ea-1c7d-4208-99fd-ba3afec20f0c"}},"application":"Grooveshark"},{"timestamp":{"iso":"2014-03-03T20:39:32","unixtimestamp":1393879172},"track":{"name":"Theme From Battery","mbid":"55d85154-09b4-4220-b821-71697b91456b","artist":{"name":"Amon Tobin","mbid":"630662ea-1c7d-4208-99fd-ba3afec20f0c"}},"uncorrectedTrack":{"name":"Theme From Battery","mbid":"55d85154-09b4-4220-b821-71697b91456b","artist":{"name":"Amon Tobin","mbid":"630662ea-1c7d-4208-99fd-ba3afec20f0c"}},"album":{"name":"Splinter Cell 3 : Chaos Theory\u0027s OST","artist":{"name":"Amon Tobin","mbid":"630662ea-1c7d-4208-99fd-ba3afec20f0c"}},"application":"Grooveshark"},{"timestamp":{"iso":"2014-03-03T20:43:58","unixtimestamp":1393879438},"track":{"name":"Sapphire","mbid":"c184fc0c-7c4f-4c17-b5f3-d0fa10d305a5","artist":{"name":"Bonobo","mbid":"6f7dea51-1d02-4be1-b138-92078518350c"}},"uncorrectedTrack":{"name":"Sapphire","mbid":"c184fc0c-7c4f-4c17-b5f3-d0fa10d305a5","artist":{"name":"Bonobo","mbid":"6f7dea51-1d02-4be1-b138-92078518350c"}},"album":{"name":"The North Borders.","artist":{"name":"Bonobo","mbid":"6f7dea51-1d02-4be1-b138-92078518350c"}},"application":"Grooveshark"},{"timestamp":{"iso":"2014-03-03T20:49:02","unixtimestamp":1393879742},"track":{"name":"Paradise Circus","mbid":"022ef151-9c94-435d-b637-a8fe9ac9acb2","artist":{"name":"Massive Attack","mbid":"10adbe5e-a2c0-4bf3-8249-2b4cbf6e6ca8"}},"uncorrectedTrack":{"name":"Paradise Circus","mbid":"022ef151-9c94-435d-b637-a8fe9ac9acb2","artist":{"name":"Massive Attack","mbid":"10adbe5e-a2c0-4bf3-8249-2b4cbf6e6ca8"}},"album":{"name":"Heligoland","mbid":"5042d45d-6a48-4546-bdf5-26f01caa3a43","artist":{"name":"Massive Attack","mbid":"10adbe5e-a2c0-4bf3-8249-2b4cbf6e6ca8"}},"application":"Grooveshark"},{"timestamp":{"iso":"2014-03-03T20:54:09","unixtimestamp":1393880049},"track":{"name":"An Eagle in Your Mind","mbid":"bbe37c30-cf08-40d1-ab8a-58fdec6505a5","artist":{"name":"Boards of Canada","mbid":"69158f97-4c07-4c4e-baf8-4e4ab1ed666e"}},"uncorrectedTrack":{"name":"An Eagle in Your Mind","mbid":"bbe37c30-cf08-40d1-ab8a-58fdec6505a5","artist":{"name":"Boards of Canada","mbid":"69158f97-4c07-4c4e-baf8-4e4ab1ed666e"}},"album":{"name":"Music Has the Right to Children","mbid":"baae9470-932c-4043-b266-faea644483f3","artist":{"name":"Boards of Canada","mbid":"69158f97-4c07-4c4e-baf8-4e4ab1ed666e"}},"application":"Grooveshark"},{"timestamp":{"iso":"2014-03-03T21:02:21","unixtimestamp":1393880541},"track":{"name":"Ruthless","mbid":"264eee8b-5239-44f0-92cd-34f4f824d292","artist":{"name":"Amon Tobin","mbid":"630662ea-1c7d-4208-99fd-ba3afec20f0c"}},"uncorrectedTrack":{"name":"Ruthless","mbid":"264eee8b-5239-44f0-92cd-34f4f824d292","artist":{"name":"Amon Tobin","mbid":"630662ea-1c7d-4208-99fd-ba3afec20f0c"}},"album":{"name":"Chaos Theory (Splinter Cell)","artist":{"name":"Amon Tobin","mbid":"630662ea-1c7d-4208-99fd-ba3afec20f0c"}},"application":"Grooveshark"},{"timestamp":{"iso":"2014-03-03T21:05:07","unixtimestamp":1393880707},"track":{"name":"Kiara","mbid":"da17946e-5e74-4c02-a474-6cd8e321b96a","artist":{"name":"Bonobo","mbid":"6f7dea51-1d02-4be1-b138-92078518350c"}},"uncorrectedTrack":{"name":"Kiara","mbid":"da17946e-5e74-4c02-a474-6cd8e321b96a","artist":{"name":"Bonobo","mbid":"6f7dea51-1d02-4be1-b138-92078518350c"}},"album":{"name":"Black Sands","mbid":"6b575427-f110-4c22-bdeb-89620f534da2","artist":{"name":"Bonobo","mbid":"6f7dea51-1d02-4be1-b138-92078518350c"}},"application":"Grooveshark"},{"timestamp":{"iso":"2014-03-03T21:08:58","unixtimestamp":1393880938},"track":{"name":"Paradise Circus","mbid":"022ef151-9c94-435d-b637-a8fe9ac9acb2","artist":{"name":"Massive Attack","mbid":"10adbe5e-a2c0-4bf3-8249-2b4cbf6e6ca8"}},"uncorrectedTrack":{"name":"Paradise Circus","mbid":"022ef151-9c94-435d-b637-a8fe9ac9acb2","artist":{"name":"Massive Attack","mbid":"10adbe5e-a2c0-4bf3-8249-2b4cbf6e6ca8"}},"album":{"name":"Heligoland","mbid":"5042d45d-6a48-4546-bdf5-26f01caa3a43","artist":{"name":"Massive Attack","mbid":"10adbe5e-a2c0-4bf3-8249-2b4cbf6e6ca8"}},"application":"Grooveshark"},{"timestamp":{"iso":"2014-03-03T21:13:55","unixtimestamp":1393881235},"track":{"name":"Building Steam With a Grain of Salt","mbid":"6b802427-0902-43b0-8877-cd72c40d70ce","artist":{"name":"DJ Shadow","mbid":"efa2c11a-1a35-4b60-bc1b-66d37de88511"}},"uncorrectedTrack":{"name":"Building Steam With a Grain of Salt","mbid":"6b802427-0902-43b0-8877-cd72c40d70ce","artist":{"name":"DJ Shadow","mbid":"efa2c11a-1a35-4b60-bc1b-66d37de88511"}},"album":{"name":"Endtroducing.....","mbid":"5992a7fd-6ade-3895-827a-a7dfdf6ebb51","artist":{"name":"DJ Shadow","mbid":"efa2c11a-1a35-4b60-bc1b-66d37de88511"}},"application":"Grooveshark"},{"timestamp":{"iso":"2014-03-03T21:20:36","unixtimestamp":1393881636},"track":{"name":"Eple","mbid":"033703f6-f402-4657-8fe3-895dd3c66dcb","artist":{"name":"Röyksopp","mbid":"1c70a3fc-fa3c-4be1-8b55-c3192db8a884"}},"uncorrectedTrack":{"name":"Eple","mbid":"033703f6-f402-4657-8fe3-895dd3c66dcb","artist":{"name":"Röyksopp","mbid":"1c70a3fc-fa3c-4be1-8b55-c3192db8a884"}},"album":{"name":"Melody A.M.","mbid":"75ae802b-c8b6-4563-bded-24bff5fe7cf7","artist":{"name":"Röyksopp","mbid":"1c70a3fc-fa3c-4be1-8b55-c3192db8a884"}},"application":"Grooveshark"},{"timestamp":{"iso":"2014-03-07T19:28:46","unixtimestamp":1394220526},"track":{"name":"\u0027Ulili E (vocal duet with David Kamakahi)","artist":{"name":"Dennis Kamakahi","mbid":"003f777f-98e1-4a55-9548-6ec52b7e624c"}},"uncorrectedTrack":{"name":"\u0027Ulili E (vocal duet with David Kamakahi)","artist":{"name":"Dennis Kamakahi","mbid":"003f777f-98e1-4a55-9548-6ec52b7e624c"}},"album":{"name":"The Descendants Soundtrack","artist":{"name":"Dennis Kamakahi","mbid":"003f777f-98e1-4a55-9548-6ec52b7e624c"}},"application":"Grooveshark"},{"timestamp":{"iso":"2014-03-07T19:47:44","unixtimestamp":1394221664},"track":{"name":"Something for Windy","mbid":"878c3d41-7ebf-46b9-a754-f8f15034ace3","artist":{"name":"Bonobo","mbid":"6f7dea51-1d02-4be1-b138-92078518350c"}},"uncorrectedTrack":{"name":"Something for Windy","mbid":"878c3d41-7ebf-46b9-a754-f8f15034ace3","artist":{"name":"Bonobo","mbid":"6f7dea51-1d02-4be1-b138-92078518350c"}},"album":{"name":"Dial M for Monkey","artist":{"name":"Bonobo","mbid":"6f7dea51-1d02-4be1-b138-92078518350c"}},"application":"Grooveshark"},{"timestamp":{"iso":"2014-03-07T19:48:15","unixtimestamp":1394221695},"track":{"name":"Wayward Bob","mbid":"9546fd8f-9324-4a5f-8167-410456707b5e","artist":{"name":"Bonobo","mbid":"6f7dea51-1d02-4be1-b138-92078518350c"}},"uncorrectedTrack":{"name":"Wayward Bob","mbid":"9546fd8f-9324-4a5f-8167-410456707b5e","artist":{"name":"Bonobo","mbid":"6f7dea51-1d02-4be1-b138-92078518350c"}},"album":{"name":"Dial M for Monkey","artist":{"name":"Bonobo","mbid":"6f7dea51-1d02-4be1-b138-92078518350c"}},"application":"Grooveshark"},{"timestamp":{"iso":"2014-03-07T19:52:56","unixtimestamp":1394221976},"track":{"name":"Ruthless","mbid":"264eee8b-5239-44f0-92cd-34f4f824d292","artist":{"name":"Amon Tobin","mbid":"630662ea-1c7d-4208-99fd-ba3afec20f0c"}},"uncorrectedTrack":{"name":"Ruthless","mbid":"264eee8b-5239-44f0-92cd-34f4f824d292","artist":{"name":"Amon Tobin","mbid":"630662ea-1c7d-4208-99fd-ba3afec20f0c"}},"album":{"name":"Chaos Theory (Splinter Cell)","artist":{"name":"Amon Tobin","mbid":"630662ea-1c7d-4208-99fd-ba3afec20f0c"}},"application":"Grooveshark"},{"timestamp":{"iso":"2014-03-07T19:58:11","unixtimestamp":1394222291},"track":{"name":"Theme From Battery","mbid":"55d85154-09b4-4220-b821-71697b91456b","artist":{"name":"Amon Tobin","mbid":"630662ea-1c7d-4208-99fd-ba3afec20f0c"}},"uncorrectedTrack":{"name":"Theme From Battery","mbid":"55d85154-09b4-4220-b821-71697b91456b","artist":{"name":"Amon Tobin","mbid":"630662ea-1c7d-4208-99fd-ba3afec20f0c"}},"album":{"name":"Splinter Cell 3 : Chaos Theory\u0027s OST","artist":{"name":"Amon Tobin","mbid":"630662ea-1c7d-4208-99fd-ba3afec20f0c"}},"application":"Grooveshark"},{"timestamp":{"iso":"2014-03-07T20:02:38","unixtimestamp":1394222558},"track":{"name":"Sapphire","mbid":"c184fc0c-7c4f-4c17-b5f3-d0fa10d305a5","artist":{"name":"Bonobo","mbid":"6f7dea51-1d02-4be1-b138-92078518350c"}},"uncorrectedTrack":{"name":"Sapphire","mbid":"c184fc0c-7c4f-4c17-b5f3-d0fa10d305a5","artist":{"name":"Bonobo","mbid":"6f7dea51-1d02-4be1-b138-92078518350c"}},"album":{"name":"The North Borders.","artist":{"name":"Bonobo","mbid":"6f7dea51-1d02-4be1-b138-92078518350c"}},"application":"Grooveshark"},{"timestamp":{"iso":"2014-03-07T20:07:26","unixtimestamp":1394222846},"track":{"name":"El Cargo","mbid":"57624e10-9cae-41ee-b7cc-798b9e626326","artist":{"name":"Amon Tobin","mbid":"630662ea-1c7d-4208-99fd-ba3afec20f0c"}},"uncorrectedTrack":{"name":"El Cargo","mbid":"57624e10-9cae-41ee-b7cc-798b9e626326","artist":{"name":"Amon Tobin","mbid":"630662ea-1c7d-4208-99fd-ba3afec20f0c"}},"album":{"name":"Splinter Cell 3 : Chaos Theory\u0027s OST","artist":{"name":"Amon Tobin","mbid":"630662ea-1c7d-4208-99fd-ba3afec20f0c"}},"application":"Grooveshark"},{"timestamp":{"iso":"2014-03-07T20:11:49","unixtimestamp":1394223109},"track":{"name":"Kiara","mbid":"da17946e-5e74-4c02-a474-6cd8e321b96a","artist":{"name":"Bonobo","mbid":"6f7dea51-1d02-4be1-b138-92078518350c"}},"uncorrectedTrack":{"name":"Kiara","mbid":"da17946e-5e74-4c02-a474-6cd8e321b96a","artist":{"name":"Bonobo","mbid":"6f7dea51-1d02-4be1-b138-92078518350c"}},"album":{"name":"Black Sands","mbid":"6b575427-f110-4c22-bdeb-89620f534da2","artist":{"name":"Bonobo","mbid":"6f7dea51-1d02-4be1-b138-92078518350c"}},"application":"Grooveshark"},{"timestamp":{"iso":"2014-03-07T20:15:40","unixtimestamp":1394223340},"track":{"name":"Nothing Owed","mbid":"facc16bd-4d0f-4a29-9230-83057f2d5d9a","artist":{"name":"Bonobo","mbid":"6f7dea51-1d02-4be1-b138-92078518350c"}},"uncorrectedTrack":{"name":"Nothing Owed","mbid":"facc16bd-4d0f-4a29-9230-83057f2d5d9a","artist":{"name":"Bonobo","mbid":"6f7dea51-1d02-4be1-b138-92078518350c"}},"album":{"name":"Dial M for Monkey","artist":{"name":"Bonobo","mbid":"6f7dea51-1d02-4be1-b138-92078518350c"}},"application":"Grooveshark"},{"timestamp":{"iso":"2014-03-07T20:21:58","unixtimestamp":1394223718},"track":{"name":"Paradise Circus","mbid":"022ef151-9c94-435d-b637-a8fe9ac9acb2","artist":{"name":"Massive Attack","mbid":"10adbe5e-a2c0-4bf3-8249-2b4cbf6e6ca8"}},"uncorrectedTrack":{"name":"Paradise Circus","mbid":"022ef151-9c94-435d-b637-a8fe9ac9acb2","artist":{"name":"Massive Attack","mbid":"10adbe5e-a2c0-4bf3-8249-2b4cbf6e6ca8"}},"album":{"name":"Heligoland","mbid":"5042d45d-6a48-4546-bdf5-26f01caa3a43","artist":{"name":"Massive Attack","mbid":"10adbe5e-a2c0-4bf3-8249-2b4cbf6e6ca8"}},"application":"Grooveshark"},{"timestamp":{"iso":"2014-03-07T20:26:55","unixtimestamp":1394224015},"track":{"name":"Teardrop","mbid":"10b95c61-bbab-4473-af83-4803729ee276","artist":{"name":"Massive Attack","mbid":"10adbe5e-a2c0-4bf3-8249-2b4cbf6e6ca8"}},"uncorrectedTrack":{"name":"Teardrop","mbid":"10b95c61-bbab-4473-af83-4803729ee276","artist":{"name":"Massive Attack","mbid":"10adbe5e-a2c0-4bf3-8249-2b4cbf6e6ca8"}},"album":{"name":"Collected","mbid":"bc5d83b1-c962-4b9f-8803-8c50545ba71c","artist":{"name":"Massive Attack","mbid":"10adbe5e-a2c0-4bf3-8249-2b4cbf6e6ca8"}},"application":"Grooveshark"},{"timestamp":{"iso":"2014-03-07T20:32:23","unixtimestamp":1394224343},"track":{"name":"Six Days","mbid":"ddd561b1-764a-4b9a-b4bd-9f526c7ba97b","artist":{"name":"DJ Shadow","mbid":"efa2c11a-1a35-4b60-bc1b-66d37de88511"}},"uncorrectedTrack":{"name":"Six Days","mbid":"ddd561b1-764a-4b9a-b4bd-9f526c7ba97b","artist":{"name":"DJ Shadow","mbid":"efa2c11a-1a35-4b60-bc1b-66d37de88511"}},"album":{"name":"The Private Press","mbid":"eb9f1d2f-1052-382a-a263-334931a8acfb","artist":{"name":"DJ Shadow","mbid":"efa2c11a-1a35-4b60-bc1b-66d37de88511"}},"application":"Grooveshark"},{"timestamp":{"iso":"2014-03-07T20:37:26","unixtimestamp":1394224646},"track":{"name":"Building Steam With a Grain of Salt","mbid":"6b802427-0902-43b0-8877-cd72c40d70ce","artist":{"name":"DJ Shadow","mbid":"efa2c11a-1a35-4b60-bc1b-66d37de88511"}},"uncorrectedTrack":{"name":"Building Steam With a Grain of Salt","mbid":"6b802427-0902-43b0-8877-cd72c40d70ce","artist":{"name":"DJ Shadow","mbid":"efa2c11a-1a35-4b60-bc1b-66d37de88511"}},"album":{"name":"Endtroducing.....","mbid":"5992a7fd-6ade-3895-827a-a7dfdf6ebb51","artist":{"name":"DJ Shadow","mbid":"efa2c11a-1a35-4b60-bc1b-66d37de88511"}},"application":"Grooveshark"},{"timestamp":{"iso":"2014-03-07T20:44:07","unixtimestamp":1394225047},"track":{"name":"Midnight in a Perfect World","mbid":"c9ac422c-adc1-4411-86c2-9be463ec4b49","artist":{"name":"DJ Shadow","mbid":"efa2c11a-1a35-4b60-bc1b-66d37de88511"}},"uncorrectedTrack":{"name":"Midnight in a Perfect World","mbid":"c9ac422c-adc1-4411-86c2-9be463ec4b49","artist":{"name":"DJ Shadow","mbid":"efa2c11a-1a35-4b60-bc1b-66d37de88511"}},"album":{"name":"Endtroducing.....","mbid":"5992a7fd-6ade-3895-827a-a7dfdf6ebb51","artist":{"name":"DJ Shadow","mbid":"efa2c11a-1a35-4b60-bc1b-66d37de88511"}},"application":"Grooveshark"},{"timestamp":{"iso":"2014-03-07T20:49:08","unixtimestamp":1394225348},"track":{"name":"Alternation","mbid":"0f1af780-1ed6-4e20-8d11-da462ca94703","artist":{"name":"Midwest Product","mbid":"0ce8de4d-8aa0-4093-b84f-66a18096f18e"}},"uncorrectedTrack":{"name":"Alternator","artist":{"name":"Midwest Product","mbid":"0ce8de4d-8aa0-4093-b84f-66a18096f18e"}},"album":{"name":"Specifics","mbid":"406ec6f6-a62e-4261-a7cd-6c87f1124eee","artist":{"name":"Midwest Product","mbid":"0ce8de4d-8aa0-4093-b84f-66a18096f18e"}},"application":"Grooveshark"},{"timestamp":{"iso":"2014-03-07T21:14:33","unixtimestamp":1394226873},"track":{"name":"What Else Is There?","mbid":"25e299f4-7d46-420a-b6cb-acf6e92ea8c5","artist":{"name":"Röyksopp","mbid":"1c70a3fc-fa3c-4be1-8b55-c3192db8a884"}},"uncorrectedTrack":{"name":"What Else Is There?","mbid":"25e299f4-7d46-420a-b6cb-acf6e92ea8c5","artist":{"name":"Röyksopp","mbid":"1c70a3fc-fa3c-4be1-8b55-c3192db8a884"}},"album":{"name":"2006 Chillout Sessions","artist":{"name":"Röyksopp","mbid":"1c70a3fc-fa3c-4be1-8b55-c3192db8a884"}},"application":"Grooveshark"},{"timestamp":{"iso":"2014-03-07T21:18:27","unixtimestamp":1394227107},"track":{"name":"Eple","mbid":"033703f6-f402-4657-8fe3-895dd3c66dcb","artist":{"name":"Röyksopp","mbid":"1c70a3fc-fa3c-4be1-8b55-c3192db8a884"}},"uncorrectedTrack":{"name":"Eple","mbid":"033703f6-f402-4657-8fe3-895dd3c66dcb","artist":{"name":"Röyksopp","mbid":"1c70a3fc-fa3c-4be1-8b55-c3192db8a884"}},"album":{"name":"Melody A.M.","mbid":"75ae802b-c8b6-4563-bded-24bff5fe7cf7","artist":{"name":"Röyksopp","mbid":"1c70a3fc-fa3c-4be1-8b55-c3192db8a884"}},"application":"Grooveshark"},{"timestamp":{"iso":"2014-03-07T21:21:20","unixtimestamp":1394227280},"track":{"name":"Happy Up Here","mbid":"034afea4-0c01-4ae2-8023-c09ddb944680","artist":{"name":"Röyksopp","mbid":"1c70a3fc-fa3c-4be1-8b55-c3192db8a884"}},"uncorrectedTrack":{"name":"Happy Up Here","mbid":"034afea4-0c01-4ae2-8023-c09ddb944680","artist":{"name":"Röyksopp","mbid":"1c70a3fc-fa3c-4be1-8b55-c3192db8a884"}},"album":{"name":"Blalock\u0027s Indie/Rock Playlist: March (2009)","artist":{"name":"Röyksopp","mbid":"1c70a3fc-fa3c-4be1-8b55-c3192db8a884"}},"application":"Grooveshark"},{"timestamp":{"iso":"2014-03-07T21:24:02","unixtimestamp":1394227442},"track":{"name":"Venus as a Boy","mbid":"76490b9d-32a5-4d13-8221-22ea6e3bbc0a","artist":{"name":"Björk","mbid":"87c5dedd-371d-4a53-9f7f-80522fb7f3cb"}},"uncorrectedTrack":{"name":"Venus as a Boy","mbid":"76490b9d-32a5-4d13-8221-22ea6e3bbc0a","artist":{"name":"Björk","mbid":"87c5dedd-371d-4a53-9f7f-80522fb7f3cb"}},"album":{"name":"Greatest Hits","mbid":"32e6cdfc-05c4-40b1-ae2d-929e1df1009e","artist":{"name":"Björk","mbid":"87c5dedd-371d-4a53-9f7f-80522fb7f3cb"}},"application":"Grooveshark"},{"timestamp":{"iso":"2014-03-07T21:25:10","unixtimestamp":1394227510},"track":{"name":"Venus as a Boy","mbid":"76490b9d-32a5-4d13-8221-22ea6e3bbc0a","artist":{"name":"Björk","mbid":"87c5dedd-371d-4a53-9f7f-80522fb7f3cb"}},"uncorrectedTrack":{"name":"Venus as a Boy","mbid":"76490b9d-32a5-4d13-8221-22ea6e3bbc0a","artist":{"name":"Björk","mbid":"87c5dedd-371d-4a53-9f7f-80522fb7f3cb"}},"album":{"name":"Greatest Hits","mbid":"32e6cdfc-05c4-40b1-ae2d-929e1df1009e","artist":{"name":"Björk","mbid":"87c5dedd-371d-4a53-9f7f-80522fb7f3cb"}},"application":"Grooveshark"},{"timestamp":{"iso":"2014-03-07T21:29:52","unixtimestamp":1394227792},"track":{"name":"Sirens","mbid":"b8979874-c1fb-412f-8dfe-696e62903b7f","artist":{"name":"Amon Tobin","mbid":"630662ea-1c7d-4208-99fd-ba3afec20f0c"}},"uncorrectedTrack":{"name":"Sirens","mbid":"b8979874-c1fb-412f-8dfe-696e62903b7f","artist":{"name":"Amon Tobin","mbid":"630662ea-1c7d-4208-99fd-ba3afec20f0c"}},"album":{"name":"East to West","mbid":"9ff0488e-ff42-3a22-973c-f932b7fef912","artist":{"name":"Amon Tobin","mbid":"630662ea-1c7d-4208-99fd-ba3afec20f0c"}},"application":"Grooveshark"},{"timestamp":{"iso":"2014-03-07T21:36:16","unixtimestamp":1394228176},"track":{"name":"Hú hviss - A ship","mbid":"ea1c10b5-07ec-410f-9595-9a7359a534d0","artist":{"name":"múm","mbid":"2b64e811-cbcd-45f7-b29d-296444cad4f1"}},"uncorrectedTrack":{"name":"Hú hviss - A ship","mbid":"ea1c10b5-07ec-410f-9595-9a7359a534d0","artist":{"name":"múm","mbid":"2b64e811-cbcd-45f7-b29d-296444cad4f1"}},"album":{"name":"Summer Make Good","mbid":"f444f91d-42b4-428e-ba9c-1996ae02ae9d","artist":{"name":"múm","mbid":"2b64e811-cbcd-45f7-b29d-296444cad4f1"}},"application":"Grooveshark"},{"timestamp":{"iso":"2014-03-07T21:36:47","unixtimestamp":1394228207},"track":{"name":"(Exchange)","mbid":"eea2ec3e-6c9b-4df9-aca1-b86acaded914","artist":{"name":"Massive Attack","mbid":"10adbe5e-a2c0-4bf3-8249-2b4cbf6e6ca8"}},"uncorrectedTrack":{"name":"(Exchange)","mbid":"eea2ec3e-6c9b-4df9-aca1-b86acaded914","artist":{"name":"Massive Attack","mbid":"10adbe5e-a2c0-4bf3-8249-2b4cbf6e6ca8"}},"album":{"name":"Mezzanine","mbid":"2fa63133-a4c9-3f41-8deb-162189de83ff","artist":{"name":"Massive Attack","mbid":"10adbe5e-a2c0-4bf3-8249-2b4cbf6e6ca8"}},"application":"Grooveshark"},{"timestamp":{"iso":"2014-03-07T21:40:57","unixtimestamp":1394228457},"track":{"name":"Marakesch (Meitz Remix)","mbid":"79b4fa98-1a4c-4afa-ac14-e7019d8c00b9","artist":{"name":"Peace Orchestra","mbid":"334cd452-8833-4da4-8f14-90136cb0492f"}},"uncorrectedTrack":{"name":"Marakesch (Meitz Remix)","mbid":"79b4fa98-1a4c-4afa-ac14-e7019d8c00b9","artist":{"name":"Peace Orchestra","mbid":"334cd452-8833-4da4-8f14-90136cb0492f"}},"album":{"name":"Reset","mbid":"083de849-330b-3db4-9bbc-80b5c3464c41","artist":{"name":"Peace Orchestra","mbid":"334cd452-8833-4da4-8f14-90136cb0492f"}},"application":"Grooveshark"},{"timestamp":{"iso":"2014-03-07T21:45:27","unixtimestamp":1394228727},"track":{"name":"Digeridoo","mbid":"181438de-92c3-4717-a83b-f1eda63c22e5","artist":{"name":"Aphex Twin","mbid":"158c6b17-a00a-4624-9ae0-d614d5dd0d52"}},"uncorrectedTrack":{"name":"Digeridoo","mbid":"181438de-92c3-4717-a83b-f1eda63c22e5","artist":{"name":"Aphex Twin","mbid":"158c6b17-a00a-4624-9ae0-d614d5dd0d52"}},"album":{"name":"Big Day Out","mbid":"114d2a79-53bf-40aa-9f97-8923bfdb673a","artist":{"name":"Aphex Twin","mbid":"158c6b17-a00a-4624-9ae0-d614d5dd0d52"}},"application":"Grooveshark"},{"timestamp":{"iso":"2014-03-07T21:48:07","unixtimestamp":1394228887},"track":{"name":"The Darker Days Of Me \u0026 Him","mbid":"47f36def-f255-4e28-bb08-b0309f374e9e","artist":{"name":"PJ Harvey","mbid":"1997bee8-1b6c-4571-a254-ae67f4156339"}},"uncorrectedTrack":{"name":"The Darker Days Of Me \u0026 Him","mbid":"47f36def-f255-4e28-bb08-b0309f374e9e","artist":{"name":"PJ Harvey","mbid":"1997bee8-1b6c-4571-a254-ae67f4156339"}},"album":{"name":"Uh Huh Her","mbid":"f86c0b17-f117-45e0-94b2-5dd4664e271e","artist":{"name":"PJ Harvey","mbid":"1997bee8-1b6c-4571-a254-ae67f4156339"}},"application":"Grooveshark"},{"timestamp":{"iso":"2014-03-07T21:49:12","unixtimestamp":1394228952},"track":{"name":"Cerebration","mbid":"aa071c69-f509-40ba-a19e-cf3a4ee8e612","artist":{"name":"Bonobo","mbid":"6f7dea51-1d02-4be1-b138-92078518350c"}},"uncorrectedTrack":{"name":"Cerebration","mbid":"aa071c69-f509-40ba-a19e-cf3a4ee8e612","artist":{"name":"Bonobo","mbid":"6f7dea51-1d02-4be1-b138-92078518350c"}},"album":{"name":"Hostile","mbid":"47a61c1b-2b2f-4e55-baee-85034d9c879e","artist":{"name":"Bonobo","mbid":"6f7dea51-1d02-4be1-b138-92078518350c"}},"application":"Grooveshark"},{"timestamp":{"iso":"2014-03-11T14:30:38","unixtimestamp":1394548238},"track":{"name":"Flint (For the Unemployed and Underpaid)","mbid":"692bae0e-4939-466b-a03f-737ef9e2a861","artist":{"name":"Sufjan Stevens","mbid":"01d3c51b-9b98-418a-8d8e-37f6fab59d8c"}},"uncorrectedTrack":{"name":"Flint (For the Unemployed and Underpaid)","mbid":"692bae0e-4939-466b-a03f-737ef9e2a861","artist":{"name":"Sufjan Stevens","mbid":"01d3c51b-9b98-418a-8d8e-37f6fab59d8c"}},"album":{"name":"Michigan","mbid":"d6060b45-64a0-4fed-b205-78e0ab10aff1","artist":{"name":"Sufjan Stevens","mbid":"01d3c51b-9b98-418a-8d8e-37f6fab59d8c"}},"application":"Grooveshark"},{"timestamp":{"iso":"2014-03-11T14:32:43","unixtimestamp":1394548363},"track":{"name":"Flint (For the Unemployed and Underpaid)","mbid":"692bae0e-4939-466b-a03f-737ef9e2a861","artist":{"name":"Sufjan Stevens","mbid":"01d3c51b-9b98-418a-8d8e-37f6fab59d8c"}},"uncorrectedTrack":{"name":"Flint (For the Unemployed and Underpaid)","mbid":"692bae0e-4939-466b-a03f-737ef9e2a861","artist":{"name":"Sufjan Stevens","mbid":"01d3c51b-9b98-418a-8d8e-37f6fab59d8c"}},"album":{"name":"Michigan","mbid":"d6060b45-64a0-4fed-b205-78e0ab10aff1","artist":{"name":"Sufjan Stevens","mbid":"01d3c51b-9b98-418a-8d8e-37f6fab59d8c"}},"application":"Grooveshark"},{"timestamp":{"iso":"2014-03-11T14:36:27","unixtimestamp":1394548587},"track":{"name":"All Good Naysayers, Speak Up! or Forever Hold Your Peace!","mbid":"1959f8b6-c512-4368-8c74-5968e38fdd76","artist":{"name":"Sufjan Stevens","mbid":"01d3c51b-9b98-418a-8d8e-37f6fab59d8c"}},"uncorrectedTrack":{"name":"All Good Naysayers, Speak Up! or Forever Hold Your Peace!","mbid":"1959f8b6-c512-4368-8c74-5968e38fdd76","artist":{"name":"Sufjan Stevens","mbid":"01d3c51b-9b98-418a-8d8e-37f6fab59d8c"}},"album":{"name":"Michigan","mbid":"d6060b45-64a0-4fed-b205-78e0ab10aff1","artist":{"name":"Sufjan Stevens","mbid":"01d3c51b-9b98-418a-8d8e-37f6fab59d8c"}},"application":"Grooveshark"},{"timestamp":{"iso":"2014-03-11T14:41:02","unixtimestamp":1394548862},"track":{"name":"For the Widows in Paradise, for the Fatherless in Ypsilanti","mbid":"38638cbe-ff7b-45c3-bd3b-2a31de964167","artist":{"name":"Sufjan Stevens","mbid":"01d3c51b-9b98-418a-8d8e-37f6fab59d8c"}},"uncorrectedTrack":{"name":"For the Widows in Paradise, for the Fatherless in Ypsilanti","mbid":"38638cbe-ff7b-45c3-bd3b-2a31de964167","artist":{"name":"Sufjan Stevens","mbid":"01d3c51b-9b98-418a-8d8e-37f6fab59d8c"}},"album":{"name":"Michigan","mbid":"d6060b45-64a0-4fed-b205-78e0ab10aff1","artist":{"name":"Sufjan Stevens","mbid":"01d3c51b-9b98-418a-8d8e-37f6fab59d8c"}},"application":"Grooveshark"},{"timestamp":{"iso":"2014-03-11T15:36:44","unixtimestamp":1394552204},"track":{"name":"For the Widows in Paradise, for the Fatherless in Ypsilanti","mbid":"38638cbe-ff7b-45c3-bd3b-2a31de964167","artist":{"name":"Sufjan Stevens","mbid":"01d3c51b-9b98-418a-8d8e-37f6fab59d8c"}},"uncorrectedTrack":{"name":"For the Widows in Paradise, for the Fatherless in Ypsilanti","mbid":"38638cbe-ff7b-45c3-bd3b-2a31de964167","artist":{"name":"Sufjan Stevens","mbid":"01d3c51b-9b98-418a-8d8e-37f6fab59d8c"}},"album":{"name":"Michigan","mbid":"d6060b45-64a0-4fed-b205-78e0ab10aff1","artist":{"name":"Sufjan Stevens","mbid":"01d3c51b-9b98-418a-8d8e-37f6fab59d8c"}},"application":"Grooveshark"},{"timestamp":{"iso":"2014-03-11T15:38:58","unixtimestamp":1394552338},"track":{"name":"Say Yes! To M! Ch! Gan!","mbid":"1b2fcea0-e6c5-4637-9600-37b7456bd160","artist":{"name":"Sufjan Stevens","mbid":"01d3c51b-9b98-418a-8d8e-37f6fab59d8c"}},"uncorrectedTrack":{"name":"Say Yes! To M! Ch! Gan!","mbid":"1b2fcea0-e6c5-4637-9600-37b7456bd160","artist":{"name":"Sufjan Stevens","mbid":"01d3c51b-9b98-418a-8d8e-37f6fab59d8c"}},"album":{"name":"Michigan","mbid":"d6060b45-64a0-4fed-b205-78e0ab10aff1","artist":{"name":"Sufjan Stevens","mbid":"01d3c51b-9b98-418a-8d8e-37f6fab59d8c"}},"application":"Grooveshark"},{"timestamp":{"iso":"2014-03-11T15:41:43","unixtimestamp":1394552503},"track":{"name":"The Upper Peninsula","mbid":"42c225f2-6316-473e-ac68-8ba80021a1e0","artist":{"name":"Sufjan Stevens","mbid":"01d3c51b-9b98-418a-8d8e-37f6fab59d8c"}},"uncorrectedTrack":{"name":"The Upper Peninsula","mbid":"42c225f2-6316-473e-ac68-8ba80021a1e0","artist":{"name":"Sufjan Stevens","mbid":"01d3c51b-9b98-418a-8d8e-37f6fab59d8c"}},"album":{"name":"Michigan","mbid":"d6060b45-64a0-4fed-b205-78e0ab10aff1","artist":{"name":"Sufjan Stevens","mbid":"01d3c51b-9b98-418a-8d8e-37f6fab59d8c"}},"application":"Grooveshark"},{"timestamp":{"iso":"2014-03-11T15:45:07","unixtimestamp":1394552707},"track":{"name":"Tahquamenon Falls","mbid":"34794065-6c6c-415b-b145-f5d3a9fd7f68","artist":{"name":"Sufjan Stevens","mbid":"01d3c51b-9b98-418a-8d8e-37f6fab59d8c"}},"uncorrectedTrack":{"name":"Tahquamenon Falls","mbid":"34794065-6c6c-415b-b145-f5d3a9fd7f68","artist":{"name":"Sufjan Stevens","mbid":"01d3c51b-9b98-418a-8d8e-37f6fab59d8c"}},"album":{"name":"Michigan","mbid":"d6060b45-64a0-4fed-b205-78e0ab10aff1","artist":{"name":"Sufjan Stevens","mbid":"01d3c51b-9b98-418a-8d8e-37f6fab59d8c"}},"application":"Grooveshark"},{"timestamp":{"iso":"2014-03-11T15:47:26","unixtimestamp":1394552846},"track":{"name":"Holland","mbid":"5502ed38-c344-42e8-a546-bb7c6eafd3a9","artist":{"name":"Sufjan Stevens","mbid":"01d3c51b-9b98-418a-8d8e-37f6fab59d8c"}},"uncorrectedTrack":{"name":"Holland","mbid":"5502ed38-c344-42e8-a546-bb7c6eafd3a9","artist":{"name":"Sufjan Stevens","mbid":"01d3c51b-9b98-418a-8d8e-37f6fab59d8c"}},"album":{"name":"Michigan","mbid":"d6060b45-64a0-4fed-b205-78e0ab10aff1","artist":{"name":"Sufjan Stevens","mbid":"01d3c51b-9b98-418a-8d8e-37f6fab59d8c"}},"application":"Grooveshark"},{"timestamp":{"iso":"2014-03-11T15:50:52","unixtimestamp":1394553052},"track":{"name":"Oh Detroit, Lift Up Your Weary Head! (Rebuild! Restore! Reconsider!)","mbid":"23f0831b-921f-4dd1-810b-6466198629c1","artist":{"name":"Sufjan Stevens","mbid":"01d3c51b-9b98-418a-8d8e-37f6fab59d8c"}},"uncorrectedTrack":{"name":"Oh Detroit, Lift Up Your Weary Head! (Rebuild! Restore! Reconsider!)","mbid":"23f0831b-921f-4dd1-810b-6466198629c1","artist":{"name":"Sufjan Stevens","mbid":"01d3c51b-9b98-418a-8d8e-37f6fab59d8c"}},"album":{"name":"Michigan","mbid":"d6060b45-64a0-4fed-b205-78e0ab10aff1","artist":{"name":"Sufjan Stevens","mbid":"01d3c51b-9b98-418a-8d8e-37f6fab59d8c"}},"application":"Grooveshark"},{"timestamp":{"iso":"2014-03-11T15:59:13","unixtimestamp":1394553553},"track":{"name":"Romulus","mbid":"1a9f9525-cc4c-4333-857d-4b75010dd140","artist":{"name":"Sufjan Stevens","mbid":"01d3c51b-9b98-418a-8d8e-37f6fab59d8c"}},"uncorrectedTrack":{"name":"Romulus","mbid":"1a9f9525-cc4c-4333-857d-4b75010dd140","artist":{"name":"Sufjan Stevens","mbid":"01d3c51b-9b98-418a-8d8e-37f6fab59d8c"}},"album":{"name":"Michigan","mbid":"d6060b45-64a0-4fed-b205-78e0ab10aff1","artist":{"name":"Sufjan Stevens","mbid":"01d3c51b-9b98-418a-8d8e-37f6fab59d8c"}},"application":"Grooveshark"},{"timestamp":{"iso":"2014-03-11T16:04:43","unixtimestamp":1394553883},"track":{"name":"Alanson, Crooked River","mbid":"3bddbebc-b756-4145-8de0-55e3b23bb920","artist":{"name":"Sufjan Stevens","mbid":"01d3c51b-9b98-418a-8d8e-37f6fab59d8c"}},"uncorrectedTrack":{"name":"Alanson, Crooked River","mbid":"3bddbebc-b756-4145-8de0-55e3b23bb920","artist":{"name":"Sufjan Stevens","mbid":"01d3c51b-9b98-418a-8d8e-37f6fab59d8c"}},"album":{"name":"Michigan","mbid":"d6060b45-64a0-4fed-b205-78e0ab10aff1","artist":{"name":"Sufjan Stevens","mbid":"01d3c51b-9b98-418a-8d8e-37f6fab59d8c"}},"application":"Grooveshark"},{"timestamp":{"iso":"2014-03-11T16:05:14","unixtimestamp":1394553914},"track":{"name":"Sleeping Bear, Sault Ste. Marie","mbid":"0da16002-effe-48de-b853-ef4ce31532ed","artist":{"name":"Sufjan Stevens","mbid":"01d3c51b-9b98-418a-8d8e-37f6fab59d8c"}},"uncorrectedTrack":{"name":"Sleeping Bear, Sault Ste. Marie","mbid":"0da16002-effe-48de-b853-ef4ce31532ed","artist":{"name":"Sufjan Stevens","mbid":"01d3c51b-9b98-418a-8d8e-37f6fab59d8c"}},"album":{"name":"Michigan","mbid":"d6060b45-64a0-4fed-b205-78e0ab10aff1","artist":{"name":"Sufjan Stevens","mbid":"01d3c51b-9b98-418a-8d8e-37f6fab59d8c"}},"application":"Grooveshark"},{"timestamp":{"iso":"2014-03-11T16:08:06","unixtimestamp":1394554086},"track":{"name":"They Also Mourn Who Do Not Wear Black (For the Homeless in Muskegon)","mbid":"774d1090-042d-4dfd-badd-187c74ce09b9","artist":{"name":"Sufjan Stevens","mbid":"01d3c51b-9b98-418a-8d8e-37f6fab59d8c"}},"uncorrectedTrack":{"name":"They Also Mourn Who Do Not Wear Black (For the Homeless in Muskegon)","mbid":"774d1090-042d-4dfd-badd-187c74ce09b9","artist":{"name":"Sufjan Stevens","mbid":"01d3c51b-9b98-418a-8d8e-37f6fab59d8c"}},"album":{"name":"Michigan","mbid":"d6060b45-64a0-4fed-b205-78e0ab10aff1","artist":{"name":"Sufjan Stevens","mbid":"01d3c51b-9b98-418a-8d8e-37f6fab59d8c"}},"application":"Grooveshark"},{"timestamp":{"iso":"2014-03-11T16:14:11","unixtimestamp":1394554451},"track":{"name":"Oh God Where Are You Now? (In Pickerel Lake? Pigeon? Marquette? Mackinaw?)","mbid":"bbcd2391-eb92-4b22-9e65-5e8b5f444db5","artist":{"name":"Sufjan Stevens","mbid":"01d3c51b-9b98-418a-8d8e-37f6fab59d8c"}},"uncorrectedTrack":{"name":"Oh God Where Are You Now? (In Pickerel Lake? Pigeon? Marquette? Mackinaw?)","mbid":"bbcd2391-eb92-4b22-9e65-5e8b5f444db5","artist":{"name":"Sufjan Stevens","mbid":"01d3c51b-9b98-418a-8d8e-37f6fab59d8c"}},"album":{"name":"Michigan","mbid":"d6060b45-64a0-4fed-b205-78e0ab10aff1","artist":{"name":"Sufjan Stevens","mbid":"01d3c51b-9b98-418a-8d8e-37f6fab59d8c"}},"application":"Grooveshark"},{"timestamp":{"iso":"2014-03-11T16:23:35","unixtimestamp":1394555015},"track":{"name":"Redford (for Yia-Yia and Pappou)","mbid":"17be3b9b-39e1-4404-90d3-31712e7c61c9","artist":{"name":"Sufjan Stevens","mbid":"01d3c51b-9b98-418a-8d8e-37f6fab59d8c"}},"uncorrectedTrack":{"name":"Redford (for Yia-Yia and Pappou)","mbid":"17be3b9b-39e1-4404-90d3-31712e7c61c9","artist":{"name":"Sufjan Stevens","mbid":"01d3c51b-9b98-418a-8d8e-37f6fab59d8c"}},"album":{"name":"Michigan","mbid":"d6060b45-64a0-4fed-b205-78e0ab10aff1","artist":{"name":"Sufjan Stevens","mbid":"01d3c51b-9b98-418a-8d8e-37f6fab59d8c"}},"application":"Grooveshark"},{"timestamp":{"iso":"2014-03-11T16:25:36","unixtimestamp":1394555136},"track":{"name":"Vito\u0027s Ordination Song","mbid":"5ab70072-c8dd-41fa-955f-5d8e4a006ebe","artist":{"name":"Sufjan Stevens","mbid":"01d3c51b-9b98-418a-8d8e-37f6fab59d8c"}},"uncorrectedTrack":{"name":"Vito\u0027s Ordination Song","mbid":"5ab70072-c8dd-41fa-955f-5d8e4a006ebe","artist":{"name":"Sufjan Stevens","mbid":"01d3c51b-9b98-418a-8d8e-37f6fab59d8c"}},"album":{"name":"Michigan","mbid":"d6060b45-64a0-4fed-b205-78e0ab10aff1","artist":{"name":"Sufjan Stevens","mbid":"01d3c51b-9b98-418a-8d8e-37f6fab59d8c"}},"application":"Grooveshark"},{"timestamp":{"iso":"2014-03-11T16:28:39","unixtimestamp":1394555319},"track":{"name":"Vito\u0027s Ordination Song","mbid":"5ab70072-c8dd-41fa-955f-5d8e4a006ebe","artist":{"name":"Sufjan Stevens","mbid":"01d3c51b-9b98-418a-8d8e-37f6fab59d8c"}},"uncorrectedTrack":{"name":"Vito\u0027s Ordination Song","mbid":"5ab70072-c8dd-41fa-955f-5d8e4a006ebe","artist":{"name":"Sufjan Stevens","mbid":"01d3c51b-9b98-418a-8d8e-37f6fab59d8c"}},"album":{"name":"Michigan","mbid":"d6060b45-64a0-4fed-b205-78e0ab10aff1","artist":{"name":"Sufjan Stevens","mbid":"01d3c51b-9b98-418a-8d8e-37f6fab59d8c"}},"application":"Grooveshark"},{"timestamp":{"iso":"2014-03-11T16:34:16","unixtimestamp":1394555656},"track":{"name":"Pickerel Lake","mbid":"4249bfb7-9aaf-4f0e-8655-b2d5ebb621ff","artist":{"name":"Sufjan Stevens","mbid":"01d3c51b-9b98-418a-8d8e-37f6fab59d8c"}},"uncorrectedTrack":{"name":"Pickerel Lake","mbid":"4249bfb7-9aaf-4f0e-8655-b2d5ebb621ff","artist":{"name":"Sufjan Stevens","mbid":"01d3c51b-9b98-418a-8d8e-37f6fab59d8c"}},"album":{"name":"Michigan","mbid":"d6060b45-64a0-4fed-b205-78e0ab10aff1","artist":{"name":"Sufjan Stevens","mbid":"01d3c51b-9b98-418a-8d8e-37f6fab59d8c"}},"application":"Grooveshark"},{"timestamp":{"iso":"2014-03-11T17:55:31","unixtimestamp":1394560531},"track":{"name":"\u0027Ulili E (vocal duet with David Kamakahi)","artist":{"name":"Dennis Kamakahi","mbid":"003f777f-98e1-4a55-9548-6ec52b7e624c"}},"uncorrectedTrack":{"name":"\u0027Ulili E (vocal duet with David Kamakahi)","artist":{"name":"Dennis Kamakahi","mbid":"003f777f-98e1-4a55-9548-6ec52b7e624c"}},"album":{"name":"The Descendants Soundtrack","artist":{"name":"Dennis Kamakahi","mbid":"003f777f-98e1-4a55-9548-6ec52b7e624c"}},"application":"Grooveshark"},{"timestamp":{"iso":"2014-03-12T19:12:58","unixtimestamp":1394651578},"track":{"name":"My Girls","mbid":"f34bab62-0ca6-417e-a80e-71e45d5cb729","artist":{"name":"Animal Collective","mbid":"0c751690-c784-4a4f-b1e4-c1de27d47581"}},"uncorrectedTrack":{"name":"My Girls","mbid":"f34bab62-0ca6-417e-a80e-71e45d5cb729","artist":{"name":"Animal Collective","mbid":"0c751690-c784-4a4f-b1e4-c1de27d47581"}},"album":{"name":"Merriweather Post Pavilion","mbid":"5fb66781-17d5-34c6-9ff0-eeba19d4e240","artist":{"name":"Animal Collective","mbid":"0c751690-c784-4a4f-b1e4-c1de27d47581"}},"application":"Grooveshark"},{"timestamp":{"iso":"2014-03-12T19:20:02","unixtimestamp":1394652002},"track":{"name":"Lion in a Coma","mbid":"0d57d932-9ddc-40ce-8604-70c797ec4632","artist":{"name":"Animal Collective","mbid":"0c751690-c784-4a4f-b1e4-c1de27d47581"}},"uncorrectedTrack":{"name":"Lion in a Coma","mbid":"0d57d932-9ddc-40ce-8604-70c797ec4632","artist":{"name":"Animal Collective","mbid":"0c751690-c784-4a4f-b1e4-c1de27d47581"}},"album":{"name":"Merriweather Post Pavilion","mbid":"5fb66781-17d5-34c6-9ff0-eeba19d4e240","artist":{"name":"Animal Collective","mbid":"0c751690-c784-4a4f-b1e4-c1de27d47581"}},"application":"Grooveshark"},{"timestamp":{"iso":"2014-03-18T20:57:12","unixtimestamp":1395176232},"track":{"name":"El Cargo","mbid":"57624e10-9cae-41ee-b7cc-798b9e626326","artist":{"name":"Amon Tobin","mbid":"630662ea-1c7d-4208-99fd-ba3afec20f0c"}},"uncorrectedTrack":{"name":"El Cargo","mbid":"57624e10-9cae-41ee-b7cc-798b9e626326","artist":{"name":"Amon Tobin","mbid":"630662ea-1c7d-4208-99fd-ba3afec20f0c"}},"album":{"name":"Splinter Cell 3 : Chaos Theory\u0027s OST","artist":{"name":"Amon Tobin","mbid":"630662ea-1c7d-4208-99fd-ba3afec20f0c"}},"application":"Grooveshark"},{"timestamp":{"iso":"2014-03-18T21:05:42","unixtimestamp":1395176742},"track":{"name":"Six Days","mbid":"ddd561b1-764a-4b9a-b4bd-9f526c7ba97b","artist":{"name":"DJ Shadow","mbid":"efa2c11a-1a35-4b60-bc1b-66d37de88511"}},"uncorrectedTrack":{"name":"Six Days","mbid":"ddd561b1-764a-4b9a-b4bd-9f526c7ba97b","artist":{"name":"DJ Shadow","mbid":"efa2c11a-1a35-4b60-bc1b-66d37de88511"}},"album":{"name":"The Private Press","mbid":"eb9f1d2f-1052-382a-a263-334931a8acfb","artist":{"name":"DJ Shadow","mbid":"efa2c11a-1a35-4b60-bc1b-66d37de88511"}},"application":"Grooveshark"},{"timestamp":{"iso":"2014-03-18T22:22:58","unixtimestamp":1395181378},"track":{"name":"El Cargo","mbid":"57624e10-9cae-41ee-b7cc-798b9e626326","artist":{"name":"Amon Tobin","mbid":"630662ea-1c7d-4208-99fd-ba3afec20f0c"}},"uncorrectedTrack":{"name":"El Cargo","mbid":"57624e10-9cae-41ee-b7cc-798b9e626326","artist":{"name":"Amon Tobin","mbid":"630662ea-1c7d-4208-99fd-ba3afec20f0c"}},"album":{"name":"Splinter Cell 3 : Chaos Theory\u0027s OST","artist":{"name":"Amon Tobin","mbid":"630662ea-1c7d-4208-99fd-ba3afec20f0c"}},"application":"Grooveshark"},{"timestamp":{"iso":"2014-03-18T22:27:28","unixtimestamp":1395181648},"track":{"name":"Six Days","mbid":"ddd561b1-764a-4b9a-b4bd-9f526c7ba97b","artist":{"name":"DJ Shadow","mbid":"efa2c11a-1a35-4b60-bc1b-66d37de88511"}},"uncorrectedTrack":{"name":"Six Days","mbid":"ddd561b1-764a-4b9a-b4bd-9f526c7ba97b","artist":{"name":"DJ Shadow","mbid":"efa2c11a-1a35-4b60-bc1b-66d37de88511"}},"album":{"name":"The Private Press","mbid":"eb9f1d2f-1052-382a-a263-334931a8acfb","artist":{"name":"DJ Shadow","mbid":"efa2c11a-1a35-4b60-bc1b-66d37de88511"}},"application":"Grooveshark"},{"timestamp":{"iso":"2014-03-19T15:46:28","unixtimestamp":1395243988},"track":{"name":"Wayward Bob","mbid":"9546fd8f-9324-4a5f-8167-410456707b5e","artist":{"name":"Bonobo","mbid":"6f7dea51-1d02-4be1-b138-92078518350c"}},"uncorrectedTrack":{"name":"Wayward Bob","mbid":"9546fd8f-9324-4a5f-8167-410456707b5e","artist":{"name":"Bonobo","mbid":"6f7dea51-1d02-4be1-b138-92078518350c"}},"album":{"name":"Dial M for Monkey","artist":{"name":"Bonobo","mbid":"6f7dea51-1d02-4be1-b138-92078518350c"}},"application":"Grooveshark"},{"timestamp":{"iso":"2014-03-19T15:51:10","unixtimestamp":1395244270},"track":{"name":"Ruthless","mbid":"264eee8b-5239-44f0-92cd-34f4f824d292","artist":{"name":"Amon Tobin","mbid":"630662ea-1c7d-4208-99fd-ba3afec20f0c"}},"uncorrectedTrack":{"name":"Ruthless","mbid":"264eee8b-5239-44f0-92cd-34f4f824d292","artist":{"name":"Amon Tobin","mbid":"630662ea-1c7d-4208-99fd-ba3afec20f0c"}},"album":{"name":"Chaos Theory (Splinter Cell)","artist":{"name":"Amon Tobin","mbid":"630662ea-1c7d-4208-99fd-ba3afec20f0c"}},"application":"Grooveshark"},{"timestamp":{"iso":"2014-03-19T16:42:52","unixtimestamp":1395247372},"track":{"name":"Theme From Battery","mbid":"55d85154-09b4-4220-b821-71697b91456b","artist":{"name":"Amon Tobin","mbid":"630662ea-1c7d-4208-99fd-ba3afec20f0c"}},"uncorrectedTrack":{"name":"Theme From Battery","mbid":"55d85154-09b4-4220-b821-71697b91456b","artist":{"name":"Amon Tobin","mbid":"630662ea-1c7d-4208-99fd-ba3afec20f0c"}},"album":{"name":"Splinter Cell 3 : Chaos Theory\u0027s OST","artist":{"name":"Amon Tobin","mbid":"630662ea-1c7d-4208-99fd-ba3afec20f0c"}},"application":"Grooveshark"},{"timestamp":{"iso":"2014-03-19T16:47:28","unixtimestamp":1395247648},"track":{"name":"Sapphire","mbid":"c184fc0c-7c4f-4c17-b5f3-d0fa10d305a5","artist":{"name":"Bonobo","mbid":"6f7dea51-1d02-4be1-b138-92078518350c"}},"uncorrectedTrack":{"name":"Sapphire","mbid":"c184fc0c-7c4f-4c17-b5f3-d0fa10d305a5","artist":{"name":"Bonobo","mbid":"6f7dea51-1d02-4be1-b138-92078518350c"}},"album":{"name":"The North Borders.","artist":{"name":"Bonobo","mbid":"6f7dea51-1d02-4be1-b138-92078518350c"}},"application":"Grooveshark"},{"timestamp":{"iso":"2014-03-19T16:52:16","unixtimestamp":1395247936},"track":{"name":"El Cargo","mbid":"57624e10-9cae-41ee-b7cc-798b9e626326","artist":{"name":"Amon Tobin","mbid":"630662ea-1c7d-4208-99fd-ba3afec20f0c"}},"uncorrectedTrack":{"name":"El Cargo","mbid":"57624e10-9cae-41ee-b7cc-798b9e626326","artist":{"name":"Amon Tobin","mbid":"630662ea-1c7d-4208-99fd-ba3afec20f0c"}},"album":{"name":"Splinter Cell 3 : Chaos Theory\u0027s OST","artist":{"name":"Amon Tobin","mbid":"630662ea-1c7d-4208-99fd-ba3afec20f0c"}},"application":"Grooveshark"},{"timestamp":{"iso":"2014-03-19T16:56:40","unixtimestamp":1395248200},"track":{"name":"Kiara","mbid":"da17946e-5e74-4c02-a474-6cd8e321b96a","artist":{"name":"Bonobo","mbid":"6f7dea51-1d02-4be1-b138-92078518350c"}},"uncorrectedTrack":{"name":"Kiara","mbid":"da17946e-5e74-4c02-a474-6cd8e321b96a","artist":{"name":"Bonobo","mbid":"6f7dea51-1d02-4be1-b138-92078518350c"}},"album":{"name":"Black Sands","mbid":"6b575427-f110-4c22-bdeb-89620f534da2","artist":{"name":"Bonobo","mbid":"6f7dea51-1d02-4be1-b138-92078518350c"}},"application":"Grooveshark"},{"timestamp":{"iso":"2014-03-19T17:00:30","unixtimestamp":1395248430},"track":{"name":"Nothing Owed","mbid":"facc16bd-4d0f-4a29-9230-83057f2d5d9a","artist":{"name":"Bonobo","mbid":"6f7dea51-1d02-4be1-b138-92078518350c"}},"uncorrectedTrack":{"name":"Nothing Owed","mbid":"facc16bd-4d0f-4a29-9230-83057f2d5d9a","artist":{"name":"Bonobo","mbid":"6f7dea51-1d02-4be1-b138-92078518350c"}},"album":{"name":"Dial M for Monkey","artist":{"name":"Bonobo","mbid":"6f7dea51-1d02-4be1-b138-92078518350c"}},"application":"Grooveshark"},{"timestamp":{"iso":"2014-03-19T17:06:49","unixtimestamp":1395248809},"track":{"name":"Paradise Circus","mbid":"022ef151-9c94-435d-b637-a8fe9ac9acb2","artist":{"name":"Massive Attack","mbid":"10adbe5e-a2c0-4bf3-8249-2b4cbf6e6ca8"}},"uncorrectedTrack":{"name":"Paradise Circus","mbid":"022ef151-9c94-435d-b637-a8fe9ac9acb2","artist":{"name":"Massive Attack","mbid":"10adbe5e-a2c0-4bf3-8249-2b4cbf6e6ca8"}},"album":{"name":"Heligoland","mbid":"5042d45d-6a48-4546-bdf5-26f01caa3a43","artist":{"name":"Massive Attack","mbid":"10adbe5e-a2c0-4bf3-8249-2b4cbf6e6ca8"}},"application":"Grooveshark"},{"timestamp":{"iso":"2014-03-19T17:11:46","unixtimestamp":1395249106},"track":{"name":"Teardrop","mbid":"10b95c61-bbab-4473-af83-4803729ee276","artist":{"name":"Massive Attack","mbid":"10adbe5e-a2c0-4bf3-8249-2b4cbf6e6ca8"}},"uncorrectedTrack":{"name":"Teardrop","mbid":"10b95c61-bbab-4473-af83-4803729ee276","artist":{"name":"Massive Attack","mbid":"10adbe5e-a2c0-4bf3-8249-2b4cbf6e6ca8"}},"album":{"name":"Collected","mbid":"bc5d83b1-c962-4b9f-8803-8c50545ba71c","artist":{"name":"Massive Attack","mbid":"10adbe5e-a2c0-4bf3-8249-2b4cbf6e6ca8"}},"application":"Grooveshark"},{"timestamp":{"iso":"2014-03-19T17:17:15","unixtimestamp":1395249435},"track":{"name":"Six Days","mbid":"ddd561b1-764a-4b9a-b4bd-9f526c7ba97b","artist":{"name":"DJ Shadow","mbid":"efa2c11a-1a35-4b60-bc1b-66d37de88511"}},"uncorrectedTrack":{"name":"Six Days","mbid":"ddd561b1-764a-4b9a-b4bd-9f526c7ba97b","artist":{"name":"DJ Shadow","mbid":"efa2c11a-1a35-4b60-bc1b-66d37de88511"}},"album":{"name":"The Private Press","mbid":"eb9f1d2f-1052-382a-a263-334931a8acfb","artist":{"name":"DJ Shadow","mbid":"efa2c11a-1a35-4b60-bc1b-66d37de88511"}},"application":"Grooveshark"},{"timestamp":{"iso":"2014-03-19T17:22:16","unixtimestamp":1395249736},"track":{"name":"Building Steam With a Grain of Salt","mbid":"6b802427-0902-43b0-8877-cd72c40d70ce","artist":{"name":"DJ Shadow","mbid":"efa2c11a-1a35-4b60-bc1b-66d37de88511"}},"uncorrectedTrack":{"name":"Building Steam With a Grain of Salt","mbid":"6b802427-0902-43b0-8877-cd72c40d70ce","artist":{"name":"DJ Shadow","mbid":"efa2c11a-1a35-4b60-bc1b-66d37de88511"}},"album":{"name":"Endtroducing.....","mbid":"5992a7fd-6ade-3895-827a-a7dfdf6ebb51","artist":{"name":"DJ Shadow","mbid":"efa2c11a-1a35-4b60-bc1b-66d37de88511"}},"application":"Grooveshark"},{"timestamp":{"iso":"2014-03-19T17:28:58","unixtimestamp":1395250138},"track":{"name":"Midnight in a Perfect World","mbid":"c9ac422c-adc1-4411-86c2-9be463ec4b49","artist":{"name":"DJ Shadow","mbid":"efa2c11a-1a35-4b60-bc1b-66d37de88511"}},"uncorrectedTrack":{"name":"Midnight in a Perfect World","mbid":"c9ac422c-adc1-4411-86c2-9be463ec4b49","artist":{"name":"DJ Shadow","mbid":"efa2c11a-1a35-4b60-bc1b-66d37de88511"}},"album":{"name":"Endtroducing.....","mbid":"5992a7fd-6ade-3895-827a-a7dfdf6ebb51","artist":{"name":"DJ Shadow","mbid":"efa2c11a-1a35-4b60-bc1b-66d37de88511"}},"application":"Grooveshark"},{"timestamp":{"iso":"2014-03-19T17:33:59","unixtimestamp":1395250439},"track":{"name":"Alternation","mbid":"0f1af780-1ed6-4e20-8d11-da462ca94703","artist":{"name":"Midwest Product","mbid":"0ce8de4d-8aa0-4093-b84f-66a18096f18e"}},"uncorrectedTrack":{"name":"Alternator","artist":{"name":"Midwest Product","mbid":"0ce8de4d-8aa0-4093-b84f-66a18096f18e"}},"album":{"name":"Specifics","mbid":"406ec6f6-a62e-4261-a7cd-6c87f1124eee","artist":{"name":"Midwest Product","mbid":"0ce8de4d-8aa0-4093-b84f-66a18096f18e"}},"application":"Grooveshark"},{"timestamp":{"iso":"2014-03-19T17:39:19","unixtimestamp":1395250759},"track":{"name":"What Else Is There?","mbid":"25e299f4-7d46-420a-b6cb-acf6e92ea8c5","artist":{"name":"Röyksopp","mbid":"1c70a3fc-fa3c-4be1-8b55-c3192db8a884"}},"uncorrectedTrack":{"name":"What Else Is There?","mbid":"25e299f4-7d46-420a-b6cb-acf6e92ea8c5","artist":{"name":"Röyksopp","mbid":"1c70a3fc-fa3c-4be1-8b55-c3192db8a884"}},"album":{"name":"2006 Chillout Sessions","artist":{"name":"Röyksopp","mbid":"1c70a3fc-fa3c-4be1-8b55-c3192db8a884"}},"application":"Grooveshark"},{"timestamp":{"iso":"2014-03-19T18:07:11","unixtimestamp":1395252431},"track":{"name":"Eple","mbid":"033703f6-f402-4657-8fe3-895dd3c66dcb","artist":{"name":"Röyksopp","mbid":"1c70a3fc-fa3c-4be1-8b55-c3192db8a884"}},"uncorrectedTrack":{"name":"Eple","mbid":"033703f6-f402-4657-8fe3-895dd3c66dcb","artist":{"name":"Röyksopp","mbid":"1c70a3fc-fa3c-4be1-8b55-c3192db8a884"}},"album":{"name":"Melody A.M.","mbid":"75ae802b-c8b6-4563-bded-24bff5fe7cf7","artist":{"name":"Röyksopp","mbid":"1c70a3fc-fa3c-4be1-8b55-c3192db8a884"}},"application":"Grooveshark"},{"timestamp":{"iso":"2014-03-19T18:13:00","unixtimestamp":1395252780},"track":{"name":"Happy Up Here","mbid":"034afea4-0c01-4ae2-8023-c09ddb944680","artist":{"name":"Röyksopp","mbid":"1c70a3fc-fa3c-4be1-8b55-c3192db8a884"}},"uncorrectedTrack":{"name":"Happy Up Here","mbid":"034afea4-0c01-4ae2-8023-c09ddb944680","artist":{"name":"Röyksopp","mbid":"1c70a3fc-fa3c-4be1-8b55-c3192db8a884"}},"album":{"name":"Blalock\u0027s Indie/Rock Playlist: March (2009)","artist":{"name":"Röyksopp","mbid":"1c70a3fc-fa3c-4be1-8b55-c3192db8a884"}},"application":"Grooveshark"},{"timestamp":{"iso":"2014-03-19T18:15:41","unixtimestamp":1395252941},"track":{"name":"Venus as a Boy","mbid":"76490b9d-32a5-4d13-8221-22ea6e3bbc0a","artist":{"name":"Björk","mbid":"87c5dedd-371d-4a53-9f7f-80522fb7f3cb"}},"uncorrectedTrack":{"name":"Venus as a Boy","mbid":"76490b9d-32a5-4d13-8221-22ea6e3bbc0a","artist":{"name":"Björk","mbid":"87c5dedd-371d-4a53-9f7f-80522fb7f3cb"}},"album":{"name":"Greatest Hits","mbid":"32e6cdfc-05c4-40b1-ae2d-929e1df1009e","artist":{"name":"Björk","mbid":"87c5dedd-371d-4a53-9f7f-80522fb7f3cb"}},"application":"Grooveshark"},{"timestamp":{"iso":"2014-03-19T18:20:22","unixtimestamp":1395253222},"track":{"name":"Alternation","mbid":"0f1af780-1ed6-4e20-8d11-da462ca94703","artist":{"name":"Midwest Product","mbid":"0ce8de4d-8aa0-4093-b84f-66a18096f18e"}},"uncorrectedTrack":{"name":"Alternator","artist":{"name":"Midwest Product","mbid":"0ce8de4d-8aa0-4093-b84f-66a18096f18e"}},"album":{"name":"Specifics","mbid":"406ec6f6-a62e-4261-a7cd-6c87f1124eee","artist":{"name":"Midwest Product","mbid":"0ce8de4d-8aa0-4093-b84f-66a18096f18e"}},"application":"Grooveshark"},{"timestamp":{"iso":"2014-03-19T18:28:26","unixtimestamp":1395253706},"track":{"name":"Jetstream","artist":{"name":"Lusine"}},"uncorrectedTrack":{"name":"Jetstream","artist":{"name":"L\u0027Usine","mbid":"24ee4021-50ac-4285-b76e-860082d0d731"}},"album":{"name":"Language Barrier","artist":{"name":"L\u0027Usine","mbid":"24ee4021-50ac-4285-b76e-860082d0d731"}},"application":"Grooveshark"},{"timestamp":{"iso":"2014-03-19T18:34:33","unixtimestamp":1395254073},"track":{"name":"Still Frame (Lusine remix)","mbid":"50196506-773a-4749-9c5a-cea40e4883d0","artist":{"name":"Lusine"}},"uncorrectedTrack":{"name":"Still Frame (Lusine remix)","mbid":"50196506-773a-4749-9c5a-cea40e4883d0","artist":{"name":"Lusine"}},"application":"Grooveshark"},{"timestamp":{"iso":"2014-03-19T18:38:59","unixtimestamp":1395254339},"track":{"name":"Notas (feat. Juan Carlos Cáceres)","artist":{"name":"Gotan Project","mbid":"23f8ae5f-2989-4ba4-a330-cbe5d250c13a"}},"uncorrectedTrack":{"name":"Notas (feat. Juan Carlos Cáceres)","artist":{"name":"Gotan Project","mbid":"23f8ae5f-2989-4ba4-a330-cbe5d250c13a"}},"album":{"name":"Lunático","mbid":"1217536c-e1d9-3489-a0d9-cdf4f7f845ab","artist":{"name":"Gotan Project","mbid":"23f8ae5f-2989-4ba4-a330-cbe5d250c13a"}},"application":"Grooveshark"},{"timestamp":{"iso":"2014-03-19T18:43:19","unixtimestamp":1395254599},"track":{"name":"Telepopmusic - Breathe","artist":{"name":"Télépopmusik","mbid":"265f242e-cf4e-4fbe-a3fe-43112387172f"}},"uncorrectedTrack":{"name":"Telepopmusic - Breathe","artist":{"name":"Télépopmusik","mbid":"265f242e-cf4e-4fbe-a3fe-43112387172f"}},"album":{"name":"Genetic World","mbid":"971b0a06-b8bc-4886-8e3c-82ad97ad83c9","artist":{"name":"Télépopmusik","mbid":"265f242e-cf4e-4fbe-a3fe-43112387172f"}},"application":"Grooveshark"},{"timestamp":{"iso":"2014-03-19T18:47:58","unixtimestamp":1395254878},"track":{"name":"Get Lucky (feat. Pharrell Williams)","artist":{"name":"Daft Punk","mbid":"056e4f3e-d505-4dad-8ec1-d04f521cbb56"}},"uncorrectedTrack":{"name":"Get Lucky (feat. Pharrell Williams)","artist":{"name":"Daft Punk","mbid":"056e4f3e-d505-4dad-8ec1-d04f521cbb56"}},"album":{"name":"Random Access Memories","mbid":"79215cdf-4764-4dee-b0b9-fec1643df7c5","artist":{"name":"Daft Punk","mbid":"056e4f3e-d505-4dad-8ec1-d04f521cbb56"}},"application":"Grooveshark"},{"timestamp":{"iso":"2014-03-19T18:54:07","unixtimestamp":1395255247},"track":{"name":"All That You Give","mbid":"91247ee5-9e3d-401c-b5b2-8bf63c11ec71","artist":{"name":"The Cinematic Orchestra","mbid":"7c158ea8-c0aa-410e-bdc1-20bba9759577"}},"uncorrectedTrack":{"name":"All That You Give","mbid":"91247ee5-9e3d-401c-b5b2-8bf63c11ec71","artist":{"name":"The Cinematic Orchestra","mbid":"7c158ea8-c0aa-410e-bdc1-20bba9759577"}},"album":{"name":"Every Day","mbid":"44270faa-917a-4415-be27-d7f0aab94d52","artist":{"name":"The Cinematic Orchestra","mbid":"7c158ea8-c0aa-410e-bdc1-20bba9759577"}},"application":"Grooveshark"},{"timestamp":{"iso":"2014-03-19T20:16:13","unixtimestamp":1395260173},"track":{"name":"Let’s Be Still","mbid":"bcbb3450-0c4f-45cd-845b-c0380736a7da","artist":{"name":"Yo La Tengo","mbid":"2af759f4-4c48-49eb-a512-ae463c40b99a"}},"uncorrectedTrack":{"name":"Let’s Be Still","mbid":"bcbb3450-0c4f-45cd-845b-c0380736a7da","artist":{"name":"Yo La Tengo","mbid":"2af759f4-4c48-49eb-a512-ae463c40b99a"}},"album":{"name":"Summer Sun","mbid":"ae471e32-e6f9-445e-89f4-2f1e138c648c","artist":{"name":"Yo La Tengo","mbid":"2af759f4-4c48-49eb-a512-ae463c40b99a"}},"application":"Grooveshark"},{"timestamp":{"iso":"2014-03-19T20:17:26","unixtimestamp":1395260246},"track":{"name":"I Wanna Be Your Lover","mbid":"06dc8e0c-2c97-4384-bb70-7154598fd5f0","artist":{"name":"Prince","mbid":"070d193a-845c-479f-980e-bef15710653e"}},"uncorrectedTrack":{"name":"I Wanna Be Your Lover","mbid":"06dc8e0c-2c97-4384-bb70-7154598fd5f0","artist":{"name":"Prince","mbid":"070d193a-845c-479f-980e-bef15710653e"}},"album":{"name":"The Very Best of Prince","mbid":"e50c1aa9-a26a-3070-ba1a-4d3490037ecf","artist":{"name":"Prince","mbid":"070d193a-845c-479f-980e-bef15710653e"}},"application":"Grooveshark"},{"timestamp":{"iso":"2014-03-19T20:20:45","unixtimestamp":1395260445},"track":{"name":"Theme From Battery","mbid":"55d85154-09b4-4220-b821-71697b91456b","artist":{"name":"Amon Tobin","mbid":"630662ea-1c7d-4208-99fd-ba3afec20f0c"}},"uncorrectedTrack":{"name":"Theme From Battery","mbid":"55d85154-09b4-4220-b821-71697b91456b","artist":{"name":"Amon Tobin","mbid":"630662ea-1c7d-4208-99fd-ba3afec20f0c"}},"album":{"name":"Splinter Cell 3 : Chaos Theory\u0027s OST","artist":{"name":"Amon Tobin","mbid":"630662ea-1c7d-4208-99fd-ba3afec20f0c"}},"application":"Grooveshark"},{"timestamp":{"iso":"2014-03-20T13:59:07","unixtimestamp":1395323947},"track":{"name":"La femme d\u0027argent","artist":{"name":"Air","mbid":"018dcc90-b1a2-400a-a96e-64b6a101f009"}},"uncorrectedTrack":{"name":"La femme d\u0027argent","artist":{"name":"Air","mbid":"018dcc90-b1a2-400a-a96e-64b6a101f009"}},"album":{"name":"Moon Safari","mbid":"66c2ceb8-d369-4d8c-b702-490838855977","artist":{"name":"Air","mbid":"018dcc90-b1a2-400a-a96e-64b6a101f009"}},"application":"Grooveshark"},{"timestamp":{"iso":"2014-03-20T14:05:32","unixtimestamp":1395324332},"track":{"name":"All I Need","mbid":"82db26c6-f364-4ece-b2a9-26b2ded3c5cc","artist":{"name":"Air","mbid":"018dcc90-b1a2-400a-a96e-64b6a101f009"}},"uncorrectedTrack":{"name":"All I Need","mbid":"82db26c6-f364-4ece-b2a9-26b2ded3c5cc","artist":{"name":"Air","mbid":"018dcc90-b1a2-400a-a96e-64b6a101f009"}},"album":{"name":"Moon Safari","mbid":"66c2ceb8-d369-4d8c-b702-490838855977","artist":{"name":"Air","mbid":"018dcc90-b1a2-400a-a96e-64b6a101f009"}},"application":"Grooveshark"},{"timestamp":{"iso":"2014-03-20T14:10:00","unixtimestamp":1395324600},"track":{"name":"You Make It Easy","mbid":"296021e3-77b4-4d66-9b37-a83cf565b1ca","artist":{"name":"Air","mbid":"018dcc90-b1a2-400a-a96e-64b6a101f009"}},"uncorrectedTrack":{"name":"You Make It Easy","mbid":"296021e3-77b4-4d66-9b37-a83cf565b1ca","artist":{"name":"Air","mbid":"018dcc90-b1a2-400a-a96e-64b6a101f009"}},"album":{"name":"Moon Safari","mbid":"66c2ceb8-d369-4d8c-b702-490838855977","artist":{"name":"Air","mbid":"018dcc90-b1a2-400a-a96e-64b6a101f009"}},"application":"Grooveshark"},{"timestamp":{"iso":"2014-03-20T14:14:02","unixtimestamp":1395324842},"track":{"name":"Remember [David Whitaker Versi","artist":{"name":"Air","mbid":"018dcc90-b1a2-400a-a96e-64b6a101f009"}},"uncorrectedTrack":{"name":"Remember [David Whitaker Versi","artist":{"name":"Air","mbid":"018dcc90-b1a2-400a-a96e-64b6a101f009"}},"album":{"name":"Moon Safari","mbid":"66c2ceb8-d369-4d8c-b702-490838855977","artist":{"name":"Air","mbid":"018dcc90-b1a2-400a-a96e-64b6a101f009"}},"application":"Grooveshark"},{"timestamp":{"iso":"2014-03-20T14:19:45","unixtimestamp":1395325185},"track":{"name":"Remember","mbid":"bd2013f2-fe79-4b4d-b70d-6237604e02f9","artist":{"name":"Air","mbid":"018dcc90-b1a2-400a-a96e-64b6a101f009"}},"uncorrectedTrack":{"name":"Remember","mbid":"bd2013f2-fe79-4b4d-b70d-6237604e02f9","artist":{"name":"Air","mbid":"018dcc90-b1a2-400a-a96e-64b6a101f009"}},"album":{"name":"Moon Safari","mbid":"66c2ceb8-d369-4d8c-b702-490838855977","artist":{"name":"Air","mbid":"018dcc90-b1a2-400a-a96e-64b6a101f009"}},"application":"Grooveshark"},{"timestamp":{"iso":"2014-03-21T15:41:24","unixtimestamp":1395416484},"track":{"name":"Lovely Bloodflow","mbid":"dee42d61-3d28-48f0-8a59-58efda853668","artist":{"name":"Baths","mbid":"84a5c934-8318-4080-8606-32b80e1b054a"}},"uncorrectedTrack":{"name":"Lovely Bloodflow","mbid":"dee42d61-3d28-48f0-8a59-58efda853668","artist":{"name":"Baths","mbid":"84a5c934-8318-4080-8606-32b80e1b054a"}},"album":{"name":"Cerulean","mbid":"5ddd6650-d435-447d-8679-98a63ddaf637","artist":{"name":"Baths","mbid":"84a5c934-8318-4080-8606-32b80e1b054a"}},"application":"Grooveshark"},{"timestamp":{"iso":"2014-03-21T15:45:02","unixtimestamp":1395416702},"track":{"name":"♥","mbid":"351fd8bd-3e0e-4098-808e-cd568c2ca3e2","artist":{"name":"Baths","mbid":"84a5c934-8318-4080-8606-32b80e1b054a"}},"uncorrectedTrack":{"name":"♥","mbid":"351fd8bd-3e0e-4098-808e-cd568c2ca3e2","artist":{"name":"Baths","mbid":"84a5c934-8318-4080-8606-32b80e1b054a"}},"album":{"name":"Cerulean","mbid":"5ddd6650-d435-447d-8679-98a63ddaf637","artist":{"name":"Baths","mbid":"84a5c934-8318-4080-8606-32b80e1b054a"}},"application":"Grooveshark"},{"timestamp":{"iso":"2014-03-21T15:48:20","unixtimestamp":1395416900},"track":{"name":"Chinese Water Python","mbid":"c02355cb-a77b-4977-bad0-430d5098aa2b","artist":{"name":"Robyn Hitchcock","mbid":"0584e561-1442-46c9-9593-923c34571eb7"}},"uncorrectedTrack":{"name":"Chinese Water Python","mbid":"c02355cb-a77b-4977-bad0-430d5098aa2b","artist":{"name":"Robyn Hitchcock","mbid":"0584e561-1442-46c9-9593-923c34571eb7"}},"album":{"name":"Eye [Rhino]","artist":{"name":"Robyn Hitchcock","mbid":"0584e561-1442-46c9-9593-923c34571eb7"}},"application":"Grooveshark"},{"timestamp":{"iso":"2014-03-21T19:55:03","unixtimestamp":1395431703},"track":{"name":"Lovely Bloodflow","mbid":"dee42d61-3d28-48f0-8a59-58efda853668","artist":{"name":"Baths","mbid":"84a5c934-8318-4080-8606-32b80e1b054a"}},"uncorrectedTrack":{"name":"Lovely Bloodflow","mbid":"dee42d61-3d28-48f0-8a59-58efda853668","artist":{"name":"Baths","mbid":"84a5c934-8318-4080-8606-32b80e1b054a"}},"album":{"name":"Cerulean","mbid":"5ddd6650-d435-447d-8679-98a63ddaf637","artist":{"name":"Baths","mbid":"84a5c934-8318-4080-8606-32b80e1b054a"}},"application":"Grooveshark"},{"timestamp":{"iso":"2014-03-21T19:58:40","unixtimestamp":1395431920},"track":{"name":"♥","mbid":"351fd8bd-3e0e-4098-808e-cd568c2ca3e2","artist":{"name":"Baths","mbid":"84a5c934-8318-4080-8606-32b80e1b054a"}},"uncorrectedTrack":{"name":"♥","mbid":"351fd8bd-3e0e-4098-808e-cd568c2ca3e2","artist":{"name":"Baths","mbid":"84a5c934-8318-4080-8606-32b80e1b054a"}},"album":{"name":"Cerulean","mbid":"5ddd6650-d435-447d-8679-98a63ddaf637","artist":{"name":"Baths","mbid":"84a5c934-8318-4080-8606-32b80e1b054a"}},"application":"Grooveshark"},{"timestamp":{"iso":"2014-03-21T20:01:58","unixtimestamp":1395432118},"track":{"name":"Chinese Water Python","mbid":"c02355cb-a77b-4977-bad0-430d5098aa2b","artist":{"name":"Robyn Hitchcock","mbid":"0584e561-1442-46c9-9593-923c34571eb7"}},"uncorrectedTrack":{"name":"Chinese Water Python","mbid":"c02355cb-a77b-4977-bad0-430d5098aa2b","artist":{"name":"Robyn Hitchcock","mbid":"0584e561-1442-46c9-9593-923c34571eb7"}},"album":{"name":"Eye [Rhino]","artist":{"name":"Robyn Hitchcock","mbid":"0584e561-1442-46c9-9593-923c34571eb7"}},"application":"Grooveshark"},{"timestamp":{"iso":"2014-03-21T20:16:30","unixtimestamp":1395432990},"track":{"name":"Lovely Bloodflow","mbid":"dee42d61-3d28-48f0-8a59-58efda853668","artist":{"name":"Baths","mbid":"84a5c934-8318-4080-8606-32b80e1b054a"}},"uncorrectedTrack":{"name":"Lovely Bloodflow","mbid":"dee42d61-3d28-48f0-8a59-58efda853668","artist":{"name":"Baths","mbid":"84a5c934-8318-4080-8606-32b80e1b054a"}},"album":{"name":"Cerulean","mbid":"5ddd6650-d435-447d-8679-98a63ddaf637","artist":{"name":"Baths","mbid":"84a5c934-8318-4080-8606-32b80e1b054a"}},"application":"Grooveshark"},{"timestamp":{"iso":"2014-03-21T20:20:43","unixtimestamp":1395433243},"track":{"name":"Rachmaninov: Piano Concerto #3 In D Minor, Op. 30 - 1. Allegro Ma Non Tanto","artist":{"name":"Sergei Rachmaninoff"}},"uncorrectedTrack":{"name":"Rachmaninov: Piano Concerto #3 In D Minor, Op. 30 - 1. Allegro Ma Non Tanto","artist":{"name":"Rachmaninoff"}},"album":{"name":"Rachmaninov: Piano Concertos #2 \u0026 3","artist":{"name":"Rachmaninoff"}},"application":"Grooveshark"},{"timestamp":{"iso":"2014-03-21T20:36:45","unixtimestamp":1395434205},"track":{"name":"Piano Concerto No. 2 In C Minor - I. Moderato. Allegro","artist":{"name":"Сергей Васильевич Рахманинов","mbid":"1a3c44f3-9bf6-4d13-9fa3-9bcd8a627fd8"}},"uncorrectedTrack":{"name":"Piano Concerto No. 2 In C Minor - I. Moderato. Allegro","artist":{"name":"Сергей Васильевич Рахманинов","mbid":"1a3c44f3-9bf6-4d13-9fa3-9bcd8a627fd8"}},"album":{"name":"Rachmaninoff: Piano Concerto No. 2/Rhapsody On A Theme Of Paganini/Vocalise","artist":{"name":"Сергей Васильевич Рахманинов","mbid":"1a3c44f3-9bf6-4d13-9fa3-9bcd8a627fd8"}},"application":"Grooveshark"},{"timestamp":{"iso":"2014-03-21T20:47:07","unixtimestamp":1395434827},"track":{"name":"Piano Concerto No. 2 in C minor - II. Adagio sostenuto","artist":{"name":"Сергей Васильевич Рахманинов","mbid":"1a3c44f3-9bf6-4d13-9fa3-9bcd8a627fd8"}},"uncorrectedTrack":{"name":"Piano Concerto No. 2 in C minor - II. Adagio sostenuto","artist":{"name":"Сергей Васильевич Рахманинов","mbid":"1a3c44f3-9bf6-4d13-9fa3-9bcd8a627fd8"}},"album":{"name":"Rachmaninoff: Piano Concerto No. 2/Rhapsody On A Theme Of Paganini/Vocalise","artist":{"name":"Сергей Васильевич Рахманинов","mbid":"1a3c44f3-9bf6-4d13-9fa3-9bcd8a627fd8"}},"application":"Grooveshark"},{"timestamp":{"iso":"2014-03-21T20:59:04","unixtimestamp":1395435544},"track":{"name":"Piano Concerto No. 2 in C minor - III. Allegro scherzando","artist":{"name":"Сергей Васильевич Рахманинов","mbid":"1a3c44f3-9bf6-4d13-9fa3-9bcd8a627fd8"}},"uncorrectedTrack":{"name":"Piano Concerto No. 2 in C minor - III. Allegro scherzando","artist":{"name":"Сергей Васильевич Рахманинов","mbid":"1a3c44f3-9bf6-4d13-9fa3-9bcd8a627fd8"}},"album":{"name":"Rachmaninoff: Piano Concerto No. 2/Rhapsody On A Theme Of Paganini/Vocalise","artist":{"name":"Сергей Васильевич Рахманинов","mbid":"1a3c44f3-9bf6-4d13-9fa3-9bcd8a627fd8"}},"application":"Grooveshark"},{"timestamp":{"iso":"2014-03-21T21:19:09","unixtimestamp":1395436749},"track":{"name":"Molto vivace - Presto - Molto vivace","artist":{"name":"Ludwig van Beethoven","mbid":"1f9df192-a621-4f54-8850-2c5373b7eac9"}},"uncorrectedTrack":{"name":"Molto vivace - presto - molto vivace","artist":{"name":"Beethoven","mbid":"b160e4df-52f8-4487-8375-e8fc7de4970b"}},"album":{"name":"Symphony no. 9","artist":{"name":"Beethoven","mbid":"b160e4df-52f8-4487-8375-e8fc7de4970b"}},"application":"Grooveshark"},{"timestamp":{"iso":"2014-03-21T21:30:56","unixtimestamp":1395437456},"track":{"name":"Symphony No 9 in D minor, 3rd Movement, Adagio molto e cantabile","artist":{"name":"Ludwig van Beethoven","mbid":"1f9df192-a621-4f54-8850-2c5373b7eac9"}},"uncorrectedTrack":{"name":"Symphony No 9 in D minor, 3rd Movement, Adagio molto e cantabile","artist":{"name":"Beethoven","mbid":"b160e4df-52f8-4487-8375-e8fc7de4970b"}},"album":{"name":"9 symphonies","artist":{"name":"Beethoven","mbid":"b160e4df-52f8-4487-8375-e8fc7de4970b"}},"application":"Grooveshark"},{"timestamp":{"iso":"2014-03-24T18:41:16","unixtimestamp":1395686476},"track":{"name":"FM Tan Sexy","mbid":"cf9f332a-9161-4193-86a5-60f233256c87","artist":{"name":"El Guincho","mbid":"7e57d8a2-e6eb-48dd-8e50-ff7eaa412ccb"}},"uncorrectedTrack":{"name":"FM Tan Sexy","mbid":"cf9f332a-9161-4193-86a5-60f233256c87","artist":{"name":"El Guincho","mbid":"7e57d8a2-e6eb-48dd-8e50-ff7eaa412ccb"}},"album":{"name":"Pop Negro","mbid":"d1155ca2-d814-4f17-9426-743189f8d853","artist":{"name":"El Guincho","mbid":"7e57d8a2-e6eb-48dd-8e50-ff7eaa412ccb"}},"application":"Grooveshark"},{"timestamp":{"iso":"2014-03-24T18:46:37","unixtimestamp":1395686797},"track":{"name":"Novias","mbid":"b4de7318-5e65-450c-baf2-d1cfac5e4b78","artist":{"name":"El Guincho","mbid":"7e57d8a2-e6eb-48dd-8e50-ff7eaa412ccb"}},"uncorrectedTrack":{"name":"Novias","mbid":"b4de7318-5e65-450c-baf2-d1cfac5e4b78","artist":{"name":"El Guincho","mbid":"7e57d8a2-e6eb-48dd-8e50-ff7eaa412ccb"}},"album":{"name":"Pop Negro","mbid":"d1155ca2-d814-4f17-9426-743189f8d853","artist":{"name":"El Guincho","mbid":"7e57d8a2-e6eb-48dd-8e50-ff7eaa412ccb"}},"application":"Grooveshark"},{"timestamp":{"iso":"2014-03-24T19:04:08","unixtimestamp":1395687848},"track":{"name":"Shampoo Suicide","mbid":"2414c37d-c79b-40e4-b96b-618aa5136a17","artist":{"name":"Broken Social Scene","mbid":"2eada8f8-056a-4093-bbc2-004909ce743b"}},"uncorrectedTrack":{"name":"Shampoo Suicide","mbid":"2414c37d-c79b-40e4-b96b-618aa5136a17","artist":{"name":"Broken Social Scene","mbid":"2eada8f8-056a-4093-bbc2-004909ce743b"}},"album":{"name":"Singles \u0026 Duplicates","artist":{"name":"Broken Social Scene","mbid":"2eada8f8-056a-4093-bbc2-004909ce743b"}},"application":"Grooveshark"},{"timestamp":{"iso":"2014-03-27T18:00:43","unixtimestamp":1395943243},"track":{"name":"Palmitos Park","mbid":"03dd1f0d-1b78-49bb-9de8-cad73560837d","artist":{"name":"El Guincho","mbid":"7e57d8a2-e6eb-48dd-8e50-ff7eaa412ccb"}},"uncorrectedTrack":{"name":"Palmitos Park","mbid":"03dd1f0d-1b78-49bb-9de8-cad73560837d","artist":{"name":"El Guincho","mbid":"7e57d8a2-e6eb-48dd-8e50-ff7eaa412ccb"}},"album":{"name":"Alegranza","mbid":"08cd6dab-f1e1-3360-b139-4b25e03d36a1","artist":{"name":"El Guincho","mbid":"7e57d8a2-e6eb-48dd-8e50-ff7eaa412ccb"}},"application":"Grooveshark"},{"timestamp":{"iso":"2014-03-27T18:08:05","unixtimestamp":1395943685},"track":{"name":"\u0027Ulili E (vocal duet with David Kamakahi)","artist":{"name":"Dennis Kamakahi","mbid":"003f777f-98e1-4a55-9548-6ec52b7e624c"}},"uncorrectedTrack":{"name":"\u0027Ulili E (vocal duet with David Kamakahi)","artist":{"name":"Dennis Kamakahi","mbid":"003f777f-98e1-4a55-9548-6ec52b7e624c"}},"album":{"name":"The Descendants Soundtrack","artist":{"name":"Dennis Kamakahi","mbid":"003f777f-98e1-4a55-9548-6ec52b7e624c"}},"application":"Grooveshark"},{"timestamp":{"iso":"2014-03-27T20:30:37","unixtimestamp":1395952237},"track":{"name":"\u0027Ulili E (vocal duet with David Kamakahi)","artist":{"name":"Dennis Kamakahi","mbid":"003f777f-98e1-4a55-9548-6ec52b7e624c"}},"uncorrectedTrack":{"name":"\u0027Ulili E (vocal duet with David Kamakahi)","artist":{"name":"Dennis Kamakahi","mbid":"003f777f-98e1-4a55-9548-6ec52b7e624c"}},"album":{"name":"The Descendants Soundtrack","artist":{"name":"Dennis Kamakahi","mbid":"003f777f-98e1-4a55-9548-6ec52b7e624c"}},"application":"Grooveshark"}]