[{"timestamp":{"iso":"2009-02-27T05:24:24","unixtimestamp":1235712264},"track":{"name":"First Flute","mbid":"baab86d5-a85e-47f3-94db-c5dd9ce14565","artist":{"name":"Zbigniew Preisner","mbid":"d229ee11-fc4e-4a1c-8e0a-1e8f84950532"}},"uncorrectedTrack":{"name":"First Flute","mbid":"baab86d5-a85e-47f3-94db-c5dd9ce14565","artist":{"name":"Zbigniew Preisner","mbid":"d229ee11-fc4e-4a1c-8e0a-1e8f84950532"}},"album":{"name":"Trois Couleurs - Bleu","artist":{"name":"Zbigniew Preisner","mbid":"d229ee11-fc4e-4a1c-8e0a-1e8f84950532"}}},{"timestamp":{"iso":"2009-02-27T05:25:23","unixtimestamp":1235712323},"track":{"name":"La Nuit","mbid":"1cf448da-9747-40f5-ac62-070c09fbae7b","artist":{"name":"Bruno Coulais","mbid":"67175330-1151-4d56-a0c1-2c208be39f6c"}},"uncorrectedTrack":{"name":"La Nuit","mbid":"1cf448da-9747-40f5-ac62-070c09fbae7b","artist":{"name":"Bruno Coulais","mbid":"67175330-1151-4d56-a0c1-2c208be39f6c"}},"album":{"name":"Les Choristes","mbid":"00aa47cd-6e11-4b90-8316-8b90d4bb0a21","artist":{"name":"Bruno Coulais","mbid":"67175330-1151-4d56-a0c1-2c208be39f6c"}}},{"timestamp":{"iso":"2009-02-27T05:29:09","unixtimestamp":1235712549},"track":{"name":"Long, Long Time Ago","mbid":"27b0a981-65b5-43bb-a3bd-5a7d7d00bd2d","artist":{"name":"Javier Navarrete","mbid":"e927aaaa-323e-4f90-952d-b420212191b2"}},"uncorrectedTrack":{"name":"Long, Long Time Ago","mbid":"27b0a981-65b5-43bb-a3bd-5a7d7d00bd2d","artist":{"name":"Javier Navarrete","mbid":"e927aaaa-323e-4f90-952d-b420212191b2"}},"album":{"name":"Pan\u0027s Labyrinth","mbid":"2c7c9ff1-2d71-47e9-a583-173f5bb05385","artist":{"name":"Javier Navarrete","mbid":"e927aaaa-323e-4f90-952d-b420212191b2"}}},{"timestamp":{"iso":"2009-02-27T05:31:28","unixtimestamp":1235712688},"track":{"name":"Clair de lune","mbid":"8bf270c0-2147-4452-a0fd-becb80de80f2","artist":{"name":"Claude Debussy","mbid":"be50643c-0377-4968-b48c-47e06b2e2a3b"}},"uncorrectedTrack":{"name":"Clair de lune","mbid":"8bf270c0-2147-4452-a0fd-becb80de80f2","artist":{"name":"Claude Debussy","mbid":"be50643c-0377-4968-b48c-47e06b2e2a3b"}},"album":{"name":"Klavierwerke: Clair de Lune","artist":{"name":"Claude Debussy","mbid":"be50643c-0377-4968-b48c-47e06b2e2a3b"}}},{"timestamp":{"iso":"2009-02-27T05:41:35","unixtimestamp":1235713295},"track":{"name":"Why Shouldn’t I?","artist":{"name":"Tommy Dorsey","mbid":"b1cfd018-b393-4632-babc-8a343edb4baa"}},"uncorrectedTrack":{"name":"Why Shouldn’t I?","artist":{"name":"Tommy Dorsey","mbid":"b1cfd018-b393-4632-babc-8a343edb4baa"}},"album":{"name":"Tommy Dorsey: The Complete Standard Transcriptions","artist":{"name":"Tommy Dorsey","mbid":"b1cfd018-b393-4632-babc-8a343edb4baa"}}},{"timestamp":{"iso":"2009-02-27T05:44:30","unixtimestamp":1235713470},"track":{"name":"Moonglow","mbid":"b38f8d5f-0dab-40c3-a239-be6e214f7613","artist":{"name":"Benny Goodman","mbid":"9b0b277d-f6dd-41c1-a980-7539655b515c"}},"uncorrectedTrack":{"name":"Moonglow","mbid":"b38f8d5f-0dab-40c3-a239-be6e214f7613","artist":{"name":"Benny Goodman","mbid":"9b0b277d-f6dd-41c1-a980-7539655b515c"}},"album":{"name":"The Original Benny Goodman Trio and Quartet Sessions, Vol. 1: After You\u0027ve Gone","artist":{"name":"Benny Goodman","mbid":"9b0b277d-f6dd-41c1-a980-7539655b515c"}}},{"timestamp":{"iso":"2009-02-27T05:48:06","unixtimestamp":1235713686},"track":{"name":"Little Brown Jug","mbid":"1a58b83f-557f-4a20-a820-f3f986a90baa","artist":{"name":"Glenn Miller","mbid":"0e360ff3-cec8-4b29-b11d-76565053b1ed"}},"uncorrectedTrack":{"name":"Little Brown Jug","mbid":"1a58b83f-557f-4a20-a820-f3f986a90baa","artist":{"name":"Glenn Miller","mbid":"0e360ff3-cec8-4b29-b11d-76565053b1ed"}},"album":{"name":"Greatest Hits","mbid":"1f8d1c14-3a5e-4f57-bf0b-a1541de2b364","artist":{"name":"Glenn Miller","mbid":"0e360ff3-cec8-4b29-b11d-76565053b1ed"}}},{"timestamp":{"iso":"2009-02-27T05:51:26","unixtimestamp":1235713886},"track":{"name":"The Scat Song","mbid":"418e2171-414e-4ad4-b6db-a9627500def9","artist":{"name":"Cab Calloway","mbid":"315bd083-892b-4e76-a9f0-91a7408168fc"}},"uncorrectedTrack":{"name":"The Scat Song","mbid":"418e2171-414e-4ad4-b6db-a9627500def9","artist":{"name":"Cab Calloway","mbid":"315bd083-892b-4e76-a9f0-91a7408168fc"}},"album":{"name":"The Early Years 1930-1934","artist":{"name":"Cab Calloway","mbid":"315bd083-892b-4e76-a9f0-91a7408168fc"}}},{"timestamp":{"iso":"2009-02-27T05:54:17","unixtimestamp":1235714057},"track":{"name":"Caldonia","mbid":"e334c1fc-0a9e-4621-8506-78c3a883a24a","artist":{"name":"Woody Herman","mbid":"73bb2ece-7ef7-4ee9-b3a0-bffe0b481bb0"}},"uncorrectedTrack":{"name":"Caldonia","mbid":"e334c1fc-0a9e-4621-8506-78c3a883a24a","artist":{"name":"Woody Herman","mbid":"73bb2ece-7ef7-4ee9-b3a0-bffe0b481bb0"}},"album":{"name":"Story","artist":{"name":"Woody Herman","mbid":"73bb2ece-7ef7-4ee9-b3a0-bffe0b481bb0"}}},{"timestamp":{"iso":"2009-02-27T05:57:26","unixtimestamp":1235714246},"track":{"name":"Uptown Blues","mbid":"2f91e5a8-8938-43cc-bc44-d21bda1583a9","artist":{"name":"Jimmie Lunceford","mbid":"92e5fa4e-b769-4f25-80c6-d30d73b75e88"}},"uncorrectedTrack":{"name":"Uptown Blues","mbid":"2f91e5a8-8938-43cc-bc44-d21bda1583a9","artist":{"name":"Jimmie Lunceford","mbid":"92e5fa4e-b769-4f25-80c6-d30d73b75e88"}},"album":{"name":"Jazznocracy","mbid":"05200207-a5fc-4866-ab5d-6ecf0b35d041","artist":{"name":"Jimmie Lunceford","mbid":"92e5fa4e-b769-4f25-80c6-d30d73b75e88"}}},{"timestamp":{"iso":"2009-02-27T06:00:27","unixtimestamp":1235714427},"track":{"name":"I\u0027m Beginning to See the Light","mbid":"121485e0-c996-4127-869f-955cc137616e","artist":{"name":"Harry James","mbid":"4ef815f7-6894-4b14-a414-baf050236c6e"}},"uncorrectedTrack":{"name":"I\u0027m Beginning to See the Light","mbid":"121485e0-c996-4127-869f-955cc137616e","artist":{"name":"Harry James","mbid":"4ef815f7-6894-4b14-a414-baf050236c6e"}},"album":{"name":"Big Band","mbid":"8adcdffb-5769-48bc-b8b6-9ad47bcfe463","artist":{"name":"Harry James","mbid":"4ef815f7-6894-4b14-a414-baf050236c6e"}}},{"timestamp":{"iso":"2009-02-27T06:04:00","unixtimestamp":1235714640},"track":{"name":"Deep Purple","mbid":"d38cc87c-4da4-421e-8f01-fad87a773988","artist":{"name":"Artie Shaw","mbid":"052a4318-d7c9-4de8-9a15-563712cfa2b1"}},"uncorrectedTrack":{"name":"Deep Purple","mbid":"d38cc87c-4da4-421e-8f01-fad87a773988","artist":{"name":"Artie Shaw","mbid":"052a4318-d7c9-4de8-9a15-563712cfa2b1"}},"album":{"name":"Begin The Beguine","mbid":"1622a6c4-52ce-4f34-901f-42eaba871e5e","artist":{"name":"Artie Shaw","mbid":"052a4318-d7c9-4de8-9a15-563712cfa2b1"}}},{"timestamp":{"iso":"2009-02-27T06:07:25","unixtimestamp":1235714845},"track":{"name":"In the Mood","artist":{"name":"Glenn Miller Orchestra"}},"uncorrectedTrack":{"name":"In the Mood","artist":{"name":"Glenn Miller Orchestra"}},"album":{"name":"Glenn Miller Orchestra (2 CD set)","artist":{"name":"Glenn Miller Orchestra"}}},{"timestamp":{"iso":"2009-02-27T06:11:09","unixtimestamp":1235715069},"track":{"name":"Contrasts","mbid":"db783693-f28f-4b3f-974a-400fdf325ba3","artist":{"name":"Jimmy Dorsey","mbid":"3b6956ed-37d2-4436-bf09-de901f0101e9"}},"uncorrectedTrack":{"name":"Contrasts","mbid":"db783693-f28f-4b3f-974a-400fdf325ba3","artist":{"name":"Jimmy Dorsey","mbid":"3b6956ed-37d2-4436-bf09-de901f0101e9"}},"album":{"name":"I Got Rhythm","artist":{"name":"Jimmy Dorsey","mbid":"3b6956ed-37d2-4436-bf09-de901f0101e9"}}},{"timestamp":{"iso":"2009-02-27T06:14:19","unixtimestamp":1235715259},"track":{"name":"Taboo","mbid":"b2a3e847-fb05-4da7-8b35-c2ba0662f977","artist":{"name":"Stan Kenton","mbid":"f19ce47e-2ceb-484c-9c4d-c04dcc7aff7e"}},"uncorrectedTrack":{"name":"Taboo","mbid":"b2a3e847-fb05-4da7-8b35-c2ba0662f977","artist":{"name":"Stan Kenton","mbid":"f19ce47e-2ceb-484c-9c4d-c04dcc7aff7e"}},"album":{"name":"New Concepts of Artistry in Rhythm","mbid":"0279b907-868a-4207-93d1-22d04b0fa0c8","artist":{"name":"Stan Kenton","mbid":"f19ce47e-2ceb-484c-9c4d-c04dcc7aff7e"}}},{"timestamp":{"iso":"2009-02-27T06:17:45","unixtimestamp":1235715465},"track":{"name":"Boogie Woogie Bugle Boy","mbid":"cc20292f-e160-4260-8e37-7c97badd2613","artist":{"name":"The Andrews Sisters","mbid":"0c62ad8b-aeaa-4bdf-a17e-c800d3745ea4"}},"uncorrectedTrack":{"name":"Boogie Woogie Bugle Boy","mbid":"cc20292f-e160-4260-8e37-7c97badd2613","artist":{"name":"The Andrews Sisters","mbid":"0c62ad8b-aeaa-4bdf-a17e-c800d3745ea4"}},"album":{"name":"The Magic Of The Andrew Sisters","artist":{"name":"The Andrews Sisters","mbid":"0c62ad8b-aeaa-4bdf-a17e-c800d3745ea4"}}},{"timestamp":{"iso":"2009-02-27T06:20:38","unixtimestamp":1235715638},"track":{"name":"Leap Frog","mbid":"fd2e4b62-a88c-475f-9c8d-d8a8fcd909c4","artist":{"name":"Les Brown","mbid":"3ffc8b31-cfe8-44c9-aa2e-e82d3355e9b3"}},"uncorrectedTrack":{"name":"Leap Frog","mbid":"fd2e4b62-a88c-475f-9c8d-d8a8fcd909c4","artist":{"name":"Les Brown","mbid":"3ffc8b31-cfe8-44c9-aa2e-e82d3355e9b3"}},"album":{"name":"Live 12 May 1957","artist":{"name":"Les Brown","mbid":"3ffc8b31-cfe8-44c9-aa2e-e82d3355e9b3"}}},{"timestamp":{"iso":"2009-02-27T06:23:24","unixtimestamp":1235715804},"track":{"name":"Dancing in the Dark","mbid":"48c367d8-a695-49f9-9cba-f6efaf414e18","artist":{"name":"Artie Shaw and His Orchestra","mbid":"2a53f414-d289-4af8-85b6-5d292dfe36bd"}},"uncorrectedTrack":{"name":"Dancing in the Dark","mbid":"48c367d8-a695-49f9-9cba-f6efaf414e18","artist":{"name":"Artie Shaw and His Orchestra","mbid":"2a53f414-d289-4af8-85b6-5d292dfe36bd"}},"album":{"name":"In Hollywood 1940-1941  Vol. II","artist":{"name":"Artie Shaw and His Orchestra","mbid":"2a53f414-d289-4af8-85b6-5d292dfe36bd"}}},{"timestamp":{"iso":"2009-02-27T06:26:14","unixtimestamp":1235715974},"track":{"name":"Farewell Blues","mbid":"28283dea-6b6a-4c48-bebd-bfea6259a41f","artist":{"name":"Paul Whiteman","mbid":"b8d920dd-fbd5-477f-9456-1a470b223ff7"}},"uncorrectedTrack":{"name":"Farewell Blues","mbid":"28283dea-6b6a-4c48-bebd-bfea6259a41f","artist":{"name":"Paul Whiteman","mbid":"b8d920dd-fbd5-477f-9456-1a470b223ff7"}},"album":{"name":"Let\u0027s Swing","mbid":"87425744-4d8a-43e3-9ea2-fef40c38ea97","artist":{"name":"Various Artists","mbid":"023671ff-b1ad-4133-a4f3-aadaaadfd2e0"}}},{"timestamp":{"iso":"2009-02-27T06:29:30","unixtimestamp":1235716170},"track":{"name":"King Porter Stomp","mbid":"eb23e853-b63c-447b-89c0-e23e2d15cf68","artist":{"name":"Fletcher Henderson","mbid":"f47d1c94-c3e3-4c84-a42a-6c33e0032839"}},"uncorrectedTrack":{"name":"King Porter Stomp","mbid":"eb23e853-b63c-447b-89c0-e23e2d15cf68","artist":{"name":"Fletcher Henderson","mbid":"f47d1c94-c3e3-4c84-a42a-6c33e0032839"}},"album":{"name":"The Fletcher Henderson Story","artist":{"name":"Fletcher Henderson","mbid":"f47d1c94-c3e3-4c84-a42a-6c33e0032839"}}},{"timestamp":{"iso":"2009-02-27T06:32:34","unixtimestamp":1235716354},"track":{"name":"Eugipelliv","artist":{"name":"Charlie Barnet","mbid":"da28dc95-f911-4bb3-9863-167c2505a485"}},"uncorrectedTrack":{"name":"Eugipelliv","artist":{"name":"Charlie Barnet","mbid":"da28dc95-f911-4bb3-9863-167c2505a485"}},"album":{"name":"The Capitol Big Band Sessions","artist":{"name":"Charlie Barnet","mbid":"da28dc95-f911-4bb3-9863-167c2505a485"}}},{"timestamp":{"iso":"2009-02-27T06:35:11","unixtimestamp":1235716511},"track":{"name":"Drummin\u0027 Man","mbid":"783bb9b5-3dc0-41f0-9062-07fb31826706","artist":{"name":"Gene Krupa","mbid":"fb23b49b-f964-46d0-a089-ae5e39956321"}},"uncorrectedTrack":{"name":"Drummin\u0027 Man","mbid":"783bb9b5-3dc0-41f0-9062-07fb31826706","artist":{"name":"Gene Krupa","mbid":"fb23b49b-f964-46d0-a089-ae5e39956321"}},"album":{"name":"Drums Drums Drums","mbid":"fe2f2d8b-6f23-4413-b471-be8537c3089e","artist":{"name":"Gene Krupa","mbid":"fb23b49b-f964-46d0-a089-ae5e39956321"}}},{"timestamp":{"iso":"2009-02-27T06:38:15","unixtimestamp":1235716695},"track":{"name":"Harlem Congo","mbid":"cc2f195f-e1be-4c71-bc56-5155314bb270","artist":{"name":"Chick Webb","mbid":"8ecae52e-9c89-4b61-99d8-ac11abc26771"}},"uncorrectedTrack":{"name":"Harlem Congo","mbid":"cc2f195f-e1be-4c71-bc56-5155314bb270","artist":{"name":"Chick Webb","mbid":"8ecae52e-9c89-4b61-99d8-ac11abc26771"}},"album":{"name":"Strictly Jive","mbid":"d1619f1a-b148-4113-a40d-281699b6694e","artist":{"name":"Chick Webb","mbid":"8ecae52e-9c89-4b61-99d8-ac11abc26771"}}},{"timestamp":{"iso":"2009-02-27T06:41:32","unixtimestamp":1235716892},"track":{"name":"King Porter Stomp","mbid":"354f3b1b-d46b-4d1d-9477-2f3b8437bb25","artist":{"name":"Benny Goodman","mbid":"9b0b277d-f6dd-41c1-a980-7539655b515c"}},"uncorrectedTrack":{"name":"King Porter Stomp","artist":{"name":"Benny Goodman \u0026 His Orchestra"}},"album":{"name":"Ridin\u0027 High","artist":{"name":"Benny Goodman \u0026 His Orchestra"}}},{"timestamp":{"iso":"2009-02-27T06:44:50","unixtimestamp":1235717090},"track":{"name":"The Kid from Red Bank","mbid":"8131b9ce-e706-4730-9f4c-7f6dc6d77242","artist":{"name":"Count Basie","mbid":"0dbd6300-efdc-420b-857e-895e18fad317"}},"uncorrectedTrack":{"name":"The Kid from Red Bank","mbid":"8131b9ce-e706-4730-9f4c-7f6dc6d77242","artist":{"name":"Count Basie","mbid":"0dbd6300-efdc-420b-857e-895e18fad317"}},"album":{"name":"The Complete Atomic Basie","mbid":"b5ce6304-bcc8-4ede-b457-47759af3420c","artist":{"name":"Count Basie","mbid":"0dbd6300-efdc-420b-857e-895e18fad317"}}},{"timestamp":{"iso":"2009-02-27T07:39:23","unixtimestamp":1235720363},"track":{"name":"Malibu","mbid":"6a0af321-b3d0-4cf4-9917-6b1836d1e49f","artist":{"name":"Benny Carter","mbid":"25cf5731-bed9-4604-97a4-8b9655de1a30"}},"uncorrectedTrack":{"name":"Malibu","mbid":"6a0af321-b3d0-4cf4-9917-6b1836d1e49f","artist":{"name":"Benny Carter","mbid":"25cf5731-bed9-4604-97a4-8b9655de1a30"}},"album":{"name":"Jazz Profile","artist":{"name":"Benny Carter","mbid":"25cf5731-bed9-4604-97a4-8b9655de1a30"}}},{"timestamp":{"iso":"2009-02-27T07:42:37","unixtimestamp":1235720557},"track":{"name":"Nice Work If You Can Get It","mbid":"b9675666-3ba8-47ed-8b2c-6680c86747b7","artist":{"name":"Tommy Dorsey","mbid":"b1cfd018-b393-4632-babc-8a343edb4baa"}},"uncorrectedTrack":{"name":"Nice Work If You Can Get It","mbid":"b9675666-3ba8-47ed-8b2c-6680c86747b7","artist":{"name":"Tommy Dorsey","mbid":"b1cfd018-b393-4632-babc-8a343edb4baa"}},"album":{"name":"Tommy Dorsey An His Clambake Seven 1936-1938","artist":{"name":"Tommy Dorsey","mbid":"b1cfd018-b393-4632-babc-8a343edb4baa"}}},{"timestamp":{"iso":"2009-02-27T07:45:03","unixtimestamp":1235720703},"track":{"name":"Honey Bun","mbid":"1799de33-95a7-424e-a312-1ea7bd493b38","artist":{"name":"Les Brown","mbid":"3ffc8b31-cfe8-44c9-aa2e-e82d3355e9b3"}},"uncorrectedTrack":{"name":"Honey Bun","mbid":"1799de33-95a7-424e-a312-1ea7bd493b38","artist":{"name":"Les Brown","mbid":"3ffc8b31-cfe8-44c9-aa2e-e82d3355e9b3"}},"album":{"name":"Dance to South Pacific/the Les Brown Story","artist":{"name":"Les Brown","mbid":"3ffc8b31-cfe8-44c9-aa2e-e82d3355e9b3"}}},{"timestamp":{"iso":"2009-02-27T07:47:51","unixtimestamp":1235720871},"track":{"name":"Christmas Eve","mbid":"99208410-1283-4ea0-91cd-8715e1274a89","artist":{"name":"Billy Eckstine","mbid":"dc335fdb-9bc6-42ca-86a1-e652318764cc"}},"uncorrectedTrack":{"name":"Christmas Eve","mbid":"99208410-1283-4ea0-91cd-8715e1274a89","artist":{"name":"Billy Eckstine","mbid":"dc335fdb-9bc6-42ca-86a1-e652318764cc"}},"album":{"name":"Essential Christmas","artist":{"name":"Various Artists","mbid":"023671ff-b1ad-4133-a4f3-aadaaadfd2e0"}}},{"timestamp":{"iso":"2009-02-27T07:51:01","unixtimestamp":1235721061},"track":{"name":"All or Nothing at All","mbid":"ee751d71-ce7c-4355-9b99-f1fcee0ba4c1","artist":{"name":"Harry James","mbid":"4ef815f7-6894-4b14-a414-baf050236c6e"}},"uncorrectedTrack":{"name":"All or Nothing at All","mbid":"ee751d71-ce7c-4355-9b99-f1fcee0ba4c1","artist":{"name":"Harry James","mbid":"4ef815f7-6894-4b14-a414-baf050236c6e"}},"album":{"name":"Big Band","mbid":"8adcdffb-5769-48bc-b8b6-9ad47bcfe463","artist":{"name":"Harry James","mbid":"4ef815f7-6894-4b14-a414-baf050236c6e"}}},{"timestamp":{"iso":"2009-02-27T07:54:22","unixtimestamp":1235721262},"track":{"name":"Jump, Jive, an\u0027 Wail","mbid":"83a3be6d-fb3b-4a9a-84ba-f7953825917e","artist":{"name":"Louis Prima","mbid":"b5997eef-2516-491a-a10e-5cee842bbcdc"}},"uncorrectedTrack":{"name":"Jump, Jive, an\u0027 Wail","mbid":"83a3be6d-fb3b-4a9a-84ba-f7953825917e","artist":{"name":"Louis Prima","mbid":"b5997eef-2516-491a-a10e-5cee842bbcdc"}},"album":{"name":"The Wildest!","mbid":"08d527ad-0ace-4550-9b01-7f897f060c5f","artist":{"name":"Louis Prima","mbid":"b5997eef-2516-491a-a10e-5cee842bbcdc"}}},{"timestamp":{"iso":"2009-02-27T07:58:00","unixtimestamp":1235721480},"track":{"name":"Don\u0027t Let The Sun Catch You Crying","mbid":"55a22e34-3bf2-470b-9db0-045fe09b50d6","artist":{"name":"Louis Jordan","mbid":"b8b30699-7814-4fd1-ab75-6f22f5da0fac"}},"uncorrectedTrack":{"name":"Don\u0027t Let The Sun Catch You Crying","mbid":"55a22e34-3bf2-470b-9db0-045fe09b50d6","artist":{"name":"Louis Jordan","mbid":"b8b30699-7814-4fd1-ab75-6f22f5da0fac"}},"album":{"name":"Man Alive - It\u0027s The Jumping Jive","artist":{"name":"Louis Jordan","mbid":"b8b30699-7814-4fd1-ab75-6f22f5da0fac"}}},{"timestamp":{"iso":"2009-02-27T08:01:20","unixtimestamp":1235721680},"track":{"name":"Licorice Stick Polka","artist":{"name":"Jimmy Dorsey","mbid":"3b6956ed-37d2-4436-bf09-de901f0101e9"}},"uncorrectedTrack":{"name":"Licorice Stick Polka","artist":{"name":"Jimmy Dorsey","mbid":"3b6956ed-37d2-4436-bf09-de901f0101e9"}},"album":{"name":"16 Most Requested Polkas","mbid":"0d0859d9-6e6b-441c-b078-e33793ea7d34","artist":{"name":"Various Artists","mbid":"023671ff-b1ad-4133-a4f3-aadaaadfd2e0"}}},{"timestamp":{"iso":"2009-02-27T08:04:21","unixtimestamp":1235721861},"track":{"name":"You Go to My Head","mbid":"2ccfee8c-11db-441e-8995-defd21d3501a","artist":{"name":"Stan Kenton","mbid":"f19ce47e-2ceb-484c-9c4d-c04dcc7aff7e"}},"uncorrectedTrack":{"name":"You Go to My Head","mbid":"2ccfee8c-11db-441e-8995-defd21d3501a","artist":{"name":"Stan Kenton","mbid":"f19ce47e-2ceb-484c-9c4d-c04dcc7aff7e"}},"album":{"name":"City of Glass","mbid":"37207039-49ea-4bb8-8f2e-4b0fa1ba09ca","artist":{"name":"Stan Kenton","mbid":"f19ce47e-2ceb-484c-9c4d-c04dcc7aff7e"}}},{"timestamp":{"iso":"2009-02-27T08:07:50","unixtimestamp":1235722070},"track":{"name":"When Lights Are Low","mbid":"0ffcca70-abff-4ed5-b1a8-fae2661daf57","artist":{"name":"Lionel Hampton","mbid":"17cf2413-99c1-441d-ba92-700e811daf56"}},"uncorrectedTrack":{"name":"When Lights Are Low","mbid":"0ffcca70-abff-4ed5-b1a8-fae2661daf57","artist":{"name":"Lionel Hampton","mbid":"17cf2413-99c1-441d-ba92-700e811daf56"}},"album":{"name":"All Star Sessions: Hot Mallets, Vol. 2","artist":{"name":"Lionel Hampton","mbid":"17cf2413-99c1-441d-ba92-700e811daf56"}}},{"timestamp":{"iso":"2009-02-27T08:10:13","unixtimestamp":1235722213},"track":{"name":"My Blue Heaven","artist":{"name":"Glenn Miller Orchestra"}},"uncorrectedTrack":{"name":"My Blue Heaven","artist":{"name":"Glenn Miller Orchestra"}},"album":{"name":"Glenn Miller Orchestra (2 CD set)","artist":{"name":"Glenn Miller Orchestra"}}},{"timestamp":{"iso":"2009-02-27T08:11:54","unixtimestamp":1235722314},"track":{"name":"In the Mood","mbid":"877e3baa-3b32-498c-9584-23f5f93df6c2","artist":{"name":"Glenn Miller","mbid":"0e360ff3-cec8-4b29-b11d-76565053b1ed"}},"uncorrectedTrack":{"name":"In the Mood","mbid":"877e3baa-3b32-498c-9584-23f5f93df6c2","artist":{"name":"Glenn Miller","mbid":"0e360ff3-cec8-4b29-b11d-76565053b1ed"}},"album":{"name":"Greatest Hits","mbid":"1f8d1c14-3a5e-4f57-bf0b-a1541de2b364","artist":{"name":"Glenn Miller","mbid":"0e360ff3-cec8-4b29-b11d-76565053b1ed"}}},{"timestamp":{"iso":"2009-02-27T08:15:39","unixtimestamp":1235722539},"track":{"name":"Frenesi","mbid":"ac5610db-d63e-4547-a4d5-975e5e3ea5bb","artist":{"name":"Artie Shaw","mbid":"052a4318-d7c9-4de8-9a15-563712cfa2b1"}},"uncorrectedTrack":{"name":"Frenesi","mbid":"ac5610db-d63e-4547-a4d5-975e5e3ea5bb","artist":{"name":"Artie Shaw","mbid":"052a4318-d7c9-4de8-9a15-563712cfa2b1"}},"album":{"name":"Begin The Beguine","mbid":"1622a6c4-52ce-4f34-901f-42eaba871e5e","artist":{"name":"Artie Shaw","mbid":"052a4318-d7c9-4de8-9a15-563712cfa2b1"}}},{"timestamp":{"iso":"2009-02-27T08:18:55","unixtimestamp":1235722735},"track":{"name":"Blue Illusion","artist":{"name":"Glen Gray","mbid":"7c3536ff-db06-4052-844a-c4f79d71379f"}},"uncorrectedTrack":{"name":"Blue Illusion","artist":{"name":"Glen Gray","mbid":"7c3536ff-db06-4052-844a-c4f79d71379f"}},"album":{"name":"Live At The Rainbow Room NYC March / April 1936","artist":{"name":"Glen Gray","mbid":"7c3536ff-db06-4052-844a-c4f79d71379f"}}},{"timestamp":{"iso":"2009-02-27T08:21:49","unixtimestamp":1235722909},"track":{"name":"Jersey Bounce","mbid":"e03e8ed9-9ce7-46a6-ab33-2010fb6875da","artist":{"name":"Benny Goodman","mbid":"9b0b277d-f6dd-41c1-a980-7539655b515c"}},"uncorrectedTrack":{"name":"Jersey Bounce","artist":{"name":"Benny Goodman \u0026 His Orchestra"}},"album":{"name":"1941-1942","artist":{"name":"Benny Goodman \u0026 His Orchestra"}}},{"timestamp":{"iso":"2009-02-27T08:25:02","unixtimestamp":1235723102},"track":{"name":"The St. Louis Blues","mbid":"2e70a55c-6cd3-45c3-bb2f-40b765817e75","artist":{"name":"Fletcher Henderson","mbid":"f47d1c94-c3e3-4c84-a42a-6c33e0032839"}},"uncorrectedTrack":{"name":"The St. Louis Blues","mbid":"2e70a55c-6cd3-45c3-bb2f-40b765817e75","artist":{"name":"Fletcher Henderson","mbid":"f47d1c94-c3e3-4c84-a42a-6c33e0032839"}},"album":{"name":"The Harmony \u0026 Vocalion Session","artist":{"name":"Fletcher Henderson","mbid":"f47d1c94-c3e3-4c84-a42a-6c33e0032839"}}},{"timestamp":{"iso":"2009-02-27T08:28:15","unixtimestamp":1235723295},"track":{"name":"Loot to Boot","mbid":"7f992b47-d9b7-4e0c-98b5-bd922313d6b4","artist":{"name":"Erroll Garner","mbid":"75bd5186-9d89-4da9-95de-fce055c28895"}},"uncorrectedTrack":{"name":"Loot to Boot","mbid":"7f992b47-d9b7-4e0c-98b5-bd922313d6b4","artist":{"name":"Erroll Garner","mbid":"75bd5186-9d89-4da9-95de-fce055c28895"}},"album":{"name":"Solo, New York, 1944-45","artist":{"name":"Erroll Garner","mbid":"75bd5186-9d89-4da9-95de-fce055c28895"}}},{"timestamp":{"iso":"2009-02-27T08:31:29","unixtimestamp":1235723489},"track":{"name":"The Man I Love","mbid":"6792094d-7c1b-431c-993d-6c481ea0bd86","artist":{"name":"Teddy Wilson","mbid":"2e89725a-ac85-414c-b3b2-70f0a82fae9a"}},"uncorrectedTrack":{"name":"The Man I Love","mbid":"6792094d-7c1b-431c-993d-6c481ea0bd86","artist":{"name":"Teddy Wilson","mbid":"2e89725a-ac85-414c-b3b2-70f0a82fae9a"}},"album":{"name":"Jumpin\u0027 for Joy","artist":{"name":"Teddy Wilson","mbid":"2e89725a-ac85-414c-b3b2-70f0a82fae9a"}}},{"timestamp":{"iso":"2009-02-27T16:00:59","unixtimestamp":1235750459},"track":{"name":"One O\u0027Clock Jump","mbid":"26ca6428-1efb-4bb0-9285-989a1e4497bc","artist":{"name":"Count Basie","mbid":"0dbd6300-efdc-420b-857e-895e18fad317"}},"uncorrectedTrack":{"name":"One O\u0027Clock Jump","mbid":"26ca6428-1efb-4bb0-9285-989a1e4497bc","artist":{"name":"Count Basie","mbid":"0dbd6300-efdc-420b-857e-895e18fad317"}},"album":{"name":"Gold","mbid":"49b75104-cfd2-4037-9844-22e1f2379b35","artist":{"name":"Count Basie","mbid":"0dbd6300-efdc-420b-857e-895e18fad317"}}},{"timestamp":{"iso":"2009-02-27T16:04:35","unixtimestamp":1235750675},"track":{"name":"Je chante","mbid":"4f531ae4-94e0-4dde-b43f-bd696f2a7aba","artist":{"name":"Charles Trenet","mbid":"31ee7748-fd85-46cf-bdd2-5a30955a5890"}},"uncorrectedTrack":{"name":"Je Chante","artist":{"name":"Charles Trénet"}},"album":{"name":"Le Fou Chantant L\u0027Indispensable","artist":{"name":"Charles Trénet"}}},{"timestamp":{"iso":"2009-02-27T16:07:29","unixtimestamp":1235750849},"track":{"name":"Un dur, un vrai, un tatoué","mbid":"c20f117e-7ac3-4a97-baa2-2d0a9bb8d80a","artist":{"name":"Fernandel","mbid":"0bce7eda-e55b-4176-aa1f-b8d2ca447a17"}},"uncorrectedTrack":{"name":"Un dur, un vrai, un tatoué","mbid":"c20f117e-7ac3-4a97-baa2-2d0a9bb8d80a","artist":{"name":"Fernandel","mbid":"0bce7eda-e55b-4176-aa1f-b8d2ca447a17"}},"album":{"name":"Le Flamboyant","artist":{"name":"Fernandel","mbid":"0bce7eda-e55b-4176-aa1f-b8d2ca447a17"}}},{"timestamp":{"iso":"2009-02-27T16:10:16","unixtimestamp":1235751016},"track":{"name":"Paris sera toujours Paris","mbid":"2166c5a9-b3a6-4afa-9172-f212c2e2149d","artist":{"name":"Maurice Chevalier","mbid":"14bd0103-ba7c-4384-9261-e9b919cdbf3f"}},"uncorrectedTrack":{"name":"Paris sera toujours Paris","mbid":"2166c5a9-b3a6-4afa-9172-f212c2e2149d","artist":{"name":"Maurice Chevalier","mbid":"14bd0103-ba7c-4384-9261-e9b919cdbf3f"}},"album":{"name":"The Essential Collection","artist":{"name":"Maurice Chevalier","mbid":"14bd0103-ba7c-4384-9261-e9b919cdbf3f"}}},{"timestamp":{"iso":"2009-02-27T16:13:47","unixtimestamp":1235751227},"track":{"name":"Mon amant de Saint-Jean","artist":{"name":"Lucienne Delyle","mbid":"82e0bc9c-2cf4-403d-939c-1d8c00767170"}},"uncorrectedTrack":{"name":"Mon amant de Saint-Jean","artist":{"name":"Lucienne Delyle","mbid":"82e0bc9c-2cf4-403d-939c-1d8c00767170"}},"album":{"name":"Les Temps Des Guinguettes","artist":{"name":"Mistinguett","mbid":"56f20419-8b60-43b6-815f-15db46905de5"}}},{"timestamp":{"iso":"2009-02-27T16:17:07","unixtimestamp":1235751427},"track":{"name":"L\u0027affiche rouge","mbid":"abbd445e-0183-45da-b81c-3ad5bddd8e6e","artist":{"name":"Léo Ferré","mbid":"15b1cbac-060a-4136-9e07-4622c52c0f60"}},"uncorrectedTrack":{"name":"L\u0027affiche rouge","mbid":"abbd445e-0183-45da-b81c-3ad5bddd8e6e","artist":{"name":"Léo Ferré","mbid":"15b1cbac-060a-4136-9e07-4622c52c0f60"}},"album":{"name":"Léo Ferré chante Aragon","artist":{"name":"Léo Ferré","mbid":"15b1cbac-060a-4136-9e07-4622c52c0f60"}}},{"timestamp":{"iso":"2009-02-27T16:21:18","unixtimestamp":1235751678},"track":{"name":"Le déserteur","mbid":"062a4140-56f6-4305-98c6-30939455b145","artist":{"name":"Boris Vian","mbid":"831094a1-8295-459d-bc64-ed25e6cc1192"}},"uncorrectedTrack":{"name":"Le déserteur","mbid":"062a4140-56f6-4305-98c6-30939455b145","artist":{"name":"Boris Vian","mbid":"831094a1-8295-459d-bc64-ed25e6cc1192"}},"album":{"name":"Boris Vian chante Boris Vian","mbid":"7d6130fe-107b-4dcc-9a73-848c6923d568","artist":{"name":"Boris Vian","mbid":"831094a1-8295-459d-bc64-ed25e6cc1192"}}},{"timestamp":{"iso":"2009-02-27T16:24:53","unixtimestamp":1235751893},"track":{"name":"C\u0027est vrai","mbid":"0b74d73d-ddf2-47f9-9ded-861154824556","artist":{"name":"Mistinguett","mbid":"56f20419-8b60-43b6-815f-15db46905de5"}},"uncorrectedTrack":{"name":"C\u0027est vrai","mbid":"0b74d73d-ddf2-47f9-9ded-861154824556","artist":{"name":"Mistinguett","mbid":"56f20419-8b60-43b6-815f-15db46905de5"}},"album":{"name":"La douce France rétro","mbid":"d383fcd0-0517-45bf-8eb3-b17a601c1d09","artist":{"name":"Mistinguett","mbid":"56f20419-8b60-43b6-815f-15db46905de5"}}},{"timestamp":{"iso":"2009-02-27T16:27:49","unixtimestamp":1235752069},"track":{"name":"La java bleue","mbid":"a6a0f31e-9db6-418a-8fb9-39b1953d5e6b","artist":{"name":"Fréhel","mbid":"2843222d-ac45-4ec9-9309-db95624ac2ec"}},"uncorrectedTrack":{"name":"La java bleue","mbid":"a6a0f31e-9db6-418a-8fb9-39b1953d5e6b","artist":{"name":"Fréhel","mbid":"2843222d-ac45-4ec9-9309-db95624ac2ec"}},"album":{"name":"La Java Bleue","mbid":"5c2815a1-72af-4a4a-a7b5-f87491c48ff7","artist":{"name":"Fréhel","mbid":"2843222d-ac45-4ec9-9309-db95624ac2ec"}}},{"timestamp":{"iso":"2009-02-27T16:30:42","unixtimestamp":1235752242},"track":{"name":"Je hais les dimanches","mbid":"942b0a70-873a-4c09-b33a-9b9038325764","artist":{"name":"Juliette Gréco","mbid":"2be50b6a-6cec-4339-a052-6080aa1d212e"}},"uncorrectedTrack":{"name":"Je hais les dimanches","mbid":"942b0a70-873a-4c09-b33a-9b9038325764","artist":{"name":"Juliette Gréco","mbid":"2be50b6a-6cec-4339-a052-6080aa1d212e"}},"album":{"name":"Les feuilles mortes","mbid":"b65f0ced-8f48-4dc8-9d09-64a052ab31c9","artist":{"name":"Juliette Gréco","mbid":"2be50b6a-6cec-4339-a052-6080aa1d212e"}}},{"timestamp":{"iso":"2009-02-27T16:34:30","unixtimestamp":1235752470},"track":{"name":"Nantes","mbid":"42a4d7aa-303e-4475-b465-2e0f718adaca","artist":{"name":"Barbara","mbid":"286c9551-d703-4037-a022-b1b146afbabb"}},"uncorrectedTrack":{"name":"Nantes","mbid":"42a4d7aa-303e-4475-b465-2e0f718adaca","artist":{"name":"Barbara","mbid":"286c9551-d703-4037-a022-b1b146afbabb"}},"album":{"name":"Volume 4 : Göttingen","artist":{"name":"Barbara","mbid":"286c9551-d703-4037-a022-b1b146afbabb"}}},{"timestamp":{"iso":"2009-02-27T16:39:13","unixtimestamp":1235752753},"track":{"name":"Il faut savoir","mbid":"8103f034-f753-49c4-b5a7-05e6381be826","artist":{"name":"Charles Aznavour","mbid":"50e5b70f-3727-4bce-9eb1-d7a6d0db4d55"}},"uncorrectedTrack":{"name":"Il faut savoir","mbid":"8103f034-f753-49c4-b5a7-05e6381be826","artist":{"name":"Charles Aznavour","mbid":"50e5b70f-3727-4bce-9eb1-d7a6d0db4d55"}},"album":{"name":"20 Chansons D\u0027or","mbid":"a3d56320-6624-43bb-a27c-2652cf243ccf","artist":{"name":"Charles Aznavour","mbid":"50e5b70f-3727-4bce-9eb1-d7a6d0db4d55"}}},{"timestamp":{"iso":"2009-02-27T16:42:29","unixtimestamp":1235752949},"track":{"name":"Luna rossa","mbid":"d493eb9a-abb0-4da4-8e54-95e9cab2c4f0","artist":{"name":"Lucienne Delyle","mbid":"82e0bc9c-2cf4-403d-939c-1d8c00767170"}},"uncorrectedTrack":{"name":"Luna rossa","mbid":"d493eb9a-abb0-4da4-8e54-95e9cab2c4f0","artist":{"name":"Lucienne Delyle","mbid":"82e0bc9c-2cf4-403d-939c-1d8c00767170"}},"album":{"name":"Café St Trpez","artist":{"name":"Édith Piaf","mbid":"4f8ef4a3-40fa-46b5-8773-97686a8424f4"}}},{"timestamp":{"iso":"2009-02-27T16:46:28","unixtimestamp":1235753188},"track":{"name":"Parlez-moi d\u0027amour","mbid":"2fdd3589-ce18-42f2-966e-6fca40999f05","artist":{"name":"Lucienne Boyer","mbid":"794f27ad-ad32-4a88-b390-79d0141773ca"}},"uncorrectedTrack":{"name":"Parlez-moi d\u0027amour","mbid":"2fdd3589-ce18-42f2-966e-6fca40999f05","artist":{"name":"Lucienne Boyer","mbid":"794f27ad-ad32-4a88-b390-79d0141773ca"}},"album":{"name":"Parlez-moi d\u0027amour","mbid":"ff07ceef-2525-408b-a489-d5b9fd469721","artist":{"name":"Lucienne Boyer","mbid":"794f27ad-ad32-4a88-b390-79d0141773ca"}}},{"timestamp":{"iso":"2009-02-27T16:49:29","unixtimestamp":1235753369},"track":{"name":"Sombre dimanche","mbid":"ede3b08a-5256-482f-919a-d12b79457625","artist":{"name":"Damia","mbid":"03587257-195b-4953-ac4d-1935f55a7017"}},"uncorrectedTrack":{"name":"Sombre dimanche","mbid":"ede3b08a-5256-482f-919a-d12b79457625","artist":{"name":"Damia","mbid":"03587257-195b-4953-ac4d-1935f55a7017"}},"album":{"name":"Anthologie (1929-1944)","artist":{"name":"Damia","mbid":"03587257-195b-4953-ac4d-1935f55a7017"}}},{"timestamp":{"iso":"2009-02-27T16:53:00","unixtimestamp":1235753580},"track":{"name":"Night And Day","mbid":"18b92766-e3a7-41dc-b122-cf2911b17504","artist":{"name":"Tommy Dorsey","mbid":"b1cfd018-b393-4632-babc-8a343edb4baa"}},"uncorrectedTrack":{"name":"Night And Day","mbid":"18b92766-e3a7-41dc-b122-cf2911b17504","artist":{"name":"Tommy Dorsey","mbid":"b1cfd018-b393-4632-babc-8a343edb4baa"}},"album":{"name":"A Portrait of Tommy Dorsey (disc 1)","artist":{"name":"Tommy Dorsey","mbid":"b1cfd018-b393-4632-babc-8a343edb4baa"}}},{"timestamp":{"iso":"2009-02-27T16:57:59","unixtimestamp":1235753879},"track":{"name":"Go to Sleep","mbid":"aef6c77f-b824-4e51-af04-b2900c80fc15","artist":{"name":"Radiohead","mbid":"a74b1b7f-71a5-4011-9441-d0b5e4122711"}},"uncorrectedTrack":{"name":"Go to Sleep","mbid":"aef6c77f-b824-4e51-af04-b2900c80fc15","artist":{"name":"Radiohead","mbid":"a74b1b7f-71a5-4011-9441-d0b5e4122711"}},"album":{"name":"Hail to the Thief","mbid":"328a293a-f871-3462-a84e-82f088276663","artist":{"name":"Radiohead","mbid":"a74b1b7f-71a5-4011-9441-d0b5e4122711"}}},{"timestamp":{"iso":"2009-02-27T17:01:29","unixtimestamp":1235754089},"track":{"name":"Moon Mall","mbid":"cd9407d4-47ec-4a3b-9aee-4a26eaf9bd55","artist":{"name":"Jonny Greenwood","mbid":"e9fcfbbf-1743-4f73-8744-ada8da7394ea"}},"uncorrectedTrack":{"name":"Moon Mall","mbid":"cd9407d4-47ec-4a3b-9aee-4a26eaf9bd55","artist":{"name":"Jonny Greenwood","mbid":"e9fcfbbf-1743-4f73-8744-ada8da7394ea"}},"album":{"name":"Bodysong","mbid":"eae7f6cd-5bea-394f-9260-1f23c7734d0f","artist":{"name":"Jonny Greenwood","mbid":"e9fcfbbf-1743-4f73-8744-ada8da7394ea"}}},{"timestamp":{"iso":"2009-02-27T17:02:48","unixtimestamp":1235754168},"track":{"name":"Fight Test","mbid":"0b7927a1-5514-46df-b079-4cda60f75c2e","artist":{"name":"The Flaming Lips","mbid":"1f43d76f-8edf-44f6-aaf1-b65f05ad9402"}},"uncorrectedTrack":{"name":"Fight Test","mbid":"0b7927a1-5514-46df-b079-4cda60f75c2e","artist":{"name":"The Flaming Lips","mbid":"1f43d76f-8edf-44f6-aaf1-b65f05ad9402"}},"album":{"name":"Yoshimi Battles The Pink Robots","mbid":"13017f24-673f-433e-962f-e17f75a6ee3a","artist":{"name":"The Flaming Lips","mbid":"1f43d76f-8edf-44f6-aaf1-b65f05ad9402"}}},{"timestamp":{"iso":"2009-02-27T17:07:34","unixtimestamp":1235754454},"track":{"name":"Cemeteries of London","mbid":"02c63f74-6577-4fef-86b3-879942c2fe3d","artist":{"name":"Coldplay","mbid":"cc197bad-dc9c-440d-a5b5-d52ba2e14234"}},"uncorrectedTrack":{"name":"Cemeteries of London","mbid":"02c63f74-6577-4fef-86b3-879942c2fe3d","artist":{"name":"Coldplay","mbid":"cc197bad-dc9c-440d-a5b5-d52ba2e14234"}},"album":{"name":"Viva la Vida or Death and All His Friends","mbid":"10c38900-3f35-4a09-a9cc-5c44ee2da0ed","artist":{"name":"Coldplay","mbid":"cc197bad-dc9c-440d-a5b5-d52ba2e14234"}}},{"timestamp":{"iso":"2009-02-27T17:11:02","unixtimestamp":1235754662},"track":{"name":"Girl","mbid":"19d2c431-a4fa-4784-8da3-7ab9e4742df0","artist":{"name":"Beck","mbid":"1cc5adcd-1422-4b5c-a3cd-3ecd4f43f506"}},"uncorrectedTrack":{"name":"Girl","mbid":"19d2c431-a4fa-4784-8da3-7ab9e4742df0","artist":{"name":"Beck","mbid":"1cc5adcd-1422-4b5c-a3cd-3ecd4f43f506"}},"album":{"name":"Guero","mbid":"3eb94439-8450-4311-b505-eaba21be5b35","artist":{"name":"Beck","mbid":"1cc5adcd-1422-4b5c-a3cd-3ecd4f43f506"}}},{"timestamp":{"iso":"2009-02-27T17:14:39","unixtimestamp":1235754879},"track":{"name":"Rest My Chemistry","mbid":"09b36dbb-9faa-4846-b5ea-3ca5285d6854","artist":{"name":"Interpol","mbid":"b23e8a63-8f47-4882-b55b-df2c92ef400e"}},"uncorrectedTrack":{"name":"Rest My Chemistry","mbid":"09b36dbb-9faa-4846-b5ea-3ca5285d6854","artist":{"name":"Interpol","mbid":"b23e8a63-8f47-4882-b55b-df2c92ef400e"}},"album":{"name":"Our Love to Admire","mbid":"18484ef2-8dc4-30b1-8618-85950a374b1d","artist":{"name":"Interpol","mbid":"b23e8a63-8f47-4882-b55b-df2c92ef400e"}}}]