[{"timestamp":{"iso":"2012-01-11T16:44:23","unixtimestamp":1326300263},"track":{"name":"Genesis","mbid":"fa3b272b-3cd7-4d55-8205-64c62fdb99c3","artist":{"name":"Grimes","mbid":"7e5a2a59-6d9f-4a17-b7c2-e1eedb7bd222"}},"uncorrectedTrack":{"name":"Genesis","mbid":"fa3b272b-3cd7-4d55-8205-64c62fdb99c3","artist":{"name":"Grimes","mbid":"7e5a2a59-6d9f-4a17-b7c2-e1eedb7bd222"}},"application":"The Hype Machine"},{"timestamp":{"iso":"2012-01-11T16:48:35","unixtimestamp":1326300515},"track":{"name":"Born To Die (Leo Zero Remix)","artist":{"name":"Lana Del Rey","mbid":"b7539c32-53e7-4908-bda3-81449c367da6"}},"uncorrectedTrack":{"name":"Born To Die (Leo Zero Remix)","artist":{"name":"Lana Del Rey","mbid":"b7539c32-53e7-4908-bda3-81449c367da6"}},"application":"The Hype Machine"},{"timestamp":{"iso":"2012-01-11T17:00:13","unixtimestamp":1326301213},"track":{"name":"Please Be My Third Eye","mbid":"a9069464-722e-4ccc-a3a9-c681a72ec5c3","artist":{"name":"La Sera","mbid":"98f7bd88-58a0-4d66-bb45-d284d50b2c32"}},"uncorrectedTrack":{"name":"Please Be My Third Eye","mbid":"a9069464-722e-4ccc-a3a9-c681a72ec5c3","artist":{"name":"La Sera","mbid":"98f7bd88-58a0-4d66-bb45-d284d50b2c32"}},"application":"The Hype Machine"},{"timestamp":{"iso":"2012-01-11T17:02:36","unixtimestamp":1326301356},"track":{"name":"Wintered Debts","mbid":"3cf7b820-42c2-4dc9-af09-9d6c402f9a7d","artist":{"name":"of Montreal","mbid":"8475297d-fb78-4630-8d74-9b87b6bb7cc8"}},"uncorrectedTrack":{"name":"Wintered Debts","mbid":"3cf7b820-42c2-4dc9-af09-9d6c402f9a7d","artist":{"name":"of Montreal","mbid":"8475297d-fb78-4630-8d74-9b87b6bb7cc8"}},"application":"The Hype Machine"},{"timestamp":{"iso":"2012-01-11T17:10:07","unixtimestamp":1326301807},"track":{"name":"Know Me","mbid":"a9fd95f4-bfdb-461b-831b-1bd18c6d5dc0","artist":{"name":"Frankie Rose","mbid":"3522e1ec-0b52-47c3-a13e-17ac5db91e9e"}},"uncorrectedTrack":{"name":"Know Me","mbid":"a9fd95f4-bfdb-461b-831b-1bd18c6d5dc0","artist":{"name":"Frankie Rose","mbid":"3522e1ec-0b52-47c3-a13e-17ac5db91e9e"}},"application":"The Hype Machine"},{"timestamp":{"iso":"2012-01-11T17:12:58","unixtimestamp":1326301978},"track":{"name":"D.D.","mbid":"0d62c59b-ec68-4410-8504-e6bf2e4207f2","artist":{"name":"The Weeknd","mbid":"c8b03190-306c-4120-bb0b-6f2ebfc06ea9"}},"uncorrectedTrack":{"name":"D.D.","mbid":"0d62c59b-ec68-4410-8504-e6bf2e4207f2","artist":{"name":"The Weeknd","mbid":"c8b03190-306c-4120-bb0b-6f2ebfc06ea9"}},"application":"The Hype Machine"},{"timestamp":{"iso":"2012-01-11T17:17:30","unixtimestamp":1326302250},"track":{"name":"Wildfire","mbid":"9a883a4a-da10-4abd-93a2-7a60ed56ea1e","artist":{"name":"SBTRKT","mbid":"7f2aa196-cfd4-4a3d-ace3-28b7b6a79af7"}},"uncorrectedTrack":{"name":"Wildfire","mbid":"9a883a4a-da10-4abd-93a2-7a60ed56ea1e","artist":{"name":"SBTRKT","mbid":"7f2aa196-cfd4-4a3d-ace3-28b7b6a79af7"}},"application":"The Hype Machine"},{"timestamp":{"iso":"2012-01-11T17:20:54","unixtimestamp":1326302454},"track":{"name":"In Your Nature (David Lynch remix)","mbid":"c72d8f1d-16b3-4817-b015-569d53726213","artist":{"name":"Zola Jesus","mbid":"c35bd778-efb5-424b-ba7b-dae56d01a206"}},"uncorrectedTrack":{"name":"In Your Nature (David Lynch remix)","mbid":"c72d8f1d-16b3-4817-b015-569d53726213","artist":{"name":"Zola Jesus","mbid":"c35bd778-efb5-424b-ba7b-dae56d01a206"}},"application":"The Hype Machine"},{"timestamp":{"iso":"2012-01-11T17:24:25","unixtimestamp":1326302665},"track":{"name":"Glory (feat. B.I.C.)","artist":{"name":"Jay-Z"}},"uncorrectedTrack":{"name":"Glory (feat. B.I.C.)","artist":{"name":"Jay-Z"}},"application":"The Hype Machine"},{"timestamp":{"iso":"2012-01-11T17:28:04","unixtimestamp":1326302884},"track":{"name":"Work (Radio Edit)","mbid":"c4bceead-c6c6-4e91-b7c1-fa39084939a8","artist":{"name":"The 2 Bears","mbid":"61c156ae-25ab-4df5-923b-087208d0a92d"}},"uncorrectedTrack":{"name":"Work (Radio Edit)","mbid":"c4bceead-c6c6-4e91-b7c1-fa39084939a8","artist":{"name":"The 2 Bears","mbid":"61c156ae-25ab-4df5-923b-087208d0a92d"}},"application":"The Hype Machine"},{"timestamp":{"iso":"2012-01-11T17:31:12","unixtimestamp":1326303072},"track":{"name":"Genesis","mbid":"fa3b272b-3cd7-4d55-8205-64c62fdb99c3","artist":{"name":"Grimes","mbid":"7e5a2a59-6d9f-4a17-b7c2-e1eedb7bd222"}},"uncorrectedTrack":{"name":"Genesis","mbid":"fa3b272b-3cd7-4d55-8205-64c62fdb99c3","artist":{"name":"Grimes","mbid":"7e5a2a59-6d9f-4a17-b7c2-e1eedb7bd222"}},"application":"The Hype Machine"},{"timestamp":{"iso":"2012-01-11T17:35:25","unixtimestamp":1326303325},"track":{"name":"Born To Die (Leo Zero Remix)","artist":{"name":"Lana Del Rey","mbid":"b7539c32-53e7-4908-bda3-81449c367da6"}},"uncorrectedTrack":{"name":"Born To Die (Leo Zero Remix)","artist":{"name":"Lana Del Rey","mbid":"b7539c32-53e7-4908-bda3-81449c367da6"}},"application":"The Hype Machine"},{"timestamp":{"iso":"2012-01-11T17:47:01","unixtimestamp":1326304021},"track":{"name":"Please Be My Third Eye","mbid":"a9069464-722e-4ccc-a3a9-c681a72ec5c3","artist":{"name":"La Sera","mbid":"98f7bd88-58a0-4d66-bb45-d284d50b2c32"}},"uncorrectedTrack":{"name":"Please Be My Third Eye","mbid":"a9069464-722e-4ccc-a3a9-c681a72ec5c3","artist":{"name":"La Sera","mbid":"98f7bd88-58a0-4d66-bb45-d284d50b2c32"}},"application":"The Hype Machine"},{"timestamp":{"iso":"2012-01-11T17:49:25","unixtimestamp":1326304165},"track":{"name":"Wintered Debts","mbid":"3cf7b820-42c2-4dc9-af09-9d6c402f9a7d","artist":{"name":"of Montreal","mbid":"8475297d-fb78-4630-8d74-9b87b6bb7cc8"}},"uncorrectedTrack":{"name":"Wintered Debts","mbid":"3cf7b820-42c2-4dc9-af09-9d6c402f9a7d","artist":{"name":"of Montreal","mbid":"8475297d-fb78-4630-8d74-9b87b6bb7cc8"}},"application":"The Hype Machine"},{"timestamp":{"iso":"2012-01-11T17:56:56","unixtimestamp":1326304616},"track":{"name":"Know Me","mbid":"a9fd95f4-bfdb-461b-831b-1bd18c6d5dc0","artist":{"name":"Frankie Rose","mbid":"3522e1ec-0b52-47c3-a13e-17ac5db91e9e"}},"uncorrectedTrack":{"name":"Know Me","mbid":"a9fd95f4-bfdb-461b-831b-1bd18c6d5dc0","artist":{"name":"Frankie Rose","mbid":"3522e1ec-0b52-47c3-a13e-17ac5db91e9e"}},"application":"The Hype Machine"},{"timestamp":{"iso":"2012-01-11T17:59:46","unixtimestamp":1326304786},"track":{"name":"D.D.","mbid":"0d62c59b-ec68-4410-8504-e6bf2e4207f2","artist":{"name":"The Weeknd","mbid":"c8b03190-306c-4120-bb0b-6f2ebfc06ea9"}},"uncorrectedTrack":{"name":"D.D.","mbid":"0d62c59b-ec68-4410-8504-e6bf2e4207f2","artist":{"name":"The Weeknd","mbid":"c8b03190-306c-4120-bb0b-6f2ebfc06ea9"}},"application":"The Hype Machine"},{"timestamp":{"iso":"2012-01-11T18:04:20","unixtimestamp":1326305060},"track":{"name":"Wildfire","mbid":"9a883a4a-da10-4abd-93a2-7a60ed56ea1e","artist":{"name":"SBTRKT","mbid":"7f2aa196-cfd4-4a3d-ace3-28b7b6a79af7"}},"uncorrectedTrack":{"name":"Wildfire","mbid":"9a883a4a-da10-4abd-93a2-7a60ed56ea1e","artist":{"name":"SBTRKT","mbid":"7f2aa196-cfd4-4a3d-ace3-28b7b6a79af7"}},"application":"The Hype Machine"},{"timestamp":{"iso":"2012-01-11T18:07:42","unixtimestamp":1326305262},"track":{"name":"In Your Nature (David Lynch remix)","mbid":"c72d8f1d-16b3-4817-b015-569d53726213","artist":{"name":"Zola Jesus","mbid":"c35bd778-efb5-424b-ba7b-dae56d01a206"}},"uncorrectedTrack":{"name":"In Your Nature (David Lynch remix)","mbid":"c72d8f1d-16b3-4817-b015-569d53726213","artist":{"name":"Zola Jesus","mbid":"c35bd778-efb5-424b-ba7b-dae56d01a206"}},"application":"The Hype Machine"},{"timestamp":{"iso":"2012-01-11T18:11:14","unixtimestamp":1326305474},"track":{"name":"Glory (feat. B.I.C.)","artist":{"name":"Jay-Z"}},"uncorrectedTrack":{"name":"Glory (feat. B.I.C.)","artist":{"name":"Jay-Z"}},"application":"The Hype Machine"},{"timestamp":{"iso":"2012-01-11T18:14:53","unixtimestamp":1326305693},"track":{"name":"Work (Radio Edit)","mbid":"c4bceead-c6c6-4e91-b7c1-fa39084939a8","artist":{"name":"The 2 Bears","mbid":"61c156ae-25ab-4df5-923b-087208d0a92d"}},"uncorrectedTrack":{"name":"Work (Radio Edit)","mbid":"c4bceead-c6c6-4e91-b7c1-fa39084939a8","artist":{"name":"The 2 Bears","mbid":"61c156ae-25ab-4df5-923b-087208d0a92d"}},"application":"The Hype Machine"},{"timestamp":{"iso":"2012-01-12T00:05:07","unixtimestamp":1326326707},"track":{"name":"Midnight City (Eric Prydz Private Remix)","mbid":"50e3814c-6541-4cc6-b761-a4e5e837d36f","artist":{"name":"M83","mbid":"6d7b7cd4-254b-4c25-83f6-dd20f98ceacd"}},"uncorrectedTrack":{"name":"Midnight City (Eric Prydz Private Remix)","mbid":"50e3814c-6541-4cc6-b761-a4e5e837d36f","artist":{"name":"M83","mbid":"6d7b7cd4-254b-4c25-83f6-dd20f98ceacd"}},"application":"The Hype Machine"},{"timestamp":{"iso":"2012-01-12T00:11:42","unixtimestamp":1326327102},"track":{"name":"Filth In Paris","artist":{"name":"5 \u0026 A Dime and Basic Physics"}},"uncorrectedTrack":{"name":"Filth In Paris","artist":{"name":"Basic Physics and 5 \u0026 A Dime"}},"application":"The Hype Machine"},{"timestamp":{"iso":"2012-01-12T00:15:29","unixtimestamp":1326327329},"track":{"name":"Jay-Z feat. Blue Ivy Carter","artist":{"name":"Jay-Z"}},"uncorrectedTrack":{"name":"Jay-Z feat. Blue Ivy Carter","artist":{"name":"Jay-Z"}},"application":"The Hype Machine"},{"timestamp":{"iso":"2012-01-12T00:28:59","unixtimestamp":1326328139},"track":{"name":"VIDEO GAMES feat. Mirakle","artist":{"name":"Left Boy","mbid":"529d04b8-20ed-43b9-b472-726039fd747d"}},"uncorrectedTrack":{"name":"VIDEO GAMES feat. Mirakle","artist":{"name":"Left Boy","mbid":"529d04b8-20ed-43b9-b472-726039fd747d"}},"application":"The Hype Machine"},{"timestamp":{"iso":"2012-01-12T00:32:03","unixtimestamp":1326328323},"track":{"name":"Unless You Speak From Your Heart","mbid":"a2a0324b-d089-4818-a155-2773b83384ea","artist":{"name":"Porcelain Raft","mbid":"259380ed-4705-495d-9484-90ff43f8a162"}},"uncorrectedTrack":{"name":"Unless You Speak From Your Heart","mbid":"a2a0324b-d089-4818-a155-2773b83384ea","artist":{"name":"Porcelain Raft","mbid":"259380ed-4705-495d-9484-90ff43f8a162"}},"application":"The Hype Machine"},{"timestamp":{"iso":"2012-01-12T00:35:33","unixtimestamp":1326328533},"track":{"name":"Holidays (Lenno \u0026 Jesse Oliver Remix)","artist":{"name":"Miami Horror","mbid":"fa92553b-3cd5-4876-a7db-1d9dfcdf9fa9"}},"uncorrectedTrack":{"name":"Holidays (Lenno \u0026 Jesse Oliver Remix)","artist":{"name":"Miami Horror","mbid":"fa92553b-3cd5-4876-a7db-1d9dfcdf9fa9"}},"application":"The Hype Machine"},{"timestamp":{"iso":"2012-01-12T00:39:49","unixtimestamp":1326328789},"track":{"name":"I Hate You","artist":{"name":"Doe Eye"}},"uncorrectedTrack":{"name":"I Hate You","artist":{"name":"Doe Eye"}},"application":"The Hype Machine"},{"timestamp":{"iso":"2012-01-12T00:43:36","unixtimestamp":1326329016},"track":{"name":"Planisphère Part 1 (Eby Le Beatz remix) *","artist":{"name":"Justice","mbid":"31a88d29-827e-4c67-ad46-e47fab0de3c1"}},"uncorrectedTrack":{"name":"Planisphère Part 1 (Eby Le Beatz remix) *","artist":{"name":"Justice","mbid":"31a88d29-827e-4c67-ad46-e47fab0de3c1"}},"application":"The Hype Machine"},{"timestamp":{"iso":"2012-01-12T00:47:47","unixtimestamp":1326329267},"track":{"name":"Heaven (Alpines Remix)","artist":{"name":"Emeli Sandé","mbid":"50ccea2d-3926-4074-820f-09b443936915"}},"uncorrectedTrack":{"name":"Heaven (Alpines Remix)","artist":{"name":"Emeli Sandé","mbid":"50ccea2d-3926-4074-820f-09b443936915"}},"application":"The Hype Machine"},{"timestamp":{"iso":"2012-01-12T00:51:45","unixtimestamp":1326329505},"track":{"name":"Same Old Song (Paper Diamond Remix)","artist":{"name":"Paper Diamond","mbid":"2c4fc730-cb22-4a14-8e3f-28e004b9e11a"}},"uncorrectedTrack":{"name":"Same Old Song (Paper Diamond Remix)","artist":{"name":"Paper Diamond","mbid":"2c4fc730-cb22-4a14-8e3f-28e004b9e11a"}},"application":"The Hype Machine"},{"timestamp":{"iso":"2012-01-12T00:55:27","unixtimestamp":1326329727},"track":{"name":"Kids, Set Fire To Someone That I Used To Know (The Jane Doze Mashup)","artist":{"name":"Gotye vs. Adele vs. MGMT vs. Sebastian Ingrosso"}},"uncorrectedTrack":{"name":"Kids, Set Fire To Someone That I Used To Know (The Jane Doze Mashup)","artist":{"name":"Gotye vs. Adele vs. MGMT vs. Sebastian Ingrosso"}},"application":"The Hype Machine"},{"timestamp":{"iso":"2012-01-12T00:58:47","unixtimestamp":1326329927},"track":{"name":"Dougou Badia (Feat. Santigold)","mbid":"fc97ae37-5ced-4167-9df1-9289be2059e8","artist":{"name":"Amadou \u0026 Mariam","mbid":"1fb60b6c-0f4d-42b4-8a5e-de705ec76660"}},"uncorrectedTrack":{"name":"Dougou Badia (Feat. Santigold)","mbid":"fc97ae37-5ced-4167-9df1-9289be2059e8","artist":{"name":"Amadou \u0026 Mariam","mbid":"1fb60b6c-0f4d-42b4-8a5e-de705ec76660"}},"application":"The Hype Machine"},{"timestamp":{"iso":"2012-01-12T01:02:38","unixtimestamp":1326330158},"track":{"name":"Reaching Out ( Fred Falke Remix)","artist":{"name":"Fred Falke","mbid":"a1edb210-7a15-4eaa-a36f-503fd5368fee"}},"uncorrectedTrack":{"name":"Reaching Out ( Fred Falke Remix)","artist":{"name":"Fred Falke","mbid":"a1edb210-7a15-4eaa-a36f-503fd5368fee"}},"application":"The Hype Machine"}]