[{"timestamp":{"iso":"2009-12-15T22:46:33","unixtimestamp":1260917193},"track":{"name":"Variation 17","mbid":"43ba3957-83a2-4238-a66b-8fe7955ed732","artist":{"name":"Johann Sebastian Bach","mbid":"24f1766e-9635-4d58-a4d4-9413f9f98a4c"}},"uncorrectedTrack":{"name":"Variation 17","mbid":"43ba3957-83a2-4238-a66b-8fe7955ed732","artist":{"name":"Johann Sebastian Bach","mbid":"24f1766e-9635-4d58-a4d4-9413f9f98a4c"}},"album":{"name":"Goldberg Variations","artist":{"name":"Johann Sebastian Bach","mbid":"24f1766e-9635-4d58-a4d4-9413f9f98a4c"}}},{"timestamp":{"iso":"2009-12-15T22:47:43","unixtimestamp":1260917263},"track":{"name":"Aria: Ich weiss, dass mein Erloser lebt (Tenor)","artist":{"name":"Georg Philipp Telemann","mbid":"129f7fb3-7756-4282-8e16-a826f279f34b"}},"uncorrectedTrack":{"name":"Aria: Ich weiss, dass mein Erloser lebt (Tenor)","artist":{"name":"Georg Philipp Telemann","mbid":"129f7fb3-7756-4282-8e16-a826f279f34b"}}},{"timestamp":{"iso":"2009-12-15T22:54:29","unixtimestamp":1260917669},"track":{"name":"Allegro","artist":{"name":"Antonio Vivaldi","mbid":"ad79836d-9849-44df-8789-180bbc823f3c"}},"uncorrectedTrack":{"name":"Allegro","artist":{"name":"Antonio Vivaldi","mbid":"ad79836d-9849-44df-8789-180bbc823f3c"}},"album":{"name":"VIVALDI: Favourite Concertos","artist":{"name":"Antonio Vivaldi","mbid":"ad79836d-9849-44df-8789-180bbc823f3c"}}},{"timestamp":{"iso":"2009-12-15T22:58:31","unixtimestamp":1260917911},"track":{"name":"Symphony 99 In Eb/Adagio","artist":{"name":"Franz Joseph Haydn"}},"uncorrectedTrack":{"name":"Symphony 99 In Eb/Adagio","artist":{"name":"Franz Joseph Haydn"}},"album":{"name":"London Symphonies No.99-104","artist":{"name":"Franz Joseph Haydn"}}},{"timestamp":{"iso":"2009-12-15T23:05:12","unixtimestamp":1260918312},"track":{"name":"Requiem","mbid":"bf1e361c-c28a-45c2-be34-487aa1003ba7","artist":{"name":"Wolfgang Amadeus Mozart","mbid":"255b884c-25e9-4da2-99e9-b104ed637eae"}},"uncorrectedTrack":{"name":"Requiem","mbid":"bf1e361c-c28a-45c2-be34-487aa1003ba7","artist":{"name":"Wolfgang Amadeus Mozart","mbid":"255b884c-25e9-4da2-99e9-b104ed637eae"}},"album":{"name":"Amadeus Soundtrack","artist":{"name":"Wolfgang Amadeus Mozart","mbid":"255b884c-25e9-4da2-99e9-b104ed637eae"}}},{"timestamp":{"iso":"2009-12-15T23:16:21","unixtimestamp":1260918981},"track":{"name":"Almo Divino Raggio - Seconda Parte","artist":{"name":"Claudio Monteverdi","mbid":"9a33a7ad-f725-473a-b50a-1d1796183af1"}},"uncorrectedTrack":{"name":"Almo Divino Raggio - Seconda Parte","artist":{"name":"Claudio Monteverdi","mbid":"9a33a7ad-f725-473a-b50a-1d1796183af1"}},"album":{"name":"MONTEVERDI: Madrigals, Book 1","artist":{"name":"Claudio Monteverdi","mbid":"9a33a7ad-f725-473a-b50a-1d1796183af1"}}},{"timestamp":{"iso":"2009-12-15T23:18:16","unixtimestamp":1260919096},"track":{"name":"Allegro non troppo","artist":{"name":"Dmitri Shostakovich"}},"uncorrectedTrack":{"name":"Allegro non troppo","artist":{"name":"Dmitri Shostakovich"}},"album":{"name":"Symphony No. 5 - Symphony No. 9","artist":{"name":"Dmitri Shostakovich"}}},{"timestamp":{"iso":"2009-12-15T23:29:29","unixtimestamp":1260919769},"track":{"name":"Ciaccona in E Minor, BuxWV 160","artist":{"name":"Dietrich Buxtehude"}},"uncorrectedTrack":{"name":"Ciaccona in E Minor, BuxWV 160","artist":{"name":"Dietrich Buxtehude"}},"album":{"name":"BUXTEHUDE: Organ Music, Vol.  2","artist":{"name":"Dietrich Buxtehude"}}},{"timestamp":{"iso":"2009-12-15T23:35:33","unixtimestamp":1260920133},"track":{"name":"A Midsummer Night\u0027s Dream: Intermezzo","mbid":"978abdb5-b841-428b-afbe-78c3918c55bb","artist":{"name":"Felix Mendelssohn","mbid":"0e85eb79-1c05-44ba-827c-7b259a3d941a"}},"uncorrectedTrack":{"name":"A Midsummer Night\u0027s Dream: Intermezzo","mbid":"978abdb5-b841-428b-afbe-78c3918c55bb","artist":{"name":"Felix Mendelssohn","mbid":"0e85eb79-1c05-44ba-827c-7b259a3d941a"}},"album":{"name":"Violin Concerto No. 2 / A Midsummer Night\u0027s Dream","artist":{"name":"Felix Mendelssohn","mbid":"0e85eb79-1c05-44ba-827c-7b259a3d941a"}}},{"timestamp":{"iso":"2009-12-15T23:39:02","unixtimestamp":1260920342},"track":{"name":"La Laborde","mbid":"9f3baebe-8292-49e5-a6c6-e8313bd0b631","artist":{"name":"Jean-Philippe Rameau","mbid":"08e6ab49-110c-427f-a4db-59c3fffbbd26"}},"uncorrectedTrack":{"name":"La Laborde","mbid":"9f3baebe-8292-49e5-a6c6-e8313bd0b631","artist":{"name":"Jean-Philippe Rameau","mbid":"08e6ab49-110c-427f-a4db-59c3fffbbd26"}},"album":{"name":"Rameau: Pieces de clavecin en concerts","artist":{"name":"Jean-Philippe Rameau","mbid":"08e6ab49-110c-427f-a4db-59c3fffbbd26"}}},{"timestamp":{"iso":"2009-12-15T23:44:33","unixtimestamp":1260920673},"track":{"name":"Trumpet air - Let loud renown with all her thousand tongues","artist":{"name":"Henry Purcell","mbid":"ddea5540-2c7d-4266-8507-b367c2635d35"}},"uncorrectedTrack":{"name":"Trumpet air - Let loud renown with all her thousand tongues","artist":{"name":"Henry Purcell","mbid":"ddea5540-2c7d-4266-8507-b367c2635d35"}},"album":{"name":"The Indian Queen","mbid":"f90274a3-a659-4c46-9ff6-1371b3bf9427","artist":{"name":"Henry Purcell","mbid":"ddea5540-2c7d-4266-8507-b367c2635d35"}}},{"timestamp":{"iso":"2009-12-15T23:46:04","unixtimestamp":1260920764},"track":{"name":"Remerciement de Corelli","artist":{"name":"François Couperin","mbid":"852edd87-d11a-45b4-9169-1f3b79a84159"}},"uncorrectedTrack":{"name":"Remerciement de Corelli","artist":{"name":"François Couperin","mbid":"852edd87-d11a-45b4-9169-1f3b79a84159"}},"album":{"name":"La Musique au temps de Martin Marais","artist":{"name":"François Couperin","mbid":"852edd87-d11a-45b4-9169-1f3b79a84159"}}},{"timestamp":{"iso":"2009-12-15T23:53:01","unixtimestamp":1260921181},"track":{"name":"Symphony 100 In G \u0027military\u0027/Minuet (Moderato) \u0026 Trio","artist":{"name":"Franz Joseph Haydn"}},"uncorrectedTrack":{"name":"Symphony 100 In G \u0027military\u0027/Minuet (Moderato) \u0026 Trio","artist":{"name":"Franz Joseph Haydn"}},"album":{"name":"London Symphonies No.99-104","artist":{"name":"Franz Joseph Haydn"}}},{"timestamp":{"iso":"2009-12-15T23:58:07","unixtimestamp":1260921487},"track":{"name":"Lacrimosa","mbid":"7ed56fef-c345-4686-98aa-a53f5375ac19","artist":{"name":"Wolfgang Amadeus Mozart","mbid":"255b884c-25e9-4da2-99e9-b104ed637eae"}},"uncorrectedTrack":{"name":"Lacrimosa","mbid":"7ed56fef-c345-4686-98aa-a53f5375ac19","artist":{"name":"Wolfgang Amadeus Mozart","mbid":"255b884c-25e9-4da2-99e9-b104ed637eae"}},"album":{"name":"Requiem","mbid":"8bb6de92-cb1d-4780-af8d-09cabb748889","artist":{"name":"Wolfgang Amadeus Mozart","mbid":"255b884c-25e9-4da2-99e9-b104ed637eae"}}},{"timestamp":{"iso":"2009-12-16T00:01:38","unixtimestamp":1260921698},"track":{"name":"Für Elise","mbid":"a92fb7ef-46b8-4225-be85-4765ae4e1a6a","artist":{"name":"Ludwig van Beethoven","mbid":"1f9df192-a621-4f54-8850-2c5373b7eac9"}},"uncorrectedTrack":{"name":"Für Elise","mbid":"a92fb7ef-46b8-4225-be85-4765ae4e1a6a","artist":{"name":"Ludwig van Beethoven","mbid":"1f9df192-a621-4f54-8850-2c5373b7eac9"}},"album":{"name":"Moonlight","artist":{"name":"Ludwig van Beethoven","mbid":"1f9df192-a621-4f54-8850-2c5373b7eac9"}}},{"timestamp":{"iso":"2009-12-16T00:04:47","unixtimestamp":1260921887},"track":{"name":"D IV Adagio piu andante allegro non troppo,ma con brio","artist":{"name":"Johannes Brahms","mbid":"3b287562-daec-4318-a2e8-b40343be699c"}},"uncorrectedTrack":{"name":"D IV Adagio piu andante allegro non troppo,ma con brio","artist":{"name":"Johannes Brahms","mbid":"3b287562-daec-4318-a2e8-b40343be699c"}},"album":{"name":"Sinfonia 1 en do menor Op 68","artist":{"name":"Johannes Brahms","mbid":"3b287562-daec-4318-a2e8-b40343be699c"}}},{"timestamp":{"iso":"2009-12-16T00:24:35","unixtimestamp":1260923075},"track":{"name":"Largo","mbid":"787c0539-6156-4e7d-9739-bb44f9dc5b72","artist":{"name":"Georg Friedrich Händel"}},"uncorrectedTrack":{"name":"Largo","mbid":"787c0539-6156-4e7d-9739-bb44f9dc5b72","artist":{"name":"Georg Friedrich Händel"}},"album":{"name":"Baroque Favourites","artist":{"name":"Georg Friedrich Händel"}}},{"timestamp":{"iso":"2009-12-16T00:26:21","unixtimestamp":1260923181},"track":{"name":"Cantique de Jean Racine","mbid":"e34ff688-eb9c-4741-b085-6dd8b1972c0c","artist":{"name":"Gabriel Fauré","mbid":"fa19a8b6-e7f4-40d4-af15-7a7c41ac7d8f"}},"uncorrectedTrack":{"name":"Cantique de Jean Racine","mbid":"e34ff688-eb9c-4741-b085-6dd8b1972c0c","artist":{"name":"Gabriel Fauré","mbid":"fa19a8b6-e7f4-40d4-af15-7a7c41ac7d8f"}},"album":{"name":"Requiem \u0026 Cantique de Jean Racine - Cambridge Singers City of London Sinfonia John Rutter","mbid":"39746e0d-3a1b-45e6-af11-7efc04a00e0a","artist":{"name":"Gabriel Fauré","mbid":"fa19a8b6-e7f4-40d4-af15-7a7c41ac7d8f"}}},{"timestamp":{"iso":"2009-12-16T00:32:16","unixtimestamp":1260923536},"track":{"name":"Allegro","artist":{"name":"Tomaso Giovanni Albinoni","mbid":"83903121-f611-4875-984c-673ae7173e56"}},"uncorrectedTrack":{"name":"Allegro","artist":{"name":"Tomaso Giovanni Albinoni","mbid":"83903121-f611-4875-984c-673ae7173e56"}},"album":{"name":"The Art of the Oboe: Famous Oboe Concertos (Camden)","artist":{"name":"Various Artists","mbid":"023671ff-b1ad-4133-a4f3-aadaaadfd2e0"}}},{"timestamp":{"iso":"2009-12-16T00:35:51","unixtimestamp":1260923751},"track":{"name":"Cecidit repente Saül","artist":{"name":"Marc-Antoine Charpentier","mbid":"4fddc10d-b218-43b7-8d8d-65500e1402d0"}},"uncorrectedTrack":{"name":"Cecidit repente Saül","artist":{"name":"Marc-Antoine Charpentier","mbid":"4fddc10d-b218-43b7-8d8d-65500e1402d0"}},"album":{"name":"Trois histoires sacrées","artist":{"name":"Marc-Antoine Charpentier","mbid":"4fddc10d-b218-43b7-8d8d-65500e1402d0"}}},{"timestamp":{"iso":"2009-12-16T00:37:44","unixtimestamp":1260923864},"track":{"name":"String Quintet in E Major, Op. 11, No. 5, G. 275: III. Minuetto","artist":{"name":"Luigi Boccherini","mbid":"1436d469-1324-49d2-9f60-6de144cfe2fe"}},"uncorrectedTrack":{"name":"String Quintet in E Major, Op. 11, No. 5, G. 275: III. Minuetto","artist":{"name":"Luigi Boccherini","mbid":"1436d469-1324-49d2-9f60-6de144cfe2fe"}},"album":{"name":"Minuetto - 1999 Chamber Music Festival Highlights","artist":{"name":"Various Artists","mbid":"023671ff-b1ad-4133-a4f3-aadaaadfd2e0"}}},{"timestamp":{"iso":"2009-12-16T00:42:16","unixtimestamp":1260924136},"track":{"name":"Daphnis et Chlo, suite No. 2 for orchestra: Lever du jour","artist":{"name":"Maurice Ravel","mbid":"6fdd3b3e-1ea6-4da9-8d6f-8f8de01c133a"}},"uncorrectedTrack":{"name":"Daphnis et Chlo, suite No. 2 for orchestra: Lever du jour","artist":{"name":"Maurice Ravel","mbid":"6fdd3b3e-1ea6-4da9-8d6f-8f8de01c133a"}},"album":{"name":"Bolero/Daphnis \u0026 Chloe","artist":{"name":"Maurice Ravel","mbid":"6fdd3b3e-1ea6-4da9-8d6f-8f8de01c133a"}}},{"timestamp":{"iso":"2009-12-16T00:47:49","unixtimestamp":1260924469},"track":{"name":"Keyboard Sonata in A Major, K.39/L.391/P.53: Allegro","artist":{"name":"Domenico Scarlatti","mbid":"95c7a1d1-5cfd-41d5-99f9-0611262de8e1"}},"uncorrectedTrack":{"name":"Keyboard Sonata in A Major, K.39/L.391/P.53: Allegro","artist":{"name":"Domenico Scarlatti","mbid":"95c7a1d1-5cfd-41d5-99f9-0611262de8e1"}},"album":{"name":"Scarlatti, D.: Keyboard Sonatas, Vol. 2","artist":{"name":"Domenico Scarlatti","mbid":"95c7a1d1-5cfd-41d5-99f9-0611262de8e1"}}},{"timestamp":{"iso":"2009-12-16T00:50:47","unixtimestamp":1260924647},"track":{"name":"II. Poco adagio","artist":{"name":"Carl Philipp Emanuel Bach","mbid":"f6486fc7-90ef-48ad-8ca3-905af1354afe"}},"uncorrectedTrack":{"name":"II. Poco adagio","artist":{"name":"Carl Philipp Emanuel Bach","mbid":"f6486fc7-90ef-48ad-8ca3-905af1354afe"}},"album":{"name":"BACH, CPE: Piano Sonatas and Rondos","artist":{"name":"Carl Philipp Emanuel Bach","mbid":"f6486fc7-90ef-48ad-8ca3-905af1354afe"}}},{"timestamp":{"iso":"2009-12-17T05:48:22","unixtimestamp":1261028902},"track":{"name":"La Noyée","mbid":"0b883adc-4878-4269-92ae-bfeb97b5a568","artist":{"name":"Yann Tiersen","mbid":"12d432a3-feb0-49b1-a107-d20751880764"}},"uncorrectedTrack":{"name":"La Noyée","mbid":"0b883adc-4878-4269-92ae-bfeb97b5a568","artist":{"name":"Yann Tiersen","mbid":"12d432a3-feb0-49b1-a107-d20751880764"}},"album":{"name":"Le Fabuleux Destin d\u0027Amélie Poulain","artist":{"name":"Various Artists","mbid":"023671ff-b1ad-4133-a4f3-aadaaadfd2e0"}}},{"timestamp":{"iso":"2009-12-17T05:50:28","unixtimestamp":1261029028},"track":{"name":"Rue Des Cascades (Live)","artist":{"name":"Claire Pichet","mbid":"9fc7a946-d492-45ad-aa49-d4300462b4e3"}},"uncorrectedTrack":{"name":"Rue Des Cascades (Live)","artist":{"name":"Claire Pichet","mbid":"9fc7a946-d492-45ad-aa49-d4300462b4e3"}},"album":{"name":"C\u0027était Ici","mbid":"28548043-4c35-4e81-8dc1-bb7b3d9823b6","artist":{"name":"Yann Tiersen","mbid":"12d432a3-feb0-49b1-a107-d20751880764"}}},{"timestamp":{"iso":"2009-12-17T05:56:15","unixtimestamp":1261029375},"track":{"name":"get high","artist":{"name":"AMELIE","mbid":"0d41cec2-07a8-4d31-a261-f1a5a21c3ef8"}},"uncorrectedTrack":{"name":"get high","artist":{"name":"AMELIE","mbid":"0d41cec2-07a8-4d31-a261-f1a5a21c3ef8"}},"album":{"name":"be low","artist":{"name":"AMELIE","mbid":"0d41cec2-07a8-4d31-a261-f1a5a21c3ef8"}}},{"timestamp":{"iso":"2009-12-17T05:59:35","unixtimestamp":1261029575},"track":{"name":"First Flute","mbid":"baab86d5-a85e-47f3-94db-c5dd9ce14565","artist":{"name":"Zbigniew Preisner","mbid":"d229ee11-fc4e-4a1c-8e0a-1e8f84950532"}},"uncorrectedTrack":{"name":"First Flute","mbid":"baab86d5-a85e-47f3-94db-c5dd9ce14565","artist":{"name":"Zbigniew Preisner","mbid":"d229ee11-fc4e-4a1c-8e0a-1e8f84950532"}},"album":{"name":"Trois Couleurs - Bleu","artist":{"name":"Zbigniew Preisner","mbid":"d229ee11-fc4e-4a1c-8e0a-1e8f84950532"}}},{"timestamp":{"iso":"2009-12-17T06:00:28","unixtimestamp":1261029628},"track":{"name":"A Bed Of Ferns","mbid":"89c514f4-1b05-45b5-8c35-7bf2eb3a0c6f","artist":{"name":"Michael Nyman","mbid":"575aaa0e-1956-4cfa-a8e1-a431af32d1a2"}},"uncorrectedTrack":{"name":"A Bed Of Ferns","mbid":"89c514f4-1b05-45b5-8c35-7bf2eb3a0c6f","artist":{"name":"Michael Nyman","mbid":"575aaa0e-1956-4cfa-a8e1-a431af32d1a2"}},"album":{"name":"The Piano","mbid":"4bf88b0f-9999-4a7f-b4be-cd7f9e2a8599","artist":{"name":"Michael Nyman","mbid":"575aaa0e-1956-4cfa-a8e1-a431af32d1a2"}}},{"timestamp":{"iso":"2009-12-17T06:01:22","unixtimestamp":1261029682},"track":{"name":"Jim Perkins - Feed","artist":{"name":"Bigo \u0026 Twigetti"}},"uncorrectedTrack":{"name":"Jim Perkins - Feed","artist":{"name":"Bigo \u0026 Twigetti"}},"album":{"name":"Forthcoming Album - Untitled","artist":{"name":"Bigo \u0026 Twigetti"}}},{"timestamp":{"iso":"2009-12-17T06:07:00","unixtimestamp":1261030020},"track":{"name":"The Tangent Universe","mbid":"33a71d24-c307-4c9b-846b-1f3fc4a81439","artist":{"name":"Michael Andrews","mbid":"ee6e8790-7123-40ab-b7e9-03c4fe6aa08f"}},"uncorrectedTrack":{"name":"The Tangent Universe","mbid":"33a71d24-c307-4c9b-846b-1f3fc4a81439","artist":{"name":"Michael Andrews","mbid":"ee6e8790-7123-40ab-b7e9-03c4fe6aa08f"}},"album":{"name":"Donnie Darko","mbid":"f47855d2-a125-4510-8795-fc25dbfa5a15","artist":{"name":"Michael Andrews","mbid":"ee6e8790-7123-40ab-b7e9-03c4fe6aa08f"}}},{"timestamp":{"iso":"2009-12-17T06:08:46","unixtimestamp":1261030126},"track":{"name":"La java bleue","mbid":"a6a0f31e-9db6-418a-8fb9-39b1953d5e6b","artist":{"name":"Fréhel","mbid":"2843222d-ac45-4ec9-9309-db95624ac2ec"}},"uncorrectedTrack":{"name":"La java bleue","mbid":"a6a0f31e-9db6-418a-8fb9-39b1953d5e6b","artist":{"name":"Fréhel","mbid":"2843222d-ac45-4ec9-9309-db95624ac2ec"}},"album":{"name":"La Java Bleue","mbid":"5c2815a1-72af-4a4a-a7b5-f87491c48ff7","artist":{"name":"Fréhel","mbid":"2843222d-ac45-4ec9-9309-db95624ac2ec"}}},{"timestamp":{"iso":"2009-12-17T06:11:37","unixtimestamp":1261030297},"track":{"name":"Pour La Peau","mbid":"2a201e22-3082-4c70-9665-31280ff3e32f","artist":{"name":"Dominique A","mbid":"8173303f-64c6-470e-b30a-54b4f7bc610b"}},"uncorrectedTrack":{"name":"Pour La Peau","mbid":"2a201e22-3082-4c70-9665-31280ff3e32f","artist":{"name":"Dominique A","mbid":"8173303f-64c6-470e-b30a-54b4f7bc610b"}},"album":{"name":"Auguri","mbid":"4af297e7-10ad-3806-a8ec-d646ea1d49ad","artist":{"name":"Dominique A","mbid":"8173303f-64c6-470e-b30a-54b4f7bc610b"}}},{"timestamp":{"iso":"2009-12-17T06:16:42","unixtimestamp":1261030602},"track":{"name":"Weather Storm","mbid":"3abda24a-92cc-43ea-8d99-c27e83cd2634","artist":{"name":"Craig Armstrong","mbid":"8f7bf43e-2a13-431a-a274-19e28965fe07"}},"uncorrectedTrack":{"name":"Weather Storm","mbid":"3abda24a-92cc-43ea-8d99-c27e83cd2634","artist":{"name":"Craig Armstrong","mbid":"8f7bf43e-2a13-431a-a274-19e28965fe07"}},"album":{"name":"The Space Between Us","mbid":"484ca9e8-633a-3466-9c02-1541dfc9756c","artist":{"name":"Craig Armstrong","mbid":"8f7bf43e-2a13-431a-a274-19e28965fe07"}}},{"timestamp":{"iso":"2009-12-17T06:22:46","unixtimestamp":1261030966},"track":{"name":"Sous la pluie","mbid":"2b6ddd0f-e136-4438-9703-211c17649b12","artist":{"name":"Bruno Coulais","mbid":"67175330-1151-4d56-a0c1-2c208be39f6c"}},"uncorrectedTrack":{"name":"Sous la pluie","mbid":"2b6ddd0f-e136-4438-9703-211c17649b12","artist":{"name":"Bruno Coulais","mbid":"67175330-1151-4d56-a0c1-2c208be39f6c"}},"album":{"name":"Les Choristes","mbid":"00aa47cd-6e11-4b90-8316-8b90d4bb0a21","artist":{"name":"Bruno Coulais","mbid":"67175330-1151-4d56-a0c1-2c208be39f6c"}}},{"timestamp":{"iso":"2009-12-17T06:23:52","unixtimestamp":1261031032},"track":{"name":"The Man with the Harmonica","mbid":"0037950d-1e78-4068-8bfc-6120a2011471","artist":{"name":"Ennio Morricone","mbid":"5f3c98a5-8cda-4a1e-a8f8-c41aab636b97"}},"uncorrectedTrack":{"name":"The Man with the Harmonica","mbid":"0037950d-1e78-4068-8bfc-6120a2011471","artist":{"name":"Ennio Morricone","mbid":"5f3c98a5-8cda-4a1e-a8f8-c41aab636b97"}},"album":{"name":"The Very Best Of","mbid":"2bfda6fb-5901-4b89-ac80-d5722933b24c","artist":{"name":"Ennio Morricone","mbid":"5f3c98a5-8cda-4a1e-a8f8-c41aab636b97"}}},{"timestamp":{"iso":"2009-12-17T06:27:23","unixtimestamp":1261031243},"track":{"name":"Apertura","mbid":"6f13d26b-1819-4a67-90da-15b2249c72f3","artist":{"name":"Gustavo Santaolalla","mbid":"3abc3eb1-7318-41d2-a52b-cbe14a14d8a0"}},"uncorrectedTrack":{"name":"Apertura","mbid":"6f13d26b-1819-4a67-90da-15b2249c72f3","artist":{"name":"Gustavo Santaolalla","mbid":"3abc3eb1-7318-41d2-a52b-cbe14a14d8a0"}},"album":{"name":"The Motorcycle Diaries","mbid":"ea242e29-da1a-4ba4-8299-2512fc38afbb","artist":{"name":"Gustavo Santaolalla","mbid":"3abc3eb1-7318-41d2-a52b-cbe14a14d8a0"}}},{"timestamp":{"iso":"2009-12-17T06:30:12","unixtimestamp":1261031412},"track":{"name":"Opus 17","mbid":"c420a7f6-2f00-473b-bb90-d05db30de7d2","artist":{"name":"Dustin O\u0027Halloran","mbid":"40c9866d-ae1b-4445-9542-bcc4d5ab9d9e"}},"uncorrectedTrack":{"name":"Opus 17","mbid":"c420a7f6-2f00-473b-bb90-d05db30de7d2","artist":{"name":"Dustin O\u0027Halloran","mbid":"40c9866d-ae1b-4445-9542-bcc4d5ab9d9e"}},"album":{"name":"Marie Antoinette (Original Motion Picture Soundtrack)","artist":{"name":"Multi Interprètes"}}},{"timestamp":{"iso":"2009-12-17T06:32:16","unixtimestamp":1261031536},"track":{"name":"Nocturne in C# minor","artist":{"name":"Frédéric Chopin"}},"uncorrectedTrack":{"name":"Nocturne in C# minor","artist":{"name":"Frédéric Chopin"}},"album":{"name":"Classics for the heart","artist":{"name":"Frédéric Chopin"}}},{"timestamp":{"iso":"2009-12-17T06:35:59","unixtimestamp":1261031759},"track":{"name":"Générique Début","mbid":"1b4d3596-8b3c-4b72-96e4-e6167adfbd81","artist":{"name":"Jean-Michel Bernard","mbid":"4f91dbcd-2e04-480e-994f-9afe9e23b70e"}},"uncorrectedTrack":{"name":"Générique Début","mbid":"1b4d3596-8b3c-4b72-96e4-e6167adfbd81","artist":{"name":"Jean-Michel Bernard","mbid":"4f91dbcd-2e04-480e-994f-9afe9e23b70e"}},"album":{"name":"La Science Des Rêves","mbid":"abe54582-1101-4c73-b5a0-1e1ae286db2f","artist":{"name":"Jean-Michel Bernard","mbid":"4f91dbcd-2e04-480e-994f-9afe9e23b70e"}}},{"timestamp":{"iso":"2009-12-17T06:37:41","unixtimestamp":1261031861},"track":{"name":"Walking Through The Garden","mbid":"8987ebee-7428-4711-a702-04a0193b2a54","artist":{"name":"Zbigniew Preisner","mbid":"d229ee11-fc4e-4a1c-8e0a-1e8f84950532"}},"uncorrectedTrack":{"name":"Walking Through The Garden","mbid":"8987ebee-7428-4711-a702-04a0193b2a54","artist":{"name":"Zbigniew Preisner","mbid":"d229ee11-fc4e-4a1c-8e0a-1e8f84950532"}},"album":{"name":"The Secret Garden","mbid":"dc5d62b7-891b-4034-aae4-2d88af4bd0db","artist":{"name":"Zbigniew Preisner","mbid":"d229ee11-fc4e-4a1c-8e0a-1e8f84950532"}}},{"timestamp":{"iso":"2009-12-17T06:41:15","unixtimestamp":1261032075},"track":{"name":"Antonia","mbid":"deb2f8f9-6e76-4942-b58e-a52f1d6f0081","artist":{"name":"Dominique A","mbid":"8173303f-64c6-470e-b30a-54b4f7bc610b"}},"uncorrectedTrack":{"name":"Antonia","mbid":"deb2f8f9-6e76-4942-b58e-a52f1d6f0081","artist":{"name":"Dominique A","mbid":"8173303f-64c6-470e-b30a-54b4f7bc610b"}},"album":{"name":"Auguri","mbid":"4af297e7-10ad-3806-a8ec-d646ea1d49ad","artist":{"name":"Dominique A","mbid":"8173303f-64c6-470e-b30a-54b4f7bc610b"}}},{"timestamp":{"iso":"2009-12-17T06:46:48","unixtimestamp":1261032408},"track":{"name":"Tanz","mbid":"2ce88210-b8f1-48e2-9a10-b9e53b6bae0d","artist":{"name":"Hauschka","mbid":"767026a6-9e39-463b-9d04-ed0f86ac5ee7"}},"uncorrectedTrack":{"name":"Tanz","mbid":"2ce88210-b8f1-48e2-9a10-b9e53b6bae0d","artist":{"name":"Hauschka","mbid":"767026a6-9e39-463b-9d04-ed0f86ac5ee7"}},"album":{"name":"Snowflakes and Carwrecks","artist":{"name":"Hauschka","mbid":"767026a6-9e39-463b-9d04-ed0f86ac5ee7"}}}]