[{"timestamp":{"iso":"2011-05-12T20:32:43","unixtimestamp":1305232363},"track":{"name":"Love Is New","mbid":"7d81b79f-bc41-4a0c-9c87-80dffb002664","artist":{"name":"Brendan Canning","mbid":"83a70b55-351a-49b4-a124-d6c9ea666de7"}},"uncorrectedTrack":{"name":"Love Is New","mbid":"7d81b79f-bc41-4a0c-9c87-80dffb002664","artist":{"name":"Brendan Canning","mbid":"83a70b55-351a-49b4-a124-d6c9ea666de7"}},"album":{"name":"Something For All Of Us...","mbid":"dc089d90-3428-48d5-83f5-50068c8a9b27","artist":{"name":"Brendan Canning","mbid":"83a70b55-351a-49b4-a124-d6c9ea666de7"}}},{"timestamp":{"iso":"2011-05-12T20:39:21","unixtimestamp":1305232761},"track":{"name":"Ageless Beauty","mbid":"e4aa9561-bbfc-4fee-80de-9caeb4105df1","artist":{"name":"Stars","mbid":"16ebb731-7ba0-4dc0-ad87-ef4c56461d81"}},"uncorrectedTrack":{"name":"Ageless Beauty","mbid":"e4aa9561-bbfc-4fee-80de-9caeb4105df1","artist":{"name":"Stars","mbid":"16ebb731-7ba0-4dc0-ad87-ef4c56461d81"}},"album":{"name":"Set Yourself on Fire","mbid":"02b4956c-2013-4ceb-af6d-a0edd87b94b9","artist":{"name":"Stars","mbid":"16ebb731-7ba0-4dc0-ad87-ef4c56461d81"}}},{"timestamp":{"iso":"2011-05-12T20:43:23","unixtimestamp":1305233003},"track":{"name":"Pretty One Play","mbid":"2accbbb4-b833-4669-8492-16baaeb145f2","artist":{"name":"Reverie Sound Revue","mbid":"7d415d1e-d61a-41ec-adaf-9039a713feed"}},"uncorrectedTrack":{"name":"Pretty One Play","mbid":"2accbbb4-b833-4669-8492-16baaeb145f2","artist":{"name":"Reverie Sound Revue","mbid":"7d415d1e-d61a-41ec-adaf-9039a713feed"}},"album":{"name":"Reverie Sound Revue LP","artist":{"name":"Reverie Sound Revue","mbid":"7d415d1e-d61a-41ec-adaf-9039a713feed"}}},{"timestamp":{"iso":"2011-05-12T20:47:17","unixtimestamp":1305233237},"track":{"name":"Aging Faces / Losing Places","mbid":"8e689cc8-03f1-4f24-8e9f-3b428c60d478","artist":{"name":"Kevin Drew","mbid":"cbccb21f-96e0-4f76-8e4a-ebae988bc1bd"}},"uncorrectedTrack":{"name":"Aging Faces / Losing Places","mbid":"8e689cc8-03f1-4f24-8e9f-3b428c60d478","artist":{"name":"Kevin Drew","mbid":"cbccb21f-96e0-4f76-8e4a-ebae988bc1bd"}},"album":{"name":"Spirit If...","mbid":"1a1619de-7c41-4dff-881e-a7ccde1ab97b","artist":{"name":"Kevin Drew","mbid":"cbccb21f-96e0-4f76-8e4a-ebae988bc1bd"}}},{"timestamp":{"iso":"2011-05-12T20:51:50","unixtimestamp":1305233510},"track":{"name":"Detective Daughter","mbid":"29b3bf62-9253-43de-930f-7a8c5b1b9f9e","artist":{"name":"Emily Haines \u0026 The Soft Skeleton","mbid":"435c1b0e-e85d-49bb-bb68-f3fe4f7efaa8"}},"uncorrectedTrack":{"name":"Detective Daughter","mbid":"29b3bf62-9253-43de-930f-7a8c5b1b9f9e","artist":{"name":"Emily Haines \u0026 The Soft Skeleton","mbid":"435c1b0e-e85d-49bb-bb68-f3fe4f7efaa8"}},"album":{"name":"Knives Don\u0027t Have Your Back","artist":{"name":"Metric","mbid":"4449ccf6-c948-4d33-aa97-b6ad98ce4b5b"}}},{"timestamp":{"iso":"2011-05-12T20:57:03","unixtimestamp":1305233823},"track":{"name":"Mushaboom","mbid":"e2e8187d-eeed-410c-bb33-02dbdb9f31f7","artist":{"name":"Feist","mbid":"a670e05a-cea8-4b37-bce9-d82daf1a0fa4"}},"uncorrectedTrack":{"name":"Mushaboom","mbid":"e2e8187d-eeed-410c-bb33-02dbdb9f31f7","artist":{"name":"Feist","mbid":"a670e05a-cea8-4b37-bce9-d82daf1a0fa4"}},"album":{"name":"Let It Die","mbid":"49683c30-b73d-40cf-a370-a8d1224be26c","artist":{"name":"Feist","mbid":"a670e05a-cea8-4b37-bce9-d82daf1a0fa4"}}},{"timestamp":{"iso":"2011-05-12T21:00:49","unixtimestamp":1305234049},"track":{"name":"All the Trees of the Field Will Clap Their Hands","mbid":"2a0f55b9-e363-45df-9b06-2894b8676755","artist":{"name":"Sufjan Stevens","mbid":"01d3c51b-9b98-418a-8d8e-37f6fab59d8c"}},"uncorrectedTrack":{"name":"All the Trees of the Field Will Clap Their Hands","mbid":"2a0f55b9-e363-45df-9b06-2894b8676755","artist":{"name":"Sufjan Stevens","mbid":"01d3c51b-9b98-418a-8d8e-37f6fab59d8c"}},"album":{"name":"Seven Swans","mbid":"8b18a0d8-2dad-4999-83ae-29ccfc89046d","artist":{"name":"Sufjan Stevens","mbid":"01d3c51b-9b98-418a-8d8e-37f6fab59d8c"}}},{"timestamp":{"iso":"2011-05-12T21:09:17","unixtimestamp":1305234557},"track":{"name":"Hustle Rose","mbid":"15369da2-f08a-477d-a9d6-24ea27ee55c7","artist":{"name":"Metric","mbid":"4449ccf6-c948-4d33-aa97-b6ad98ce4b5b"}},"uncorrectedTrack":{"name":"Hustle Rose","mbid":"15369da2-f08a-477d-a9d6-24ea27ee55c7","artist":{"name":"Metric","mbid":"4449ccf6-c948-4d33-aa97-b6ad98ce4b5b"}},"album":{"name":"Old World Underground, Where Are You Now","artist":{"name":"Metric","mbid":"4449ccf6-c948-4d33-aa97-b6ad98ce4b5b"}}},{"timestamp":{"iso":"2011-05-22T01:43:15","unixtimestamp":1306028595},"track":{"name":"Have You Been Making Out O.K.","mbid":"e11f5faa-bd52-4932-b0ed-a7d1d709a555","artist":{"name":"Al Green","mbid":"fb7272ba-f130-4f0a-934d-6eeea4c18c9a"}},"uncorrectedTrack":{"name":"Have You Been Making Out O.K.","mbid":"e11f5faa-bd52-4932-b0ed-a7d1d709a555","artist":{"name":"Al Green","mbid":"fb7272ba-f130-4f0a-934d-6eeea4c18c9a"}},"album":{"name":"Call Me","mbid":"325c56a1-89ad-3063-aebe-d5f279bac922","artist":{"name":"Al Green","mbid":"fb7272ba-f130-4f0a-934d-6eeea4c18c9a"}}},{"timestamp":{"iso":"2011-05-22T01:47:03","unixtimestamp":1306028823},"track":{"name":"Ain\u0027t No Sunshine","mbid":"bf9802f9-ec80-44d6-85c0-a9c0850c27a5","artist":{"name":"Bill Withers","mbid":"0c301c75-bd62-4185-ad06-bed7083c3289"}},"uncorrectedTrack":{"name":"Ain\u0027t No Sunshine","mbid":"bf9802f9-ec80-44d6-85c0-a9c0850c27a5","artist":{"name":"Bill Withers","mbid":"0c301c75-bd62-4185-ad06-bed7083c3289"}},"album":{"name":"Lean on Me: The Best of Bill Withers","mbid":"f6fb0ef8-7790-42c1-b5e1-b30c317c3753","artist":{"name":"Bill Withers","mbid":"0c301c75-bd62-4185-ad06-bed7083c3289"}}},{"timestamp":{"iso":"2011-05-22T01:49:11","unixtimestamp":1306028951},"track":{"name":"He\u0027s My Superman","artist":{"name":"Ann Peebles","mbid":"a7e05e3f-7459-4ba6-9041-8b5cacf6338c"}},"uncorrectedTrack":{"name":"He\u0027s My Superman","artist":{"name":"Ann Peebles","mbid":"a7e05e3f-7459-4ba6-9041-8b5cacf6338c"}},"album":{"name":"Full Time Love","artist":{"name":"Ann Peebles","mbid":"a7e05e3f-7459-4ba6-9041-8b5cacf6338c"}}},{"timestamp":{"iso":"2011-05-22T01:53:37","unixtimestamp":1306029217},"track":{"name":"Get Ready","mbid":"4ec0d87d-981a-4b05-b736-efd2e07dccdf","artist":{"name":"The Temptations","mbid":"131248c9-3750-43d4-bdfd-daefe16f4a56"}},"uncorrectedTrack":{"name":"Get Ready","mbid":"4ec0d87d-981a-4b05-b736-efd2e07dccdf","artist":{"name":"The Temptations","mbid":"131248c9-3750-43d4-bdfd-daefe16f4a56"}},"album":{"name":"Greatest Hits","mbid":"8770a679-2a0a-4364-8442-9abfd82476e3","artist":{"name":"The Temptations","mbid":"131248c9-3750-43d4-bdfd-daefe16f4a56"}}},{"timestamp":{"iso":"2011-05-22T01:56:15","unixtimestamp":1306029375},"track":{"name":"No Thing On Me (Cocaine Song)","mbid":"28c8ce61-ed18-4955-94f3-b54d6604bac5","artist":{"name":"Curtis Mayfield","mbid":"4dca4bb2-23ba-4103-97e6-5810311db33a"}},"uncorrectedTrack":{"name":"No Thing On Me (Cocaine Song)","mbid":"28c8ce61-ed18-4955-94f3-b54d6604bac5","artist":{"name":"Curtis Mayfield","mbid":"4dca4bb2-23ba-4103-97e6-5810311db33a"}},"album":{"name":"Super Fly","mbid":"6004c5ec-9f28-4dd6-a20d-600ab4c785bc","artist":{"name":"Curtis Mayfield","mbid":"4dca4bb2-23ba-4103-97e6-5810311db33a"}}},{"timestamp":{"iso":"2011-05-22T02:01:16","unixtimestamp":1306029676},"track":{"name":"Love Train","mbid":"005a607a-7103-4e63-b1d3-b269be91d7b4","artist":{"name":"The O\u0027Jays","mbid":"0f95bdfa-cbcf-4622-a741-2e889306ded5"}},"uncorrectedTrack":{"name":"Love Train","mbid":"005a607a-7103-4e63-b1d3-b269be91d7b4","artist":{"name":"The O\u0027Jays","mbid":"0f95bdfa-cbcf-4622-a741-2e889306ded5"}},"album":{"name":"The Definitive 70\u0027s","artist":{"name":"Various","mbid":"376d9f83-b8db-4194-9e9b-67c380ccef91"}}},{"timestamp":{"iso":"2011-05-22T02:04:15","unixtimestamp":1306029855},"track":{"name":"Superstition","mbid":"cb5d4e3d-7184-49a2-a04c-ae96188ff756","artist":{"name":"Stevie Wonder","mbid":"1ee18fb3-18a6-4c7f-8ba0-bc41cdd0462e"}},"uncorrectedTrack":{"name":"Superstition","mbid":"cb5d4e3d-7184-49a2-a04c-ae96188ff756","artist":{"name":"Stevie Wonder","mbid":"1ee18fb3-18a6-4c7f-8ba0-bc41cdd0462e"}},"album":{"name":"The Definitive Collection","mbid":"127145ff-7959-4412-9d39-cb4c76e431e9","artist":{"name":"Stevie Wonder","mbid":"1ee18fb3-18a6-4c7f-8ba0-bc41cdd0462e"}}}]