[{"timestamp":{"iso":"2011-12-14T19:41:35","unixtimestamp":1323891695},"track":{"name":"Two Weeks","mbid":"4b6fb11c-2363-4649-a9f4-1a10c8e3150b","artist":{"name":"Grizzly Bear","mbid":"59a7fbcb-ff74-494d-abd0-9c82359040c9"}},"uncorrectedTrack":{"name":"Two Weeks","mbid":"4b6fb11c-2363-4649-a9f4-1a10c8e3150b","artist":{"name":"Grizzly Bear","mbid":"59a7fbcb-ff74-494d-abd0-9c82359040c9"}},"album":{"name":"Veckatimest","mbid":"97d046dd-e145-45df-a417-9aa76de2784d","artist":{"name":"Grizzly Bear","mbid":"59a7fbcb-ff74-494d-abd0-9c82359040c9"}}},{"timestamp":{"iso":"2011-12-14T19:41:35","unixtimestamp":1323891695},"track":{"name":"Two Weeks","mbid":"4b6fb11c-2363-4649-a9f4-1a10c8e3150b","artist":{"name":"Grizzly Bear","mbid":"59a7fbcb-ff74-494d-abd0-9c82359040c9"}},"uncorrectedTrack":{"name":"Two Weeks","mbid":"4b6fb11c-2363-4649-a9f4-1a10c8e3150b","artist":{"name":"Grizzly Bear","mbid":"59a7fbcb-ff74-494d-abd0-9c82359040c9"}},"album":{"name":"Veckatimest","mbid":"97d046dd-e145-45df-a417-9aa76de2784d","artist":{"name":"Grizzly Bear","mbid":"59a7fbcb-ff74-494d-abd0-9c82359040c9"}}}]