[{"timestamp":{"iso":"2013-05-01T20:30:00","unixtimestamp":1367440200},"track":{"name":"Buddy Holly","mbid":"337e2e7b-1180-437f-b448-3964386d5230","artist":{"name":"Weezer","mbid":"6fe07aa5-fec0-4eca-a456-f29bff451b04"}},"uncorrectedTrack":{"name":"Buddy Holly","mbid":"337e2e7b-1180-437f-b448-3964386d5230","artist":{"name":"Weezer","mbid":"6fe07aa5-fec0-4eca-a456-f29bff451b04"}},"album":{"name":"Weezer (Blue Album)","artist":{"name":"Weezer","mbid":"6fe07aa5-fec0-4eca-a456-f29bff451b04"}},"application":"Grooveshark"},{"timestamp":{"iso":"2013-05-01T20:32:52","unixtimestamp":1367440372},"track":{"name":"Say It Aint So (Original Album","artist":{"name":"Weezer","mbid":"6fe07aa5-fec0-4eca-a456-f29bff451b04"}},"uncorrectedTrack":{"name":"Say It Aint So (Original Album","artist":{"name":"Weezer","mbid":"6fe07aa5-fec0-4eca-a456-f29bff451b04"}},"album":{"name":"Weezer - Deluxe Edition","artist":{"name":"Weezer","mbid":"6fe07aa5-fec0-4eca-a456-f29bff451b04"}},"application":"Grooveshark"},{"timestamp":{"iso":"2013-05-03T22:42:28","unixtimestamp":1367620948},"track":{"name":"Constellations","mbid":"6c54aba9-518f-4cea-8035-96b0fa4989fb","artist":{"name":"Darwin Deez","mbid":"9946d737-38d1-4625-94ea-0cf1f8cce8be"}},"uncorrectedTrack":{"name":"Constellations","mbid":"6c54aba9-518f-4cea-8035-96b0fa4989fb","artist":{"name":"Darwin Deez","mbid":"9946d737-38d1-4625-94ea-0cf1f8cce8be"}},"album":{"name":"Darwin Deez","mbid":"42542170-fa86-4097-b473-f09a11162cde","artist":{"name":"Darwin Deez","mbid":"9946d737-38d1-4625-94ea-0cf1f8cce8be"}},"application":"Grooveshark"},{"timestamp":{"iso":"2013-05-03T23:00:59","unixtimestamp":1367622059},"track":{"name":"What You Know","mbid":"94870efc-d70e-46b8-aba2-296708455b46","artist":{"name":"Two Door Cinema Club","mbid":"6f1de078-6684-4792-820d-2ffad64c15ed"}},"uncorrectedTrack":{"name":"What You Know","mbid":"94870efc-d70e-46b8-aba2-296708455b46","artist":{"name":"Two Door Cinema Club","mbid":"6f1de078-6684-4792-820d-2ffad64c15ed"}},"album":{"name":"Tourist History","mbid":"76d0d68c-8077-4cfa-b709-9e1d1b733759","artist":{"name":"Two Door Cinema Club","mbid":"6f1de078-6684-4792-820d-2ffad64c15ed"}},"application":"Grooveshark"},{"timestamp":{"iso":"2013-05-03T23:04:10","unixtimestamp":1367622250},"track":{"name":"O.N.E.","mbid":"b7e5ddc1-723a-47ba-a9b6-8e11486e5929","artist":{"name":"Yeasayer","mbid":"3feba7fa-3837-424a-b4f1-0077d217f569"}},"uncorrectedTrack":{"name":"O.N.E.","mbid":"b7e5ddc1-723a-47ba-a9b6-8e11486e5929","artist":{"name":"Yeasayer","mbid":"3feba7fa-3837-424a-b4f1-0077d217f569"}},"album":{"name":"FIFA 11 Soundtrack","artist":{"name":"Yeasayer","mbid":"3feba7fa-3837-424a-b4f1-0077d217f569"}},"application":"Grooveshark"},{"timestamp":{"iso":"2013-05-03T23:09:24","unixtimestamp":1367622564},"track":{"name":"Wonder","mbid":"6fc85457-0da1-4b6c-95e6-8999c1fbfef9","artist":{"name":"Dan Black","mbid":"4658babc-774d-4d15-840b-fc7d496d93ba"}},"uncorrectedTrack":{"name":"Wonder","mbid":"6fc85457-0da1-4b6c-95e6-8999c1fbfef9","artist":{"name":"Dan Black","mbid":"4658babc-774d-4d15-840b-fc7d496d93ba"}},"album":{"name":"Fifa 11 Soundtrack","artist":{"name":"Dan Black","mbid":"4658babc-774d-4d15-840b-fc7d496d93ba"}},"application":"Grooveshark"},{"timestamp":{"iso":"2013-05-03T23:13:07","unixtimestamp":1367622787},"track":{"name":"Sun In My Pocket","mbid":"f2dd21f4-b296-46d3-9ccc-852db03c6f57","artist":{"name":"Locnville","mbid":"461de60c-7040-442c-afee-1c1d27483c9f"}},"uncorrectedTrack":{"name":"Sun In My Pocket","mbid":"f2dd21f4-b296-46d3-9ccc-852db03c6f57","artist":{"name":"Locnville","mbid":"461de60c-7040-442c-afee-1c1d27483c9f"}},"album":{"name":"FIFA 11 Soundtrack","artist":{"name":"Locnville","mbid":"461de60c-7040-442c-afee-1c1d27483c9f"}},"application":"Grooveshark"},{"timestamp":{"iso":"2013-05-03T23:16:36","unixtimestamp":1367622996},"track":{"name":"Something Good Can Work","mbid":"f6aff252-451b-4dcf-9f7a-1550d3ba14f9","artist":{"name":"Two Door Cinema Club","mbid":"6f1de078-6684-4792-820d-2ffad64c15ed"}},"uncorrectedTrack":{"name":"Something Good Can Work","mbid":"f6aff252-451b-4dcf-9f7a-1550d3ba14f9","artist":{"name":"Two Door Cinema Club","mbid":"6f1de078-6684-4792-820d-2ffad64c15ed"}},"album":{"name":"Tourist History","mbid":"76d0d68c-8077-4cfa-b709-9e1d1b733759","artist":{"name":"Two Door Cinema Club","mbid":"6f1de078-6684-4792-820d-2ffad64c15ed"}},"application":"Grooveshark"},{"timestamp":{"iso":"2013-05-03T23:19:20","unixtimestamp":1367623160},"track":{"name":"Paradise Circus (Breakage\u0027s Tight Rope Remix)","mbid":"3ed2b5fd-26ad-4bfb-90ce-19219ab74bd3","artist":{"name":"Massive Attack","mbid":"10adbe5e-a2c0-4bf3-8249-2b4cbf6e6ca8"}},"uncorrectedTrack":{"name":"Paradise Circus (Breakage\u0027s Tight Rope Remix)","mbid":"3ed2b5fd-26ad-4bfb-90ce-19219ab74bd3","artist":{"name":"Massive Attack","mbid":"10adbe5e-a2c0-4bf3-8249-2b4cbf6e6ca8"}},"album":{"name":"Heligoland","mbid":"5042d45d-6a48-4546-bdf5-26f01caa3a43","artist":{"name":"Massive Attack","mbid":"10adbe5e-a2c0-4bf3-8249-2b4cbf6e6ca8"}},"application":"Grooveshark"},{"timestamp":{"iso":"2013-05-03T23:24:04","unixtimestamp":1367623444},"track":{"name":"Cannons","mbid":"bac0a78b-5345-436c-b918-d82c56752b6b","artist":{"name":"Youth Lagoon","mbid":"4a18722d-5a98-41c8-9e86-814afbffc704"}},"uncorrectedTrack":{"name":"Cannons","mbid":"bac0a78b-5345-436c-b918-d82c56752b6b","artist":{"name":"Youth Lagoon","mbid":"4a18722d-5a98-41c8-9e86-814afbffc704"}},"album":{"name":"Weekly Magic Tape Vol.18","artist":{"name":"Youth Lagoon","mbid":"4a18722d-5a98-41c8-9e86-814afbffc704"}},"application":"Grooveshark"},{"timestamp":{"iso":"2013-05-03T23:27:53","unixtimestamp":1367623673},"track":{"name":"Age of Consent (New Order)","artist":{"name":"Geographer","mbid":"c1213174-2d79-488d-93fd-1db2ef43da8e"}},"uncorrectedTrack":{"name":"Age of Consent (New Order)","artist":{"name":"Geographer","mbid":"c1213174-2d79-488d-93fd-1db2ef43da8e"}},"album":{"name":"Blalock\u0027s Indie/Rock Playlist: November (2010)","artist":{"name":"Geographer","mbid":"c1213174-2d79-488d-93fd-1db2ef43da8e"}},"application":"Grooveshark"},{"timestamp":{"iso":"2013-05-03T23:32:18","unixtimestamp":1367623938},"track":{"name":"ghetto fã¡cil","artist":{"name":"El Guincho","mbid":"7e57d8a2-e6eb-48dd-8e50-ff7eaa412ccb"}},"uncorrectedTrack":{"name":"Ghetto FÃ¡cil","artist":{"name":"El Guincho","mbid":"7e57d8a2-e6eb-48dd-8e50-ff7eaa412ccb"}},"album":{"name":"Pop Negro","mbid":"d1155ca2-d814-4f17-9426-743189f8d853","artist":{"name":"El Guincho","mbid":"7e57d8a2-e6eb-48dd-8e50-ff7eaa412ccb"}},"application":"Grooveshark"},{"timestamp":{"iso":"2013-05-03T23:35:02","unixtimestamp":1367624102},"track":{"name":"Let\u0027s Go Everywhere","artist":{"name":"Medeski, Martin and Wood"}},"uncorrectedTrack":{"name":"Let\u0027s Go Everywhere","mbid":"477bfac7-e686-4e53-a935-f0c830b79503","artist":{"name":"Medeski Martin and Wood","mbid":"6eed1ed9-ab02-45cd-a306-828bc1b98671"}},"album":{"name":"Let\u0027s Go Everywhere","mbid":"dc147da7-87f3-4374-8ed1-c42f13282324","artist":{"name":"Medeski Martin and Wood","mbid":"6eed1ed9-ab02-45cd-a306-828bc1b98671"}},"application":"Grooveshark"},{"timestamp":{"iso":"2013-05-03T23:38:35","unixtimestamp":1367624315},"track":{"name":"Abducted","mbid":"10d36c1d-2a7b-4121-88c8-10cec1962a9d","artist":{"name":"Cults","mbid":"4c671d5a-7027-4398-8055-03e61d1a3967"}},"uncorrectedTrack":{"name":"Abducted","mbid":"10d36c1d-2a7b-4121-88c8-10cec1962a9d","artist":{"name":"Cults","mbid":"4c671d5a-7027-4398-8055-03e61d1a3967"}},"album":{"name":"Cults","mbid":"ea6d5a6b-be84-4835-b5c5-f28dd41ba884","artist":{"name":"Cults","mbid":"4c671d5a-7027-4398-8055-03e61d1a3967"}},"application":"Grooveshark"},{"timestamp":{"iso":"2013-05-03T23:41:29","unixtimestamp":1367624489},"track":{"name":"Go Outside","mbid":"492c351a-115a-435b-a2e1-db70a5b7fb75","artist":{"name":"Cults","mbid":"4c671d5a-7027-4398-8055-03e61d1a3967"}},"uncorrectedTrack":{"name":"Go Outside","mbid":"492c351a-115a-435b-a2e1-db70a5b7fb75","artist":{"name":"Cults","mbid":"4c671d5a-7027-4398-8055-03e61d1a3967"}},"application":"Grooveshark"},{"timestamp":{"iso":"2013-05-03T23:44:50","unixtimestamp":1367624690},"track":{"name":"Simple Song","mbid":"94e35137-f710-475c-ae96-da2997d4d823","artist":{"name":"The Shins","mbid":"6c8b9855-ba8b-48f9-ac1d-42167f7f7b18"}},"uncorrectedTrack":{"name":"Simple Song","mbid":"94e35137-f710-475c-ae96-da2997d4d823","artist":{"name":"The Shins","mbid":"6c8b9855-ba8b-48f9-ac1d-42167f7f7b18"}},"album":{"name":"The Shins","artist":{"name":"The Shins","mbid":"6c8b9855-ba8b-48f9-ac1d-42167f7f7b18"}},"application":"Grooveshark"},{"timestamp":{"iso":"2013-05-06T15:45:24","unixtimestamp":1367855124},"track":{"name":"Complexity Reducer","mbid":"7ed7baa3-0d14-4343-b651-95029be6f822","artist":{"name":"Delorean","mbid":"56c9c56a-3ffc-4489-95f0-c93cb222f1e9"}},"uncorrectedTrack":{"name":"Complexity Reducer","mbid":"7ed7baa3-0d14-4343-b651-95029be6f822","artist":{"name":"Delorean","mbid":"56c9c56a-3ffc-4489-95f0-c93cb222f1e9"}},"album":{"name":"Transatlantic KK","mbid":"9ee97586-a4bd-4f37-aee1-c5e84341d2c6","artist":{"name":"Delorean","mbid":"56c9c56a-3ffc-4489-95f0-c93cb222f1e9"}},"application":"Grooveshark"},{"timestamp":{"iso":"2013-05-06T15:56:28","unixtimestamp":1367855788},"track":{"name":"Deli","mbid":"8aaaa5a2-fc95-4ed1-9dd1-5ef749535148","artist":{"name":"Delorean","mbid":"56c9c56a-3ffc-4489-95f0-c93cb222f1e9"}},"uncorrectedTrack":{"name":"Deli","mbid":"8aaaa5a2-fc95-4ed1-9dd1-5ef749535148","artist":{"name":"Delorean","mbid":"56c9c56a-3ffc-4489-95f0-c93cb222f1e9"}},"album":{"name":"Delorean","mbid":"cb27d47f-9261-4ca5-8a2c-d426ceb0b3b3","artist":{"name":"Delorean","mbid":"56c9c56a-3ffc-4489-95f0-c93cb222f1e9"}},"application":"Grooveshark"},{"timestamp":{"iso":"2013-05-06T16:06:46","unixtimestamp":1367856406},"track":{"name":"Stay Close","mbid":"17521f1b-8f32-47b0-83f7-eb257bc7f5ee","artist":{"name":"Delorean","mbid":"56c9c56a-3ffc-4489-95f0-c93cb222f1e9"}},"uncorrectedTrack":{"name":"Stay Close","mbid":"17521f1b-8f32-47b0-83f7-eb257bc7f5ee","artist":{"name":"Delorean","mbid":"56c9c56a-3ffc-4489-95f0-c93cb222f1e9"}},"album":{"name":"Subiza","mbid":"f7766362-dc42-493d-a70e-b0ccb336b7df","artist":{"name":"Delorean","mbid":"56c9c56a-3ffc-4489-95f0-c93cb222f1e9"}},"application":"Grooveshark"},{"timestamp":{"iso":"2013-05-06T16:11:18","unixtimestamp":1367856678},"track":{"name":"Seasun","mbid":"74ecb7ee-32c2-4327-9bfb-9be90ef4ab42","artist":{"name":"Delorean","mbid":"56c9c56a-3ffc-4489-95f0-c93cb222f1e9"}},"uncorrectedTrack":{"name":"Seasun","mbid":"74ecb7ee-32c2-4327-9bfb-9be90ef4ab42","artist":{"name":"Delorean","mbid":"56c9c56a-3ffc-4489-95f0-c93cb222f1e9"}},"album":{"name":"Ayrton Senna EP","mbid":"471b2119-4d9d-46d2-a4c4-75a31dc13140","artist":{"name":"Delorean","mbid":"56c9c56a-3ffc-4489-95f0-c93cb222f1e9"}},"application":"Grooveshark"},{"timestamp":{"iso":"2013-05-06T17:23:19","unixtimestamp":1367860999},"track":{"name":"Moonsoon","mbid":"6047c446-db51-4d50-adf1-81ad82445aa8","artist":{"name":"Delorean","mbid":"56c9c56a-3ffc-4489-95f0-c93cb222f1e9"}},"uncorrectedTrack":{"name":"Moonsoon","mbid":"6047c446-db51-4d50-adf1-81ad82445aa8","artist":{"name":"Delorean","mbid":"56c9c56a-3ffc-4489-95f0-c93cb222f1e9"}},"album":{"name":"Ayrton Senna EP","mbid":"471b2119-4d9d-46d2-a4c4-75a31dc13140","artist":{"name":"Delorean","mbid":"56c9c56a-3ffc-4489-95f0-c93cb222f1e9"}},"application":"Grooveshark"},{"timestamp":{"iso":"2013-05-06T17:36:40","unixtimestamp":1367861800},"track":{"name":"Moonsoon","mbid":"6047c446-db51-4d50-adf1-81ad82445aa8","artist":{"name":"Delorean","mbid":"56c9c56a-3ffc-4489-95f0-c93cb222f1e9"}},"uncorrectedTrack":{"name":"Moonsoon","mbid":"6047c446-db51-4d50-adf1-81ad82445aa8","artist":{"name":"Delorean","mbid":"56c9c56a-3ffc-4489-95f0-c93cb222f1e9"}},"album":{"name":"Ayrton Senna EP","mbid":"471b2119-4d9d-46d2-a4c4-75a31dc13140","artist":{"name":"Delorean","mbid":"56c9c56a-3ffc-4489-95f0-c93cb222f1e9"}},"application":"Grooveshark"},{"timestamp":{"iso":"2013-05-06T17:45:55","unixtimestamp":1367862355},"track":{"name":"Big Dipper","mbid":"c426f8be-a95f-4a0c-911c-621b40d8f8c7","artist":{"name":"Delorean","mbid":"56c9c56a-3ffc-4489-95f0-c93cb222f1e9"}},"uncorrectedTrack":{"name":"Big Dipper","mbid":"c426f8be-a95f-4a0c-911c-621b40d8f8c7","artist":{"name":"Delorean","mbid":"56c9c56a-3ffc-4489-95f0-c93cb222f1e9"}},"album":{"name":"Ayrton Senna EP","mbid":"471b2119-4d9d-46d2-a4c4-75a31dc13140","artist":{"name":"Delorean","mbid":"56c9c56a-3ffc-4489-95f0-c93cb222f1e9"}},"application":"Grooveshark"},{"timestamp":{"iso":"2013-05-06T18:47:19","unixtimestamp":1367866039},"track":{"name":"Everlasting Light","mbid":"4d596504-e897-430f-a4eb-01bac3d5b8b7","artist":{"name":"The Black Keys","mbid":"d15721d8-56b4-453d-b506-fc915b14cba2"}},"uncorrectedTrack":{"name":"Everlasting Light","mbid":"4d596504-e897-430f-a4eb-01bac3d5b8b7","artist":{"name":"The Black Keys","mbid":"d15721d8-56b4-453d-b506-fc915b14cba2"}},"album":{"name":"Brothers","mbid":"710a1e4f-7207-4b06-82e1-96f926c9076f","artist":{"name":"The Black Keys","mbid":"d15721d8-56b4-453d-b506-fc915b14cba2"}},"application":"Grooveshark"},{"timestamp":{"iso":"2013-05-06T18:50:43","unixtimestamp":1367866243},"track":{"name":"Next Girl","mbid":"0c74a83c-82c5-4870-a24d-a78419e78132","artist":{"name":"The Black Keys","mbid":"d15721d8-56b4-453d-b506-fc915b14cba2"}},"uncorrectedTrack":{"name":"Next Girl","mbid":"0c74a83c-82c5-4870-a24d-a78419e78132","artist":{"name":"The Black Keys","mbid":"d15721d8-56b4-453d-b506-fc915b14cba2"}},"album":{"name":"Brothers","mbid":"710a1e4f-7207-4b06-82e1-96f926c9076f","artist":{"name":"The Black Keys","mbid":"d15721d8-56b4-453d-b506-fc915b14cba2"}},"application":"Grooveshark"},{"timestamp":{"iso":"2013-05-06T18:58:32","unixtimestamp":1367866712},"track":{"name":"Tighten Up","mbid":"cce899ad-8837-4623-b510-322f72bcf424","artist":{"name":"The Black Keys","mbid":"d15721d8-56b4-453d-b506-fc915b14cba2"}},"uncorrectedTrack":{"name":"Tighten Up","mbid":"cce899ad-8837-4623-b510-322f72bcf424","artist":{"name":"The Black Keys","mbid":"d15721d8-56b4-453d-b506-fc915b14cba2"}},"album":{"name":"Brothers","mbid":"710a1e4f-7207-4b06-82e1-96f926c9076f","artist":{"name":"The Black Keys","mbid":"d15721d8-56b4-453d-b506-fc915b14cba2"}},"application":"Grooveshark"},{"timestamp":{"iso":"2013-05-06T19:01:44","unixtimestamp":1367866904},"track":{"name":"Howlin\u0027 for You","mbid":"ef29046e-19f6-430d-a435-da25cdf21176","artist":{"name":"The Black Keys","mbid":"d15721d8-56b4-453d-b506-fc915b14cba2"}},"uncorrectedTrack":{"name":"Howlin\u0027 for You","mbid":"ef29046e-19f6-430d-a435-da25cdf21176","artist":{"name":"The Black Keys","mbid":"d15721d8-56b4-453d-b506-fc915b14cba2"}},"album":{"name":"Brothers","mbid":"710a1e4f-7207-4b06-82e1-96f926c9076f","artist":{"name":"The Black Keys","mbid":"d15721d8-56b4-453d-b506-fc915b14cba2"}},"application":"Grooveshark"},{"timestamp":{"iso":"2013-05-06T19:04:56","unixtimestamp":1367867096},"track":{"name":"She\u0027s Long Gone","mbid":"378a0908-45c2-4f9a-b149-456578e58678","artist":{"name":"The Black Keys","mbid":"d15721d8-56b4-453d-b506-fc915b14cba2"}},"uncorrectedTrack":{"name":"She\u0027s Long Gone","mbid":"378a0908-45c2-4f9a-b149-456578e58678","artist":{"name":"The Black Keys","mbid":"d15721d8-56b4-453d-b506-fc915b14cba2"}},"album":{"name":"Brothers","mbid":"710a1e4f-7207-4b06-82e1-96f926c9076f","artist":{"name":"The Black Keys","mbid":"d15721d8-56b4-453d-b506-fc915b14cba2"}},"application":"Grooveshark"},{"timestamp":{"iso":"2013-05-06T19:08:01","unixtimestamp":1367867281},"track":{"name":"Black Mud","mbid":"040f8510-89ce-4607-906d-3424b08cbf8e","artist":{"name":"The Black Keys","mbid":"d15721d8-56b4-453d-b506-fc915b14cba2"}},"uncorrectedTrack":{"name":"Black Mud","mbid":"040f8510-89ce-4607-906d-3424b08cbf8e","artist":{"name":"The Black Keys","mbid":"d15721d8-56b4-453d-b506-fc915b14cba2"}},"album":{"name":"Brothers","mbid":"710a1e4f-7207-4b06-82e1-96f926c9076f","artist":{"name":"The Black Keys","mbid":"d15721d8-56b4-453d-b506-fc915b14cba2"}},"application":"Grooveshark"},{"timestamp":{"iso":"2013-05-06T19:10:11","unixtimestamp":1367867411},"track":{"name":"The Only One","mbid":"a3acb043-d53f-4f6b-b0bc-0263edc69243","artist":{"name":"The Black Keys","mbid":"d15721d8-56b4-453d-b506-fc915b14cba2"}},"uncorrectedTrack":{"name":"The Only One","mbid":"a3acb043-d53f-4f6b-b0bc-0263edc69243","artist":{"name":"The Black Keys","mbid":"d15721d8-56b4-453d-b506-fc915b14cba2"}},"album":{"name":"Brothers","mbid":"710a1e4f-7207-4b06-82e1-96f926c9076f","artist":{"name":"The Black Keys","mbid":"d15721d8-56b4-453d-b506-fc915b14cba2"}},"application":"Grooveshark"},{"timestamp":{"iso":"2013-05-06T19:15:11","unixtimestamp":1367867711},"track":{"name":"Too Afraid to Love You","mbid":"30ceda38-166e-4d99-b2cd-f5fbffd59e1a","artist":{"name":"The Black Keys","mbid":"d15721d8-56b4-453d-b506-fc915b14cba2"}},"uncorrectedTrack":{"name":"Too Afraid to Love You","mbid":"30ceda38-166e-4d99-b2cd-f5fbffd59e1a","artist":{"name":"The Black Keys","mbid":"d15721d8-56b4-453d-b506-fc915b14cba2"}},"album":{"name":"Brothers","mbid":"710a1e4f-7207-4b06-82e1-96f926c9076f","artist":{"name":"The Black Keys","mbid":"d15721d8-56b4-453d-b506-fc915b14cba2"}},"application":"Grooveshark"},{"timestamp":{"iso":"2013-05-06T19:18:36","unixtimestamp":1367867916},"track":{"name":"Ten Cent Pistol","mbid":"16504f00-c736-4781-bbdb-b1292e41f743","artist":{"name":"The Black Keys","mbid":"d15721d8-56b4-453d-b506-fc915b14cba2"}},"uncorrectedTrack":{"name":"Ten Cent Pistol","mbid":"16504f00-c736-4781-bbdb-b1292e41f743","artist":{"name":"The Black Keys","mbid":"d15721d8-56b4-453d-b506-fc915b14cba2"}},"album":{"name":"Brothers","mbid":"710a1e4f-7207-4b06-82e1-96f926c9076f","artist":{"name":"The Black Keys","mbid":"d15721d8-56b4-453d-b506-fc915b14cba2"}},"application":"Grooveshark"},{"timestamp":{"iso":"2013-05-06T19:23:06","unixtimestamp":1367868186},"track":{"name":"Sinister Kid","mbid":"438e0051-a833-46a7-bd8a-d8dad94c5435","artist":{"name":"The Black Keys","mbid":"d15721d8-56b4-453d-b506-fc915b14cba2"}},"uncorrectedTrack":{"name":"Sinister Kid","mbid":"438e0051-a833-46a7-bd8a-d8dad94c5435","artist":{"name":"The Black Keys","mbid":"d15721d8-56b4-453d-b506-fc915b14cba2"}},"album":{"name":"Brothers","mbid":"710a1e4f-7207-4b06-82e1-96f926c9076f","artist":{"name":"The Black Keys","mbid":"d15721d8-56b4-453d-b506-fc915b14cba2"}},"application":"Grooveshark"},{"timestamp":{"iso":"2013-05-06T19:26:50","unixtimestamp":1367868410},"track":{"name":"The Go Getter","mbid":"2ce6b348-9a3c-4dbe-83d4-b8b9e55d1b0b","artist":{"name":"The Black Keys","mbid":"d15721d8-56b4-453d-b506-fc915b14cba2"}},"uncorrectedTrack":{"name":"The Go Getter","mbid":"2ce6b348-9a3c-4dbe-83d4-b8b9e55d1b0b","artist":{"name":"The Black Keys","mbid":"d15721d8-56b4-453d-b506-fc915b14cba2"}},"album":{"name":"Brothers","mbid":"710a1e4f-7207-4b06-82e1-96f926c9076f","artist":{"name":"The Black Keys","mbid":"d15721d8-56b4-453d-b506-fc915b14cba2"}},"application":"Grooveshark"},{"timestamp":{"iso":"2013-05-06T19:30:27","unixtimestamp":1367868627},"track":{"name":"I\u0027m Not the One","mbid":"61d0c46a-71de-4f84-83c4-a05c38ec9024","artist":{"name":"The Black Keys","mbid":"d15721d8-56b4-453d-b506-fc915b14cba2"}},"uncorrectedTrack":{"name":"I\u0027m Not the One","mbid":"61d0c46a-71de-4f84-83c4-a05c38ec9024","artist":{"name":"The Black Keys","mbid":"d15721d8-56b4-453d-b506-fc915b14cba2"}},"album":{"name":"Brothers","mbid":"710a1e4f-7207-4b06-82e1-96f926c9076f","artist":{"name":"The Black Keys","mbid":"d15721d8-56b4-453d-b506-fc915b14cba2"}},"application":"Grooveshark"},{"timestamp":{"iso":"2013-05-06T19:34:16","unixtimestamp":1367868856},"track":{"name":"Unknown Brother","mbid":"0fcbbdf4-e976-4a42-9974-a53f77fbb15b","artist":{"name":"The Black Keys","mbid":"d15721d8-56b4-453d-b506-fc915b14cba2"}},"uncorrectedTrack":{"name":"Unknown Brother","mbid":"0fcbbdf4-e976-4a42-9974-a53f77fbb15b","artist":{"name":"The Black Keys","mbid":"d15721d8-56b4-453d-b506-fc915b14cba2"}},"album":{"name":"Brothers","mbid":"710a1e4f-7207-4b06-82e1-96f926c9076f","artist":{"name":"The Black Keys","mbid":"d15721d8-56b4-453d-b506-fc915b14cba2"}},"application":"Grooveshark"},{"timestamp":{"iso":"2013-05-06T19:38:16","unixtimestamp":1367869096},"track":{"name":"Never Gonna Give You Up","mbid":"db9d07c4-af44-4eff-8e35-56afc300242c","artist":{"name":"The Black Keys","mbid":"d15721d8-56b4-453d-b506-fc915b14cba2"}},"uncorrectedTrack":{"name":"Never Gonna Give You Up","mbid":"db9d07c4-af44-4eff-8e35-56afc300242c","artist":{"name":"The Black Keys","mbid":"d15721d8-56b4-453d-b506-fc915b14cba2"}},"album":{"name":"Brothers","mbid":"710a1e4f-7207-4b06-82e1-96f926c9076f","artist":{"name":"The Black Keys","mbid":"d15721d8-56b4-453d-b506-fc915b14cba2"}},"application":"Grooveshark"},{"timestamp":{"iso":"2013-05-06T19:42:16","unixtimestamp":1367869336},"track":{"name":"Never Gonna Give You Up","mbid":"db9d07c4-af44-4eff-8e35-56afc300242c","artist":{"name":"The Black Keys","mbid":"d15721d8-56b4-453d-b506-fc915b14cba2"}},"uncorrectedTrack":{"name":"Never Gonna Give You Up","mbid":"db9d07c4-af44-4eff-8e35-56afc300242c","artist":{"name":"The Black Keys","mbid":"d15721d8-56b4-453d-b506-fc915b14cba2"}},"album":{"name":"Brothers","mbid":"710a1e4f-7207-4b06-82e1-96f926c9076f","artist":{"name":"The Black Keys","mbid":"d15721d8-56b4-453d-b506-fc915b14cba2"}},"application":"Grooveshark"},{"timestamp":{"iso":"2013-05-06T19:45:55","unixtimestamp":1367869555},"track":{"name":"These Days","mbid":"c879e57a-d068-4c27-a509-0663cc528425","artist":{"name":"The Black Keys","mbid":"d15721d8-56b4-453d-b506-fc915b14cba2"}},"uncorrectedTrack":{"name":"These Days","mbid":"c879e57a-d068-4c27-a509-0663cc528425","artist":{"name":"The Black Keys","mbid":"d15721d8-56b4-453d-b506-fc915b14cba2"}},"album":{"name":"Brothers","mbid":"710a1e4f-7207-4b06-82e1-96f926c9076f","artist":{"name":"The Black Keys","mbid":"d15721d8-56b4-453d-b506-fc915b14cba2"}},"application":"Grooveshark"},{"timestamp":{"iso":"2013-05-06T19:51:07","unixtimestamp":1367869867},"track":{"name":"Howlin\u0027 For You (Live)","mbid":"073d072f-f52a-4d55-9b6d-fd188aaf08b4","artist":{"name":"The Black Keys","mbid":"d15721d8-56b4-453d-b506-fc915b14cba2"}},"uncorrectedTrack":{"name":"Howlin\u0027 For You (Live)","mbid":"073d072f-f52a-4d55-9b6d-fd188aaf08b4","artist":{"name":"The Black Keys","mbid":"d15721d8-56b4-453d-b506-fc915b14cba2"}},"album":{"name":"Brothers","mbid":"710a1e4f-7207-4b06-82e1-96f926c9076f","artist":{"name":"The Black Keys","mbid":"d15721d8-56b4-453d-b506-fc915b14cba2"}},"application":"Grooveshark"},{"timestamp":{"iso":"2013-05-06T19:55:03","unixtimestamp":1367870103},"track":{"name":"Tighten Up (feat. Prins Thomas Diskomiks)","artist":{"name":"The Black Keys","mbid":"d15721d8-56b4-453d-b506-fc915b14cba2"}},"uncorrectedTrack":{"name":"Tighten Up (feat. Prins Thomas Diskomiks)","artist":{"name":"The Black Keys","mbid":"d15721d8-56b4-453d-b506-fc915b14cba2"}},"album":{"name":"Brothers","mbid":"710a1e4f-7207-4b06-82e1-96f926c9076f","artist":{"name":"The Black Keys","mbid":"d15721d8-56b4-453d-b506-fc915b14cba2"}},"application":"Grooveshark"},{"timestamp":{"iso":"2013-05-06T20:00:23","unixtimestamp":1367870423},"track":{"name":"Hold On","mbid":"5e02f5fb-13c5-4b05-9e56-0be3b0bb1c8f","artist":{"name":"Alabama Shakes","mbid":"40419b33-18e9-4d5a-a674-30b4bb14bac2"}},"uncorrectedTrack":{"name":"Hold On","mbid":"5e02f5fb-13c5-4b05-9e56-0be3b0bb1c8f","artist":{"name":"Alabama Shakes","mbid":"40419b33-18e9-4d5a-a674-30b4bb14bac2"}},"album":{"name":"Boys \u0026 Girls","mbid":"af89a0f6-96c7-476a-97ff-488fca530765","artist":{"name":"Alabama Shakes","mbid":"40419b33-18e9-4d5a-a674-30b4bb14bac2"}},"application":"Grooveshark"},{"timestamp":{"iso":"2013-05-06T20:06:05","unixtimestamp":1367870765},"track":{"name":"Be Mine","mbid":"94d8eea8-8180-4acc-9477-f9502beb3fcf","artist":{"name":"Alabama Shakes","mbid":"40419b33-18e9-4d5a-a674-30b4bb14bac2"}},"uncorrectedTrack":{"name":"Be Mine","mbid":"94d8eea8-8180-4acc-9477-f9502beb3fcf","artist":{"name":"Alabama Shakes","mbid":"40419b33-18e9-4d5a-a674-30b4bb14bac2"}},"album":{"name":"Boys And Girls","artist":{"name":"Alabama Shakes","mbid":"40419b33-18e9-4d5a-a674-30b4bb14bac2"}},"application":"Grooveshark"},{"timestamp":{"iso":"2013-05-06T20:10:25","unixtimestamp":1367871025},"track":{"name":"Rise to the Sun","mbid":"6e861f05-2b37-4f70-a017-302686a0f0da","artist":{"name":"Alabama Shakes","mbid":"40419b33-18e9-4d5a-a674-30b4bb14bac2"}},"uncorrectedTrack":{"name":"Rise to the Sun","mbid":"6e861f05-2b37-4f70-a017-302686a0f0da","artist":{"name":"Alabama Shakes","mbid":"40419b33-18e9-4d5a-a674-30b4bb14bac2"}},"album":{"name":"Boys And Girls","artist":{"name":"Alabama Shakes","mbid":"40419b33-18e9-4d5a-a674-30b4bb14bac2"}},"application":"Grooveshark"},{"timestamp":{"iso":"2013-05-06T20:21:16","unixtimestamp":1367871676},"track":{"name":"The High Road","mbid":"e0adfd20-9ef5-4772-86d3-66977673cbff","artist":{"name":"Broken Bells","mbid":"62d364d2-550b-420e-b918-b3bd1e4a2efc"}},"uncorrectedTrack":{"name":"The High Road","mbid":"e0adfd20-9ef5-4772-86d3-66977673cbff","artist":{"name":"Broken Bells","mbid":"62d364d2-550b-420e-b918-b3bd1e4a2efc"}},"album":{"name":"Broken Bells","mbid":"e8f8ead8-7abb-42f2-8974-19c6b16cf4bf","artist":{"name":"Broken Bells","mbid":"62d364d2-550b-420e-b918-b3bd1e4a2efc"}},"application":"Grooveshark"},{"timestamp":{"iso":"2013-05-06T21:38:24","unixtimestamp":1367876304},"track":{"name":"Pa Pa Power","mbid":"e7c6c7b4-9830-4539-9142-c839d023e253","artist":{"name":"Dead Man\u0027s Bones","mbid":"b2c8ff02-6078-4e9a-b2d7-267451925394"}},"uncorrectedTrack":{"name":"Pa Pa Power","mbid":"e7c6c7b4-9830-4539-9142-c839d023e253","artist":{"name":"Dead Man\u0027s Bones","mbid":"b2c8ff02-6078-4e9a-b2d7-267451925394"}},"album":{"name":"Dead Man\u0027s Bones","mbid":"efa93a5d-b718-4434-9486-0a33936e4247","artist":{"name":"Dead Man\u0027s Bones","mbid":"b2c8ff02-6078-4e9a-b2d7-267451925394"}},"application":"Grooveshark"},{"timestamp":{"iso":"2013-05-06T21:44:03","unixtimestamp":1367876643},"track":{"name":"Good Arms vs. Bad Arms","mbid":"8342962d-9f85-449f-8bb0-8f8948c1d648","artist":{"name":"Frightened Rabbit","mbid":"dc21d171-7204-4759-9fd0-77d031aeb40c"}},"uncorrectedTrack":{"name":"Good Arms vs. Bad Arms","mbid":"8342962d-9f85-449f-8bb0-8f8948c1d648","artist":{"name":"Frightened Rabbit","mbid":"dc21d171-7204-4759-9fd0-77d031aeb40c"}},"album":{"name":"The Midnight Organ Fight","mbid":"c3df7206-f769-49bb-9f57-2f6110c65621","artist":{"name":"Frightened Rabbit","mbid":"dc21d171-7204-4759-9fd0-77d031aeb40c"}},"application":"Grooveshark"},{"timestamp":{"iso":"2013-05-06T21:52:16","unixtimestamp":1367877136},"track":{"name":"The Modern Leper","mbid":"80845237-3651-4451-a10f-79a0b9dc01d8","artist":{"name":"Frightened Rabbit","mbid":"dc21d171-7204-4759-9fd0-77d031aeb40c"}},"uncorrectedTrack":{"name":"The Modern Leper","mbid":"80845237-3651-4451-a10f-79a0b9dc01d8","artist":{"name":"Frightened Rabbit","mbid":"dc21d171-7204-4759-9fd0-77d031aeb40c"}},"album":{"name":"The Midnight Organ Fight","mbid":"c3df7206-f769-49bb-9f57-2f6110c65621","artist":{"name":"Frightened Rabbit","mbid":"dc21d171-7204-4759-9fd0-77d031aeb40c"}},"application":"Grooveshark"},{"timestamp":{"iso":"2013-05-06T22:22:38","unixtimestamp":1367878958},"track":{"name":"Randy Described Eternity","mbid":"e6ab82aa-25f1-4455-9660-1ef576e246e1","artist":{"name":"Built to Spill","mbid":"3ac482b8-1494-4071-a0e9-f192f9d2c2b0"}},"uncorrectedTrack":{"name":"Randy Described Eternity","mbid":"e6ab82aa-25f1-4455-9660-1ef576e246e1","artist":{"name":"Built to Spill","mbid":"3ac482b8-1494-4071-a0e9-f192f9d2c2b0"}},"album":{"name":"Perfect From Now On","mbid":"524c5a17-1f08-4d05-8bb5-bed5735dd96e","artist":{"name":"Built to Spill","mbid":"3ac482b8-1494-4071-a0e9-f192f9d2c2b0"}},"application":"Grooveshark"},{"timestamp":{"iso":"2013-05-06T22:29:58","unixtimestamp":1367879398},"track":{"name":"I Might Be Wrong","mbid":"1bf59297-2c98-4a70-9459-31b560e2934d","artist":{"name":"Radiohead","mbid":"a74b1b7f-71a5-4011-9441-d0b5e4122711"}},"uncorrectedTrack":{"name":"I Might Be Wrong","mbid":"1bf59297-2c98-4a70-9459-31b560e2934d","artist":{"name":"Radiohead","mbid":"a74b1b7f-71a5-4011-9441-d0b5e4122711"}},"album":{"name":"Amnesiac","mbid":"8fdf5ccd-98d2-3283-a6c3-498871addaf6","artist":{"name":"Radiohead","mbid":"a74b1b7f-71a5-4011-9441-d0b5e4122711"}},"application":"Grooveshark"},{"timestamp":{"iso":"2013-05-07T16:08:05","unixtimestamp":1367942885},"track":{"name":"We Could Forever","mbid":"8df7af81-005f-405a-a36a-3cc24b5fa138","artist":{"name":"Bonobo","mbid":"6f7dea51-1d02-4be1-b138-92078518350c"}},"uncorrectedTrack":{"name":"We Could Forever","mbid":"8df7af81-005f-405a-a36a-3cc24b5fa138","artist":{"name":"Bonobo","mbid":"6f7dea51-1d02-4be1-b138-92078518350c"}},"album":{"name":"Black Sands","mbid":"6b575427-f110-4c22-bdeb-89620f534da2","artist":{"name":"Bonobo","mbid":"6f7dea51-1d02-4be1-b138-92078518350c"}},"application":"Grooveshark"},{"timestamp":{"iso":"2013-05-07T16:14:32","unixtimestamp":1367943272},"track":{"name":"Stay the Same","mbid":"ef255283-adb9-4464-9e27-09e11ae6cb73","artist":{"name":"Bonobo","mbid":"6f7dea51-1d02-4be1-b138-92078518350c"}},"uncorrectedTrack":{"name":"Stay the Same","mbid":"ef255283-adb9-4464-9e27-09e11ae6cb73","artist":{"name":"Bonobo","mbid":"6f7dea51-1d02-4be1-b138-92078518350c"}},"album":{"name":"Black Sands","mbid":"6b575427-f110-4c22-bdeb-89620f534da2","artist":{"name":"Bonobo","mbid":"6f7dea51-1d02-4be1-b138-92078518350c"}},"application":"Grooveshark"},{"timestamp":{"iso":"2013-05-07T16:22:27","unixtimestamp":1367943747},"track":{"name":"The Keeper","mbid":"7d4f073b-8127-4321-8b0f-c280e37fd853","artist":{"name":"Bonobo","mbid":"6f7dea51-1d02-4be1-b138-92078518350c"}},"uncorrectedTrack":{"name":"The Keeper","mbid":"7d4f073b-8127-4321-8b0f-c280e37fd853","artist":{"name":"Bonobo","mbid":"6f7dea51-1d02-4be1-b138-92078518350c"}},"album":{"name":"Black Sands","mbid":"6b575427-f110-4c22-bdeb-89620f534da2","artist":{"name":"Bonobo","mbid":"6f7dea51-1d02-4be1-b138-92078518350c"}},"application":"Grooveshark"},{"timestamp":{"iso":"2013-05-07T16:35:31","unixtimestamp":1367944531},"track":{"name":"1009","mbid":"c4590d2c-f7bc-444a-9e0c-b301b554b534","artist":{"name":"Bonobo","mbid":"6f7dea51-1d02-4be1-b138-92078518350c"}},"uncorrectedTrack":{"name":"1009","mbid":"c4590d2c-f7bc-444a-9e0c-b301b554b534","artist":{"name":"Bonobo","mbid":"6f7dea51-1d02-4be1-b138-92078518350c"}},"album":{"name":"Black Sands","mbid":"6b575427-f110-4c22-bdeb-89620f534da2","artist":{"name":"Bonobo","mbid":"6f7dea51-1d02-4be1-b138-92078518350c"}},"application":"Grooveshark"},{"timestamp":{"iso":"2013-05-07T19:37:42","unixtimestamp":1367955462},"track":{"name":"Kiara","mbid":"da17946e-5e74-4c02-a474-6cd8e321b96a","artist":{"name":"Bonobo","mbid":"6f7dea51-1d02-4be1-b138-92078518350c"}},"uncorrectedTrack":{"name":"Kiara","mbid":"da17946e-5e74-4c02-a474-6cd8e321b96a","artist":{"name":"Bonobo","mbid":"6f7dea51-1d02-4be1-b138-92078518350c"}},"album":{"name":"Black Sands","mbid":"6b575427-f110-4c22-bdeb-89620f534da2","artist":{"name":"Bonobo","mbid":"6f7dea51-1d02-4be1-b138-92078518350c"}},"application":"Grooveshark"},{"timestamp":{"iso":"2013-05-07T19:48:19","unixtimestamp":1367956099},"track":{"name":"Sing Sang Sung","mbid":"0944df79-6b0c-4fb3-b8e7-990d06f7709d","artist":{"name":"Air","mbid":"018dcc90-b1a2-400a-a96e-64b6a101f009"}},"uncorrectedTrack":{"name":"Sing Sang Sung","mbid":"0944df79-6b0c-4fb3-b8e7-990d06f7709d","artist":{"name":"Air","mbid":"018dcc90-b1a2-400a-a96e-64b6a101f009"}},"album":{"name":"Love 2","mbid":"476fe9ed-0df9-33b3-9de4-bf55666f1df9","artist":{"name":"Air","mbid":"018dcc90-b1a2-400a-a96e-64b6a101f009"}},"application":"Grooveshark"},{"timestamp":{"iso":"2013-05-07T19:53:21","unixtimestamp":1367956401},"track":{"name":"So What","mbid":"a3df9955-c297-4174-89a2-e1330d73358d","artist":{"name":"Miles Davis","mbid":"561d854a-6a28-4aa7-8c99-323e6ce46c2a"}},"uncorrectedTrack":{"name":"So What","mbid":"a3df9955-c297-4174-89a2-e1330d73358d","artist":{"name":"Miles Davis","mbid":"561d854a-6a28-4aa7-8c99-323e6ce46c2a"}},"album":{"name":"Kind of Blue","mbid":"eef3606d-0843-370f-8ea9-73b949e8bdfc","artist":{"name":"Miles Davis","mbid":"561d854a-6a28-4aa7-8c99-323e6ce46c2a"}},"application":"Grooveshark"},{"timestamp":{"iso":"2013-05-07T20:43:35","unixtimestamp":1367959415},"track":{"name":"Je joue de la guitare","mbid":"57588891-181f-4c0f-a5f3-6a5658402039","artist":{"name":"Jean Leloup","mbid":"6b4dfc7e-3057-423e-8a04-c69ecb2823af"}},"uncorrectedTrack":{"name":"Je joue de la guitare","mbid":"57588891-181f-4c0f-a5f3-6a5658402039","artist":{"name":"Jean Leloup","mbid":"6b4dfc7e-3057-423e-8a04-c69ecb2823af"}},"album":{"name":"Les Fourmis","mbid":"aa719d62-1f33-4e7d-a0e9-a0d056292028","artist":{"name":"Jean Leloup","mbid":"6b4dfc7e-3057-423e-8a04-c69ecb2823af"}},"application":"Grooveshark"},{"timestamp":{"iso":"2013-05-07T20:51:08","unixtimestamp":1367959868},"track":{"name":"The Honest Truth","mbid":"9cd22a01-1ddb-43ba-afd1-50810d63674f","artist":{"name":"Typhoon","mbid":"59fc6a32-6f05-4590-9a8d-c8bac31d474c"}},"uncorrectedTrack":{"name":"The Honest Truth","mbid":"9cd22a01-1ddb-43ba-afd1-50810d63674f","artist":{"name":"Typhoon","mbid":"59fc6a32-6f05-4590-9a8d-c8bac31d474c"}},"album":{"name":"A New Kind of House","mbid":"f37744da-0d31-410f-83d3-b0e8a0e2b5ef","artist":{"name":"Typhoon","mbid":"59fc6a32-6f05-4590-9a8d-c8bac31d474c"}},"application":"Grooveshark"},{"timestamp":{"iso":"2013-05-07T20:55:17","unixtimestamp":1367960117},"track":{"name":"Eyesdown (feat. Andreya Triana)","artist":{"name":"Bonobo","mbid":"6f7dea51-1d02-4be1-b138-92078518350c"}},"uncorrectedTrack":{"name":"Eyesdown (feat. Andreya Triana)","artist":{"name":"Bonobo","mbid":"6f7dea51-1d02-4be1-b138-92078518350c"}},"album":{"name":"Black Sands","mbid":"6b575427-f110-4c22-bdeb-89620f534da2","artist":{"name":"Bonobo","mbid":"6f7dea51-1d02-4be1-b138-92078518350c"}},"application":"Grooveshark"},{"timestamp":{"iso":"2013-05-07T21:10:25","unixtimestamp":1367961025},"track":{"name":"Praise You","mbid":"004c4f68-c5d5-428b-bc1e-e27498cc07a1","artist":{"name":"Fatboy Slim","mbid":"34c63966-445c-4613-afe1-4f0e1e53ae9a"}},"uncorrectedTrack":{"name":"Praise You","mbid":"004c4f68-c5d5-428b-bc1e-e27498cc07a1","artist":{"name":"Fatboy Slim","mbid":"34c63966-445c-4613-afe1-4f0e1e53ae9a"}},"album":{"name":"You\u0027ve Come a Long Way, Baby","mbid":"0fcc9e5d-d7d0-39c1-a49f-d393c2702d40","artist":{"name":"Fatboy Slim","mbid":"34c63966-445c-4613-afe1-4f0e1e53ae9a"}},"application":"Grooveshark"},{"timestamp":{"iso":"2013-05-07T21:27:52","unixtimestamp":1367962072},"track":{"name":"The Rockafeller Skank","mbid":"f4abefd8-a583-441d-bf77-c6f633169b8d","artist":{"name":"Fatboy Slim","mbid":"34c63966-445c-4613-afe1-4f0e1e53ae9a"}},"uncorrectedTrack":{"name":"The Rockafeller Skank","mbid":"f4abefd8-a583-441d-bf77-c6f633169b8d","artist":{"name":"Fatboy Slim","mbid":"34c63966-445c-4613-afe1-4f0e1e53ae9a"}},"album":{"name":"You\u0027ve Come a Long Way, Baby","mbid":"0fcc9e5d-d7d0-39c1-a49f-d393c2702d40","artist":{"name":"Fatboy Slim","mbid":"34c63966-445c-4613-afe1-4f0e1e53ae9a"}},"application":"Grooveshark"},{"timestamp":{"iso":"2013-05-07T21:35:12","unixtimestamp":1367962512},"track":{"name":"Right Here, Right Now","mbid":"0b911187-5730-4cd2-b565-d5faf487258e","artist":{"name":"Fatboy Slim","mbid":"34c63966-445c-4613-afe1-4f0e1e53ae9a"}},"uncorrectedTrack":{"name":"Right Here, Right Now","mbid":"0b911187-5730-4cd2-b565-d5faf487258e","artist":{"name":"Fatboy Slim","mbid":"34c63966-445c-4613-afe1-4f0e1e53ae9a"}},"album":{"name":"You\u0027ve Come a Long Way, Baby","mbid":"0fcc9e5d-d7d0-39c1-a49f-d393c2702d40","artist":{"name":"Fatboy Slim","mbid":"34c63966-445c-4613-afe1-4f0e1e53ae9a"}},"application":"Grooveshark"},{"timestamp":{"iso":"2013-05-07T21:41:58","unixtimestamp":1367962918},"track":{"name":"That Old Pair Of Jeans","mbid":"a7fcb3ee-e614-461c-a6c9-46917a5ebdfa","artist":{"name":"Fatboy Slim","mbid":"34c63966-445c-4613-afe1-4f0e1e53ae9a"}},"uncorrectedTrack":{"name":"That Old Pair Of Jeans","mbid":"a7fcb3ee-e614-461c-a6c9-46917a5ebdfa","artist":{"name":"Fatboy Slim","mbid":"34c63966-445c-4613-afe1-4f0e1e53ae9a"}},"album":{"name":"The Greatest Hits Why Try Harder","artist":{"name":"Fatboy Slim","mbid":"34c63966-445c-4613-afe1-4f0e1e53ae9a"}},"application":"Grooveshark"},{"timestamp":{"iso":"2013-05-07T21:45:35","unixtimestamp":1367963135},"track":{"name":"Weapon Of Choice","mbid":"659424ba-a295-4140-9543-3ef27ae4d43f","artist":{"name":"Fatboy Slim","mbid":"34c63966-445c-4613-afe1-4f0e1e53ae9a"}},"uncorrectedTrack":{"name":"Weapon Of Choice","mbid":"659424ba-a295-4140-9543-3ef27ae4d43f","artist":{"name":"Fatboy Slim","mbid":"34c63966-445c-4613-afe1-4f0e1e53ae9a"}},"album":{"name":"The Greatest Hits: Why Try Harder","artist":{"name":"Fatboy Slim","mbid":"34c63966-445c-4613-afe1-4f0e1e53ae9a"}},"application":"Grooveshark"},{"timestamp":{"iso":"2013-05-07T22:00:31","unixtimestamp":1367964031},"track":{"name":"Slash Dot Dash","mbid":"816a3965-1463-466d-8106-8c54ea72417a","artist":{"name":"Fatboy Slim","mbid":"34c63966-445c-4613-afe1-4f0e1e53ae9a"}},"uncorrectedTrack":{"name":"Slash Dot Dash","mbid":"816a3965-1463-466d-8106-8c54ea72417a","artist":{"name":"Fatboy Slim","mbid":"34c63966-445c-4613-afe1-4f0e1e53ae9a"}},"album":{"name":"The Greatest Hits Why Try Harder","artist":{"name":"Fatboy Slim","mbid":"34c63966-445c-4613-afe1-4f0e1e53ae9a"}},"application":"Grooveshark"},{"timestamp":{"iso":"2013-05-08T15:09:30","unixtimestamp":1368025770},"track":{"name":"Praise You","mbid":"004c4f68-c5d5-428b-bc1e-e27498cc07a1","artist":{"name":"Fatboy Slim","mbid":"34c63966-445c-4613-afe1-4f0e1e53ae9a"}},"uncorrectedTrack":{"name":"Praise You","mbid":"004c4f68-c5d5-428b-bc1e-e27498cc07a1","artist":{"name":"Fatboy Slim","mbid":"34c63966-445c-4613-afe1-4f0e1e53ae9a"}},"album":{"name":"You\u0027ve Come a Long Way, Baby","mbid":"0fcc9e5d-d7d0-39c1-a49f-d393c2702d40","artist":{"name":"Fatboy Slim","mbid":"34c63966-445c-4613-afe1-4f0e1e53ae9a"}},"application":"Grooveshark"},{"timestamp":{"iso":"2013-05-08T15:14:29","unixtimestamp":1368026069},"track":{"name":"The Rockafeller Skank","mbid":"f4abefd8-a583-441d-bf77-c6f633169b8d","artist":{"name":"Fatboy Slim","mbid":"34c63966-445c-4613-afe1-4f0e1e53ae9a"}},"uncorrectedTrack":{"name":"The Rockafeller Skank","mbid":"f4abefd8-a583-441d-bf77-c6f633169b8d","artist":{"name":"Fatboy Slim","mbid":"34c63966-445c-4613-afe1-4f0e1e53ae9a"}},"album":{"name":"You\u0027ve Come a Long Way, Baby","mbid":"0fcc9e5d-d7d0-39c1-a49f-d393c2702d40","artist":{"name":"Fatboy Slim","mbid":"34c63966-445c-4613-afe1-4f0e1e53ae9a"}},"application":"Grooveshark"},{"timestamp":{"iso":"2013-05-08T15:20:07","unixtimestamp":1368026407},"track":{"name":"Right Here, Right Now","mbid":"0b911187-5730-4cd2-b565-d5faf487258e","artist":{"name":"Fatboy Slim","mbid":"34c63966-445c-4613-afe1-4f0e1e53ae9a"}},"uncorrectedTrack":{"name":"Right Here, Right Now","mbid":"0b911187-5730-4cd2-b565-d5faf487258e","artist":{"name":"Fatboy Slim","mbid":"34c63966-445c-4613-afe1-4f0e1e53ae9a"}},"album":{"name":"You\u0027ve Come a Long Way, Baby","mbid":"0fcc9e5d-d7d0-39c1-a49f-d393c2702d40","artist":{"name":"Fatboy Slim","mbid":"34c63966-445c-4613-afe1-4f0e1e53ae9a"}},"application":"Grooveshark"},{"timestamp":{"iso":"2013-05-08T15:26:49","unixtimestamp":1368026809},"track":{"name":"That Old Pair Of Jeans","mbid":"a7fcb3ee-e614-461c-a6c9-46917a5ebdfa","artist":{"name":"Fatboy Slim","mbid":"34c63966-445c-4613-afe1-4f0e1e53ae9a"}},"uncorrectedTrack":{"name":"That Old Pair Of Jeans","mbid":"a7fcb3ee-e614-461c-a6c9-46917a5ebdfa","artist":{"name":"Fatboy Slim","mbid":"34c63966-445c-4613-afe1-4f0e1e53ae9a"}},"album":{"name":"The Greatest Hits Why Try Harder","artist":{"name":"Fatboy Slim","mbid":"34c63966-445c-4613-afe1-4f0e1e53ae9a"}},"application":"Grooveshark"},{"timestamp":{"iso":"2013-05-08T15:31:18","unixtimestamp":1368027078},"track":{"name":"Weapon Of Choice","mbid":"659424ba-a295-4140-9543-3ef27ae4d43f","artist":{"name":"Fatboy Slim","mbid":"34c63966-445c-4613-afe1-4f0e1e53ae9a"}},"uncorrectedTrack":{"name":"Weapon Of Choice","mbid":"659424ba-a295-4140-9543-3ef27ae4d43f","artist":{"name":"Fatboy Slim","mbid":"34c63966-445c-4613-afe1-4f0e1e53ae9a"}},"album":{"name":"The Greatest Hits: Why Try Harder","artist":{"name":"Fatboy Slim","mbid":"34c63966-445c-4613-afe1-4f0e1e53ae9a"}},"application":"Grooveshark"},{"timestamp":{"iso":"2013-05-08T15:34:58","unixtimestamp":1368027298},"track":{"name":"Slash Dot Dash","mbid":"816a3965-1463-466d-8106-8c54ea72417a","artist":{"name":"Fatboy Slim","mbid":"34c63966-445c-4613-afe1-4f0e1e53ae9a"}},"uncorrectedTrack":{"name":"Slash Dot Dash","mbid":"816a3965-1463-466d-8106-8c54ea72417a","artist":{"name":"Fatboy Slim","mbid":"34c63966-445c-4613-afe1-4f0e1e53ae9a"}},"album":{"name":"The Greatest Hits Why Try Harder","artist":{"name":"Fatboy Slim","mbid":"34c63966-445c-4613-afe1-4f0e1e53ae9a"}},"application":"Grooveshark"},{"timestamp":{"iso":"2013-05-08T15:40:26","unixtimestamp":1368027626},"track":{"name":"Nude","mbid":"95dc13f5-11e2-47fd-be03-cb5f9c4ab4c1","artist":{"name":"Radiohead","mbid":"a74b1b7f-71a5-4011-9441-d0b5e4122711"}},"uncorrectedTrack":{"name":"Nude","mbid":"95dc13f5-11e2-47fd-be03-cb5f9c4ab4c1","artist":{"name":"Radiohead","mbid":"a74b1b7f-71a5-4011-9441-d0b5e4122711"}},"album":{"name":"In Rainbows","mbid":"9ff4b8bc-74e4-47cf-9009-408c00b40965","artist":{"name":"Radiohead","mbid":"a74b1b7f-71a5-4011-9441-d0b5e4122711"}},"application":"Grooveshark"},{"timestamp":{"iso":"2013-05-08T15:44:40","unixtimestamp":1368027880},"track":{"name":"Weird Fishes/Arpeggi","mbid":"079e90a8-4d88-4c3e-8797-10605afd4c72","artist":{"name":"Radiohead","mbid":"a74b1b7f-71a5-4011-9441-d0b5e4122711"}},"uncorrectedTrack":{"name":"Weird Fishes/Arpeggi","mbid":"079e90a8-4d88-4c3e-8797-10605afd4c72","artist":{"name":"Radiohead","mbid":"a74b1b7f-71a5-4011-9441-d0b5e4122711"}},"album":{"name":"In Rainbows","mbid":"9ff4b8bc-74e4-47cf-9009-408c00b40965","artist":{"name":"Radiohead","mbid":"a74b1b7f-71a5-4011-9441-d0b5e4122711"}},"application":"Grooveshark"},{"timestamp":{"iso":"2013-05-08T15:49:58","unixtimestamp":1368028198},"track":{"name":"All I Need","mbid":"4eea3ba4-5f95-48fd-8929-d4854b60b867","artist":{"name":"Radiohead","mbid":"a74b1b7f-71a5-4011-9441-d0b5e4122711"}},"uncorrectedTrack":{"name":"All I Need","mbid":"4eea3ba4-5f95-48fd-8929-d4854b60b867","artist":{"name":"Radiohead","mbid":"a74b1b7f-71a5-4011-9441-d0b5e4122711"}},"album":{"name":"In Rainbows","mbid":"9ff4b8bc-74e4-47cf-9009-408c00b40965","artist":{"name":"Radiohead","mbid":"a74b1b7f-71a5-4011-9441-d0b5e4122711"}},"application":"Grooveshark"},{"timestamp":{"iso":"2013-05-08T15:53:47","unixtimestamp":1368028427},"track":{"name":"Faust Arp","mbid":"65af018c-b9d7-4d22-87ec-87128baf24b8","artist":{"name":"Radiohead","mbid":"a74b1b7f-71a5-4011-9441-d0b5e4122711"}},"uncorrectedTrack":{"name":"Faust Arp","mbid":"65af018c-b9d7-4d22-87ec-87128baf24b8","artist":{"name":"Radiohead","mbid":"a74b1b7f-71a5-4011-9441-d0b5e4122711"}},"album":{"name":"In Rainbows","mbid":"9ff4b8bc-74e4-47cf-9009-408c00b40965","artist":{"name":"Radiohead","mbid":"a74b1b7f-71a5-4011-9441-d0b5e4122711"}},"application":"Grooveshark"},{"timestamp":{"iso":"2013-05-08T15:55:56","unixtimestamp":1368028556},"track":{"name":"Reckoner","mbid":"a36bc12e-1173-472a-a16a-a52ab2ea9e9f","artist":{"name":"Radiohead","mbid":"a74b1b7f-71a5-4011-9441-d0b5e4122711"}},"uncorrectedTrack":{"name":"Reckoner","mbid":"a36bc12e-1173-472a-a16a-a52ab2ea9e9f","artist":{"name":"Radiohead","mbid":"a74b1b7f-71a5-4011-9441-d0b5e4122711"}},"album":{"name":"In Rainbows","mbid":"9ff4b8bc-74e4-47cf-9009-408c00b40965","artist":{"name":"Radiohead","mbid":"a74b1b7f-71a5-4011-9441-d0b5e4122711"}},"application":"Grooveshark"},{"timestamp":{"iso":"2013-05-08T16:00:47","unixtimestamp":1368028847},"track":{"name":"House of Cards","mbid":"52a974e0-e742-488e-82a0-2b946795b0ff","artist":{"name":"Radiohead","mbid":"a74b1b7f-71a5-4011-9441-d0b5e4122711"}},"uncorrectedTrack":{"name":"House of Cards","mbid":"52a974e0-e742-488e-82a0-2b946795b0ff","artist":{"name":"Radiohead","mbid":"a74b1b7f-71a5-4011-9441-d0b5e4122711"}},"album":{"name":"In Rainbows","mbid":"9ff4b8bc-74e4-47cf-9009-408c00b40965","artist":{"name":"Radiohead","mbid":"a74b1b7f-71a5-4011-9441-d0b5e4122711"}},"application":"Grooveshark"},{"timestamp":{"iso":"2013-05-08T16:47:50","unixtimestamp":1368031670},"track":{"name":"Jigsaw Falling Into Place","mbid":"a7eb4b06-a825-4ac5-955f-c09d76d7a2c4","artist":{"name":"Radiohead","mbid":"a74b1b7f-71a5-4011-9441-d0b5e4122711"}},"uncorrectedTrack":{"name":"Jigsaw Falling Into Place","mbid":"a7eb4b06-a825-4ac5-955f-c09d76d7a2c4","artist":{"name":"Radiohead","mbid":"a74b1b7f-71a5-4011-9441-d0b5e4122711"}},"album":{"name":"In Rainbows","mbid":"9ff4b8bc-74e4-47cf-9009-408c00b40965","artist":{"name":"Radiohead","mbid":"a74b1b7f-71a5-4011-9441-d0b5e4122711"}},"application":"Grooveshark"},{"timestamp":{"iso":"2013-05-08T16:52:59","unixtimestamp":1368031979},"track":{"name":"MK 1","mbid":"e8d91bc2-9f74-487b-8b6b-a1ddfce55d28","artist":{"name":"Radiohead","mbid":"a74b1b7f-71a5-4011-9441-d0b5e4122711"}},"uncorrectedTrack":{"name":"MK 1","mbid":"e8d91bc2-9f74-487b-8b6b-a1ddfce55d28","artist":{"name":"Radiohead","mbid":"a74b1b7f-71a5-4011-9441-d0b5e4122711"}},"album":{"name":"In Rainbows","mbid":"9ff4b8bc-74e4-47cf-9009-408c00b40965","artist":{"name":"Radiohead","mbid":"a74b1b7f-71a5-4011-9441-d0b5e4122711"}},"application":"Grooveshark"},{"timestamp":{"iso":"2013-05-08T16:53:36","unixtimestamp":1368032016},"track":{"name":"Down Is the New Up","mbid":"7977d214-04b4-4b6c-a12f-bd800eb1784e","artist":{"name":"Radiohead","mbid":"a74b1b7f-71a5-4011-9441-d0b5e4122711"}},"uncorrectedTrack":{"name":"Down Is the New Up","mbid":"7977d214-04b4-4b6c-a12f-bd800eb1784e","artist":{"name":"Radiohead","mbid":"a74b1b7f-71a5-4011-9441-d0b5e4122711"}},"album":{"name":"In Rainbows","mbid":"9ff4b8bc-74e4-47cf-9009-408c00b40965","artist":{"name":"Radiohead","mbid":"a74b1b7f-71a5-4011-9441-d0b5e4122711"}},"application":"Grooveshark"},{"timestamp":{"iso":"2013-05-08T16:58:34","unixtimestamp":1368032314},"track":{"name":"Go Slowly","mbid":"52ea38d1-fe17-4aa8-8ce8-f44b36b6479d","artist":{"name":"Radiohead","mbid":"a74b1b7f-71a5-4011-9441-d0b5e4122711"}},"uncorrectedTrack":{"name":"Go Slowly","mbid":"52ea38d1-fe17-4aa8-8ce8-f44b36b6479d","artist":{"name":"Radiohead","mbid":"a74b1b7f-71a5-4011-9441-d0b5e4122711"}},"album":{"name":"In Rainbows","mbid":"9ff4b8bc-74e4-47cf-9009-408c00b40965","artist":{"name":"Radiohead","mbid":"a74b1b7f-71a5-4011-9441-d0b5e4122711"}},"application":"Grooveshark"},{"timestamp":{"iso":"2013-05-08T17:02:40","unixtimestamp":1368032560},"track":{"name":"MK 2","mbid":"caaa855a-1b2f-4458-b441-151ff0e9f741","artist":{"name":"Radiohead","mbid":"a74b1b7f-71a5-4011-9441-d0b5e4122711"}},"uncorrectedTrack":{"name":"MK 2","mbid":"caaa855a-1b2f-4458-b441-151ff0e9f741","artist":{"name":"Radiohead","mbid":"a74b1b7f-71a5-4011-9441-d0b5e4122711"}},"album":{"name":"In Rainbows","mbid":"9ff4b8bc-74e4-47cf-9009-408c00b40965","artist":{"name":"Radiohead","mbid":"a74b1b7f-71a5-4011-9441-d0b5e4122711"}},"application":"Grooveshark"},{"timestamp":{"iso":"2013-05-08T17:03:16","unixtimestamp":1368032596},"track":{"name":"Last Flowers","mbid":"369552fc-9e7d-44fa-8649-49311d2e5b3a","artist":{"name":"Radiohead","mbid":"a74b1b7f-71a5-4011-9441-d0b5e4122711"}},"uncorrectedTrack":{"name":"Last Flowers","mbid":"369552fc-9e7d-44fa-8649-49311d2e5b3a","artist":{"name":"Radiohead","mbid":"a74b1b7f-71a5-4011-9441-d0b5e4122711"}},"album":{"name":"In Rainbows","mbid":"9ff4b8bc-74e4-47cf-9009-408c00b40965","artist":{"name":"Radiohead","mbid":"a74b1b7f-71a5-4011-9441-d0b5e4122711"}},"application":"Grooveshark"},{"timestamp":{"iso":"2013-05-08T17:10:25","unixtimestamp":1368033025},"track":{"name":"Up on the Ladder","mbid":"91180ff0-459f-4bdf-90a4-82337cc1fb71","artist":{"name":"Radiohead","mbid":"a74b1b7f-71a5-4011-9441-d0b5e4122711"}},"uncorrectedTrack":{"name":"Up on the Ladder","mbid":"91180ff0-459f-4bdf-90a4-82337cc1fb71","artist":{"name":"Radiohead","mbid":"a74b1b7f-71a5-4011-9441-d0b5e4122711"}},"album":{"name":"In Rainbows","mbid":"9ff4b8bc-74e4-47cf-9009-408c00b40965","artist":{"name":"Radiohead","mbid":"a74b1b7f-71a5-4011-9441-d0b5e4122711"}},"application":"Grooveshark"},{"timestamp":{"iso":"2013-05-08T17:14:42","unixtimestamp":1368033282},"track":{"name":"Bangers + Mash","mbid":"873d9d72-6d19-4dc4-bd91-695d6ebed037","artist":{"name":"Radiohead","mbid":"a74b1b7f-71a5-4011-9441-d0b5e4122711"}},"uncorrectedTrack":{"name":"Bangers + Mash","mbid":"873d9d72-6d19-4dc4-bd91-695d6ebed037","artist":{"name":"Radiohead","mbid":"a74b1b7f-71a5-4011-9441-d0b5e4122711"}},"album":{"name":"In Rainbows","mbid":"9ff4b8bc-74e4-47cf-9009-408c00b40965","artist":{"name":"Radiohead","mbid":"a74b1b7f-71a5-4011-9441-d0b5e4122711"}},"application":"Grooveshark"},{"timestamp":{"iso":"2013-05-08T17:18:01","unixtimestamp":1368033481},"track":{"name":"4 Minute Warning","mbid":"1d0a8011-8f37-40c1-8027-fa2403488479","artist":{"name":"Radiohead","mbid":"a74b1b7f-71a5-4011-9441-d0b5e4122711"}},"uncorrectedTrack":{"name":"4 Minute Warning","mbid":"1d0a8011-8f37-40c1-8027-fa2403488479","artist":{"name":"Radiohead","mbid":"a74b1b7f-71a5-4011-9441-d0b5e4122711"}},"album":{"name":"In Rainbows","mbid":"9ff4b8bc-74e4-47cf-9009-408c00b40965","artist":{"name":"Radiohead","mbid":"a74b1b7f-71a5-4011-9441-d0b5e4122711"}},"application":"Grooveshark"},{"timestamp":{"iso":"2013-05-08T17:25:56","unixtimestamp":1368033956},"track":{"name":"Everything in Its Right Place","mbid":"78ee614a-5cb1-4b18-b7e0-b42c83bebf11","artist":{"name":"Radiohead","mbid":"a74b1b7f-71a5-4011-9441-d0b5e4122711"}},"uncorrectedTrack":{"name":"Everything in Its Right Place","mbid":"78ee614a-5cb1-4b18-b7e0-b42c83bebf11","artist":{"name":"Radiohead","mbid":"a74b1b7f-71a5-4011-9441-d0b5e4122711"}},"album":{"name":"Kid A","mbid":"5cf1960d-d7c1-31cf-99e1-41c00069a471","artist":{"name":"Radiohead","mbid":"a74b1b7f-71a5-4011-9441-d0b5e4122711"}},"application":"Grooveshark"},{"timestamp":{"iso":"2013-05-08T17:30:07","unixtimestamp":1368034207},"track":{"name":"Kid A","mbid":"296758a0-da8d-462e-a46d-aa548da4413b","artist":{"name":"Radiohead","mbid":"a74b1b7f-71a5-4011-9441-d0b5e4122711"}},"uncorrectedTrack":{"name":"Kid A","mbid":"296758a0-da8d-462e-a46d-aa548da4413b","artist":{"name":"Radiohead","mbid":"a74b1b7f-71a5-4011-9441-d0b5e4122711"}},"album":{"name":"Kid A","mbid":"5cf1960d-d7c1-31cf-99e1-41c00069a471","artist":{"name":"Radiohead","mbid":"a74b1b7f-71a5-4011-9441-d0b5e4122711"}},"application":"Grooveshark"},{"timestamp":{"iso":"2013-05-08T17:34:51","unixtimestamp":1368034491},"track":{"name":"The National Anthem                                                                                                                                                                                                          mediagrant.com","artist":{"name":"Radiohead","mbid":"a74b1b7f-71a5-4011-9441-d0b5e4122711"}},"uncorrectedTrack":{"name":"The National Anthem                                                                                                                                                                                                          mediagrant.com","artist":{"name":"Radiohead","mbid":"a74b1b7f-71a5-4011-9441-d0b5e4122711"}},"album":{"name":"Kid A","mbid":"5cf1960d-d7c1-31cf-99e1-41c00069a471","artist":{"name":"Radiohead","mbid":"a74b1b7f-71a5-4011-9441-d0b5e4122711"}},"application":"Grooveshark"},{"timestamp":{"iso":"2013-05-08T17:40:43","unixtimestamp":1368034843},"track":{"name":"How to Disappear Completely","mbid":"62792524-c2aa-45ca-8ba9-fc3a9b94af32","artist":{"name":"Radiohead","mbid":"a74b1b7f-71a5-4011-9441-d0b5e4122711"}},"uncorrectedTrack":{"name":"How to Disappear Completely","mbid":"62792524-c2aa-45ca-8ba9-fc3a9b94af32","artist":{"name":"Radiohead","mbid":"a74b1b7f-71a5-4011-9441-d0b5e4122711"}},"album":{"name":"Kid A","mbid":"5cf1960d-d7c1-31cf-99e1-41c00069a471","artist":{"name":"Radiohead","mbid":"a74b1b7f-71a5-4011-9441-d0b5e4122711"}},"application":"Grooveshark"},{"timestamp":{"iso":"2013-05-08T17:46:40","unixtimestamp":1368035200},"track":{"name":"Treefingers","mbid":"bc6ac91c-b4c9-49ab-8a60-af9f289aff33","artist":{"name":"Radiohead","mbid":"a74b1b7f-71a5-4011-9441-d0b5e4122711"}},"uncorrectedTrack":{"name":"Treefingers","mbid":"bc6ac91c-b4c9-49ab-8a60-af9f289aff33","artist":{"name":"Radiohead","mbid":"a74b1b7f-71a5-4011-9441-d0b5e4122711"}},"album":{"name":"Kid A","mbid":"5cf1960d-d7c1-31cf-99e1-41c00069a471","artist":{"name":"Radiohead","mbid":"a74b1b7f-71a5-4011-9441-d0b5e4122711"}},"application":"Grooveshark"},{"timestamp":{"iso":"2013-05-08T17:50:23","unixtimestamp":1368035423},"track":{"name":"Optimistic","mbid":"66fd6083-2567-479a-8017-2005c60e20b2","artist":{"name":"Radiohead","mbid":"a74b1b7f-71a5-4011-9441-d0b5e4122711"}},"uncorrectedTrack":{"name":"Optimistic","mbid":"66fd6083-2567-479a-8017-2005c60e20b2","artist":{"name":"Radiohead","mbid":"a74b1b7f-71a5-4011-9441-d0b5e4122711"}},"album":{"name":"Kid A","mbid":"5cf1960d-d7c1-31cf-99e1-41c00069a471","artist":{"name":"Radiohead","mbid":"a74b1b7f-71a5-4011-9441-d0b5e4122711"}},"application":"Grooveshark"},{"timestamp":{"iso":"2013-05-08T17:55:39","unixtimestamp":1368035739},"track":{"name":"In Limbo","mbid":"e817fc2b-fb58-40ea-8a49-19028aab563e","artist":{"name":"Radiohead","mbid":"a74b1b7f-71a5-4011-9441-d0b5e4122711"}},"uncorrectedTrack":{"name":"In Limbo","mbid":"e817fc2b-fb58-40ea-8a49-19028aab563e","artist":{"name":"Radiohead","mbid":"a74b1b7f-71a5-4011-9441-d0b5e4122711"}},"album":{"name":"Kid A","mbid":"5cf1960d-d7c1-31cf-99e1-41c00069a471","artist":{"name":"Radiohead","mbid":"a74b1b7f-71a5-4011-9441-d0b5e4122711"}},"application":"Grooveshark"},{"timestamp":{"iso":"2013-05-08T17:59:10","unixtimestamp":1368035950},"track":{"name":"Idioteque","mbid":"e70cfe65-a365-4952-880a-71996904ef6b","artist":{"name":"Radiohead","mbid":"a74b1b7f-71a5-4011-9441-d0b5e4122711"}},"uncorrectedTrack":{"name":"08. Idioteque","artist":{"name":"Radiohead","mbid":"a74b1b7f-71a5-4011-9441-d0b5e4122711"}},"album":{"name":"Kid A","mbid":"5cf1960d-d7c1-31cf-99e1-41c00069a471","artist":{"name":"Radiohead","mbid":"a74b1b7f-71a5-4011-9441-d0b5e4122711"}},"application":"Grooveshark"},{"timestamp":{"iso":"2013-05-08T18:04:19","unixtimestamp":1368036259},"track":{"name":"Morning Bell","mbid":"a3ae24ab-85fb-4ce2-b1e6-1936d6176e2b","artist":{"name":"Radiohead","mbid":"a74b1b7f-71a5-4011-9441-d0b5e4122711"}},"uncorrectedTrack":{"name":"Morning Bell","mbid":"a3ae24ab-85fb-4ce2-b1e6-1936d6176e2b","artist":{"name":"Radiohead","mbid":"a74b1b7f-71a5-4011-9441-d0b5e4122711"}},"album":{"name":"Kid A","mbid":"5cf1960d-d7c1-31cf-99e1-41c00069a471","artist":{"name":"Radiohead","mbid":"a74b1b7f-71a5-4011-9441-d0b5e4122711"}},"application":"Grooveshark"},{"timestamp":{"iso":"2013-05-08T18:08:55","unixtimestamp":1368036535},"track":{"name":"Motion Picture Soundtrack","mbid":"2c29973a-8a2a-408a-8f67-6aa63b6e9c99","artist":{"name":"Radiohead","mbid":"a74b1b7f-71a5-4011-9441-d0b5e4122711"}},"uncorrectedTrack":{"name":"Motion Picture Soundtrack","mbid":"2c29973a-8a2a-408a-8f67-6aa63b6e9c99","artist":{"name":"Radiohead","mbid":"a74b1b7f-71a5-4011-9441-d0b5e4122711"}},"album":{"name":"Kid A","mbid":"5cf1960d-d7c1-31cf-99e1-41c00069a471","artist":{"name":"Radiohead","mbid":"a74b1b7f-71a5-4011-9441-d0b5e4122711"}},"application":"Grooveshark"},{"timestamp":{"iso":"2013-05-08T18:34:23","unixtimestamp":1368038063},"track":{"name":"Pa Pa Power","mbid":"e7c6c7b4-9830-4539-9142-c839d023e253","artist":{"name":"Dead Man\u0027s Bones","mbid":"b2c8ff02-6078-4e9a-b2d7-267451925394"}},"uncorrectedTrack":{"name":"Pa Pa Power","mbid":"e7c6c7b4-9830-4539-9142-c839d023e253","artist":{"name":"Dead Man\u0027s Bones","mbid":"b2c8ff02-6078-4e9a-b2d7-267451925394"}},"album":{"name":"Dead Man\u0027s Bones","mbid":"efa93a5d-b718-4434-9486-0a33936e4247","artist":{"name":"Dead Man\u0027s Bones","mbid":"b2c8ff02-6078-4e9a-b2d7-267451925394"}},"application":"Grooveshark"},{"timestamp":{"iso":"2013-05-08T18:36:24","unixtimestamp":1368038184},"track":{"name":"Name In Stone (Live Version)","artist":{"name":"Dead Man\u0027s Bones","mbid":"b2c8ff02-6078-4e9a-b2d7-267451925394"}},"uncorrectedTrack":{"name":"Name In Stone (Live Version)","artist":{"name":"Dead Man\u0027s Bones","mbid":"b2c8ff02-6078-4e9a-b2d7-267451925394"}},"album":{"name":"www.ohhcrapp.net","artist":{"name":"Dead Man\u0027s Bones","mbid":"b2c8ff02-6078-4e9a-b2d7-267451925394"}},"application":"Grooveshark"},{"timestamp":{"iso":"2013-05-08T18:38:04","unixtimestamp":1368038284},"track":{"name":"In the Room Where You Sleep","mbid":"d2b6caea-6b8c-4aea-ad6b-4016000694e8","artist":{"name":"Dead Man\u0027s Bones","mbid":"b2c8ff02-6078-4e9a-b2d7-267451925394"}},"uncorrectedTrack":{"name":"In the Room Where You Sleep","mbid":"d2b6caea-6b8c-4aea-ad6b-4016000694e8","artist":{"name":"Dead Man\u0027s Bones","mbid":"b2c8ff02-6078-4e9a-b2d7-267451925394"}},"album":{"name":"Dead Man\u0027s Bones","mbid":"efa93a5d-b718-4434-9486-0a33936e4247","artist":{"name":"Dead Man\u0027s Bones","mbid":"b2c8ff02-6078-4e9a-b2d7-267451925394"}},"application":"Grooveshark"},{"timestamp":{"iso":"2013-05-08T18:42:02","unixtimestamp":1368038522},"track":{"name":"Lose Your Soul","mbid":"22eea410-3398-4c54-9d5a-913e5280da03","artist":{"name":"Dead Man\u0027s Bones","mbid":"b2c8ff02-6078-4e9a-b2d7-267451925394"}},"uncorrectedTrack":{"name":"Lose Your Soul","mbid":"22eea410-3398-4c54-9d5a-913e5280da03","artist":{"name":"Dead Man\u0027s Bones","mbid":"b2c8ff02-6078-4e9a-b2d7-267451925394"}},"album":{"name":"Dead Man\u0027s Bones","mbid":"efa93a5d-b718-4434-9486-0a33936e4247","artist":{"name":"Dead Man\u0027s Bones","mbid":"b2c8ff02-6078-4e9a-b2d7-267451925394"}},"application":"Grooveshark"},{"timestamp":{"iso":"2013-05-08T18:42:55","unixtimestamp":1368038575},"track":{"name":"Dead Hearts","mbid":"8a1b9419-6df4-49e2-babb-bed28cfc4c1b","artist":{"name":"Dead Man\u0027s Bones","mbid":"b2c8ff02-6078-4e9a-b2d7-267451925394"}},"uncorrectedTrack":{"name":"Dead Hearts","mbid":"8a1b9419-6df4-49e2-babb-bed28cfc4c1b","artist":{"name":"Dead Man\u0027s Bones","mbid":"b2c8ff02-6078-4e9a-b2d7-267451925394"}},"album":{"name":"Dead Man\u0027s Bones","mbid":"efa93a5d-b718-4434-9486-0a33936e4247","artist":{"name":"Dead Man\u0027s Bones","mbid":"b2c8ff02-6078-4e9a-b2d7-267451925394"}},"application":"Grooveshark"},{"timestamp":{"iso":"2013-05-08T18:56:22","unixtimestamp":1368039382},"track":{"name":"Lose Your Soul","mbid":"22eea410-3398-4c54-9d5a-913e5280da03","artist":{"name":"Dead Man\u0027s Bones","mbid":"b2c8ff02-6078-4e9a-b2d7-267451925394"}},"uncorrectedTrack":{"name":"Lose Your Soul","mbid":"22eea410-3398-4c54-9d5a-913e5280da03","artist":{"name":"Dead Man\u0027s Bones","mbid":"b2c8ff02-6078-4e9a-b2d7-267451925394"}},"album":{"name":"Dead Man\u0027s Bones","mbid":"efa93a5d-b718-4434-9486-0a33936e4247","artist":{"name":"Dead Man\u0027s Bones","mbid":"b2c8ff02-6078-4e9a-b2d7-267451925394"}},"application":"Grooveshark"},{"timestamp":{"iso":"2013-05-08T19:11:56","unixtimestamp":1368040316},"track":{"name":"The High Road","mbid":"e0adfd20-9ef5-4772-86d3-66977673cbff","artist":{"name":"Broken Bells","mbid":"62d364d2-550b-420e-b918-b3bd1e4a2efc"}},"uncorrectedTrack":{"name":"The High Road","mbid":"e0adfd20-9ef5-4772-86d3-66977673cbff","artist":{"name":"Broken Bells","mbid":"62d364d2-550b-420e-b918-b3bd1e4a2efc"}},"album":{"name":"Broken Bells","mbid":"e8f8ead8-7abb-42f2-8974-19c6b16cf4bf","artist":{"name":"Broken Bells","mbid":"62d364d2-550b-420e-b918-b3bd1e4a2efc"}},"application":"Grooveshark"},{"timestamp":{"iso":"2013-05-08T19:30:07","unixtimestamp":1368041407},"track":{"name":"I Might Be Wrong","mbid":"1bf59297-2c98-4a70-9459-31b560e2934d","artist":{"name":"Radiohead","mbid":"a74b1b7f-71a5-4011-9441-d0b5e4122711"}},"uncorrectedTrack":{"name":"I Might Be Wrong","mbid":"1bf59297-2c98-4a70-9459-31b560e2934d","artist":{"name":"Radiohead","mbid":"a74b1b7f-71a5-4011-9441-d0b5e4122711"}},"album":{"name":"Amnesiac","mbid":"8fdf5ccd-98d2-3283-a6c3-498871addaf6","artist":{"name":"Radiohead","mbid":"a74b1b7f-71a5-4011-9441-d0b5e4122711"}},"application":"Grooveshark"},{"timestamp":{"iso":"2013-05-08T19:44:44","unixtimestamp":1368042284},"track":{"name":"Good Arms vs. Bad Arms","mbid":"8342962d-9f85-449f-8bb0-8f8948c1d648","artist":{"name":"Frightened Rabbit","mbid":"dc21d171-7204-4759-9fd0-77d031aeb40c"}},"uncorrectedTrack":{"name":"Good Arms vs. Bad Arms","mbid":"8342962d-9f85-449f-8bb0-8f8948c1d648","artist":{"name":"Frightened Rabbit","mbid":"dc21d171-7204-4759-9fd0-77d031aeb40c"}},"album":{"name":"The Midnight Organ Fight","mbid":"c3df7206-f769-49bb-9f57-2f6110c65621","artist":{"name":"Frightened Rabbit","mbid":"dc21d171-7204-4759-9fd0-77d031aeb40c"}},"application":"Grooveshark"},{"timestamp":{"iso":"2013-05-09T15:18:12","unixtimestamp":1368112692},"track":{"name":"Latchmere","mbid":"1cd804b3-0008-4458-b3e2-bfaa8829a14e","artist":{"name":"The Maccabees","mbid":"83b86967-6b1a-4ca8-9cf0-c7cfe047ef3f"}},"uncorrectedTrack":{"name":"Latchmere","mbid":"1cd804b3-0008-4458-b3e2-bfaa8829a14e","artist":{"name":"The Maccabees","mbid":"83b86967-6b1a-4ca8-9cf0-c7cfe047ef3f"}},"album":{"name":"Colour It In","mbid":"1239e881-1cca-4be6-b738-ce843bf213b9","artist":{"name":"The Maccabees","mbid":"83b86967-6b1a-4ca8-9cf0-c7cfe047ef3f"}},"application":"Grooveshark"},{"timestamp":{"iso":"2013-05-09T15:24:54","unixtimestamp":1368113094},"track":{"name":"Good Arms vs. Bad Arms","mbid":"8342962d-9f85-449f-8bb0-8f8948c1d648","artist":{"name":"Frightened Rabbit","mbid":"dc21d171-7204-4759-9fd0-77d031aeb40c"}},"uncorrectedTrack":{"name":"Good Arms vs. Bad Arms","mbid":"8342962d-9f85-449f-8bb0-8f8948c1d648","artist":{"name":"Frightened Rabbit","mbid":"dc21d171-7204-4759-9fd0-77d031aeb40c"}},"album":{"name":"The Midnight Organ Fight","mbid":"c3df7206-f769-49bb-9f57-2f6110c65621","artist":{"name":"Frightened Rabbit","mbid":"dc21d171-7204-4759-9fd0-77d031aeb40c"}},"application":"Grooveshark"},{"timestamp":{"iso":"2013-05-09T15:32:20","unixtimestamp":1368113540},"track":{"name":"The Modern Leper","mbid":"80845237-3651-4451-a10f-79a0b9dc01d8","artist":{"name":"Frightened Rabbit","mbid":"dc21d171-7204-4759-9fd0-77d031aeb40c"}},"uncorrectedTrack":{"name":"The Modern Leper","mbid":"80845237-3651-4451-a10f-79a0b9dc01d8","artist":{"name":"Frightened Rabbit","mbid":"dc21d171-7204-4759-9fd0-77d031aeb40c"}},"album":{"name":"The Midnight Organ Fight","mbid":"c3df7206-f769-49bb-9f57-2f6110c65621","artist":{"name":"Frightened Rabbit","mbid":"dc21d171-7204-4759-9fd0-77d031aeb40c"}},"application":"Grooveshark"},{"timestamp":{"iso":"2013-05-09T15:36:13","unixtimestamp":1368113773},"track":{"name":"O.A.V.I.P.","mbid":"1f37429e-97b3-4c35-bc2f-5df9046507b1","artist":{"name":"The Maccabees","mbid":"83b86967-6b1a-4ca8-9cf0-c7cfe047ef3f"}},"uncorrectedTrack":{"name":"O.A.V.I.P.","mbid":"1f37429e-97b3-4c35-bc2f-5df9046507b1","artist":{"name":"The Maccabees","mbid":"83b86967-6b1a-4ca8-9cf0-c7cfe047ef3f"}},"album":{"name":"Colour It In","mbid":"1239e881-1cca-4be6-b738-ce843bf213b9","artist":{"name":"The Maccabees","mbid":"83b86967-6b1a-4ca8-9cf0-c7cfe047ef3f"}},"application":"Grooveshark"},{"timestamp":{"iso":"2013-05-09T15:52:25","unixtimestamp":1368114745},"track":{"name":"Blurred Lines","mbid":"0f31dd9c-43e9-4fa9-84c0-19d5901f5220","artist":{"name":"Robin Thicke","mbid":"c4b5272d-b23a-4ef6-a5d9-ebd717eca81c"}},"uncorrectedTrack":{"name":"Blurred Lines","mbid":"0f31dd9c-43e9-4fa9-84c0-19d5901f5220","artist":{"name":"Robin Thicke","mbid":"c4b5272d-b23a-4ef6-a5d9-ebd717eca81c"}},"album":{"name":"Blurred Lines","mbid":"85700afa-e4a0-4d53-bb79-d398778d63bd","artist":{"name":"Robin Thicke","mbid":"c4b5272d-b23a-4ef6-a5d9-ebd717eca81c"}},"application":"Grooveshark"},{"timestamp":{"iso":"2013-05-09T15:55:48","unixtimestamp":1368114948},"track":{"name":"Porcelain","mbid":"110ed618-c75a-46c7-905f-c2c7d911d1b3","artist":{"name":"Moby","mbid":"00810267-f0ac-45a6-ae99-0b8c9c18f3c2"}},"uncorrectedTrack":{"name":"Porcelain","mbid":"110ed618-c75a-46c7-905f-c2c7d911d1b3","artist":{"name":"Moby","mbid":"00810267-f0ac-45a6-ae99-0b8c9c18f3c2"}},"album":{"name":"Porcelain (Instrumental)","artist":{"name":"Moby","mbid":"00810267-f0ac-45a6-ae99-0b8c9c18f3c2"}},"application":"Grooveshark"},{"timestamp":{"iso":"2013-05-09T16:00:46","unixtimestamp":1368115246},"track":{"name":"Honey","mbid":"5f8dce41-c2d6-4157-aa9c-60aae17e1dfd","artist":{"name":"Moby","mbid":"00810267-f0ac-45a6-ae99-0b8c9c18f3c2"}},"uncorrectedTrack":{"name":"Honey","mbid":"5f8dce41-c2d6-4157-aa9c-60aae17e1dfd","artist":{"name":"Moby","mbid":"00810267-f0ac-45a6-ae99-0b8c9c18f3c2"}},"album":{"name":"Permanent Midnight","artist":{"name":"Moby","mbid":"00810267-f0ac-45a6-ae99-0b8c9c18f3c2"}},"application":"Grooveshark"},{"timestamp":{"iso":"2013-05-09T16:01:53","unixtimestamp":1368115313},"track":{"name":"One More Time","mbid":"4719fd08-a3f8-41af-baa1-d938f0b2b328","artist":{"name":"Daft Punk","mbid":"056e4f3e-d505-4dad-8ec1-d04f521cbb56"}},"uncorrectedTrack":{"name":"One More Time","mbid":"4719fd08-a3f8-41af-baa1-d938f0b2b328","artist":{"name":"Daft Punk","mbid":"056e4f3e-d505-4dad-8ec1-d04f521cbb56"}},"album":{"name":"Discovery","mbid":"30e45d86-707d-4042-9df5-93724557aadb","artist":{"name":"Daft Punk","mbid":"056e4f3e-d505-4dad-8ec1-d04f521cbb56"}},"application":"Grooveshark"},{"timestamp":{"iso":"2013-05-09T16:04:53","unixtimestamp":1368115493},"track":{"name":"Harder, Better, Faster, Stronger","mbid":"2862aa26-1b45-46b3-ae43-e617d8a6bcbf","artist":{"name":"Daft Punk","mbid":"056e4f3e-d505-4dad-8ec1-d04f521cbb56"}},"uncorrectedTrack":{"name":"Harder, Better, Faster, Stronger","mbid":"2862aa26-1b45-46b3-ae43-e617d8a6bcbf","artist":{"name":"Daft Punk","mbid":"056e4f3e-d505-4dad-8ec1-d04f521cbb56"}},"album":{"name":"Discovery","mbid":"30e45d86-707d-4042-9df5-93724557aadb","artist":{"name":"Daft Punk","mbid":"056e4f3e-d505-4dad-8ec1-d04f521cbb56"}},"application":"Grooveshark"},{"timestamp":{"iso":"2013-05-09T16:08:38","unixtimestamp":1368115718},"track":{"name":"Daft Punk Is Playing at My House","mbid":"0a6073b3-1b0e-4cb2-8335-b267a6794463","artist":{"name":"LCD Soundsystem","mbid":"2aaf7396-6ab8-40f3-9776-a41c42c8e26b"}},"uncorrectedTrack":{"name":"Daft Punk Is Playing at My House","mbid":"0a6073b3-1b0e-4cb2-8335-b267a6794463","artist":{"name":"LCD Soundsystem","mbid":"2aaf7396-6ab8-40f3-9776-a41c42c8e26b"}},"album":{"name":"London Sessions","mbid":"272face3-69ae-464a-ac34-7217a1f0cf2b","artist":{"name":"LCD Soundsystem","mbid":"2aaf7396-6ab8-40f3-9776-a41c42c8e26b"}},"application":"Grooveshark"},{"timestamp":{"iso":"2013-05-09T16:09:28","unixtimestamp":1368115768},"track":{"name":"Crash!","mbid":"0cb5c55e-b881-42e1-90d0-440ca9370d54","artist":{"name":"Propellerheads","mbid":"cbaafb20-eb74-421a-85f1-2bb6341aad23"}},"uncorrectedTrack":{"name":"Crash!","mbid":"0cb5c55e-b881-42e1-90d0-440ca9370d54","artist":{"name":"Propellerheads","mbid":"cbaafb20-eb74-421a-85f1-2bb6341aad23"}},"album":{"name":"Extended Play E.P.","mbid":"f435032c-57d9-34dd-a8a0-02f3aad606b2","artist":{"name":"Propellerheads","mbid":"cbaafb20-eb74-421a-85f1-2bb6341aad23"}},"application":"Grooveshark"},{"timestamp":{"iso":"2013-05-09T16:16:26","unixtimestamp":1368116186},"track":{"name":"No Fun (Play The Guitar Johnny)","mbid":"3e2e7b7c-6a19-4360-ba7b-6406a7a50c61","artist":{"name":"Vitalic","mbid":"1f064e2d-aa55-4631-8f62-e2c14bbe1f4e"}},"uncorrectedTrack":{"name":"No Fun (Play The Guitar Johnny)","mbid":"3e2e7b7c-6a19-4360-ba7b-6406a7a50c61","artist":{"name":"Vitalic","mbid":"1f064e2d-aa55-4631-8f62-e2c14bbe1f4e"}},"album":{"name":"V Live","mbid":"59792e8e-44b1-4d70-a407-e4ec2bc2a89b","artist":{"name":"Vitalic","mbid":"1f064e2d-aa55-4631-8f62-e2c14bbe1f4e"}},"application":"Grooveshark"},{"timestamp":{"iso":"2013-05-09T16:17:19","unixtimestamp":1368116239},"track":{"name":"Living The Dream","artist":{"name":"Paul Oakenfold","mbid":"7bf1f441-ccf1-4258-9797-07c8d16eb44c"}},"uncorrectedTrack":{"name":"Living The Dream","artist":{"name":"Paul Oakenfold","mbid":"7bf1f441-ccf1-4258-9797-07c8d16eb44c"}},"album":{"name":"Creamfields","mbid":"1902d1e0-4c97-4a98-972b-b65dcdfbc784","artist":{"name":"Paul Oakenfold","mbid":"7bf1f441-ccf1-4258-9797-07c8d16eb44c"}},"application":"Grooveshark"},{"timestamp":{"iso":"2013-05-09T16:20:40","unixtimestamp":1368116440},"track":{"name":"Superstylin\u0027","artist":{"name":"Fatboy Slim","mbid":"34c63966-445c-4613-afe1-4f0e1e53ae9a"}},"uncorrectedTrack":{"name":"Superstylin\u0027","artist":{"name":"Fatboy Slim","mbid":"34c63966-445c-4613-afe1-4f0e1e53ae9a"}},"album":{"name":"Incredible Adventures in Brazil","mbid":"44ba2eea-855c-46cc-be5c-bedcc1ddb8f6","artist":{"name":"Fatboy Slim","mbid":"34c63966-445c-4613-afe1-4f0e1e53ae9a"}},"application":"Grooveshark"},{"timestamp":{"iso":"2013-05-09T16:46:28","unixtimestamp":1368117988},"track":{"name":"Australia","mbid":"4f701878-706b-43dc-aebf-7556c52097bc","artist":{"name":"The Shins","mbid":"6c8b9855-ba8b-48f9-ac1d-42167f7f7b18"}},"uncorrectedTrack":{"name":"Australia","mbid":"4f701878-706b-43dc-aebf-7556c52097bc","artist":{"name":"The Shins","mbid":"6c8b9855-ba8b-48f9-ac1d-42167f7f7b18"}},"album":{"name":"Wincing the Night Away","mbid":"a0d42921-c7aa-42ef-a63d-3a23ca203ddf","artist":{"name":"The Shins","mbid":"6c8b9855-ba8b-48f9-ac1d-42167f7f7b18"}},"application":"Grooveshark"},{"timestamp":{"iso":"2013-05-09T16:50:25","unixtimestamp":1368118225},"track":{"name":"Phantom Limb","mbid":"379e3d6d-a897-4b54-a07c-17c831d19c69","artist":{"name":"The Shins","mbid":"6c8b9855-ba8b-48f9-ac1d-42167f7f7b18"}},"uncorrectedTrack":{"name":"Phantom Limb","mbid":"379e3d6d-a897-4b54-a07c-17c831d19c69","artist":{"name":"The Shins","mbid":"6c8b9855-ba8b-48f9-ac1d-42167f7f7b18"}},"album":{"name":"Wincing the Night Away","mbid":"a0d42921-c7aa-42ef-a63d-3a23ca203ddf","artist":{"name":"The Shins","mbid":"6c8b9855-ba8b-48f9-ac1d-42167f7f7b18"}},"application":"Grooveshark"},{"timestamp":{"iso":"2013-05-09T16:55:13","unixtimestamp":1368118513},"track":{"name":"Sealegs","mbid":"18fc00c8-780e-4c3f-85d9-805eb59c81d6","artist":{"name":"The Shins","mbid":"6c8b9855-ba8b-48f9-ac1d-42167f7f7b18"}},"uncorrectedTrack":{"name":"Sealegs","mbid":"18fc00c8-780e-4c3f-85d9-805eb59c81d6","artist":{"name":"The Shins","mbid":"6c8b9855-ba8b-48f9-ac1d-42167f7f7b18"}},"album":{"name":"Wincing the Night Away","mbid":"a0d42921-c7aa-42ef-a63d-3a23ca203ddf","artist":{"name":"The Shins","mbid":"6c8b9855-ba8b-48f9-ac1d-42167f7f7b18"}},"application":"Grooveshark"},{"timestamp":{"iso":"2013-05-09T17:00:35","unixtimestamp":1368118835},"track":{"name":"A Comet Appears","mbid":"32885987-dae2-4975-9b90-abe9b44f3cbf","artist":{"name":"The Shins","mbid":"6c8b9855-ba8b-48f9-ac1d-42167f7f7b18"}},"uncorrectedTrack":{"name":"A Comet Appears","mbid":"32885987-dae2-4975-9b90-abe9b44f3cbf","artist":{"name":"The Shins","mbid":"6c8b9855-ba8b-48f9-ac1d-42167f7f7b18"}},"album":{"name":"Wincing the Night Away","mbid":"a0d42921-c7aa-42ef-a63d-3a23ca203ddf","artist":{"name":"The Shins","mbid":"6c8b9855-ba8b-48f9-ac1d-42167f7f7b18"}},"application":"Grooveshark"},{"timestamp":{"iso":"2013-05-09T19:24:44","unixtimestamp":1368127484},"track":{"name":"New Slang","mbid":"af725905-9398-4434-89f4-966ccf413c79","artist":{"name":"The Shins","mbid":"6c8b9855-ba8b-48f9-ac1d-42167f7f7b18"}},"uncorrectedTrack":{"name":"New Slang","mbid":"af725905-9398-4434-89f4-966ccf413c79","artist":{"name":"The Shins","mbid":"6c8b9855-ba8b-48f9-ac1d-42167f7f7b18"}},"album":{"name":"Oh, Inverted World","mbid":"2f1b11bf-5dfe-450e-9db9-6b7804dc90eb","artist":{"name":"The Shins","mbid":"6c8b9855-ba8b-48f9-ac1d-42167f7f7b18"}},"application":"Grooveshark"},{"timestamp":{"iso":"2013-05-09T19:28:38","unixtimestamp":1368127718},"track":{"name":"Simple Song","mbid":"94e35137-f710-475c-ae96-da2997d4d823","artist":{"name":"The Shins","mbid":"6c8b9855-ba8b-48f9-ac1d-42167f7f7b18"}},"uncorrectedTrack":{"name":"Simple Song","mbid":"94e35137-f710-475c-ae96-da2997d4d823","artist":{"name":"The Shins","mbid":"6c8b9855-ba8b-48f9-ac1d-42167f7f7b18"}},"album":{"name":"Indie/Rock Playlist: Best Of (2012)","artist":{"name":"The Shins","mbid":"6c8b9855-ba8b-48f9-ac1d-42167f7f7b18"}},"application":"Grooveshark"},{"timestamp":{"iso":"2013-05-13T16:26:07","unixtimestamp":1368462367},"track":{"name":"The Modern Leper","mbid":"80845237-3651-4451-a10f-79a0b9dc01d8","artist":{"name":"Frightened Rabbit","mbid":"dc21d171-7204-4759-9fd0-77d031aeb40c"}},"uncorrectedTrack":{"name":"The Modern Leper","mbid":"80845237-3651-4451-a10f-79a0b9dc01d8","artist":{"name":"Frightened Rabbit","mbid":"dc21d171-7204-4759-9fd0-77d031aeb40c"}},"album":{"name":"The Midnight Organ Fight","mbid":"c3df7206-f769-49bb-9f57-2f6110c65621","artist":{"name":"Frightened Rabbit","mbid":"dc21d171-7204-4759-9fd0-77d031aeb40c"}},"application":"Grooveshark"},{"timestamp":{"iso":"2013-05-13T16:30:31","unixtimestamp":1368462631},"track":{"name":"Good Arms vs. Bad Arms","mbid":"8342962d-9f85-449f-8bb0-8f8948c1d648","artist":{"name":"Frightened Rabbit","mbid":"dc21d171-7204-4759-9fd0-77d031aeb40c"}},"uncorrectedTrack":{"name":"Good Arms vs. Bad Arms","mbid":"8342962d-9f85-449f-8bb0-8f8948c1d648","artist":{"name":"Frightened Rabbit","mbid":"dc21d171-7204-4759-9fd0-77d031aeb40c"}},"album":{"name":"The Midnight Organ Fight","mbid":"c3df7206-f769-49bb-9f57-2f6110c65621","artist":{"name":"Frightened Rabbit","mbid":"dc21d171-7204-4759-9fd0-77d031aeb40c"}},"application":"Grooveshark"},{"timestamp":{"iso":"2013-05-13T19:24:13","unixtimestamp":1368473053},"track":{"name":"O.A.V.I.P.","mbid":"1f37429e-97b3-4c35-bc2f-5df9046507b1","artist":{"name":"The Maccabees","mbid":"83b86967-6b1a-4ca8-9cf0-c7cfe047ef3f"}},"uncorrectedTrack":{"name":"O.A.V.I.P.","mbid":"1f37429e-97b3-4c35-bc2f-5df9046507b1","artist":{"name":"The Maccabees","mbid":"83b86967-6b1a-4ca8-9cf0-c7cfe047ef3f"}},"album":{"name":"Colour It In","mbid":"1239e881-1cca-4be6-b738-ce843bf213b9","artist":{"name":"The Maccabees","mbid":"83b86967-6b1a-4ca8-9cf0-c7cfe047ef3f"}},"application":"Grooveshark"},{"timestamp":{"iso":"2013-05-13T19:32:47","unixtimestamp":1368473567},"track":{"name":"The Modern Leper","mbid":"80845237-3651-4451-a10f-79a0b9dc01d8","artist":{"name":"Frightened Rabbit","mbid":"dc21d171-7204-4759-9fd0-77d031aeb40c"}},"uncorrectedTrack":{"name":"The Modern Leper","mbid":"80845237-3651-4451-a10f-79a0b9dc01d8","artist":{"name":"Frightened Rabbit","mbid":"dc21d171-7204-4759-9fd0-77d031aeb40c"}},"album":{"name":"The Midnight Organ Fight","mbid":"c3df7206-f769-49bb-9f57-2f6110c65621","artist":{"name":"Frightened Rabbit","mbid":"dc21d171-7204-4759-9fd0-77d031aeb40c"}},"application":"Grooveshark"},{"timestamp":{"iso":"2013-05-13T19:36:35","unixtimestamp":1368473795},"track":{"name":"Good Arms vs. Bad Arms","mbid":"8342962d-9f85-449f-8bb0-8f8948c1d648","artist":{"name":"Frightened Rabbit","mbid":"dc21d171-7204-4759-9fd0-77d031aeb40c"}},"uncorrectedTrack":{"name":"Good Arms vs. Bad Arms","mbid":"8342962d-9f85-449f-8bb0-8f8948c1d648","artist":{"name":"Frightened Rabbit","mbid":"dc21d171-7204-4759-9fd0-77d031aeb40c"}},"album":{"name":"The Midnight Organ Fight","mbid":"c3df7206-f769-49bb-9f57-2f6110c65621","artist":{"name":"Frightened Rabbit","mbid":"dc21d171-7204-4759-9fd0-77d031aeb40c"}},"application":"Grooveshark"},{"timestamp":{"iso":"2013-05-13T19:41:44","unixtimestamp":1368474104},"track":{"name":"O.A.V.I.P.","mbid":"1f37429e-97b3-4c35-bc2f-5df9046507b1","artist":{"name":"The Maccabees","mbid":"83b86967-6b1a-4ca8-9cf0-c7cfe047ef3f"}},"uncorrectedTrack":{"name":"O.A.V.I.P.","mbid":"1f37429e-97b3-4c35-bc2f-5df9046507b1","artist":{"name":"The Maccabees","mbid":"83b86967-6b1a-4ca8-9cf0-c7cfe047ef3f"}},"album":{"name":"Colour It In","mbid":"1239e881-1cca-4be6-b738-ce843bf213b9","artist":{"name":"The Maccabees","mbid":"83b86967-6b1a-4ca8-9cf0-c7cfe047ef3f"}},"application":"Grooveshark"},{"timestamp":{"iso":"2013-05-13T19:55:44","unixtimestamp":1368474944},"track":{"name":"Kicked it in the Sun","mbid":"60b70320-8e80-4dce-99e6-60e87c2567da","artist":{"name":"Built to Spill","mbid":"3ac482b8-1494-4071-a0e9-f192f9d2c2b0"}},"uncorrectedTrack":{"name":"Kicked it in the Sun","mbid":"60b70320-8e80-4dce-99e6-60e87c2567da","artist":{"name":"Built to Spill","mbid":"3ac482b8-1494-4071-a0e9-f192f9d2c2b0"}},"album":{"name":"Perfect From Now On","mbid":"524c5a17-1f08-4d05-8bb5-bed5735dd96e","artist":{"name":"Built to Spill","mbid":"3ac482b8-1494-4071-a0e9-f192f9d2c2b0"}},"application":"Grooveshark"},{"timestamp":{"iso":"2013-05-13T21:10:07","unixtimestamp":1368479407},"track":{"name":"I Would Hurt a Fly","mbid":"13fb2c31-2c79-43ce-963d-c2796377d07f","artist":{"name":"Built to Spill","mbid":"3ac482b8-1494-4071-a0e9-f192f9d2c2b0"}},"uncorrectedTrack":{"name":"I Would Hurt a Fly","mbid":"13fb2c31-2c79-43ce-963d-c2796377d07f","artist":{"name":"Built to Spill","mbid":"3ac482b8-1494-4071-a0e9-f192f9d2c2b0"}},"album":{"name":"Perfect From Now On","mbid":"524c5a17-1f08-4d05-8bb5-bed5735dd96e","artist":{"name":"Built to Spill","mbid":"3ac482b8-1494-4071-a0e9-f192f9d2c2b0"}},"application":"Grooveshark"},{"timestamp":{"iso":"2013-05-13T21:17:05","unixtimestamp":1368479825},"track":{"name":"Everything Is Everything","artist":{"name":"Phoenix","mbid":"02f4c1ff-65e0-4412-8e8b-6239b0faecb5"}},"uncorrectedTrack":{"name":"Everything Is Everything","artist":{"name":"Phoenix","mbid":"02f4c1ff-65e0-4412-8e8b-6239b0faecb5"}},"album":{"name":"Alphabetical","mbid":"efff52bc-27bd-30fe-8d3c-c3de427b14bb","artist":{"name":"Phoenix","mbid":"02f4c1ff-65e0-4412-8e8b-6239b0faecb5"}},"application":"Grooveshark"},{"timestamp":{"iso":"2013-05-15T15:39:53","unixtimestamp":1368632393},"track":{"name":"Easy Muffin","mbid":"35b1fd7b-a3e9-43b0-af3d-71198888e767","artist":{"name":"Amon Tobin","mbid":"630662ea-1c7d-4208-99fd-ba3afec20f0c"}},"uncorrectedTrack":{"name":"Easy Muffin","mbid":"35b1fd7b-a3e9-43b0-af3d-71198888e767","artist":{"name":"Amon Tobin","mbid":"630662ea-1c7d-4208-99fd-ba3afec20f0c"}},"album":{"name":"Bricolage","mbid":"865f40b0-8ed8-4a31-8293-7d99d92cd7d7","artist":{"name":"Amon Tobin","mbid":"630662ea-1c7d-4208-99fd-ba3afec20f0c"}},"application":"Grooveshark"},{"timestamp":{"iso":"2013-05-15T16:35:58","unixtimestamp":1368635758},"track":{"name":"Defocus","mbid":"1250b0f2-1ab3-43b7-8743-6b5ba5ae42b9","artist":{"name":"Amon Tobin","mbid":"630662ea-1c7d-4208-99fd-ba3afec20f0c"}},"uncorrectedTrack":{"name":"Defocus","mbid":"1250b0f2-1ab3-43b7-8743-6b5ba5ae42b9","artist":{"name":"Amon Tobin","mbid":"630662ea-1c7d-4208-99fd-ba3afec20f0c"}},"album":{"name":"Bricolage","mbid":"865f40b0-8ed8-4a31-8293-7d99d92cd7d7","artist":{"name":"Amon Tobin","mbid":"630662ea-1c7d-4208-99fd-ba3afec20f0c"}},"application":"Grooveshark"},{"timestamp":{"iso":"2013-05-15T16:53:08","unixtimestamp":1368636788},"track":{"name":"Chomp Samba","mbid":"00d93169-53a4-464f-915e-6e369d1496c7","artist":{"name":"Amon Tobin","mbid":"630662ea-1c7d-4208-99fd-ba3afec20f0c"}},"uncorrectedTrack":{"name":"Chomp Samba","mbid":"00d93169-53a4-464f-915e-6e369d1496c7","artist":{"name":"Amon Tobin","mbid":"630662ea-1c7d-4208-99fd-ba3afec20f0c"}},"album":{"name":"Bricolage","mbid":"865f40b0-8ed8-4a31-8293-7d99d92cd7d7","artist":{"name":"Amon Tobin","mbid":"630662ea-1c7d-4208-99fd-ba3afec20f0c"}},"application":"Grooveshark"},{"timestamp":{"iso":"2013-05-15T18:31:52","unixtimestamp":1368642712},"track":{"name":"Defocus","mbid":"1250b0f2-1ab3-43b7-8743-6b5ba5ae42b9","artist":{"name":"Amon Tobin","mbid":"630662ea-1c7d-4208-99fd-ba3afec20f0c"}},"uncorrectedTrack":{"name":"Defocus","mbid":"1250b0f2-1ab3-43b7-8743-6b5ba5ae42b9","artist":{"name":"Amon Tobin","mbid":"630662ea-1c7d-4208-99fd-ba3afec20f0c"}},"album":{"name":"Bricolage","mbid":"865f40b0-8ed8-4a31-8293-7d99d92cd7d7","artist":{"name":"Amon Tobin","mbid":"630662ea-1c7d-4208-99fd-ba3afec20f0c"}},"application":"Grooveshark"},{"timestamp":{"iso":"2013-05-15T18:37:03","unixtimestamp":1368643023},"track":{"name":"Chomp Samba","mbid":"00d93169-53a4-464f-915e-6e369d1496c7","artist":{"name":"Amon Tobin","mbid":"630662ea-1c7d-4208-99fd-ba3afec20f0c"}},"uncorrectedTrack":{"name":"Chomp Samba","mbid":"00d93169-53a4-464f-915e-6e369d1496c7","artist":{"name":"Amon Tobin","mbid":"630662ea-1c7d-4208-99fd-ba3afec20f0c"}},"album":{"name":"Bricolage","mbid":"865f40b0-8ed8-4a31-8293-7d99d92cd7d7","artist":{"name":"Amon Tobin","mbid":"630662ea-1c7d-4208-99fd-ba3afec20f0c"}},"application":"Grooveshark"},{"timestamp":{"iso":"2013-05-15T18:51:55","unixtimestamp":1368643915},"track":{"name":"Chocolate Lovely","mbid":"b24f09b5-d0fd-4a71-bc6e-a00c9ec6f92f","artist":{"name":"Amon Tobin","mbid":"630662ea-1c7d-4208-99fd-ba3afec20f0c"}},"uncorrectedTrack":{"name":"Chocolate Lovely","mbid":"b24f09b5-d0fd-4a71-bc6e-a00c9ec6f92f","artist":{"name":"Amon Tobin","mbid":"630662ea-1c7d-4208-99fd-ba3afec20f0c"}},"album":{"name":"Supermodified","mbid":"fc94d683-52f6-4a55-9563-df2cf70da4e5","artist":{"name":"Amon Tobin","mbid":"630662ea-1c7d-4208-99fd-ba3afec20f0c"}},"application":"Grooveshark"},{"timestamp":{"iso":"2013-05-15T18:53:03","unixtimestamp":1368643983},"track":{"name":"Four Ton Mantis","mbid":"a7f70453-ba46-4b01-8f12-6da2f24b1228","artist":{"name":"Amon Tobin","mbid":"630662ea-1c7d-4208-99fd-ba3afec20f0c"}},"uncorrectedTrack":{"name":"Four Ton Mantis","mbid":"a7f70453-ba46-4b01-8f12-6da2f24b1228","artist":{"name":"Amon Tobin","mbid":"630662ea-1c7d-4208-99fd-ba3afec20f0c"}},"album":{"name":"Supermodified","mbid":"fc94d683-52f6-4a55-9563-df2cf70da4e5","artist":{"name":"Amon Tobin","mbid":"630662ea-1c7d-4208-99fd-ba3afec20f0c"}},"application":"Grooveshark"},{"timestamp":{"iso":"2013-05-20T15:10:45","unixtimestamp":1369062645},"track":{"name":"Doin\u0027 It Right (feat. Panda Bear)","artist":{"name":"Daft Punk","mbid":"056e4f3e-d505-4dad-8ec1-d04f521cbb56"}},"uncorrectedTrack":{"name":"Doin\u0027 It Right","artist":{"name":"Daft Punk","mbid":"056e4f3e-d505-4dad-8ec1-d04f521cbb56"}},"album":{"name":"Random Access Memories","mbid":"79215cdf-4764-4dee-b0b9-fec1643df7c5","artist":{"name":"Daft Punk","mbid":"056e4f3e-d505-4dad-8ec1-d04f521cbb56"}},"application":"Grooveshark"},{"timestamp":{"iso":"2013-05-20T15:14:57","unixtimestamp":1369062897},"track":{"name":"Instant Crush (feat. Julian Casablancas)","artist":{"name":"Daft Punk","mbid":"056e4f3e-d505-4dad-8ec1-d04f521cbb56"}},"uncorrectedTrack":{"name":"Instant Crush","artist":{"name":"Daft Punk","mbid":"056e4f3e-d505-4dad-8ec1-d04f521cbb56"}},"album":{"name":"Random Access Memories","mbid":"79215cdf-4764-4dee-b0b9-fec1643df7c5","artist":{"name":"Daft Punk","mbid":"056e4f3e-d505-4dad-8ec1-d04f521cbb56"}},"application":"Grooveshark"},{"timestamp":{"iso":"2013-05-20T15:20:50","unixtimestamp":1369063250},"track":{"name":"Lose Yourself to Dance (feat. Pharrell Williams)","artist":{"name":"Daft Punk","mbid":"056e4f3e-d505-4dad-8ec1-d04f521cbb56"}},"uncorrectedTrack":{"name":"Lose Yourself to Dance (feat. Pharrell Williams)","artist":{"name":"Daft Punk","mbid":"056e4f3e-d505-4dad-8ec1-d04f521cbb56"}},"album":{"name":"Random Access Memories","mbid":"79215cdf-4764-4dee-b0b9-fec1643df7c5","artist":{"name":"Daft Punk","mbid":"056e4f3e-d505-4dad-8ec1-d04f521cbb56"}},"application":"Grooveshark"},{"timestamp":{"iso":"2013-05-20T16:37:41","unixtimestamp":1369067861},"track":{"name":"Doin\u0027 It Right (feat. Panda Bear)","artist":{"name":"Daft Punk","mbid":"056e4f3e-d505-4dad-8ec1-d04f521cbb56"}},"uncorrectedTrack":{"name":"Doin\u0027 It Right","artist":{"name":"Daft Punk","mbid":"056e4f3e-d505-4dad-8ec1-d04f521cbb56"}},"album":{"name":"Random Access Memories","mbid":"79215cdf-4764-4dee-b0b9-fec1643df7c5","artist":{"name":"Daft Punk","mbid":"056e4f3e-d505-4dad-8ec1-d04f521cbb56"}},"application":"Grooveshark"},{"timestamp":{"iso":"2013-05-20T16:41:53","unixtimestamp":1369068113},"track":{"name":"Instant Crush (feat. Julian Casablancas)","artist":{"name":"Daft Punk","mbid":"056e4f3e-d505-4dad-8ec1-d04f521cbb56"}},"uncorrectedTrack":{"name":"Instant Crush","artist":{"name":"Daft Punk","mbid":"056e4f3e-d505-4dad-8ec1-d04f521cbb56"}},"album":{"name":"Random Access Memories","mbid":"79215cdf-4764-4dee-b0b9-fec1643df7c5","artist":{"name":"Daft Punk","mbid":"056e4f3e-d505-4dad-8ec1-d04f521cbb56"}},"application":"Grooveshark"},{"timestamp":{"iso":"2013-05-20T16:47:31","unixtimestamp":1369068451},"track":{"name":"Lose Yourself to Dance (feat. Pharrell Williams)","artist":{"name":"Daft Punk","mbid":"056e4f3e-d505-4dad-8ec1-d04f521cbb56"}},"uncorrectedTrack":{"name":"Lose Yourself to Dance (feat. Pharrell Williams)","artist":{"name":"Daft Punk","mbid":"056e4f3e-d505-4dad-8ec1-d04f521cbb56"}},"album":{"name":"Random Access Memories","mbid":"79215cdf-4764-4dee-b0b9-fec1643df7c5","artist":{"name":"Daft Punk","mbid":"056e4f3e-d505-4dad-8ec1-d04f521cbb56"}},"application":"Grooveshark"},{"timestamp":{"iso":"2013-05-20T21:11:52","unixtimestamp":1369084312},"track":{"name":"Instant Crush (feat. Julian Casablancas)","artist":{"name":"Daft Punk","mbid":"056e4f3e-d505-4dad-8ec1-d04f521cbb56"}},"uncorrectedTrack":{"name":"Instant Crush","artist":{"name":"Daft Punk","mbid":"056e4f3e-d505-4dad-8ec1-d04f521cbb56"}},"album":{"name":"Random Access Memories","mbid":"79215cdf-4764-4dee-b0b9-fec1643df7c5","artist":{"name":"Daft Punk","mbid":"056e4f3e-d505-4dad-8ec1-d04f521cbb56"}},"application":"Grooveshark"},{"timestamp":{"iso":"2013-05-21T21:26:56","unixtimestamp":1369171616},"track":{"name":"Diane Young","mbid":"f71a7804-e21d-4b5c-927b-21909970b4cb","artist":{"name":"Vampire Weekend","mbid":"af37c51c-0790-4a29-b995-456f98a6b8c9"}},"uncorrectedTrack":{"name":"Diane Young","mbid":"f71a7804-e21d-4b5c-927b-21909970b4cb","artist":{"name":"Vampire Weekend","mbid":"af37c51c-0790-4a29-b995-456f98a6b8c9"}},"album":{"name":"Vampires of the Modern City","artist":{"name":"Vampire Weekend","mbid":"af37c51c-0790-4a29-b995-456f98a6b8c9"}},"application":"Grooveshark"},{"timestamp":{"iso":"2013-05-21T21:31:36","unixtimestamp":1369171896},"track":{"name":"Step","mbid":"507ecc4d-e166-41e5-a833-3378f189dba8","artist":{"name":"Vampire Weekend","mbid":"af37c51c-0790-4a29-b995-456f98a6b8c9"}},"uncorrectedTrack":{"name":"Step","mbid":"507ecc4d-e166-41e5-a833-3378f189dba8","artist":{"name":"Vampire Weekend","mbid":"af37c51c-0790-4a29-b995-456f98a6b8c9"}},"album":{"name":"Vampires of the Modern City","artist":{"name":"Vampire Weekend","mbid":"af37c51c-0790-4a29-b995-456f98a6b8c9"}},"application":"Grooveshark"},{"timestamp":{"iso":"2013-05-23T19:45:06","unixtimestamp":1369338306},"track":{"name":"Diane Young","mbid":"f71a7804-e21d-4b5c-927b-21909970b4cb","artist":{"name":"Vampire Weekend","mbid":"af37c51c-0790-4a29-b995-456f98a6b8c9"}},"uncorrectedTrack":{"name":"Diane Young","mbid":"f71a7804-e21d-4b5c-927b-21909970b4cb","artist":{"name":"Vampire Weekend","mbid":"af37c51c-0790-4a29-b995-456f98a6b8c9"}},"album":{"name":"Vampires of the Modern City","artist":{"name":"Vampire Weekend","mbid":"af37c51c-0790-4a29-b995-456f98a6b8c9"}},"application":"Grooveshark"},{"timestamp":{"iso":"2013-05-23T19:47:49","unixtimestamp":1369338469},"track":{"name":"Step","mbid":"507ecc4d-e166-41e5-a833-3378f189dba8","artist":{"name":"Vampire Weekend","mbid":"af37c51c-0790-4a29-b995-456f98a6b8c9"}},"uncorrectedTrack":{"name":"Step","mbid":"507ecc4d-e166-41e5-a833-3378f189dba8","artist":{"name":"Vampire Weekend","mbid":"af37c51c-0790-4a29-b995-456f98a6b8c9"}},"album":{"name":"Vampires of the Modern City","artist":{"name":"Vampire Weekend","mbid":"af37c51c-0790-4a29-b995-456f98a6b8c9"}},"application":"Grooveshark"},{"timestamp":{"iso":"2013-05-23T19:53:16","unixtimestamp":1369338796},"track":{"name":"Step","mbid":"507ecc4d-e166-41e5-a833-3378f189dba8","artist":{"name":"Vampire Weekend","mbid":"af37c51c-0790-4a29-b995-456f98a6b8c9"}},"uncorrectedTrack":{"name":"Step","mbid":"507ecc4d-e166-41e5-a833-3378f189dba8","artist":{"name":"Vampire Weekend","mbid":"af37c51c-0790-4a29-b995-456f98a6b8c9"}},"album":{"name":"Vampires of the Modern City","artist":{"name":"Vampire Weekend","mbid":"af37c51c-0790-4a29-b995-456f98a6b8c9"}},"application":"Grooveshark"},{"timestamp":{"iso":"2013-05-28T20:03:33","unixtimestamp":1369771413},"track":{"name":"Sapphire","mbid":"c184fc0c-7c4f-4c17-b5f3-d0fa10d305a5","artist":{"name":"Bonobo","mbid":"6f7dea51-1d02-4be1-b138-92078518350c"}},"uncorrectedTrack":{"name":"Sapphire","mbid":"c184fc0c-7c4f-4c17-b5f3-d0fa10d305a5","artist":{"name":"Bonobo","mbid":"6f7dea51-1d02-4be1-b138-92078518350c"}},"album":{"name":"The North Borders.","artist":{"name":"Bonobo","mbid":"6f7dea51-1d02-4be1-b138-92078518350c"}},"application":"Grooveshark"},{"timestamp":{"iso":"2013-05-28T20:08:35","unixtimestamp":1369771715},"track":{"name":"Cirrus","mbid":"7b209a2c-e9b5-4fce-8105-75c18a869152","artist":{"name":"Bonobo","mbid":"6f7dea51-1d02-4be1-b138-92078518350c"}},"uncorrectedTrack":{"name":"Cirrus","mbid":"7b209a2c-e9b5-4fce-8105-75c18a869152","artist":{"name":"Bonobo","mbid":"6f7dea51-1d02-4be1-b138-92078518350c"}},"album":{"name":"The North Borders.","artist":{"name":"Bonobo","mbid":"6f7dea51-1d02-4be1-b138-92078518350c"}},"application":"Grooveshark"},{"timestamp":{"iso":"2013-05-30T20:31:53","unixtimestamp":1369945913},"track":{"name":"Silver Soul","mbid":"4851bda1-464c-4b70-b923-23f53010c9c6","artist":{"name":"Beach House","mbid":"d5cc67b8-1cc4-453b-96e8-44487acdebea"}},"uncorrectedTrack":{"name":"Silver Soul","mbid":"4851bda1-464c-4b70-b923-23f53010c9c6","artist":{"name":"Beach House","mbid":"d5cc67b8-1cc4-453b-96e8-44487acdebea"}},"album":{"name":"Teen Dream","mbid":"44f67ad5-cdff-3036-80e9-bee67402ded0","artist":{"name":"Beach House","mbid":"d5cc67b8-1cc4-453b-96e8-44487acdebea"}},"application":"Grooveshark"},{"timestamp":{"iso":"2013-05-30T20:37:12","unixtimestamp":1369946232},"track":{"name":"Myth","mbid":"d9eed2f2-76c1-4d75-afc2-7c9944201090","artist":{"name":"Beach House","mbid":"d5cc67b8-1cc4-453b-96e8-44487acdebea"}},"uncorrectedTrack":{"name":"Myth","mbid":"d9eed2f2-76c1-4d75-afc2-7c9944201090","artist":{"name":"Beach House","mbid":"d5cc67b8-1cc4-453b-96e8-44487acdebea"}},"album":{"name":"Bloom","mbid":"f2f1a163-a620-4d15-95b4-709d79526fc5","artist":{"name":"Beach House","mbid":"d5cc67b8-1cc4-453b-96e8-44487acdebea"}},"application":"Grooveshark"},{"timestamp":{"iso":"2013-05-30T20:47:44","unixtimestamp":1369946864},"track":{"name":"Silver Soul","mbid":"4851bda1-464c-4b70-b923-23f53010c9c6","artist":{"name":"Beach House","mbid":"d5cc67b8-1cc4-453b-96e8-44487acdebea"}},"uncorrectedTrack":{"name":"Silver Soul","mbid":"4851bda1-464c-4b70-b923-23f53010c9c6","artist":{"name":"Beach House","mbid":"d5cc67b8-1cc4-453b-96e8-44487acdebea"}},"album":{"name":"Teen Dream","mbid":"44f67ad5-cdff-3036-80e9-bee67402ded0","artist":{"name":"Beach House","mbid":"d5cc67b8-1cc4-453b-96e8-44487acdebea"}},"application":"Grooveshark"},{"timestamp":{"iso":"2013-05-30T20:52:42","unixtimestamp":1369947162},"track":{"name":"Myth","mbid":"d9eed2f2-76c1-4d75-afc2-7c9944201090","artist":{"name":"Beach House","mbid":"d5cc67b8-1cc4-453b-96e8-44487acdebea"}},"uncorrectedTrack":{"name":"Myth","mbid":"d9eed2f2-76c1-4d75-afc2-7c9944201090","artist":{"name":"Beach House","mbid":"d5cc67b8-1cc4-453b-96e8-44487acdebea"}},"album":{"name":"Bloom","mbid":"f2f1a163-a620-4d15-95b4-709d79526fc5","artist":{"name":"Beach House","mbid":"d5cc67b8-1cc4-453b-96e8-44487acdebea"}},"application":"Grooveshark"},{"timestamp":{"iso":"2013-05-30T22:01:56","unixtimestamp":1369951316},"track":{"name":"Silver Soul","mbid":"4851bda1-464c-4b70-b923-23f53010c9c6","artist":{"name":"Beach House","mbid":"d5cc67b8-1cc4-453b-96e8-44487acdebea"}},"uncorrectedTrack":{"name":"Silver Soul","mbid":"4851bda1-464c-4b70-b923-23f53010c9c6","artist":{"name":"Beach House","mbid":"d5cc67b8-1cc4-453b-96e8-44487acdebea"}},"album":{"name":"Teen Dream","mbid":"44f67ad5-cdff-3036-80e9-bee67402ded0","artist":{"name":"Beach House","mbid":"d5cc67b8-1cc4-453b-96e8-44487acdebea"}},"application":"Grooveshark"},{"timestamp":{"iso":"2013-05-30T22:06:55","unixtimestamp":1369951615},"track":{"name":"Myth","mbid":"d9eed2f2-76c1-4d75-afc2-7c9944201090","artist":{"name":"Beach House","mbid":"d5cc67b8-1cc4-453b-96e8-44487acdebea"}},"uncorrectedTrack":{"name":"Myth","mbid":"d9eed2f2-76c1-4d75-afc2-7c9944201090","artist":{"name":"Beach House","mbid":"d5cc67b8-1cc4-453b-96e8-44487acdebea"}},"album":{"name":"Bloom","mbid":"f2f1a163-a620-4d15-95b4-709d79526fc5","artist":{"name":"Beach House","mbid":"d5cc67b8-1cc4-453b-96e8-44487acdebea"}},"application":"Grooveshark"},{"timestamp":{"iso":"2013-05-31T17:11:51","unixtimestamp":1370020311},"track":{"name":"Silver Soul","mbid":"4851bda1-464c-4b70-b923-23f53010c9c6","artist":{"name":"Beach House","mbid":"d5cc67b8-1cc4-453b-96e8-44487acdebea"}},"uncorrectedTrack":{"name":"Silver Soul","mbid":"4851bda1-464c-4b70-b923-23f53010c9c6","artist":{"name":"Beach House","mbid":"d5cc67b8-1cc4-453b-96e8-44487acdebea"}},"album":{"name":"Teen Dream","mbid":"44f67ad5-cdff-3036-80e9-bee67402ded0","artist":{"name":"Beach House","mbid":"d5cc67b8-1cc4-453b-96e8-44487acdebea"}},"application":"Grooveshark"},{"timestamp":{"iso":"2013-05-31T17:16:50","unixtimestamp":1370020610},"track":{"name":"Myth","mbid":"d9eed2f2-76c1-4d75-afc2-7c9944201090","artist":{"name":"Beach House","mbid":"d5cc67b8-1cc4-453b-96e8-44487acdebea"}},"uncorrectedTrack":{"name":"Myth","mbid":"d9eed2f2-76c1-4d75-afc2-7c9944201090","artist":{"name":"Beach House","mbid":"d5cc67b8-1cc4-453b-96e8-44487acdebea"}},"album":{"name":"Bloom","mbid":"f2f1a163-a620-4d15-95b4-709d79526fc5","artist":{"name":"Beach House","mbid":"d5cc67b8-1cc4-453b-96e8-44487acdebea"}},"application":"Grooveshark"},{"timestamp":{"iso":"2013-05-31T17:23:33","unixtimestamp":1370021013},"track":{"name":"Stay the Same","mbid":"ef255283-adb9-4464-9e27-09e11ae6cb73","artist":{"name":"Bonobo","mbid":"6f7dea51-1d02-4be1-b138-92078518350c"}},"uncorrectedTrack":{"name":"Stay the Same","mbid":"ef255283-adb9-4464-9e27-09e11ae6cb73","artist":{"name":"Bonobo","mbid":"6f7dea51-1d02-4be1-b138-92078518350c"}},"album":{"name":"Black Sands","mbid":"6b575427-f110-4c22-bdeb-89620f534da2","artist":{"name":"Bonobo","mbid":"6f7dea51-1d02-4be1-b138-92078518350c"}},"application":"Grooveshark"},{"timestamp":{"iso":"2013-05-31T17:28:18","unixtimestamp":1370021298},"track":{"name":"The Keeper","mbid":"7d4f073b-8127-4321-8b0f-c280e37fd853","artist":{"name":"Bonobo","mbid":"6f7dea51-1d02-4be1-b138-92078518350c"}},"uncorrectedTrack":{"name":"The Keeper","mbid":"7d4f073b-8127-4321-8b0f-c280e37fd853","artist":{"name":"Bonobo","mbid":"6f7dea51-1d02-4be1-b138-92078518350c"}},"album":{"name":"Black Sands","mbid":"6b575427-f110-4c22-bdeb-89620f534da2","artist":{"name":"Bonobo","mbid":"6f7dea51-1d02-4be1-b138-92078518350c"}},"application":"Grooveshark"},{"timestamp":{"iso":"2013-05-31T17:33:07","unixtimestamp":1370021587},"track":{"name":"Eyesdown (Ft. Andreya Triana)","artist":{"name":"Bonobo","mbid":"6f7dea51-1d02-4be1-b138-92078518350c"}},"uncorrectedTrack":{"name":"Eyesdown (Ft. Andreya Triana)","artist":{"name":"Bonobo","mbid":"6f7dea51-1d02-4be1-b138-92078518350c"}},"album":{"name":"Black Sands","mbid":"6b575427-f110-4c22-bdeb-89620f534da2","artist":{"name":"Bonobo","mbid":"6f7dea51-1d02-4be1-b138-92078518350c"}},"application":"Grooveshark"}]