[{"timestamp":{"iso":"2011-02-01T18:13:00","unixtimestamp":1296583980},"track":{"name":"Trails (Painted Palms Remix)","artist":{"name":"Asobi Seksu","mbid":"cc433a77-176b-4d02-857b-2bfb68b3219c"}},"uncorrectedTrack":{"name":"Trails (Painted Palms Remix)","artist":{"name":"Asobi Seksu","mbid":"cc433a77-176b-4d02-857b-2bfb68b3219c"}}},{"timestamp":{"iso":"2011-02-01T18:16:23","unixtimestamp":1296584183},"track":{"name":"All Of Us","mbid":"7d535532-177c-41bc-b8e1-91c9d82ecbd7","artist":{"name":"Painted Palms","mbid":"24c4e186-4618-442a-a5de-8356a0099a48"}},"uncorrectedTrack":{"name":"All Of Us","mbid":"7d535532-177c-41bc-b8e1-91c9d82ecbd7","artist":{"name":"Painted Palms","mbid":"24c4e186-4618-442a-a5de-8356a0099a48"}}},{"timestamp":{"iso":"2011-02-01T18:19:28","unixtimestamp":1296584368},"track":{"name":"Great White","mbid":"42302c1d-e299-4aee-9d30-95a3f9d125f4","artist":{"name":"Painted Palms","mbid":"24c4e186-4618-442a-a5de-8356a0099a48"}},"uncorrectedTrack":{"name":"Great White","mbid":"42302c1d-e299-4aee-9d30-95a3f9d125f4","artist":{"name":"Painted Palms","mbid":"24c4e186-4618-442a-a5de-8356a0099a48"}}},{"timestamp":{"iso":"2011-02-01T18:23:59","unixtimestamp":1296584639},"track":{"name":"Golden Haze","mbid":"5c824e7b-cd86-403d-99f2-4b545bc81845","artist":{"name":"Wild Nothing","mbid":"a181595e-5b84-4439-a5f4-f548ddfb64df"}},"uncorrectedTrack":{"name":"Golden Haze","mbid":"5c824e7b-cd86-403d-99f2-4b545bc81845","artist":{"name":"Wild Nothing","mbid":"a181595e-5b84-4439-a5f4-f548ddfb64df"}}},{"timestamp":{"iso":"2011-02-01T18:29:22","unixtimestamp":1296584962},"track":{"name":"Hutchison\u0027s Rag","mbid":"09191cdf-98b2-4e73-aa24-5cecc69980bf","artist":{"name":"Frank Hutchison","mbid":"ad9bd7e7-6fe9-441f-918b-322a8616c952"}},"uncorrectedTrack":{"name":"Hutchinson\u0027s Rag","artist":{"name":"Frank Hutchinson"}}},{"timestamp":{"iso":"2011-02-01T18:31:43","unixtimestamp":1296585103},"track":{"name":"I Heard You Say","mbid":"46ad2c13-e296-4370-af1b-a79f6ff5155c","artist":{"name":"Vivian Girls","mbid":"d0676301-7ffc-4ff6-8b38-f8aeb8553115"}},"uncorrectedTrack":{"name":"I Heard You Say","mbid":"46ad2c13-e296-4370-af1b-a79f6ff5155c","artist":{"name":"Vivian Girls","mbid":"d0676301-7ffc-4ff6-8b38-f8aeb8553115"}}},{"timestamp":{"iso":"2011-02-08T17:12:39","unixtimestamp":1297185159},"track":{"name":"Unforgettable","mbid":"827473a3-15c9-4c12-9333-856c4a0e1b1f","artist":{"name":"Nat King Cole","mbid":"1205c4f2-a18f-4ee6-80b5-97d4a7f0ae27"}},"uncorrectedTrack":{"name":"Unforgettable","mbid":"827473a3-15c9-4c12-9333-856c4a0e1b1f","artist":{"name":"Nat King Cole","mbid":"1205c4f2-a18f-4ee6-80b5-97d4a7f0ae27"}},"album":{"name":"The Greatest Hits","artist":{"name":"Nat King Cole And Natalie Cole"}}},{"timestamp":{"iso":"2011-02-08T17:15:50","unixtimestamp":1297185350},"track":{"name":"(Get Your Kicks On) Route 66","mbid":"a46bcc5e-3e97-4dfd-a84d-948c79331f91","artist":{"name":"Nat King Cole","mbid":"1205c4f2-a18f-4ee6-80b5-97d4a7f0ae27"}},"uncorrectedTrack":{"name":"(Get Your Kicks On) Route 66","mbid":"a46bcc5e-3e97-4dfd-a84d-948c79331f91","artist":{"name":"Nat King Cole","mbid":"1205c4f2-a18f-4ee6-80b5-97d4a7f0ae27"}},"album":{"name":"The Greatest Hits","mbid":"c155fbd2-0dee-4bf5-8ca7-976ce99875e9","artist":{"name":"Nat King Cole","mbid":"1205c4f2-a18f-4ee6-80b5-97d4a7f0ae27"}}},{"timestamp":{"iso":"2011-02-10T18:45:45","unixtimestamp":1297363545},"track":{"name":"Under Cover of Darkness","mbid":"0d8f8b5d-5bcc-4f67-8528-7f1255b5c87e","artist":{"name":"The Strokes","mbid":"f181961b-20f7-459e-89de-920ef03c7ed0"}},"uncorrectedTrack":{"name":"Under Cover of Darkness","mbid":"0d8f8b5d-5bcc-4f67-8528-7f1255b5c87e","artist":{"name":"The Strokes","mbid":"f181961b-20f7-459e-89de-920ef03c7ed0"}}},{"timestamp":{"iso":"2011-02-10T18:49:35","unixtimestamp":1297363775},"track":{"name":"Seven Nation Army (The Glitch Mob Remix)","mbid":"b6459433-ce9c-4aa3-a26e-f860eb132dea","artist":{"name":"The White Stripes","mbid":"11ae9fbb-f3d7-4a47-936f-4c0a04d3b3b5"}},"uncorrectedTrack":{"name":"Seven Nation Army (The Glitch Mob Remix)","artist":{"name":"White Stripes"}}},{"timestamp":{"iso":"2011-02-10T18:53:47","unixtimestamp":1297364027},"track":{"name":"I Remember Shelter (The xx vs. Deadmau5 \u0026 Kaskade)","mbid":"fbaec757-e565-42ff-ab45-b1e9aa37274d","artist":{"name":"Austin Eterno","mbid":"2b46e6bd-4912-4cbe-9ac0-997ce4f47261"}},"uncorrectedTrack":{"name":"I Remember Shelter (The xx vs. Deadmau5 \u0026 Kaskade)","mbid":"fbaec757-e565-42ff-ab45-b1e9aa37274d","artist":{"name":"Austin Eterno","mbid":"2b46e6bd-4912-4cbe-9ac0-997ce4f47261"}}},{"timestamp":{"iso":"2011-02-10T19:01:21","unixtimestamp":1297364481},"track":{"name":"Get Some (Remix by Beck)","artist":{"name":"Lykke Li","mbid":"cc7d4686-ea02-45fd-956e-94c1a322558c"}},"uncorrectedTrack":{"name":"Get Some (Remix by Beck)","artist":{"name":"Lykke Li","mbid":"cc7d4686-ea02-45fd-956e-94c1a322558c"}}},{"timestamp":{"iso":"2011-02-10T19:06:08","unixtimestamp":1297364768},"track":{"name":"New Beat","mbid":"3b605cc9-6801-4201-89ad-aba83d82b1f3","artist":{"name":"Toro y Moi","mbid":"3a6d6481-142d-423f-91d4-55bbfff318ed"}},"uncorrectedTrack":{"name":"New Beat","mbid":"3b605cc9-6801-4201-89ad-aba83d82b1f3","artist":{"name":"Toro y Moi","mbid":"3a6d6481-142d-423f-91d4-55bbfff318ed"}}},{"timestamp":{"iso":"2011-02-10T19:10:07","unixtimestamp":1297365007},"track":{"name":"300 Pounds of Heavenly Joy (Howlin\u0027 Wolf cover) - 2005-09-10","artist":{"name":"The White Stripes","mbid":"11ae9fbb-f3d7-4a47-936f-4c0a04d3b3b5"}},"uncorrectedTrack":{"name":"300 Pounds of Heavenly Joy (Howlin\u0027 Wolf cover) - 2005-09-10","artist":{"name":"The White Stripes","mbid":"11ae9fbb-f3d7-4a47-936f-4c0a04d3b3b5"}}},{"timestamp":{"iso":"2011-02-10T19:12:09","unixtimestamp":1297365129},"track":{"name":"The Wilhelm Scream","mbid":"4fa8f943-145a-4999-a9a1-75baa4c99466","artist":{"name":"James Blake","mbid":"8dc08b1f-e393-4f85-a5dd-300f7693a8b8"}},"uncorrectedTrack":{"name":"Wilhelms scream","artist":{"name":"James Blake","mbid":"8dc08b1f-e393-4f85-a5dd-300f7693a8b8"}}},{"timestamp":{"iso":"2011-02-10T19:16:40","unixtimestamp":1297365400},"track":{"name":"Take Me Over (Midnight Magic Remix)","mbid":"8c2f5e9e-06bb-4b5e-8e6c-34e5975950ed","artist":{"name":"Cut Copy","mbid":"caaba574-dfbc-4681-8e56-19b5150897d2"}},"uncorrectedTrack":{"name":"Take Me Over (Midnight Magic Remix)","mbid":"8c2f5e9e-06bb-4b5e-8e6c-34e5975950ed","artist":{"name":"Cut Copy","mbid":"caaba574-dfbc-4681-8e56-19b5150897d2"}}},{"timestamp":{"iso":"2011-02-10T19:23:10","unixtimestamp":1297365790},"track":{"name":"Rad Racer","mbid":"6f3ef3e8-84b8-4787-bcff-344e22eec15e","artist":{"name":"Work Drugs","mbid":"8aac35ef-e54d-4bcd-9682-e0cced4a6ea2"}},"uncorrectedTrack":{"name":"Rad Racer","mbid":"6f3ef3e8-84b8-4787-bcff-344e22eec15e","artist":{"name":"Work Drugs","mbid":"8aac35ef-e54d-4bcd-9682-e0cced4a6ea2"}}},{"timestamp":{"iso":"2011-02-10T19:26:48","unixtimestamp":1297366008},"track":{"name":"Rill Rill (Clique NewTrends Remix)","artist":{"name":"Sleigh Bells","mbid":"95f7536d-b2f7-4087-8668-a663ec201f5a"}},"uncorrectedTrack":{"name":"Rill Rill (Clique NewTrends Remix)","artist":{"name":"Sleigh Bells","mbid":"95f7536d-b2f7-4087-8668-a663ec201f5a"}}},{"timestamp":{"iso":"2011-02-10T19:30:45","unixtimestamp":1297366245},"track":{"name":"Is It Done","mbid":"1a79229a-9dbc-4a8b-ba25-eb0a00089776","artist":{"name":"J Mascis","mbid":"3cb3dfc4-a07a-4b97-bda9-1cb53b706601"}},"uncorrectedTrack":{"name":"Is It Done","mbid":"1a79229a-9dbc-4a8b-ba25-eb0a00089776","artist":{"name":"J Mascis","mbid":"3cb3dfc4-a07a-4b97-bda9-1cb53b706601"}}},{"timestamp":{"iso":"2011-02-10T19:35:31","unixtimestamp":1297366531},"track":{"name":"Forget That You\u0027re Young","mbid":"bcbb8f99-5dbb-4703-9892-c1a806b4a47c","artist":{"name":"The Raveonettes","mbid":"79255a50-40df-447f-9612-2cf669080196"}},"uncorrectedTrack":{"name":"Forget That You\u0027re Young","mbid":"bcbb8f99-5dbb-4703-9892-c1a806b4a47c","artist":{"name":"The Raveonettes","mbid":"79255a50-40df-447f-9612-2cf669080196"}}},{"timestamp":{"iso":"2011-02-10T19:39:23","unixtimestamp":1297366763},"track":{"name":"Greenleaf","mbid":"13de44e1-7464-43e2-9be4-7a340f9d6bc9","artist":{"name":"Generationals","mbid":"11f34bce-298f-4527-a5eb-28cafee71c4f"}},"uncorrectedTrack":{"name":"Greenleaf","mbid":"13de44e1-7464-43e2-9be4-7a340f9d6bc9","artist":{"name":"Generationals","mbid":"11f34bce-298f-4527-a5eb-28cafee71c4f"}}},{"timestamp":{"iso":"2011-02-10T19:42:55","unixtimestamp":1297366975},"track":{"name":"The Base of a Dream Is Empty","mbid":"3a496944-2c62-4203-b83b-d69c98179700","artist":{"name":"Yuck","mbid":"9929a375-ccf4-4b8c-9b13-0026393fcb84"}},"uncorrectedTrack":{"name":"The Base Of A  Dream Is Empty","artist":{"name":"Yuck","mbid":"9929a375-ccf4-4b8c-9b13-0026393fcb84"}}},{"timestamp":{"iso":"2011-02-10T19:46:15","unixtimestamp":1297367175},"track":{"name":"Secretary Song","mbid":"006642e6-62b5-44a2-ae98-ca48649cb80e","artist":{"name":"The Go! Team","mbid":"8a396a9c-2e4f-47e2-a587-c26e93a0953f"}},"uncorrectedTrack":{"name":"Secretary Song","mbid":"006642e6-62b5-44a2-ae98-ca48649cb80e","artist":{"name":"The Go! Team","mbid":"8a396a9c-2e4f-47e2-a587-c26e93a0953f"}}},{"timestamp":{"iso":"2011-02-10T19:49:45","unixtimestamp":1297367385},"track":{"name":"Peripheral Visionaries","mbid":"c1af049e-74db-4be3-b3ef-befc638e24ef","artist":{"name":"Young Galaxy","mbid":"c8fbc3a9-304a-49cc-b59a-adfc22047747"}},"uncorrectedTrack":{"name":"Peripheral Visionaries","mbid":"c1af049e-74db-4be3-b3ef-befc638e24ef","artist":{"name":"Young Galaxy","mbid":"c8fbc3a9-304a-49cc-b59a-adfc22047747"}}}]