[{"timestamp":{"iso":"2013-10-01T17:18:11","unixtimestamp":1380647891},"track":{"name":"Rachmaninov: Piano Concerto #3 In D Minor, Op. 30 - 1. Allegro Ma Non Tanto","artist":{"name":"Sergei Rachmaninoff"}},"uncorrectedTrack":{"name":"Rachmaninov: Piano Concerto #3 In D Minor, Op. 30 - 1. Allegro Ma Non Tanto","artist":{"name":"Rachmaninoff"}},"album":{"name":"Rachmaninov: Piano Concertos #2 \u0026 3","artist":{"name":"Rachmaninoff"}},"application":"Grooveshark"},{"timestamp":{"iso":"2013-10-01T17:33:56","unixtimestamp":1380648836},"track":{"name":"Piano Concerto No. 2 In C Minor - I. Moderato. Allegro","artist":{"name":"Сергей Васильевич Рахманинов","mbid":"1a3c44f3-9bf6-4d13-9fa3-9bcd8a627fd8"}},"uncorrectedTrack":{"name":"Piano Concerto No. 2 In C Minor - I. Moderato. Allegro","artist":{"name":"Сергей Васильевич Рахманинов","mbid":"1a3c44f3-9bf6-4d13-9fa3-9bcd8a627fd8"}},"album":{"name":"Rachmaninoff: Piano Concerto No. 2/Rhapsody On A Theme Of Paganini/Vocalise","artist":{"name":"Сергей Васильевич Рахманинов","mbid":"1a3c44f3-9bf6-4d13-9fa3-9bcd8a627fd8"}},"application":"Grooveshark"},{"timestamp":{"iso":"2013-10-01T17:44:15","unixtimestamp":1380649455},"track":{"name":"Piano Concerto No. 2 in C minor - II. Adagio sostenuto","artist":{"name":"Сергей Васильевич Рахманинов","mbid":"1a3c44f3-9bf6-4d13-9fa3-9bcd8a627fd8"}},"uncorrectedTrack":{"name":"Piano Concerto No. 2 in C minor - II. Adagio sostenuto","artist":{"name":"Сергей Васильевич Рахманинов","mbid":"1a3c44f3-9bf6-4d13-9fa3-9bcd8a627fd8"}},"album":{"name":"Rachmaninoff: Piano Concerto No. 2/Rhapsody On A Theme Of Paganini/Vocalise","artist":{"name":"Сергей Васильевич Рахманинов","mbid":"1a3c44f3-9bf6-4d13-9fa3-9bcd8a627fd8"}},"application":"Grooveshark"},{"timestamp":{"iso":"2013-10-01T17:56:08","unixtimestamp":1380650168},"track":{"name":"Piano Concerto No. 2 in C minor - III. Allegro scherzando","artist":{"name":"Сергей Васильевич Рахманинов","mbid":"1a3c44f3-9bf6-4d13-9fa3-9bcd8a627fd8"}},"uncorrectedTrack":{"name":"Piano Concerto No. 2 in C minor - III. Allegro scherzando","artist":{"name":"Сергей Васильевич Рахманинов","mbid":"1a3c44f3-9bf6-4d13-9fa3-9bcd8a627fd8"}},"album":{"name":"Rachmaninoff: Piano Concerto No. 2/Rhapsody On A Theme Of Paganini/Vocalise","artist":{"name":"Сергей Васильевич Рахманинов","mbid":"1a3c44f3-9bf6-4d13-9fa3-9bcd8a627fd8"}},"application":"Grooveshark"},{"timestamp":{"iso":"2013-10-02T16:04:37","unixtimestamp":1380729877},"track":{"name":"Symphony No 9 in D minor, 1st Movement, Allegro ma non troppo, un poco maestoso","artist":{"name":"Ludwig van Beethoven","mbid":"1f9df192-a621-4f54-8850-2c5373b7eac9"}},"uncorrectedTrack":{"name":"Symphony No 9 in D minor, 1st Movement, Allegro ma non troppo, un poco maestoso","artist":{"name":"Beethoven","mbid":"b160e4df-52f8-4487-8375-e8fc7de4970b"}},"album":{"name":"9 symphonies","artist":{"name":"Beethoven","mbid":"b160e4df-52f8-4487-8375-e8fc7de4970b"}},"application":"Grooveshark"},{"timestamp":{"iso":"2013-10-02T16:19:57","unixtimestamp":1380730797},"track":{"name":"Molto vivace - Presto - Molto vivace","artist":{"name":"Ludwig van Beethoven","mbid":"1f9df192-a621-4f54-8850-2c5373b7eac9"}},"uncorrectedTrack":{"name":"Molto vivace - presto - molto vivace","artist":{"name":"Beethoven","mbid":"b160e4df-52f8-4487-8375-e8fc7de4970b"}},"album":{"name":"Symphony no. 9","artist":{"name":"Beethoven","mbid":"b160e4df-52f8-4487-8375-e8fc7de4970b"}},"application":"Grooveshark"},{"timestamp":{"iso":"2013-10-02T16:31:40","unixtimestamp":1380731500},"track":{"name":"Symphony No 9 in D minor, 3rd Movement, Adagio molto e cantabile","artist":{"name":"Ludwig van Beethoven","mbid":"1f9df192-a621-4f54-8850-2c5373b7eac9"}},"uncorrectedTrack":{"name":"Symphony No 9 in D minor, 3rd Movement, Adagio molto e cantabile","artist":{"name":"Beethoven","mbid":"b160e4df-52f8-4487-8375-e8fc7de4970b"}},"album":{"name":"9 symphonies","artist":{"name":"Beethoven","mbid":"b160e4df-52f8-4487-8375-e8fc7de4970b"}},"application":"Grooveshark"},{"timestamp":{"iso":"2013-10-02T16:49:32","unixtimestamp":1380732572},"track":{"name":"Symphony No 9 in D minor, 4th Movement, Presto","artist":{"name":"Ludwig van Beethoven","mbid":"1f9df192-a621-4f54-8850-2c5373b7eac9"}},"uncorrectedTrack":{"name":"Symphony No 9 in D minor, 4th Movement, Presto","artist":{"name":"Beethoven","mbid":"b160e4df-52f8-4487-8375-e8fc7de4970b"}},"album":{"name":"9 symphonies","artist":{"name":"Beethoven","mbid":"b160e4df-52f8-4487-8375-e8fc7de4970b"}},"application":"Grooveshark"},{"timestamp":{"iso":"2013-10-03T16:58:49","unixtimestamp":1380819529},"track":{"name":"I Might Be Wrong","mbid":"1bf59297-2c98-4a70-9459-31b560e2934d","artist":{"name":"Radiohead","mbid":"a74b1b7f-71a5-4011-9441-d0b5e4122711"}},"uncorrectedTrack":{"name":"I Might Be Wrong","mbid":"1bf59297-2c98-4a70-9459-31b560e2934d","artist":{"name":"Radiohead","mbid":"a74b1b7f-71a5-4011-9441-d0b5e4122711"}},"album":{"name":"Amnesiac","mbid":"8fdf5ccd-98d2-3283-a6c3-498871addaf6","artist":{"name":"Radiohead","mbid":"a74b1b7f-71a5-4011-9441-d0b5e4122711"}},"application":"Grooveshark"},{"timestamp":{"iso":"2013-10-07T14:55:17","unixtimestamp":1381157717},"track":{"name":"The Past Before My Eyes","artist":{"name":"OST","mbid":"1763c989-433f-46b5-9cda-a216cb0d2e15"}},"uncorrectedTrack":{"name":"The Past Before My Eyes","artist":{"name":"OST","mbid":"1763c989-433f-46b5-9cda-a216cb0d2e15"}},"album":{"name":"Departures - Volume 1","artist":{"name":"OST","mbid":"1763c989-433f-46b5-9cda-a216cb0d2e15"}},"application":"Grooveshark"},{"timestamp":{"iso":"2013-10-07T14:58:13","unixtimestamp":1381157893},"track":{"name":"Sigur Boom","artist":{"name":"OST","mbid":"1763c989-433f-46b5-9cda-a216cb0d2e15"}},"uncorrectedTrack":{"name":"Sigur Boom","artist":{"name":"OST","mbid":"1763c989-433f-46b5-9cda-a216cb0d2e15"}},"album":{"name":"Departures - Volume 1","artist":{"name":"OST","mbid":"1763c989-433f-46b5-9cda-a216cb0d2e15"}},"application":"Grooveshark"},{"timestamp":{"iso":"2013-10-07T15:03:44","unixtimestamp":1381158224},"track":{"name":"Lightest Blue","artist":{"name":"OST","mbid":"1763c989-433f-46b5-9cda-a216cb0d2e15"}},"uncorrectedTrack":{"name":"Lightest Blue","artist":{"name":"OST","mbid":"1763c989-433f-46b5-9cda-a216cb0d2e15"}},"album":{"name":"Departures - Volume 1","artist":{"name":"OST","mbid":"1763c989-433f-46b5-9cda-a216cb0d2e15"}},"application":"Grooveshark"},{"timestamp":{"iso":"2013-10-07T15:51:52","unixtimestamp":1381161112},"track":{"name":"Open Shores","artist":{"name":"OST","mbid":"1763c989-433f-46b5-9cda-a216cb0d2e15"}},"uncorrectedTrack":{"name":"Open Shores","artist":{"name":"OST","mbid":"1763c989-433f-46b5-9cda-a216cb0d2e15"}},"album":{"name":"Departures - Volume 1","artist":{"name":"OST","mbid":"1763c989-433f-46b5-9cda-a216cb0d2e15"}},"application":"Grooveshark"},{"timestamp":{"iso":"2013-10-07T15:54:05","unixtimestamp":1381161245},"track":{"name":"Prolong","artist":{"name":"OST","mbid":"1763c989-433f-46b5-9cda-a216cb0d2e15"}},"uncorrectedTrack":{"name":"Prolong","artist":{"name":"OST","mbid":"1763c989-433f-46b5-9cda-a216cb0d2e15"}},"album":{"name":"Departures - Volume 1","artist":{"name":"OST","mbid":"1763c989-433f-46b5-9cda-a216cb0d2e15"}},"application":"Grooveshark"},{"timestamp":{"iso":"2013-10-07T15:57:51","unixtimestamp":1381161471},"track":{"name":"Julio","artist":{"name":"OST","mbid":"1763c989-433f-46b5-9cda-a216cb0d2e15"}},"uncorrectedTrack":{"name":"Julio","artist":{"name":"OST","mbid":"1763c989-433f-46b5-9cda-a216cb0d2e15"}},"album":{"name":"Departures - Volume 1","artist":{"name":"OST","mbid":"1763c989-433f-46b5-9cda-a216cb0d2e15"}},"application":"Grooveshark"},{"timestamp":{"iso":"2013-10-07T16:00:04","unixtimestamp":1381161604},"track":{"name":"Trails","artist":{"name":"OST","mbid":"1763c989-433f-46b5-9cda-a216cb0d2e15"}},"uncorrectedTrack":{"name":"Trails","artist":{"name":"OST","mbid":"1763c989-433f-46b5-9cda-a216cb0d2e15"}},"album":{"name":"Departures - Volume 1","artist":{"name":"OST","mbid":"1763c989-433f-46b5-9cda-a216cb0d2e15"}},"application":"Grooveshark"},{"timestamp":{"iso":"2013-10-07T16:02:56","unixtimestamp":1381161776},"track":{"name":"Armies of Air","artist":{"name":"OST","mbid":"1763c989-433f-46b5-9cda-a216cb0d2e15"}},"uncorrectedTrack":{"name":"Armies of Air","artist":{"name":"OST","mbid":"1763c989-433f-46b5-9cda-a216cb0d2e15"}},"album":{"name":"Departures - Volume 1","artist":{"name":"OST","mbid":"1763c989-433f-46b5-9cda-a216cb0d2e15"}},"application":"Grooveshark"},{"timestamp":{"iso":"2013-10-07T16:06:50","unixtimestamp":1381162010},"track":{"name":"So It Seems","artist":{"name":"OST","mbid":"1763c989-433f-46b5-9cda-a216cb0d2e15"}},"uncorrectedTrack":{"name":"So It Seems","artist":{"name":"OST","mbid":"1763c989-433f-46b5-9cda-a216cb0d2e15"}},"album":{"name":"Departures - Volume 1","artist":{"name":"OST","mbid":"1763c989-433f-46b5-9cda-a216cb0d2e15"}},"application":"Grooveshark"},{"timestamp":{"iso":"2013-10-07T16:07:26","unixtimestamp":1381162046},"track":{"name":"Donna","artist":{"name":"OST","mbid":"1763c989-433f-46b5-9cda-a216cb0d2e15"}},"uncorrectedTrack":{"name":"Donna","artist":{"name":"OST","mbid":"1763c989-433f-46b5-9cda-a216cb0d2e15"}},"album":{"name":"Departures - Volume 1","artist":{"name":"OST","mbid":"1763c989-433f-46b5-9cda-a216cb0d2e15"}},"application":"Grooveshark"},{"timestamp":{"iso":"2013-10-07T16:09:38","unixtimestamp":1381162178},"track":{"name":"Rain Theory","artist":{"name":"OST","mbid":"1763c989-433f-46b5-9cda-a216cb0d2e15"}},"uncorrectedTrack":{"name":"Rain Theory","artist":{"name":"OST","mbid":"1763c989-433f-46b5-9cda-a216cb0d2e15"}},"album":{"name":"Departures - Volume 1","artist":{"name":"OST","mbid":"1763c989-433f-46b5-9cda-a216cb0d2e15"}},"application":"Grooveshark"},{"timestamp":{"iso":"2013-10-07T16:13:36","unixtimestamp":1381162416},"track":{"name":"Get On With It","artist":{"name":"OST","mbid":"1763c989-433f-46b5-9cda-a216cb0d2e15"}},"uncorrectedTrack":{"name":"Get On With It","artist":{"name":"OST","mbid":"1763c989-433f-46b5-9cda-a216cb0d2e15"}},"album":{"name":"Departures - Volume 1","artist":{"name":"OST","mbid":"1763c989-433f-46b5-9cda-a216cb0d2e15"}},"application":"Grooveshark"},{"timestamp":{"iso":"2013-10-07T16:18:09","unixtimestamp":1381162689},"track":{"name":"Conspiring With Light","artist":{"name":"OST","mbid":"1763c989-433f-46b5-9cda-a216cb0d2e15"}},"uncorrectedTrack":{"name":"Conspiring With Light","artist":{"name":"OST","mbid":"1763c989-433f-46b5-9cda-a216cb0d2e15"}},"album":{"name":"Departures - Volume 1","artist":{"name":"OST","mbid":"1763c989-433f-46b5-9cda-a216cb0d2e15"}},"application":"Grooveshark"},{"timestamp":{"iso":"2013-10-07T16:23:19","unixtimestamp":1381162999},"track":{"name":"April","artist":{"name":"OST","mbid":"1763c989-433f-46b5-9cda-a216cb0d2e15"}},"uncorrectedTrack":{"name":"April","artist":{"name":"OST","mbid":"1763c989-433f-46b5-9cda-a216cb0d2e15"}},"album":{"name":"Departures - Volume 1","artist":{"name":"OST","mbid":"1763c989-433f-46b5-9cda-a216cb0d2e15"}},"application":"Grooveshark"},{"timestamp":{"iso":"2013-10-07T16:27:41","unixtimestamp":1381163261},"track":{"name":"Sharpen the Noise","artist":{"name":"OST","mbid":"1763c989-433f-46b5-9cda-a216cb0d2e15"}},"uncorrectedTrack":{"name":"Sharpen the Noise","artist":{"name":"OST","mbid":"1763c989-433f-46b5-9cda-a216cb0d2e15"}},"album":{"name":"Departures - Volume 1","artist":{"name":"OST","mbid":"1763c989-433f-46b5-9cda-a216cb0d2e15"}},"application":"Grooveshark"},{"timestamp":{"iso":"2013-10-07T16:30:51","unixtimestamp":1381163451},"track":{"name":"Azuri","artist":{"name":"OST","mbid":"1763c989-433f-46b5-9cda-a216cb0d2e15"}},"uncorrectedTrack":{"name":"Azuri","artist":{"name":"OST","mbid":"1763c989-433f-46b5-9cda-a216cb0d2e15"}},"album":{"name":"Departures - Volume 1","artist":{"name":"OST","mbid":"1763c989-433f-46b5-9cda-a216cb0d2e15"}},"application":"Grooveshark"},{"timestamp":{"iso":"2013-10-07T16:34:17","unixtimestamp":1381163657},"track":{"name":"Abstracts and Air Pressure","artist":{"name":"OST","mbid":"1763c989-433f-46b5-9cda-a216cb0d2e15"}},"uncorrectedTrack":{"name":"Abstracts and Air Pressure","artist":{"name":"OST","mbid":"1763c989-433f-46b5-9cda-a216cb0d2e15"}},"album":{"name":"Departures - Volume 1","artist":{"name":"OST","mbid":"1763c989-433f-46b5-9cda-a216cb0d2e15"}},"application":"Grooveshark"},{"timestamp":{"iso":"2013-10-07T16:36:59","unixtimestamp":1381163819},"track":{"name":"Main Titles","artist":{"name":"OST","mbid":"1763c989-433f-46b5-9cda-a216cb0d2e15"}},"uncorrectedTrack":{"name":"Main Titles","artist":{"name":"OST","mbid":"1763c989-433f-46b5-9cda-a216cb0d2e15"}},"album":{"name":"Departures - Volume 1","artist":{"name":"OST","mbid":"1763c989-433f-46b5-9cda-a216cb0d2e15"}},"application":"Grooveshark"},{"timestamp":{"iso":"2013-10-07T16:37:35","unixtimestamp":1381163855},"track":{"name":"29 Palms","mbid":"afd5e8e1-f19a-4263-9be4-836063a0d4f2","artist":{"name":"Glen Porter","mbid":"7454165a-d7e4-4138-b326-2473e5a1ef3b"}},"uncorrectedTrack":{"name":"29 Palms","mbid":"afd5e8e1-f19a-4263-9be4-836063a0d4f2","artist":{"name":"Glen Porter","mbid":"7454165a-d7e4-4138-b326-2473e5a1ef3b"}},"album":{"name":"Blessed by a Young Death","mbid":"1e350090-3f3c-4031-81c2-1c01548c5411","artist":{"name":"Glen Porter","mbid":"7454165a-d7e4-4138-b326-2473e5a1ef3b"}},"application":"Grooveshark"},{"timestamp":{"iso":"2013-10-07T16:41:37","unixtimestamp":1381164097},"track":{"name":"Transient","mbid":"7fc96a9f-d16f-48e0-acb4-a1fc17b832c2","artist":{"name":"Glen Porter","mbid":"7454165a-d7e4-4138-b326-2473e5a1ef3b"}},"uncorrectedTrack":{"name":"Transient","mbid":"7fc96a9f-d16f-48e0-acb4-a1fc17b832c2","artist":{"name":"Glen Porter","mbid":"7454165a-d7e4-4138-b326-2473e5a1ef3b"}},"album":{"name":"Blessed by a Young Death","mbid":"1e350090-3f3c-4031-81c2-1c01548c5411","artist":{"name":"Glen Porter","mbid":"7454165a-d7e4-4138-b326-2473e5a1ef3b"}},"application":"Grooveshark"},{"timestamp":{"iso":"2013-10-07T16:44:46","unixtimestamp":1381164286},"track":{"name":"Forgive Me Part 1","artist":{"name":"Glen Porter","mbid":"7454165a-d7e4-4138-b326-2473e5a1ef3b"}},"uncorrectedTrack":{"name":"Forgive Me Part 1","artist":{"name":"Glen Porter","mbid":"7454165a-d7e4-4138-b326-2473e5a1ef3b"}},"album":{"name":"Blessed by a Young Death","mbid":"1e350090-3f3c-4031-81c2-1c01548c5411","artist":{"name":"Glen Porter","mbid":"7454165a-d7e4-4138-b326-2473e5a1ef3b"}},"application":"Grooveshark"},{"timestamp":{"iso":"2013-10-07T16:47:19","unixtimestamp":1381164439},"track":{"name":"Sunset","mbid":"7e2cde57-6a22-4202-b12e-71e5461c55a5","artist":{"name":"Glen Porter","mbid":"7454165a-d7e4-4138-b326-2473e5a1ef3b"}},"uncorrectedTrack":{"name":"Sunset","mbid":"7e2cde57-6a22-4202-b12e-71e5461c55a5","artist":{"name":"Glen Porter","mbid":"7454165a-d7e4-4138-b326-2473e5a1ef3b"}},"album":{"name":"Blessed by a Young Death","mbid":"1e350090-3f3c-4031-81c2-1c01548c5411","artist":{"name":"Glen Porter","mbid":"7454165a-d7e4-4138-b326-2473e5a1ef3b"}},"application":"Grooveshark"},{"timestamp":{"iso":"2013-10-07T16:50:20","unixtimestamp":1381164620},"track":{"name":"Slowburn","mbid":"6e5b54e4-1ed3-4921-8263-a0289c232862","artist":{"name":"Glen Porter","mbid":"7454165a-d7e4-4138-b326-2473e5a1ef3b"}},"uncorrectedTrack":{"name":"Slowburn","mbid":"6e5b54e4-1ed3-4921-8263-a0289c232862","artist":{"name":"Glen Porter","mbid":"7454165a-d7e4-4138-b326-2473e5a1ef3b"}},"album":{"name":"Blessed by a Young Death","mbid":"1e350090-3f3c-4031-81c2-1c01548c5411","artist":{"name":"Glen Porter","mbid":"7454165a-d7e4-4138-b326-2473e5a1ef3b"}},"application":"Grooveshark"},{"timestamp":{"iso":"2013-10-07T16:54:11","unixtimestamp":1381164851},"track":{"name":"I Sat Alone","mbid":"6a720925-3834-425a-a949-94b238c34cf5","artist":{"name":"Glen Porter","mbid":"7454165a-d7e4-4138-b326-2473e5a1ef3b"}},"uncorrectedTrack":{"name":"I Sat Alone","mbid":"6a720925-3834-425a-a949-94b238c34cf5","artist":{"name":"Glen Porter","mbid":"7454165a-d7e4-4138-b326-2473e5a1ef3b"}},"album":{"name":"Blessed by a Young Death","mbid":"1e350090-3f3c-4031-81c2-1c01548c5411","artist":{"name":"Glen Porter","mbid":"7454165a-d7e4-4138-b326-2473e5a1ef3b"}},"application":"Grooveshark"},{"timestamp":{"iso":"2013-10-08T15:13:12","unixtimestamp":1381245192},"track":{"name":"Amor Porteño (Featuring Calexico) ","artist":{"name":"Gotan Project","mbid":"23f8ae5f-2989-4ba4-a330-cbe5d250c13a"}},"uncorrectedTrack":{"name":"Amor Porteño (Featuring Calexico) ","artist":{"name":"Gotan Project","mbid":"23f8ae5f-2989-4ba4-a330-cbe5d250c13a"}},"album":{"name":"Lunático","mbid":"1217536c-e1d9-3489-a0d9-cdf4f7f845ab","artist":{"name":"Gotan Project","mbid":"23f8ae5f-2989-4ba4-a330-cbe5d250c13a"}},"application":"Grooveshark"},{"timestamp":{"iso":"2013-10-08T15:18:20","unixtimestamp":1381245500},"track":{"name":"Notas (feat. Juan Carlos Cáceres)","artist":{"name":"Gotan Project","mbid":"23f8ae5f-2989-4ba4-a330-cbe5d250c13a"}},"uncorrectedTrack":{"name":"Notas (feat. Juan Carlos Cáceres)","artist":{"name":"Gotan Project","mbid":"23f8ae5f-2989-4ba4-a330-cbe5d250c13a"}},"album":{"name":"Lunático","mbid":"1217536c-e1d9-3489-a0d9-cdf4f7f845ab","artist":{"name":"Gotan Project","mbid":"23f8ae5f-2989-4ba4-a330-cbe5d250c13a"}},"application":"Grooveshark"},{"timestamp":{"iso":"2013-10-08T15:22:41","unixtimestamp":1381245761},"track":{"name":"Lunático","mbid":"28f7a9c7-05f3-4f5c-8f49-38f285493c56","artist":{"name":"Gotan Project","mbid":"23f8ae5f-2989-4ba4-a330-cbe5d250c13a"}},"uncorrectedTrack":{"name":"Lunático","mbid":"28f7a9c7-05f3-4f5c-8f49-38f285493c56","artist":{"name":"Gotan Project","mbid":"23f8ae5f-2989-4ba4-a330-cbe5d250c13a"}},"album":{"name":"Lunático","mbid":"1217536c-e1d9-3489-a0d9-cdf4f7f845ab","artist":{"name":"Gotan Project","mbid":"23f8ae5f-2989-4ba4-a330-cbe5d250c13a"}},"application":"Grooveshark"},{"timestamp":{"iso":"2013-10-08T15:25:41","unixtimestamp":1381245941},"track":{"name":"Mi Confesión (feat. Koxmoz)","artist":{"name":"Gotan Project","mbid":"23f8ae5f-2989-4ba4-a330-cbe5d250c13a"}},"uncorrectedTrack":{"name":"Mi Confesión (feat. Koxmoz)","artist":{"name":"Gotan Project","mbid":"23f8ae5f-2989-4ba4-a330-cbe5d250c13a"}},"album":{"name":"Lunático","mbid":"1217536c-e1d9-3489-a0d9-cdf4f7f845ab","artist":{"name":"Gotan Project","mbid":"23f8ae5f-2989-4ba4-a330-cbe5d250c13a"}},"application":"Grooveshark"},{"timestamp":{"iso":"2013-10-08T15:30:01","unixtimestamp":1381246201},"track":{"name":"Tango Canción","mbid":"62e33f92-40f5-4df7-9ec7-ddbb8c7b45ec","artist":{"name":"Gotan Project","mbid":"23f8ae5f-2989-4ba4-a330-cbe5d250c13a"}},"uncorrectedTrack":{"name":"Tango Canción","mbid":"62e33f92-40f5-4df7-9ec7-ddbb8c7b45ec","artist":{"name":"Gotan Project","mbid":"23f8ae5f-2989-4ba4-a330-cbe5d250c13a"}},"album":{"name":"Lunático","mbid":"1217536c-e1d9-3489-a0d9-cdf4f7f845ab","artist":{"name":"Gotan Project","mbid":"23f8ae5f-2989-4ba4-a330-cbe5d250c13a"}},"application":"Grooveshark"},{"timestamp":{"iso":"2013-10-08T15:34:25","unixtimestamp":1381246465},"track":{"name":"La Vigüela","mbid":"78146a3a-5a60-4d08-83ce-7a9c3c6df822","artist":{"name":"Gotan Project","mbid":"23f8ae5f-2989-4ba4-a330-cbe5d250c13a"}},"uncorrectedTrack":{"name":"La Vigüela","mbid":"78146a3a-5a60-4d08-83ce-7a9c3c6df822","artist":{"name":"Gotan Project","mbid":"23f8ae5f-2989-4ba4-a330-cbe5d250c13a"}},"album":{"name":"Lunático","mbid":"1217536c-e1d9-3489-a0d9-cdf4f7f845ab","artist":{"name":"Gotan Project","mbid":"23f8ae5f-2989-4ba4-a330-cbe5d250c13a"}},"application":"Grooveshark"},{"timestamp":{"iso":"2013-10-08T15:39:25","unixtimestamp":1381246765},"track":{"name":"Domingo (feat. Jimi Santos)","mbid":"753e544f-510b-45ed-916c-a1a14e8c1e53","artist":{"name":"Gotan Project","mbid":"23f8ae5f-2989-4ba4-a330-cbe5d250c13a"}},"uncorrectedTrack":{"name":"Domingo (feat. Jimi Santos)","mbid":"753e544f-510b-45ed-916c-a1a14e8c1e53","artist":{"name":"Gotan Project","mbid":"23f8ae5f-2989-4ba4-a330-cbe5d250c13a"}},"album":{"name":"Lunático","mbid":"1217536c-e1d9-3489-a0d9-cdf4f7f845ab","artist":{"name":"Gotan Project","mbid":"23f8ae5f-2989-4ba4-a330-cbe5d250c13a"}},"application":"Grooveshark"},{"timestamp":{"iso":"2013-10-08T18:21:31","unixtimestamp":1381256491},"track":{"name":"Lunático","mbid":"28f7a9c7-05f3-4f5c-8f49-38f285493c56","artist":{"name":"Gotan Project","mbid":"23f8ae5f-2989-4ba4-a330-cbe5d250c13a"}},"uncorrectedTrack":{"name":"Lunático","mbid":"28f7a9c7-05f3-4f5c-8f49-38f285493c56","artist":{"name":"Gotan Project","mbid":"23f8ae5f-2989-4ba4-a330-cbe5d250c13a"}},"album":{"name":"Lunático","mbid":"1217536c-e1d9-3489-a0d9-cdf4f7f845ab","artist":{"name":"Gotan Project","mbid":"23f8ae5f-2989-4ba4-a330-cbe5d250c13a"}},"application":"Grooveshark"},{"timestamp":{"iso":"2013-10-08T18:24:31","unixtimestamp":1381256671},"track":{"name":"Mi Confesión (feat. Koxmoz)","artist":{"name":"Gotan Project","mbid":"23f8ae5f-2989-4ba4-a330-cbe5d250c13a"}},"uncorrectedTrack":{"name":"Mi Confesión (feat. Koxmoz)","artist":{"name":"Gotan Project","mbid":"23f8ae5f-2989-4ba4-a330-cbe5d250c13a"}},"album":{"name":"Lunático","mbid":"1217536c-e1d9-3489-a0d9-cdf4f7f845ab","artist":{"name":"Gotan Project","mbid":"23f8ae5f-2989-4ba4-a330-cbe5d250c13a"}},"application":"Grooveshark"},{"timestamp":{"iso":"2013-10-08T18:28:51","unixtimestamp":1381256931},"track":{"name":"Tango Canción","mbid":"62e33f92-40f5-4df7-9ec7-ddbb8c7b45ec","artist":{"name":"Gotan Project","mbid":"23f8ae5f-2989-4ba4-a330-cbe5d250c13a"}},"uncorrectedTrack":{"name":"Tango Canción","mbid":"62e33f92-40f5-4df7-9ec7-ddbb8c7b45ec","artist":{"name":"Gotan Project","mbid":"23f8ae5f-2989-4ba4-a330-cbe5d250c13a"}},"album":{"name":"Lunático","mbid":"1217536c-e1d9-3489-a0d9-cdf4f7f845ab","artist":{"name":"Gotan Project","mbid":"23f8ae5f-2989-4ba4-a330-cbe5d250c13a"}},"application":"Grooveshark"},{"timestamp":{"iso":"2013-10-08T18:33:15","unixtimestamp":1381257195},"track":{"name":"La Vigüela","mbid":"78146a3a-5a60-4d08-83ce-7a9c3c6df822","artist":{"name":"Gotan Project","mbid":"23f8ae5f-2989-4ba4-a330-cbe5d250c13a"}},"uncorrectedTrack":{"name":"La Vigüela","mbid":"78146a3a-5a60-4d08-83ce-7a9c3c6df822","artist":{"name":"Gotan Project","mbid":"23f8ae5f-2989-4ba4-a330-cbe5d250c13a"}},"album":{"name":"Lunático","mbid":"1217536c-e1d9-3489-a0d9-cdf4f7f845ab","artist":{"name":"Gotan Project","mbid":"23f8ae5f-2989-4ba4-a330-cbe5d250c13a"}},"application":"Grooveshark"},{"timestamp":{"iso":"2013-10-08T18:39:18","unixtimestamp":1381257558},"track":{"name":"Centrojá","artist":{"name":"Bajofondo","mbid":"070f1240-e0d4-491b-ba40-eb210af0a4d7"}},"uncorrectedTrack":{"name":"Centrojá","artist":{"name":"Bajofondo","mbid":"070f1240-e0d4-491b-ba40-eb210af0a4d7"}},"album":{"name":"Supervielle","artist":{"name":"Bajofondo","mbid":"070f1240-e0d4-491b-ba40-eb210af0a4d7"}},"application":"Grooveshark"},{"timestamp":{"iso":"2013-10-08T18:40:13","unixtimestamp":1381257613},"track":{"name":"Operation Costs","mbid":"7454b8a0-7b92-47b8-991c-7a99cee70bb5","artist":{"name":"Lusine"}},"uncorrectedTrack":{"name":"Operation Costs","mbid":"7454b8a0-7b92-47b8-991c-7a99cee70bb5","artist":{"name":"Lusine"}},"album":{"name":"Renaissance: The Masters Series - James Zabiela, Life","artist":{"name":"Lusine"}},"application":"Grooveshark"},{"timestamp":{"iso":"2013-10-08T18:53:29","unixtimestamp":1381258409},"track":{"name":"Daniel","mbid":"c2242909-22aa-4914-8c5a-1408f48de6a0","artist":{"name":"Bat for Lashes","mbid":"10000730-525f-4ed5-aaa8-92888f060f5f"}},"uncorrectedTrack":{"name":"Daniel","mbid":"c2242909-22aa-4914-8c5a-1408f48de6a0","artist":{"name":"Bat for Lashes","mbid":"10000730-525f-4ed5-aaa8-92888f060f5f"}},"application":"Grooveshark"},{"timestamp":{"iso":"2013-10-08T19:00:20","unixtimestamp":1381258820},"track":{"name":"Simple Song","mbid":"94e35137-f710-475c-ae96-da2997d4d823","artist":{"name":"The Shins","mbid":"6c8b9855-ba8b-48f9-ac1d-42167f7f7b18"}},"uncorrectedTrack":{"name":"Simple Song","mbid":"94e35137-f710-475c-ae96-da2997d4d823","artist":{"name":"The Shins","mbid":"6c8b9855-ba8b-48f9-ac1d-42167f7f7b18"}},"album":{"name":"The Shins","artist":{"name":"The Shins","mbid":"6c8b9855-ba8b-48f9-ac1d-42167f7f7b18"}},"application":"Grooveshark"},{"timestamp":{"iso":"2013-10-08T19:39:24","unixtimestamp":1381261164},"track":{"name":"Symphony No 9 in D minor, 1st Movement, Allegro ma non troppo, un poco maestoso","artist":{"name":"Ludwig van Beethoven","mbid":"1f9df192-a621-4f54-8850-2c5373b7eac9"}},"uncorrectedTrack":{"name":"Symphony No 9 in D minor, 1st Movement, Allegro ma non troppo, un poco maestoso","artist":{"name":"Beethoven","mbid":"b160e4df-52f8-4487-8375-e8fc7de4970b"}},"album":{"name":"9 symphonies","artist":{"name":"Beethoven","mbid":"b160e4df-52f8-4487-8375-e8fc7de4970b"}},"application":"Grooveshark"},{"timestamp":{"iso":"2013-10-08T19:44:12","unixtimestamp":1381261452},"track":{"name":"Molto vivace - Presto - Molto vivace","artist":{"name":"Ludwig van Beethoven","mbid":"1f9df192-a621-4f54-8850-2c5373b7eac9"}},"uncorrectedTrack":{"name":"Molto vivace - presto - molto vivace","artist":{"name":"Beethoven","mbid":"b160e4df-52f8-4487-8375-e8fc7de4970b"}},"album":{"name":"Symphony no. 9","artist":{"name":"Beethoven","mbid":"b160e4df-52f8-4487-8375-e8fc7de4970b"}},"application":"Grooveshark"},{"timestamp":{"iso":"2013-10-08T19:55:54","unixtimestamp":1381262154},"track":{"name":"Symphony No 9 in D minor, 3rd Movement, Adagio molto e cantabile","artist":{"name":"Ludwig van Beethoven","mbid":"1f9df192-a621-4f54-8850-2c5373b7eac9"}},"uncorrectedTrack":{"name":"Symphony No 9 in D minor, 3rd Movement, Adagio molto e cantabile","artist":{"name":"Beethoven","mbid":"b160e4df-52f8-4487-8375-e8fc7de4970b"}},"album":{"name":"9 symphonies","artist":{"name":"Beethoven","mbid":"b160e4df-52f8-4487-8375-e8fc7de4970b"}},"application":"Grooveshark"},{"timestamp":{"iso":"2013-10-08T20:13:46","unixtimestamp":1381263226},"track":{"name":"Symphony No 9 in D minor, 4th Movement, Presto","artist":{"name":"Ludwig van Beethoven","mbid":"1f9df192-a621-4f54-8850-2c5373b7eac9"}},"uncorrectedTrack":{"name":"Symphony No 9 in D minor, 4th Movement, Presto","artist":{"name":"Beethoven","mbid":"b160e4df-52f8-4487-8375-e8fc7de4970b"}},"album":{"name":"9 symphonies","artist":{"name":"Beethoven","mbid":"b160e4df-52f8-4487-8375-e8fc7de4970b"}},"application":"Grooveshark"},{"timestamp":{"iso":"2013-10-10T15:34:00","unixtimestamp":1381419240},"track":{"name":"Still Frame (Lusine remix)","mbid":"50196506-773a-4749-9c5a-cea40e4883d0","artist":{"name":"Lusine"}},"uncorrectedTrack":{"name":"Still Frame (Lusine remix)","mbid":"50196506-773a-4749-9c5a-cea40e4883d0","artist":{"name":"Lusine"}},"application":"Grooveshark"},{"timestamp":{"iso":"2013-10-10T15:41:18","unixtimestamp":1381419678},"track":{"name":"Notas (feat. Juan Carlos Cáceres)","artist":{"name":"Gotan Project","mbid":"23f8ae5f-2989-4ba4-a330-cbe5d250c13a"}},"uncorrectedTrack":{"name":"Notas (feat. Juan Carlos Cáceres)","artist":{"name":"Gotan Project","mbid":"23f8ae5f-2989-4ba4-a330-cbe5d250c13a"}},"album":{"name":"Lunático","mbid":"1217536c-e1d9-3489-a0d9-cdf4f7f845ab","artist":{"name":"Gotan Project","mbid":"23f8ae5f-2989-4ba4-a330-cbe5d250c13a"}},"application":"Grooveshark"},{"timestamp":{"iso":"2013-10-10T15:42:13","unixtimestamp":1381419733},"track":{"name":"Lazuli","mbid":"480dead5-43e0-402e-8a9d-313178099a60","artist":{"name":"Beach House","mbid":"d5cc67b8-1cc4-453b-96e8-44487acdebea"}},"uncorrectedTrack":{"name":"Lazuli","mbid":"480dead5-43e0-402e-8a9d-313178099a60","artist":{"name":"Beach House","mbid":"d5cc67b8-1cc4-453b-96e8-44487acdebea"}},"album":{"name":"Bloom","mbid":"f2f1a163-a620-4d15-95b4-709d79526fc5","artist":{"name":"Beach House","mbid":"d5cc67b8-1cc4-453b-96e8-44487acdebea"}},"application":"Grooveshark"},{"timestamp":{"iso":"2013-10-10T15:49:44","unixtimestamp":1381420184},"track":{"name":"The High Road","mbid":"e0adfd20-9ef5-4772-86d3-66977673cbff","artist":{"name":"Broken Bells","mbid":"62d364d2-550b-420e-b918-b3bd1e4a2efc"}},"uncorrectedTrack":{"name":"The High Road","mbid":"e0adfd20-9ef5-4772-86d3-66977673cbff","artist":{"name":"Broken Bells","mbid":"62d364d2-550b-420e-b918-b3bd1e4a2efc"}},"album":{"name":"Broken Bells","mbid":"e8f8ead8-7abb-42f2-8974-19c6b16cf4bf","artist":{"name":"Broken Bells","mbid":"62d364d2-550b-420e-b918-b3bd1e4a2efc"}},"application":"Grooveshark"},{"timestamp":{"iso":"2013-10-10T15:54:44","unixtimestamp":1381420484},"track":{"name":"Everything Is Everything","artist":{"name":"Phoenix","mbid":"02f4c1ff-65e0-4412-8e8b-6239b0faecb5"}},"uncorrectedTrack":{"name":"Everything Is Everything","artist":{"name":"Phoenix","mbid":"02f4c1ff-65e0-4412-8e8b-6239b0faecb5"}},"album":{"name":"Alphabetical","mbid":"efff52bc-27bd-30fe-8d3c-c3de427b14bb","artist":{"name":"Phoenix","mbid":"02f4c1ff-65e0-4412-8e8b-6239b0faecb5"}},"application":"Grooveshark"},{"timestamp":{"iso":"2013-10-10T15:57:44","unixtimestamp":1381420664},"track":{"name":"Australia","mbid":"4f701878-706b-43dc-aebf-7556c52097bc","artist":{"name":"The Shins","mbid":"6c8b9855-ba8b-48f9-ac1d-42167f7f7b18"}},"uncorrectedTrack":{"name":"Australia","mbid":"4f701878-706b-43dc-aebf-7556c52097bc","artist":{"name":"The Shins","mbid":"6c8b9855-ba8b-48f9-ac1d-42167f7f7b18"}},"album":{"name":"Wincing the Night Away","mbid":"a0d42921-c7aa-42ef-a63d-3a23ca203ddf","artist":{"name":"The Shins","mbid":"6c8b9855-ba8b-48f9-ac1d-42167f7f7b18"}},"application":"Grooveshark"},{"timestamp":{"iso":"2013-10-10T16:01:41","unixtimestamp":1381420901},"track":{"name":"3rd Planet","mbid":"07f752f5-6311-4b64-9172-c507e7c59692","artist":{"name":"Modest Mouse","mbid":"a96ac800-bfcb-412a-8a63-0a98df600700"}},"uncorrectedTrack":{"name":"3rd Planet","mbid":"07f752f5-6311-4b64-9172-c507e7c59692","artist":{"name":"Modest Mouse","mbid":"a96ac800-bfcb-412a-8a63-0a98df600700"}},"album":{"name":"The Moon \u0026 Antarctica [Reissue]","artist":{"name":"Modest Mouse","mbid":"a96ac800-bfcb-412a-8a63-0a98df600700"}},"application":"Grooveshark"},{"timestamp":{"iso":"2013-10-10T16:09:56","unixtimestamp":1381421396},"track":{"name":"I Might Be Wrong","mbid":"1bf59297-2c98-4a70-9459-31b560e2934d","artist":{"name":"Radiohead","mbid":"a74b1b7f-71a5-4011-9441-d0b5e4122711"}},"uncorrectedTrack":{"name":"I Might Be Wrong","mbid":"1bf59297-2c98-4a70-9459-31b560e2934d","artist":{"name":"Radiohead","mbid":"a74b1b7f-71a5-4011-9441-d0b5e4122711"}},"album":{"name":"Amnesiac","mbid":"8fdf5ccd-98d2-3283-a6c3-498871addaf6","artist":{"name":"Radiohead","mbid":"a74b1b7f-71a5-4011-9441-d0b5e4122711"}},"application":"Grooveshark"},{"timestamp":{"iso":"2013-10-10T16:14:51","unixtimestamp":1381421691},"track":{"name":"My Girls","mbid":"f34bab62-0ca6-417e-a80e-71e45d5cb729","artist":{"name":"Animal Collective","mbid":"0c751690-c784-4a4f-b1e4-c1de27d47581"}},"uncorrectedTrack":{"name":"My Girls","mbid":"f34bab62-0ca6-417e-a80e-71e45d5cb729","artist":{"name":"Animal Collective","mbid":"0c751690-c784-4a4f-b1e4-c1de27d47581"}},"album":{"name":"Merriweather Post Pavilion","mbid":"5fb66781-17d5-34c6-9ff0-eeba19d4e240","artist":{"name":"Animal Collective","mbid":"0c751690-c784-4a4f-b1e4-c1de27d47581"}},"application":"Grooveshark"},{"timestamp":{"iso":"2013-10-10T16:20:32","unixtimestamp":1381422032},"track":{"name":"The Modern Leper","mbid":"80845237-3651-4451-a10f-79a0b9dc01d8","artist":{"name":"Frightened Rabbit","mbid":"dc21d171-7204-4759-9fd0-77d031aeb40c"}},"uncorrectedTrack":{"name":"The Modern Leper","mbid":"80845237-3651-4451-a10f-79a0b9dc01d8","artist":{"name":"Frightened Rabbit","mbid":"dc21d171-7204-4759-9fd0-77d031aeb40c"}},"album":{"name":"The Midnight Organ Fight","mbid":"c3df7206-f769-49bb-9f57-2f6110c65621","artist":{"name":"Frightened Rabbit","mbid":"dc21d171-7204-4759-9fd0-77d031aeb40c"}},"application":"Grooveshark"},{"timestamp":{"iso":"2013-10-10T16:24:21","unixtimestamp":1381422261},"track":{"name":"Pa Pa Power","mbid":"e7c6c7b4-9830-4539-9142-c839d023e253","artist":{"name":"Dead Man\u0027s Bones","mbid":"b2c8ff02-6078-4e9a-b2d7-267451925394"}},"uncorrectedTrack":{"name":"Pa Pa Power","mbid":"e7c6c7b4-9830-4539-9142-c839d023e253","artist":{"name":"Dead Man\u0027s Bones","mbid":"b2c8ff02-6078-4e9a-b2d7-267451925394"}},"album":{"name":"Dead Man\u0027s Bones","mbid":"efa93a5d-b718-4434-9486-0a33936e4247","artist":{"name":"Dead Man\u0027s Bones","mbid":"b2c8ff02-6078-4e9a-b2d7-267451925394"}},"application":"Grooveshark"},{"timestamp":{"iso":"2013-10-10T16:28:26","unixtimestamp":1381422506},"track":{"name":"Center of the Universe","mbid":"501051ad-e96e-4a86-9aae-8d0cdcb70b20","artist":{"name":"Built to Spill","mbid":"3ac482b8-1494-4071-a0e9-f192f9d2c2b0"}},"uncorrectedTrack":{"name":"Center of the Universe","mbid":"501051ad-e96e-4a86-9aae-8d0cdcb70b20","artist":{"name":"Built to Spill","mbid":"3ac482b8-1494-4071-a0e9-f192f9d2c2b0"}},"album":{"name":"Keep It Like a Secret","mbid":"4eac7bfa-5248-4d9c-9114-87d97d7fea31","artist":{"name":"Built to Spill","mbid":"3ac482b8-1494-4071-a0e9-f192f9d2c2b0"}},"application":"Grooveshark"},{"timestamp":{"iso":"2013-10-10T16:31:09","unixtimestamp":1381422669},"track":{"name":"Life Like Weeds","mbid":"2a748e3d-4622-4a5d-8a2c-70702f90b3f8","artist":{"name":"Modest Mouse","mbid":"a96ac800-bfcb-412a-8a63-0a98df600700"}},"uncorrectedTrack":{"name":"Life Like Weeds","mbid":"2a748e3d-4622-4a5d-8a2c-70702f90b3f8","artist":{"name":"Modest Mouse","mbid":"a96ac800-bfcb-412a-8a63-0a98df600700"}},"album":{"name":"The Moon \u0026 Antarctica [Reissue]","artist":{"name":"Modest Mouse","mbid":"a96ac800-bfcb-412a-8a63-0a98df600700"}},"application":"Grooveshark"},{"timestamp":{"iso":"2013-10-10T16:37:40","unixtimestamp":1381423060},"track":{"name":"I Would Hurt a Fly","mbid":"13fb2c31-2c79-43ce-963d-c2796377d07f","artist":{"name":"Built to Spill","mbid":"3ac482b8-1494-4071-a0e9-f192f9d2c2b0"}},"uncorrectedTrack":{"name":"I Would Hurt a Fly","mbid":"13fb2c31-2c79-43ce-963d-c2796377d07f","artist":{"name":"Built to Spill","mbid":"3ac482b8-1494-4071-a0e9-f192f9d2c2b0"}},"album":{"name":"Perfect From Now On","mbid":"524c5a17-1f08-4d05-8bb5-bed5735dd96e","artist":{"name":"Built to Spill","mbid":"3ac482b8-1494-4071-a0e9-f192f9d2c2b0"}},"application":"Grooveshark"},{"timestamp":{"iso":"2013-10-10T20:19:48","unixtimestamp":1381436388},"track":{"name":"Alternation","mbid":"0f1af780-1ed6-4e20-8d11-da462ca94703","artist":{"name":"Midwest Product","mbid":"0ce8de4d-8aa0-4093-b84f-66a18096f18e"}},"uncorrectedTrack":{"name":"Alternator","artist":{"name":"Midwest Product","mbid":"0ce8de4d-8aa0-4093-b84f-66a18096f18e"}},"album":{"name":"Specifics","mbid":"406ec6f6-a62e-4261-a7cd-6c87f1124eee","artist":{"name":"Midwest Product","mbid":"0ce8de4d-8aa0-4093-b84f-66a18096f18e"}},"application":"Grooveshark"},{"timestamp":{"iso":"2013-10-10T20:25:08","unixtimestamp":1381436708},"track":{"name":"Jetstream","artist":{"name":"Lusine"}},"uncorrectedTrack":{"name":"Jetstream","artist":{"name":"L\u0027Usine","mbid":"24ee4021-50ac-4285-b76e-860082d0d731"}},"album":{"name":"Language Barrier","artist":{"name":"L\u0027Usine","mbid":"24ee4021-50ac-4285-b76e-860082d0d731"}},"application":"Grooveshark"},{"timestamp":{"iso":"2013-10-10T20:31:09","unixtimestamp":1381437069},"track":{"name":"Operation Costs","mbid":"7454b8a0-7b92-47b8-991c-7a99cee70bb5","artist":{"name":"Lusine"}},"uncorrectedTrack":{"name":"Operation Costs","mbid":"7454b8a0-7b92-47b8-991c-7a99cee70bb5","artist":{"name":"Lusine"}},"album":{"name":"Renaissance: The Masters Series - James Zabiela, Life","artist":{"name":"Lusine"}},"application":"Grooveshark"},{"timestamp":{"iso":"2013-10-10T20:35:54","unixtimestamp":1381437354},"track":{"name":"Still Frame (Lusine remix)","mbid":"50196506-773a-4749-9c5a-cea40e4883d0","artist":{"name":"Lusine"}},"uncorrectedTrack":{"name":"Still Frame (Lusine remix)","mbid":"50196506-773a-4749-9c5a-cea40e4883d0","artist":{"name":"Lusine"}},"application":"Grooveshark"},{"timestamp":{"iso":"2013-10-10T20:40:19","unixtimestamp":1381437619},"track":{"name":"Notas (feat. Juan Carlos Cáceres)","artist":{"name":"Gotan Project","mbid":"23f8ae5f-2989-4ba4-a330-cbe5d250c13a"}},"uncorrectedTrack":{"name":"Notas (feat. Juan Carlos Cáceres)","artist":{"name":"Gotan Project","mbid":"23f8ae5f-2989-4ba4-a330-cbe5d250c13a"}},"album":{"name":"Lunático","mbid":"1217536c-e1d9-3489-a0d9-cdf4f7f845ab","artist":{"name":"Gotan Project","mbid":"23f8ae5f-2989-4ba4-a330-cbe5d250c13a"}},"application":"Grooveshark"},{"timestamp":{"iso":"2013-10-10T20:57:02","unixtimestamp":1381438622},"track":{"name":"The High Road","mbid":"e0adfd20-9ef5-4772-86d3-66977673cbff","artist":{"name":"Broken Bells","mbid":"62d364d2-550b-420e-b918-b3bd1e4a2efc"}},"uncorrectedTrack":{"name":"The High Road","mbid":"e0adfd20-9ef5-4772-86d3-66977673cbff","artist":{"name":"Broken Bells","mbid":"62d364d2-550b-420e-b918-b3bd1e4a2efc"}},"album":{"name":"Broken Bells","mbid":"e8f8ead8-7abb-42f2-8974-19c6b16cf4bf","artist":{"name":"Broken Bells","mbid":"62d364d2-550b-420e-b918-b3bd1e4a2efc"}},"application":"Grooveshark"},{"timestamp":{"iso":"2013-10-10T21:00:56","unixtimestamp":1381438856},"track":{"name":"Everything Is Everything","artist":{"name":"Phoenix","mbid":"02f4c1ff-65e0-4412-8e8b-6239b0faecb5"}},"uncorrectedTrack":{"name":"Everything Is Everything","artist":{"name":"Phoenix","mbid":"02f4c1ff-65e0-4412-8e8b-6239b0faecb5"}},"album":{"name":"Alphabetical","mbid":"efff52bc-27bd-30fe-8d3c-c3de427b14bb","artist":{"name":"Phoenix","mbid":"02f4c1ff-65e0-4412-8e8b-6239b0faecb5"}},"application":"Grooveshark"},{"timestamp":{"iso":"2013-10-10T21:03:56","unixtimestamp":1381439036},"track":{"name":"Australia","mbid":"4f701878-706b-43dc-aebf-7556c52097bc","artist":{"name":"The Shins","mbid":"6c8b9855-ba8b-48f9-ac1d-42167f7f7b18"}},"uncorrectedTrack":{"name":"Australia","mbid":"4f701878-706b-43dc-aebf-7556c52097bc","artist":{"name":"The Shins","mbid":"6c8b9855-ba8b-48f9-ac1d-42167f7f7b18"}},"album":{"name":"Wincing the Night Away","mbid":"a0d42921-c7aa-42ef-a63d-3a23ca203ddf","artist":{"name":"The Shins","mbid":"6c8b9855-ba8b-48f9-ac1d-42167f7f7b18"}},"application":"Grooveshark"},{"timestamp":{"iso":"2013-10-10T21:07:53","unixtimestamp":1381439273},"track":{"name":"3rd Planet","mbid":"07f752f5-6311-4b64-9172-c507e7c59692","artist":{"name":"Modest Mouse","mbid":"a96ac800-bfcb-412a-8a63-0a98df600700"}},"uncorrectedTrack":{"name":"3rd Planet","mbid":"07f752f5-6311-4b64-9172-c507e7c59692","artist":{"name":"Modest Mouse","mbid":"a96ac800-bfcb-412a-8a63-0a98df600700"}},"album":{"name":"The Moon \u0026 Antarctica [Reissue]","artist":{"name":"Modest Mouse","mbid":"a96ac800-bfcb-412a-8a63-0a98df600700"}},"application":"Grooveshark"},{"timestamp":{"iso":"2013-10-10T21:11:52","unixtimestamp":1381439512},"track":{"name":"I Might Be Wrong","mbid":"1bf59297-2c98-4a70-9459-31b560e2934d","artist":{"name":"Radiohead","mbid":"a74b1b7f-71a5-4011-9441-d0b5e4122711"}},"uncorrectedTrack":{"name":"I Might Be Wrong","mbid":"1bf59297-2c98-4a70-9459-31b560e2934d","artist":{"name":"Radiohead","mbid":"a74b1b7f-71a5-4011-9441-d0b5e4122711"}},"album":{"name":"Amnesiac","mbid":"8fdf5ccd-98d2-3283-a6c3-498871addaf6","artist":{"name":"Radiohead","mbid":"a74b1b7f-71a5-4011-9441-d0b5e4122711"}},"application":"Grooveshark"},{"timestamp":{"iso":"2013-10-10T21:16:47","unixtimestamp":1381439807},"track":{"name":"My Girls","mbid":"f34bab62-0ca6-417e-a80e-71e45d5cb729","artist":{"name":"Animal Collective","mbid":"0c751690-c784-4a4f-b1e4-c1de27d47581"}},"uncorrectedTrack":{"name":"My Girls","mbid":"f34bab62-0ca6-417e-a80e-71e45d5cb729","artist":{"name":"Animal Collective","mbid":"0c751690-c784-4a4f-b1e4-c1de27d47581"}},"album":{"name":"Merriweather Post Pavilion","mbid":"5fb66781-17d5-34c6-9ff0-eeba19d4e240","artist":{"name":"Animal Collective","mbid":"0c751690-c784-4a4f-b1e4-c1de27d47581"}},"application":"Grooveshark"},{"timestamp":{"iso":"2013-10-10T21:22:28","unixtimestamp":1381440148},"track":{"name":"The Modern Leper","mbid":"80845237-3651-4451-a10f-79a0b9dc01d8","artist":{"name":"Frightened Rabbit","mbid":"dc21d171-7204-4759-9fd0-77d031aeb40c"}},"uncorrectedTrack":{"name":"The Modern Leper","mbid":"80845237-3651-4451-a10f-79a0b9dc01d8","artist":{"name":"Frightened Rabbit","mbid":"dc21d171-7204-4759-9fd0-77d031aeb40c"}},"album":{"name":"The Midnight Organ Fight","mbid":"c3df7206-f769-49bb-9f57-2f6110c65621","artist":{"name":"Frightened Rabbit","mbid":"dc21d171-7204-4759-9fd0-77d031aeb40c"}},"application":"Grooveshark"},{"timestamp":{"iso":"2013-10-10T21:26:17","unixtimestamp":1381440377},"track":{"name":"Pa Pa Power","mbid":"e7c6c7b4-9830-4539-9142-c839d023e253","artist":{"name":"Dead Man\u0027s Bones","mbid":"b2c8ff02-6078-4e9a-b2d7-267451925394"}},"uncorrectedTrack":{"name":"Pa Pa Power","mbid":"e7c6c7b4-9830-4539-9142-c839d023e253","artist":{"name":"Dead Man\u0027s Bones","mbid":"b2c8ff02-6078-4e9a-b2d7-267451925394"}},"album":{"name":"Dead Man\u0027s Bones","mbid":"efa93a5d-b718-4434-9486-0a33936e4247","artist":{"name":"Dead Man\u0027s Bones","mbid":"b2c8ff02-6078-4e9a-b2d7-267451925394"}},"application":"Grooveshark"},{"timestamp":{"iso":"2013-10-10T21:30:22","unixtimestamp":1381440622},"track":{"name":"Center of the Universe","mbid":"501051ad-e96e-4a86-9aae-8d0cdcb70b20","artist":{"name":"Built to Spill","mbid":"3ac482b8-1494-4071-a0e9-f192f9d2c2b0"}},"uncorrectedTrack":{"name":"Center of the Universe","mbid":"501051ad-e96e-4a86-9aae-8d0cdcb70b20","artist":{"name":"Built to Spill","mbid":"3ac482b8-1494-4071-a0e9-f192f9d2c2b0"}},"album":{"name":"Keep It Like a Secret","mbid":"4eac7bfa-5248-4d9c-9114-87d97d7fea31","artist":{"name":"Built to Spill","mbid":"3ac482b8-1494-4071-a0e9-f192f9d2c2b0"}},"application":"Grooveshark"},{"timestamp":{"iso":"2013-10-10T21:33:06","unixtimestamp":1381440786},"track":{"name":"Life Like Weeds","mbid":"2a748e3d-4622-4a5d-8a2c-70702f90b3f8","artist":{"name":"Modest Mouse","mbid":"a96ac800-bfcb-412a-8a63-0a98df600700"}},"uncorrectedTrack":{"name":"Life Like Weeds","mbid":"2a748e3d-4622-4a5d-8a2c-70702f90b3f8","artist":{"name":"Modest Mouse","mbid":"a96ac800-bfcb-412a-8a63-0a98df600700"}},"album":{"name":"The Moon \u0026 Antarctica [Reissue]","artist":{"name":"Modest Mouse","mbid":"a96ac800-bfcb-412a-8a63-0a98df600700"}},"application":"Grooveshark"},{"timestamp":{"iso":"2013-10-10T21:39:37","unixtimestamp":1381441177},"track":{"name":"I Would Hurt a Fly","mbid":"13fb2c31-2c79-43ce-963d-c2796377d07f","artist":{"name":"Built to Spill","mbid":"3ac482b8-1494-4071-a0e9-f192f9d2c2b0"}},"uncorrectedTrack":{"name":"I Would Hurt a Fly","mbid":"13fb2c31-2c79-43ce-963d-c2796377d07f","artist":{"name":"Built to Spill","mbid":"3ac482b8-1494-4071-a0e9-f192f9d2c2b0"}},"album":{"name":"Perfect From Now On","mbid":"524c5a17-1f08-4d05-8bb5-bed5735dd96e","artist":{"name":"Built to Spill","mbid":"3ac482b8-1494-4071-a0e9-f192f9d2c2b0"}},"application":"Grooveshark"},{"timestamp":{"iso":"2013-10-10T21:45:52","unixtimestamp":1381441552},"track":{"name":"Vaporize","mbid":"1ab79466-00b5-46b0-be2a-c2d395003bf9","artist":{"name":"Broken Bells","mbid":"62d364d2-550b-420e-b918-b3bd1e4a2efc"}},"uncorrectedTrack":{"name":"Vaporize","mbid":"1ab79466-00b5-46b0-be2a-c2d395003bf9","artist":{"name":"Broken Bells","mbid":"62d364d2-550b-420e-b918-b3bd1e4a2efc"}},"album":{"name":"Broken Bells","mbid":"e8f8ead8-7abb-42f2-8974-19c6b16cf4bf","artist":{"name":"Broken Bells","mbid":"62d364d2-550b-420e-b918-b3bd1e4a2efc"}},"application":"Grooveshark"},{"timestamp":{"iso":"2013-10-10T21:49:21","unixtimestamp":1381441761},"track":{"name":"Gravity Rides Everything (Alb","artist":{"name":"Modest Mouse","mbid":"a96ac800-bfcb-412a-8a63-0a98df600700"}},"uncorrectedTrack":{"name":"Gravity Rides Everything (Alb","artist":{"name":"Modest Mouse","mbid":"a96ac800-bfcb-412a-8a63-0a98df600700"}},"album":{"name":"The Moon \u0026 Antarctica [Reissue]","artist":{"name":"Modest Mouse","mbid":"a96ac800-bfcb-412a-8a63-0a98df600700"}},"application":"Grooveshark"},{"timestamp":{"iso":"2013-10-13T17:41:36","unixtimestamp":1381686096},"track":{"name":"The Past Before My Eyes","artist":{"name":"OST","mbid":"1763c989-433f-46b5-9cda-a216cb0d2e15"}},"uncorrectedTrack":{"name":"The Past Before My Eyes","artist":{"name":"OST","mbid":"1763c989-433f-46b5-9cda-a216cb0d2e15"}},"album":{"name":"Departures - Volume 1","artist":{"name":"OST","mbid":"1763c989-433f-46b5-9cda-a216cb0d2e15"}},"application":"Grooveshark"},{"timestamp":{"iso":"2013-10-13T17:44:44","unixtimestamp":1381686284},"track":{"name":"Sigur Boom","artist":{"name":"OST","mbid":"1763c989-433f-46b5-9cda-a216cb0d2e15"}},"uncorrectedTrack":{"name":"Sigur Boom","artist":{"name":"OST","mbid":"1763c989-433f-46b5-9cda-a216cb0d2e15"}},"album":{"name":"Departures - Volume 1","artist":{"name":"OST","mbid":"1763c989-433f-46b5-9cda-a216cb0d2e15"}},"application":"Grooveshark"},{"timestamp":{"iso":"2013-10-13T17:47:56","unixtimestamp":1381686476},"track":{"name":"Lightest Blue","artist":{"name":"OST","mbid":"1763c989-433f-46b5-9cda-a216cb0d2e15"}},"uncorrectedTrack":{"name":"Lightest Blue","artist":{"name":"OST","mbid":"1763c989-433f-46b5-9cda-a216cb0d2e15"}},"album":{"name":"Departures - Volume 1","artist":{"name":"OST","mbid":"1763c989-433f-46b5-9cda-a216cb0d2e15"}},"application":"Grooveshark"},{"timestamp":{"iso":"2013-10-13T17:51:21","unixtimestamp":1381686681},"track":{"name":"Open Shores","artist":{"name":"OST","mbid":"1763c989-433f-46b5-9cda-a216cb0d2e15"}},"uncorrectedTrack":{"name":"Open Shores","artist":{"name":"OST","mbid":"1763c989-433f-46b5-9cda-a216cb0d2e15"}},"album":{"name":"Departures - Volume 1","artist":{"name":"OST","mbid":"1763c989-433f-46b5-9cda-a216cb0d2e15"}},"application":"Grooveshark"},{"timestamp":{"iso":"2013-10-13T17:53:34","unixtimestamp":1381686814},"track":{"name":"Prolong","artist":{"name":"OST","mbid":"1763c989-433f-46b5-9cda-a216cb0d2e15"}},"uncorrectedTrack":{"name":"Prolong","artist":{"name":"OST","mbid":"1763c989-433f-46b5-9cda-a216cb0d2e15"}},"album":{"name":"Departures - Volume 1","artist":{"name":"OST","mbid":"1763c989-433f-46b5-9cda-a216cb0d2e15"}},"application":"Grooveshark"},{"timestamp":{"iso":"2013-10-13T17:57:20","unixtimestamp":1381687040},"track":{"name":"Julio","artist":{"name":"OST","mbid":"1763c989-433f-46b5-9cda-a216cb0d2e15"}},"uncorrectedTrack":{"name":"Julio","artist":{"name":"OST","mbid":"1763c989-433f-46b5-9cda-a216cb0d2e15"}},"album":{"name":"Departures - Volume 1","artist":{"name":"OST","mbid":"1763c989-433f-46b5-9cda-a216cb0d2e15"}},"application":"Grooveshark"},{"timestamp":{"iso":"2013-10-13T17:59:34","unixtimestamp":1381687174},"track":{"name":"Trails","artist":{"name":"OST","mbid":"1763c989-433f-46b5-9cda-a216cb0d2e15"}},"uncorrectedTrack":{"name":"Trails","artist":{"name":"OST","mbid":"1763c989-433f-46b5-9cda-a216cb0d2e15"}},"album":{"name":"Departures - Volume 1","artist":{"name":"OST","mbid":"1763c989-433f-46b5-9cda-a216cb0d2e15"}},"application":"Grooveshark"},{"timestamp":{"iso":"2013-10-13T18:02:25","unixtimestamp":1381687345},"track":{"name":"Armies of Air","artist":{"name":"OST","mbid":"1763c989-433f-46b5-9cda-a216cb0d2e15"}},"uncorrectedTrack":{"name":"Armies of Air","artist":{"name":"OST","mbid":"1763c989-433f-46b5-9cda-a216cb0d2e15"}},"album":{"name":"Departures - Volume 1","artist":{"name":"OST","mbid":"1763c989-433f-46b5-9cda-a216cb0d2e15"}},"application":"Grooveshark"},{"timestamp":{"iso":"2013-10-13T18:06:19","unixtimestamp":1381687579},"track":{"name":"So It Seems","artist":{"name":"OST","mbid":"1763c989-433f-46b5-9cda-a216cb0d2e15"}},"uncorrectedTrack":{"name":"So It Seems","artist":{"name":"OST","mbid":"1763c989-433f-46b5-9cda-a216cb0d2e15"}},"album":{"name":"Departures - Volume 1","artist":{"name":"OST","mbid":"1763c989-433f-46b5-9cda-a216cb0d2e15"}},"application":"Grooveshark"},{"timestamp":{"iso":"2013-10-13T18:06:56","unixtimestamp":1381687616},"track":{"name":"Donna","artist":{"name":"OST","mbid":"1763c989-433f-46b5-9cda-a216cb0d2e15"}},"uncorrectedTrack":{"name":"Donna","artist":{"name":"OST","mbid":"1763c989-433f-46b5-9cda-a216cb0d2e15"}},"album":{"name":"Departures - Volume 1","artist":{"name":"OST","mbid":"1763c989-433f-46b5-9cda-a216cb0d2e15"}},"application":"Grooveshark"},{"timestamp":{"iso":"2013-10-14T00:15:47","unixtimestamp":1381709747},"track":{"name":"Forgive Me, Part 2","mbid":"33047638-96a2-4356-a12b-38813fc54ba8","artist":{"name":"Glen Porter","mbid":"7454165a-d7e4-4138-b326-2473e5a1ef3b"}},"uncorrectedTrack":{"name":"Forgive Me Part 2","artist":{"name":"Glen Porter","mbid":"7454165a-d7e4-4138-b326-2473e5a1ef3b"}},"album":{"name":"Blessed by a Young Death","mbid":"1e350090-3f3c-4031-81c2-1c01548c5411","artist":{"name":"Glen Porter","mbid":"7454165a-d7e4-4138-b326-2473e5a1ef3b"}},"application":"Grooveshark"},{"timestamp":{"iso":"2013-10-14T00:18:00","unixtimestamp":1381709880},"track":{"name":"I Sat Alone","mbid":"6a720925-3834-425a-a949-94b238c34cf5","artist":{"name":"Glen Porter","mbid":"7454165a-d7e4-4138-b326-2473e5a1ef3b"}},"uncorrectedTrack":{"name":"I Sat Alone","mbid":"6a720925-3834-425a-a949-94b238c34cf5","artist":{"name":"Glen Porter","mbid":"7454165a-d7e4-4138-b326-2473e5a1ef3b"}},"album":{"name":"Blessed by a Young Death","mbid":"1e350090-3f3c-4031-81c2-1c01548c5411","artist":{"name":"Glen Porter","mbid":"7454165a-d7e4-4138-b326-2473e5a1ef3b"}},"application":"Grooveshark"},{"timestamp":{"iso":"2013-10-14T00:20:55","unixtimestamp":1381710055},"track":{"name":"Rain Theory","artist":{"name":"OST","mbid":"1763c989-433f-46b5-9cda-a216cb0d2e15"}},"uncorrectedTrack":{"name":"Rain Theory","artist":{"name":"OST","mbid":"1763c989-433f-46b5-9cda-a216cb0d2e15"}},"album":{"name":"Departures - Volume 1","artist":{"name":"OST","mbid":"1763c989-433f-46b5-9cda-a216cb0d2e15"}},"application":"Grooveshark"},{"timestamp":{"iso":"2013-10-14T00:24:53","unixtimestamp":1381710293},"track":{"name":"Sigur Boom","artist":{"name":"OST","mbid":"1763c989-433f-46b5-9cda-a216cb0d2e15"}},"uncorrectedTrack":{"name":"Sigur Boom","artist":{"name":"OST","mbid":"1763c989-433f-46b5-9cda-a216cb0d2e15"}},"album":{"name":"Departures - Volume 1","artist":{"name":"OST","mbid":"1763c989-433f-46b5-9cda-a216cb0d2e15"}},"application":"Grooveshark"},{"timestamp":{"iso":"2013-10-14T00:28:04","unixtimestamp":1381710484},"track":{"name":"Prolong","artist":{"name":"OST","mbid":"1763c989-433f-46b5-9cda-a216cb0d2e15"}},"uncorrectedTrack":{"name":"Prolong","artist":{"name":"OST","mbid":"1763c989-433f-46b5-9cda-a216cb0d2e15"}},"album":{"name":"Departures - Volume 1","artist":{"name":"OST","mbid":"1763c989-433f-46b5-9cda-a216cb0d2e15"}},"application":"Grooveshark"},{"timestamp":{"iso":"2013-10-14T00:31:50","unixtimestamp":1381710710},"track":{"name":"Donna","artist":{"name":"OST","mbid":"1763c989-433f-46b5-9cda-a216cb0d2e15"}},"uncorrectedTrack":{"name":"Donna","artist":{"name":"OST","mbid":"1763c989-433f-46b5-9cda-a216cb0d2e15"}},"album":{"name":"Departures - Volume 1","artist":{"name":"OST","mbid":"1763c989-433f-46b5-9cda-a216cb0d2e15"}},"application":"Grooveshark"},{"timestamp":{"iso":"2013-10-14T00:34:01","unixtimestamp":1381710841},"track":{"name":"Awrldofmkblv","mbid":"5bfa5817-2917-447c-ae9f-ca6d7e35098e","artist":{"name":"Glen Porter","mbid":"7454165a-d7e4-4138-b326-2473e5a1ef3b"}},"uncorrectedTrack":{"name":"Awrldofmkblv","mbid":"5bfa5817-2917-447c-ae9f-ca6d7e35098e","artist":{"name":"Glen Porter","mbid":"7454165a-d7e4-4138-b326-2473e5a1ef3b"}},"album":{"name":"Blessed by a Young Death","mbid":"1e350090-3f3c-4031-81c2-1c01548c5411","artist":{"name":"Glen Porter","mbid":"7454165a-d7e4-4138-b326-2473e5a1ef3b"}},"application":"Grooveshark"},{"timestamp":{"iso":"2013-10-14T00:37:02","unixtimestamp":1381711022},"track":{"name":"Abstracts and Air Pressure","artist":{"name":"OST","mbid":"1763c989-433f-46b5-9cda-a216cb0d2e15"}},"uncorrectedTrack":{"name":"Abstracts and Air Pressure","artist":{"name":"OST","mbid":"1763c989-433f-46b5-9cda-a216cb0d2e15"}},"album":{"name":"Departures - Volume 1","artist":{"name":"OST","mbid":"1763c989-433f-46b5-9cda-a216cb0d2e15"}},"application":"Grooveshark"},{"timestamp":{"iso":"2013-10-14T00:39:17","unixtimestamp":1381711157},"track":{"name":"Armies of Air","artist":{"name":"OST","mbid":"1763c989-433f-46b5-9cda-a216cb0d2e15"}},"uncorrectedTrack":{"name":"Armies of Air","artist":{"name":"OST","mbid":"1763c989-433f-46b5-9cda-a216cb0d2e15"}},"album":{"name":"Departures - Volume 1","artist":{"name":"OST","mbid":"1763c989-433f-46b5-9cda-a216cb0d2e15"}},"application":"Grooveshark"},{"timestamp":{"iso":"2013-10-14T00:42:17","unixtimestamp":1381711337},"track":{"name":"And Death of","mbid":"9f8ed439-89f3-434b-89b8-9f8c0d5929e0","artist":{"name":"Glen Porter","mbid":"7454165a-d7e4-4138-b326-2473e5a1ef3b"}},"uncorrectedTrack":{"name":"And Death of","mbid":"9f8ed439-89f3-434b-89b8-9f8c0d5929e0","artist":{"name":"Glen Porter","mbid":"7454165a-d7e4-4138-b326-2473e5a1ef3b"}},"album":{"name":"Blessed by a Young Death","mbid":"1e350090-3f3c-4031-81c2-1c01548c5411","artist":{"name":"Glen Porter","mbid":"7454165a-d7e4-4138-b326-2473e5a1ef3b"}},"application":"Grooveshark"},{"timestamp":{"iso":"2013-10-14T00:46:16","unixtimestamp":1381711576},"track":{"name":"29 Palms","mbid":"afd5e8e1-f19a-4263-9be4-836063a0d4f2","artist":{"name":"Glen Porter","mbid":"7454165a-d7e4-4138-b326-2473e5a1ef3b"}},"uncorrectedTrack":{"name":"29 Palms","mbid":"afd5e8e1-f19a-4263-9be4-836063a0d4f2","artist":{"name":"Glen Porter","mbid":"7454165a-d7e4-4138-b326-2473e5a1ef3b"}},"album":{"name":"Blessed by a Young Death","mbid":"1e350090-3f3c-4031-81c2-1c01548c5411","artist":{"name":"Glen Porter","mbid":"7454165a-d7e4-4138-b326-2473e5a1ef3b"}},"application":"Grooveshark"},{"timestamp":{"iso":"2013-10-14T00:51:18","unixtimestamp":1381711878},"track":{"name":"So It Seems","artist":{"name":"OST","mbid":"1763c989-433f-46b5-9cda-a216cb0d2e15"}},"uncorrectedTrack":{"name":"So It Seems","artist":{"name":"OST","mbid":"1763c989-433f-46b5-9cda-a216cb0d2e15"}},"album":{"name":"Departures - Volume 1","artist":{"name":"OST","mbid":"1763c989-433f-46b5-9cda-a216cb0d2e15"}},"application":"Grooveshark"},{"timestamp":{"iso":"2013-10-14T00:51:49","unixtimestamp":1381711909},"track":{"name":"Forgive Me Part 1","artist":{"name":"Glen Porter","mbid":"7454165a-d7e4-4138-b326-2473e5a1ef3b"}},"uncorrectedTrack":{"name":"Forgive Me Part 1","artist":{"name":"Glen Porter","mbid":"7454165a-d7e4-4138-b326-2473e5a1ef3b"}},"album":{"name":"Blessed by a Young Death","mbid":"1e350090-3f3c-4031-81c2-1c01548c5411","artist":{"name":"Glen Porter","mbid":"7454165a-d7e4-4138-b326-2473e5a1ef3b"}},"application":"Grooveshark"},{"timestamp":{"iso":"2013-10-14T00:54:22","unixtimestamp":1381712062},"track":{"name":"Lightest Blue","artist":{"name":"OST","mbid":"1763c989-433f-46b5-9cda-a216cb0d2e15"}},"uncorrectedTrack":{"name":"Lightest Blue","artist":{"name":"OST","mbid":"1763c989-433f-46b5-9cda-a216cb0d2e15"}},"album":{"name":"Departures - Volume 1","artist":{"name":"OST","mbid":"1763c989-433f-46b5-9cda-a216cb0d2e15"}},"application":"Grooveshark"},{"timestamp":{"iso":"2013-10-14T00:57:47","unixtimestamp":1381712267},"track":{"name":"Slowburn","mbid":"6e5b54e4-1ed3-4921-8263-a0289c232862","artist":{"name":"Glen Porter","mbid":"7454165a-d7e4-4138-b326-2473e5a1ef3b"}},"uncorrectedTrack":{"name":"Slowburn","mbid":"6e5b54e4-1ed3-4921-8263-a0289c232862","artist":{"name":"Glen Porter","mbid":"7454165a-d7e4-4138-b326-2473e5a1ef3b"}},"album":{"name":"Blessed by a Young Death","mbid":"1e350090-3f3c-4031-81c2-1c01548c5411","artist":{"name":"Glen Porter","mbid":"7454165a-d7e4-4138-b326-2473e5a1ef3b"}},"application":"Grooveshark"},{"timestamp":{"iso":"2013-10-14T01:01:37","unixtimestamp":1381712497},"track":{"name":"Sunset","mbid":"7e2cde57-6a22-4202-b12e-71e5461c55a5","artist":{"name":"Glen Porter","mbid":"7454165a-d7e4-4138-b326-2473e5a1ef3b"}},"uncorrectedTrack":{"name":"Sunset","mbid":"7e2cde57-6a22-4202-b12e-71e5461c55a5","artist":{"name":"Glen Porter","mbid":"7454165a-d7e4-4138-b326-2473e5a1ef3b"}},"album":{"name":"Blessed by a Young Death","mbid":"1e350090-3f3c-4031-81c2-1c01548c5411","artist":{"name":"Glen Porter","mbid":"7454165a-d7e4-4138-b326-2473e5a1ef3b"}},"application":"Grooveshark"},{"timestamp":{"iso":"2013-10-14T01:04:39","unixtimestamp":1381712679},"track":{"name":"5AM","mbid":"816d80a4-b1ff-4b3b-a97e-55cc11f7457a","artist":{"name":"Glen Porter","mbid":"7454165a-d7e4-4138-b326-2473e5a1ef3b"}},"uncorrectedTrack":{"name":"5AM","mbid":"816d80a4-b1ff-4b3b-a97e-55cc11f7457a","artist":{"name":"Glen Porter","mbid":"7454165a-d7e4-4138-b326-2473e5a1ef3b"}},"album":{"name":"Falling Down","mbid":"f97efeba-fe82-4a62-a4bb-283e4d4e97e2","artist":{"name":"Glen Porter","mbid":"7454165a-d7e4-4138-b326-2473e5a1ef3b"}},"application":"Grooveshark"},{"timestamp":{"iso":"2013-10-14T01:07:18","unixtimestamp":1381712838},"track":{"name":"Sharpen the Noise","artist":{"name":"OST","mbid":"1763c989-433f-46b5-9cda-a216cb0d2e15"}},"uncorrectedTrack":{"name":"Sharpen the Noise","artist":{"name":"OST","mbid":"1763c989-433f-46b5-9cda-a216cb0d2e15"}},"album":{"name":"Departures - Volume 1","artist":{"name":"OST","mbid":"1763c989-433f-46b5-9cda-a216cb0d2e15"}},"application":"Grooveshark"},{"timestamp":{"iso":"2013-10-14T01:10:28","unixtimestamp":1381713028},"track":{"name":"Azuri","artist":{"name":"OST","mbid":"1763c989-433f-46b5-9cda-a216cb0d2e15"}},"uncorrectedTrack":{"name":"Azuri","artist":{"name":"OST","mbid":"1763c989-433f-46b5-9cda-a216cb0d2e15"}},"album":{"name":"Departures - Volume 1","artist":{"name":"OST","mbid":"1763c989-433f-46b5-9cda-a216cb0d2e15"}},"application":"Grooveshark"},{"timestamp":{"iso":"2013-10-14T01:13:54","unixtimestamp":1381713234},"track":{"name":"Julio","artist":{"name":"OST","mbid":"1763c989-433f-46b5-9cda-a216cb0d2e15"}},"uncorrectedTrack":{"name":"Julio","artist":{"name":"OST","mbid":"1763c989-433f-46b5-9cda-a216cb0d2e15"}},"album":{"name":"Departures - Volume 1","artist":{"name":"OST","mbid":"1763c989-433f-46b5-9cda-a216cb0d2e15"}},"application":"Grooveshark"},{"timestamp":{"iso":"2013-10-14T01:16:07","unixtimestamp":1381713367},"track":{"name":"Transient","mbid":"7fc96a9f-d16f-48e0-acb4-a1fc17b832c2","artist":{"name":"Glen Porter","mbid":"7454165a-d7e4-4138-b326-2473e5a1ef3b"}},"uncorrectedTrack":{"name":"Transient","mbid":"7fc96a9f-d16f-48e0-acb4-a1fc17b832c2","artist":{"name":"Glen Porter","mbid":"7454165a-d7e4-4138-b326-2473e5a1ef3b"}},"album":{"name":"Blessed by a Young Death","mbid":"1e350090-3f3c-4031-81c2-1c01548c5411","artist":{"name":"Glen Porter","mbid":"7454165a-d7e4-4138-b326-2473e5a1ef3b"}},"application":"Grooveshark"},{"timestamp":{"iso":"2013-10-14T01:19:16","unixtimestamp":1381713556},"track":{"name":"Trails","artist":{"name":"OST","mbid":"1763c989-433f-46b5-9cda-a216cb0d2e15"}},"uncorrectedTrack":{"name":"Trails","artist":{"name":"OST","mbid":"1763c989-433f-46b5-9cda-a216cb0d2e15"}},"album":{"name":"Departures - Volume 1","artist":{"name":"OST","mbid":"1763c989-433f-46b5-9cda-a216cb0d2e15"}},"application":"Grooveshark"},{"timestamp":{"iso":"2013-10-14T01:24:06","unixtimestamp":1381713846},"track":{"name":"Main Titles","artist":{"name":"OST","mbid":"1763c989-433f-46b5-9cda-a216cb0d2e15"}},"uncorrectedTrack":{"name":"Main Titles","artist":{"name":"OST","mbid":"1763c989-433f-46b5-9cda-a216cb0d2e15"}},"album":{"name":"Departures - Volume 1","artist":{"name":"OST","mbid":"1763c989-433f-46b5-9cda-a216cb0d2e15"}},"application":"Grooveshark"},{"timestamp":{"iso":"2013-10-14T01:24:37","unixtimestamp":1381713877},"track":{"name":"Nach Deutschland","mbid":"576eeab2-fe83-4497-8578-03f11a097a2b","artist":{"name":"John Powell","mbid":"0214a285-589c-4ead-ae13-feab602d8004"}},"uncorrectedTrack":{"name":"Nach Deutschland","mbid":"576eeab2-fe83-4497-8578-03f11a097a2b","artist":{"name":"John Powell","mbid":"0214a285-589c-4ead-ae13-feab602d8004"}},"album":{"name":"The Bourne Supremacy","mbid":"f5356f8a-a089-3814-8f1f-cec5c126f03e","artist":{"name":"John Powell","mbid":"0214a285-589c-4ead-ae13-feab602d8004"}},"application":"Grooveshark"},{"timestamp":{"iso":"2013-10-14T01:27:18","unixtimestamp":1381714038},"track":{"name":"Get On With It","artist":{"name":"OST","mbid":"1763c989-433f-46b5-9cda-a216cb0d2e15"}},"uncorrectedTrack":{"name":"Get On With It","artist":{"name":"OST","mbid":"1763c989-433f-46b5-9cda-a216cb0d2e15"}},"album":{"name":"Departures - Volume 1","artist":{"name":"OST","mbid":"1763c989-433f-46b5-9cda-a216cb0d2e15"}},"application":"Grooveshark"},{"timestamp":{"iso":"2013-10-14T01:31:50","unixtimestamp":1381714310},"track":{"name":"Something Glue","mbid":"a29d1988-6aed-4dac-912f-c492239f4830","artist":{"name":"Glen Porter","mbid":"7454165a-d7e4-4138-b326-2473e5a1ef3b"}},"uncorrectedTrack":{"name":"Something Glue","mbid":"a29d1988-6aed-4dac-912f-c492239f4830","artist":{"name":"Glen Porter","mbid":"7454165a-d7e4-4138-b326-2473e5a1ef3b"}},"album":{"name":"Blessed by a Young Death","mbid":"1e350090-3f3c-4031-81c2-1c01548c5411","artist":{"name":"Glen Porter","mbid":"7454165a-d7e4-4138-b326-2473e5a1ef3b"}},"application":"Grooveshark"},{"timestamp":{"iso":"2013-10-14T01:37:32","unixtimestamp":1381714652},"track":{"name":"Open Shores","artist":{"name":"OST","mbid":"1763c989-433f-46b5-9cda-a216cb0d2e15"}},"uncorrectedTrack":{"name":"Open Shores","artist":{"name":"OST","mbid":"1763c989-433f-46b5-9cda-a216cb0d2e15"}},"album":{"name":"Departures - Volume 1","artist":{"name":"OST","mbid":"1763c989-433f-46b5-9cda-a216cb0d2e15"}},"application":"Grooveshark"},{"timestamp":{"iso":"2013-10-16T16:46:42","unixtimestamp":1381942002},"track":{"name":"Kiss","mbid":"021fd318-d1d0-4040-b1c8-8d9b8fbd745f","artist":{"name":"Prince","mbid":"070d193a-845c-479f-980e-bef15710653e"}},"uncorrectedTrack":{"name":"Kiss","mbid":"021fd318-d1d0-4040-b1c8-8d9b8fbd745f","artist":{"name":"Prince","mbid":"070d193a-845c-479f-980e-bef15710653e"}},"album":{"name":"The Very Best of Prince","mbid":"e50c1aa9-a26a-3070-ba1a-4d3490037ecf","artist":{"name":"Prince","mbid":"070d193a-845c-479f-980e-bef15710653e"}},"application":"Grooveshark"},{"timestamp":{"iso":"2013-10-16T16:50:28","unixtimestamp":1381942228},"track":{"name":"Purple Rain","mbid":"9cf47f90-e4cb-4684-bc84-b72f8bc6a5b3","artist":{"name":"Prince","mbid":"070d193a-845c-479f-980e-bef15710653e"}},"uncorrectedTrack":{"name":"Purple Rain","mbid":"9cf47f90-e4cb-4684-bc84-b72f8bc6a5b3","artist":{"name":"Prince","mbid":"070d193a-845c-479f-980e-bef15710653e"}},"application":"Grooveshark"},{"timestamp":{"iso":"2013-10-30T20:16:20","unixtimestamp":1383164180},"track":{"name":"Baby Love","mbid":"a720e61c-4ca2-4c14-85ec-180f3f65ffa2","artist":{"name":"The Sensations","mbid":"70235436-4ba2-40a1-937e-d92d741d4a3f"}},"uncorrectedTrack":{"name":"Baby Love","mbid":"a720e61c-4ca2-4c14-85ec-180f3f65ffa2","artist":{"name":"The Sensations","mbid":"70235436-4ba2-40a1-937e-d92d741d4a3f"}},"application":"FoxyScrobbler"},{"timestamp":{"iso":"2013-10-30T20:18:23","unixtimestamp":1383164303},"track":{"name":"Sabe Você","artist":{"name":"Vinícius de Moraes"}},"uncorrectedTrack":{"name":"Sabe Você","artist":{"name":"Vinícius de Moraes"}},"application":"FoxyScrobbler"},{"timestamp":{"iso":"2013-10-30T20:53:04","unixtimestamp":1383166384},"track":{"name":"Beach Days","mbid":"3d6443ff-47ca-422a-9b0a-28ba12491488","artist":{"name":"Mathemagic","mbid":"5ed68ae3-eab8-4cdd-9d34-693df7ce563f"}},"uncorrectedTrack":{"name":"Beach Days","mbid":"3d6443ff-47ca-422a-9b0a-28ba12491488","artist":{"name":"Mathemagic","mbid":"5ed68ae3-eab8-4cdd-9d34-693df7ce563f"}},"application":"FoxyScrobbler"},{"timestamp":{"iso":"2013-10-30T20:57:09","unixtimestamp":1383166629},"track":{"name":"Ready For The World","mbid":"f37884ff-73aa-4efb-b4e2-62de436008a7","artist":{"name":"How to Dress Well","mbid":"50a5520c-454a-4d5d-ab74-d442b58e7304"}},"uncorrectedTrack":{"name":"Ready For The World","mbid":"f37884ff-73aa-4efb-b4e2-62de436008a7","artist":{"name":"How to Dress Well","mbid":"50a5520c-454a-4d5d-ab74-d442b58e7304"}},"application":"FoxyScrobbler"},{"timestamp":{"iso":"2013-10-30T21:00:48","unixtimestamp":1383166848},"track":{"name":"Bury Them Bones","mbid":"b9ff6cbc-9108-41b8-bce9-067cd74aa895","artist":{"name":"Emancipator","mbid":"aa1d4315-5246-42b2-b62b-f997d046d8b2"}},"uncorrectedTrack":{"name":"Bury Them Bones","mbid":"b9ff6cbc-9108-41b8-bce9-067cd74aa895","artist":{"name":"Emancipator","mbid":"aa1d4315-5246-42b2-b62b-f997d046d8b2"}},"application":"FoxyScrobbler"},{"timestamp":{"iso":"2013-10-30T21:05:31","unixtimestamp":1383167131},"track":{"name":"Farewell Spaceman","mbid":"5c24c715-6733-4d11-8b99-edbf31006e25","artist":{"name":"Blockhead","mbid":"12c469d6-5e54-4423-b365-8a382f36cf9d"}},"uncorrectedTrack":{"name":"Farewell Spaceman","mbid":"5c24c715-6733-4d11-8b99-edbf31006e25","artist":{"name":"Blockhead","mbid":"12c469d6-5e54-4423-b365-8a382f36cf9d"}},"application":"FoxyScrobbler"},{"timestamp":{"iso":"2013-10-30T21:12:09","unixtimestamp":1383167529},"track":{"name":"1/2","mbid":"f47637a2-489e-4675-af52-bf6b3b0a5e1c","artist":{"name":"Brian Eno","mbid":"06a93df5-7ad4-45fb-8e62-07b6a56259ce"}},"uncorrectedTrack":{"name":"1/2","mbid":"f47637a2-489e-4675-af52-bf6b3b0a5e1c","artist":{"name":"Brian Eno","mbid":"06a93df5-7ad4-45fb-8e62-07b6a56259ce"}},"application":"FoxyScrobbler"},{"timestamp":{"iso":"2013-10-30T21:21:07","unixtimestamp":1383168067},"track":{"name":"At the River","mbid":"7ddf04df-a5a2-4bea-8e92-5cb0469987ca","artist":{"name":"Groove Armada","mbid":"35723b60-732e-4bd8-957f-320b416e7b7f"}},"uncorrectedTrack":{"name":"At the River","mbid":"7ddf04df-a5a2-4bea-8e92-5cb0469987ca","artist":{"name":"Groove Armada","mbid":"35723b60-732e-4bd8-957f-320b416e7b7f"}},"application":"FoxyScrobbler"},{"timestamp":{"iso":"2013-10-30T21:27:43","unixtimestamp":1383168463},"track":{"name":"Time Is the Enemy","mbid":"3a5b4980-6db1-4e2a-8f89-a6b2b9c5c7fa","artist":{"name":"Quantic","mbid":"f1560407-8826-4ec9-b78f-e0c3fa3ea4f5"}},"uncorrectedTrack":{"name":"Time Is the Enemy","mbid":"3a5b4980-6db1-4e2a-8f89-a6b2b9c5c7fa","artist":{"name":"Quantic","mbid":"f1560407-8826-4ec9-b78f-e0c3fa3ea4f5"}},"application":"FoxyScrobbler"},{"timestamp":{"iso":"2013-10-30T21:31:39","unixtimestamp":1383168699},"track":{"name":"Playing With Yen","mbid":"50d52d0b-692f-490f-935b-6ce735025760","artist":{"name":"Milosh","mbid":"f6ed9964-eb6b-4bed-81f9-277a2c50a833"}},"uncorrectedTrack":{"name":"Playing With Yen","mbid":"50d52d0b-692f-490f-935b-6ce735025760","artist":{"name":"Milosh","mbid":"f6ed9964-eb6b-4bed-81f9-277a2c50a833"}},"application":"FoxyScrobbler"},{"timestamp":{"iso":"2013-10-30T21:35:59","unixtimestamp":1383168959},"track":{"name":"Suffer Not","mbid":"75d812fe-d62c-48b9-acdd-4abcf109520e","artist":{"name":"Submotion Orchestra","mbid":"5a59b740-deb2-4bd4-8abb-5a46b9c3aa6f"}},"uncorrectedTrack":{"name":"Suffer Not","mbid":"75d812fe-d62c-48b9-acdd-4abcf109520e","artist":{"name":"Submotion Orchestra","mbid":"5a59b740-deb2-4bd4-8abb-5a46b9c3aa6f"}},"application":"FoxyScrobbler"},{"timestamp":{"iso":"2013-10-30T21:42:16","unixtimestamp":1383169336},"track":{"name":"Life in the Rain","mbid":"2f883b37-31f8-43bb-bd67-1c816bbb7e67","artist":{"name":"Quantic","mbid":"f1560407-8826-4ec9-b78f-e0c3fa3ea4f5"}},"uncorrectedTrack":{"name":"Life in the Rain","mbid":"2f883b37-31f8-43bb-bd67-1c816bbb7e67","artist":{"name":"Quantic","mbid":"f1560407-8826-4ec9-b78f-e0c3fa3ea4f5"}},"application":"FoxyScrobbler"},{"timestamp":{"iso":"2013-10-30T21:49:00","unixtimestamp":1383169740},"track":{"name":"Crush","mbid":"ed3eaa8d-a8ba-4562-acb5-737d81666770","artist":{"name":"Metaform","mbid":"81b4018a-f5eb-413a-85d3-2ef48e05c28c"}},"uncorrectedTrack":{"name":"Crush","mbid":"ed3eaa8d-a8ba-4562-acb5-737d81666770","artist":{"name":"Metaform","mbid":"81b4018a-f5eb-413a-85d3-2ef48e05c28c"}},"application":"FoxyScrobbler"},{"timestamp":{"iso":"2013-10-30T21:51:54","unixtimestamp":1383169914},"track":{"name":"Out of Town","mbid":"0b36f22f-6a7f-4dec-9501-4168efa50001","artist":{"name":"Zero 7","mbid":"c23b637b-97c6-41eb-8ef6-6c724efc80a8"}},"uncorrectedTrack":{"name":"Out of Town","mbid":"0b36f22f-6a7f-4dec-9501-4168efa50001","artist":{"name":"Zero 7","mbid":"c23b637b-97c6-41eb-8ef6-6c724efc80a8"}},"application":"FoxyScrobbler"},{"timestamp":{"iso":"2013-10-30T21:56:45","unixtimestamp":1383170205},"track":{"name":"The Tin Man","mbid":"34a6750b-f03e-48ba-9213-6a1f654225f4","artist":{"name":"Grasscut","mbid":"903fa770-674b-4c4a-88bc-7dd7e63ccb69"}},"uncorrectedTrack":{"name":"The Tin Man","mbid":"34a6750b-f03e-48ba-9213-6a1f654225f4","artist":{"name":"Grasscut","mbid":"903fa770-674b-4c4a-88bc-7dd7e63ccb69"}},"application":"FoxyScrobbler"},{"timestamp":{"iso":"2013-10-30T22:01:16","unixtimestamp":1383170476},"track":{"name":"This Way","mbid":"11b13739-7b5a-4244-8c0b-29b70bd29c1e","artist":{"name":"Milosh","mbid":"f6ed9964-eb6b-4bed-81f9-277a2c50a833"}},"uncorrectedTrack":{"name":"This Way","mbid":"11b13739-7b5a-4244-8c0b-29b70bd29c1e","artist":{"name":"Milosh","mbid":"f6ed9964-eb6b-4bed-81f9-277a2c50a833"}},"application":"FoxyScrobbler"},{"timestamp":{"iso":"2013-10-30T22:04:58","unixtimestamp":1383170698},"track":{"name":"Setbacks","artist":{"name":"IV the Polymath","mbid":"3956f561-42d5-4057-b2b4-d2e562f510a3"}},"uncorrectedTrack":{"name":"Setbacks","artist":{"name":"IV the Polymath","mbid":"3956f561-42d5-4057-b2b4-d2e562f510a3"}},"application":"FoxyScrobbler"},{"timestamp":{"iso":"2013-10-31T14:54:03","unixtimestamp":1383231243},"track":{"name":"Elitsa","mbid":"f61b8772-183f-4a75-9f5e-a99000c9ea98","artist":{"name":"Tosca","mbid":"3231d12a-c42d-4977-b2a4-a6e4d87978e1"}},"uncorrectedTrack":{"name":"Elitsa","mbid":"f61b8772-183f-4a75-9f5e-a99000c9ea98","artist":{"name":"Tosca","mbid":"3231d12a-c42d-4977-b2a4-a6e4d87978e1"}},"application":"FoxyScrobbler"},{"timestamp":{"iso":"2013-10-31T15:55:53","unixtimestamp":1383234953},"track":{"name":"LEstasi Dell-Oro - Bandini Remix","artist":{"name":"Ennio Morricone","mbid":"5f3c98a5-8cda-4a1e-a8f8-c41aab636b97"}},"uncorrectedTrack":{"name":"LEstasi Dell-Oro - Bandini Remix","artist":{"name":"Ennio Morricone","mbid":"5f3c98a5-8cda-4a1e-a8f8-c41aab636b97"}},"application":"FoxyScrobbler"},{"timestamp":{"iso":"2013-10-31T15:59:18","unixtimestamp":1383235158},"track":{"name":"Insomniac Olympics","mbid":"3389f0b5-32af-44bf-806c-312bc7096d2b","artist":{"name":"Blockhead","mbid":"12c469d6-5e54-4423-b365-8a382f36cf9d"}},"uncorrectedTrack":{"name":"Insomniac Olympics","mbid":"3389f0b5-32af-44bf-806c-312bc7096d2b","artist":{"name":"Blockhead","mbid":"12c469d6-5e54-4423-b365-8a382f36cf9d"}},"application":"FoxyScrobbler"},{"timestamp":{"iso":"2013-10-31T16:04:29","unixtimestamp":1383235469},"track":{"name":"Windfall","mbid":"4c635d09-84d1-475a-b45a-8dbe382f34f1","artist":{"name":"Boxcutter","mbid":"2ae2838b-3723-418e-b994-9907eb5a8e76"}},"uncorrectedTrack":{"name":"Windfall","mbid":"4c635d09-84d1-475a-b45a-8dbe382f34f1","artist":{"name":"Boxcutter","mbid":"2ae2838b-3723-418e-b994-9907eb5a8e76"}},"application":"FoxyScrobbler"},{"timestamp":{"iso":"2013-10-31T16:07:22","unixtimestamp":1383235642},"track":{"name":"Walking By Your Side","mbid":"33c39e57-1fee-4fee-9d0f-2d57cc19e904","artist":{"name":"Berry Weight","mbid":"3244d18e-58a2-4233-9a60-c74f20281257"}},"uncorrectedTrack":{"name":"Walking By Your Side","mbid":"33c39e57-1fee-4fee-9d0f-2d57cc19e904","artist":{"name":"Berry Weight","mbid":"3244d18e-58a2-4233-9a60-c74f20281257"}},"application":"FoxyScrobbler"},{"timestamp":{"iso":"2013-10-31T16:12:08","unixtimestamp":1383235928},"track":{"name":"Turbine","mbid":"7613a5bb-1974-4eac-b52e-a2748c3258d6","artist":{"name":"Hiatus","mbid":"2df7d007-ca18-47d8-a6a9-9cfdd2ec88ee"}},"uncorrectedTrack":{"name":"Turbine","mbid":"7613a5bb-1974-4eac-b52e-a2748c3258d6","artist":{"name":"Hiatus","mbid":"2df7d007-ca18-47d8-a6a9-9cfdd2ec88ee"}},"application":"FoxyScrobbler"},{"timestamp":{"iso":"2013-10-31T16:15:35","unixtimestamp":1383236135},"track":{"name":"Time Is the Enemy","mbid":"3a5b4980-6db1-4e2a-8f89-a6b2b9c5c7fa","artist":{"name":"Quantic","mbid":"f1560407-8826-4ec9-b78f-e0c3fa3ea4f5"}},"uncorrectedTrack":{"name":"Time Is the Enemy","mbid":"3a5b4980-6db1-4e2a-8f89-a6b2b9c5c7fa","artist":{"name":"Quantic","mbid":"f1560407-8826-4ec9-b78f-e0c3fa3ea4f5"}},"application":"FoxyScrobbler"},{"timestamp":{"iso":"2013-10-31T16:19:30","unixtimestamp":1383236370},"track":{"name":"In the Waiting Line","mbid":"b357af22-0fc3-433e-8209-9a946911a1c0","artist":{"name":"Zero 7","mbid":"c23b637b-97c6-41eb-8ef6-6c724efc80a8"}},"uncorrectedTrack":{"name":"In the Waiting Line","mbid":"b357af22-0fc3-433e-8209-9a946911a1c0","artist":{"name":"Zero 7","mbid":"c23b637b-97c6-41eb-8ef6-6c724efc80a8"}},"application":"FoxyScrobbler"},{"timestamp":{"iso":"2013-10-31T16:24:05","unixtimestamp":1383236645},"track":{"name":"All Yours (Jack Sparrow Mix)","artist":{"name":"Submotion Orchestra","mbid":"5a59b740-deb2-4bd4-8abb-5a46b9c3aa6f"}},"uncorrectedTrack":{"name":"All Yours (Jack Sparrow Mix)","artist":{"name":"Submotion Orchestra","mbid":"5a59b740-deb2-4bd4-8abb-5a46b9c3aa6f"}},"application":"FoxyScrobbler"},{"timestamp":{"iso":"2013-10-31T16:30:13","unixtimestamp":1383237013},"track":{"name":"Ice Cream Knife Handle","mbid":"a3a80bbf-cd1b-433b-804e-56e446bd6e96","artist":{"name":"Kelpe","mbid":"270ff0d9-7243-4411-bce5-eeafbefb1b65"}},"uncorrectedTrack":{"name":"Ice Cream Knife Handle","mbid":"a3a80bbf-cd1b-433b-804e-56e446bd6e96","artist":{"name":"Kelpe","mbid":"270ff0d9-7243-4411-bce5-eeafbefb1b65"}},"application":"FoxyScrobbler"},{"timestamp":{"iso":"2013-10-31T16:36:12","unixtimestamp":1383237372},"track":{"name":"Nobody","mbid":"44f79fe8-38aa-44bd-8135-07b163960ece","artist":{"name":"Hiatus","mbid":"2df7d007-ca18-47d8-a6a9-9cfdd2ec88ee"}},"uncorrectedTrack":{"name":"Nobody","mbid":"44f79fe8-38aa-44bd-8135-07b163960ece","artist":{"name":"Hiatus","mbid":"2df7d007-ca18-47d8-a6a9-9cfdd2ec88ee"}},"application":"FoxyScrobbler"},{"timestamp":{"iso":"2013-10-31T16:40:42","unixtimestamp":1383237642},"track":{"name":"Porcelain","mbid":"110ed618-c75a-46c7-905f-c2c7d911d1b3","artist":{"name":"Moby","mbid":"00810267-f0ac-45a6-ae99-0b8c9c18f3c2"}},"uncorrectedTrack":{"name":"Porcelain","mbid":"110ed618-c75a-46c7-905f-c2c7d911d1b3","artist":{"name":"Moby","mbid":"00810267-f0ac-45a6-ae99-0b8c9c18f3c2"}},"application":"FoxyScrobbler"},{"timestamp":{"iso":"2013-10-31T16:44:21","unixtimestamp":1383237861},"track":{"name":"Bury Them Bones","mbid":"b9ff6cbc-9108-41b8-bce9-067cd74aa895","artist":{"name":"Emancipator","mbid":"aa1d4315-5246-42b2-b62b-f997d046d8b2"}},"uncorrectedTrack":{"name":"Bury Them Bones","mbid":"b9ff6cbc-9108-41b8-bce9-067cd74aa895","artist":{"name":"Emancipator","mbid":"aa1d4315-5246-42b2-b62b-f997d046d8b2"}},"application":"FoxyScrobbler"}]