[{"timestamp":{"iso":"2015-01-05T03:48:16","unixtimestamp":1420429696},"track":{"name":"Never Gonna Give You Up","mbid":"1a327f14-486f-40b7-913e-2135c4d1e5fc","artist":{"name":"Rick Astley","mbid":"1930eecc-0fd4-435a-abbd-14eb563064e7"}},"uncorrectedTrack":{"name":"Never Gonna Give You Up","mbid":"1a327f14-486f-40b7-913e-2135c4d1e5fc","artist":{"name":"Rick Astley","mbid":"1930eecc-0fd4-435a-abbd-14eb563064e7"}},"application":"FoxyScrobbler"},{"timestamp":{"iso":"2015-01-12T20:36:25","unixtimestamp":1421094985},"track":{"name":"NPR Music Tiny Desk Concert","artist":{"name":"The Decemberists","mbid":"97b1142f-c71e-4971-8736-4a8ceaf6b4c3"}},"uncorrectedTrack":{"name":"NPR Music Tiny Desk Concert","artist":{"name":"The Decemberists","mbid":"97b1142f-c71e-4971-8736-4a8ceaf6b4c3"}},"application":"FoxyScrobbler"},{"timestamp":{"iso":"2015-01-12T20:40:31","unixtimestamp":1421095231},"track":{"name":"NPR Music Tiny Desk Concert","artist":{"name":"Kishi Bashi","mbid":"7c340ac5-6eda-4981-91d6-d5b1f4d1bbbf"}},"uncorrectedTrack":{"name":"NPR Music Tiny Desk Concert","artist":{"name":"Kishi Bashi","mbid":"7c340ac5-6eda-4981-91d6-d5b1f4d1bbbf"}},"application":"FoxyScrobbler"},{"timestamp":{"iso":"2015-01-16T03:39:18","unixtimestamp":1421379558},"track":{"name":"In the House of Yes","artist":{"name":"Mr Twin Sister"}},"uncorrectedTrack":{"name":"In the House of Yes","artist":{"name":"Mr Twin Sister"}},"album":{"name":"Mr Twin Sister","artist":{"name":"Mr Twin Sister"}},"application":"Grooveshark"},{"timestamp":{"iso":"2015-01-22T04:13:31","unixtimestamp":1421900011},"track":{"name":"Saint Simon","mbid":"1946a404-0a96-4dc1-9b98-8065739d002e","artist":{"name":"The Shins","mbid":"6c8b9855-ba8b-48f9-ac1d-42167f7f7b18"}},"uncorrectedTrack":{"name":"Saint Simon","mbid":"1946a404-0a96-4dc1-9b98-8065739d002e","artist":{"name":"The Shins","mbid":"6c8b9855-ba8b-48f9-ac1d-42167f7f7b18"}},"application":"FoxyScrobbler"},{"timestamp":{"iso":"2015-01-22T04:19:11","unixtimestamp":1421900351},"track":{"name":"The Underdog","mbid":"197671c5-c2ab-4e8a-8acf-3686d9cf4b71","artist":{"name":"Spoon","mbid":"0db1ad0b-3ac1-4425-b10a-3142e795895c"}},"uncorrectedTrack":{"name":"The Underdog","mbid":"197671c5-c2ab-4e8a-8acf-3686d9cf4b71","artist":{"name":"Spoon","mbid":"0db1ad0b-3ac1-4425-b10a-3142e795895c"}},"application":"FoxyScrobbler"},{"timestamp":{"iso":"2015-01-22T04:21:12","unixtimestamp":1421900472},"track":{"name":"Easy Guitar Lessons - Easy Vox Lessons","artist":{"name":"How to Sing and Play Guitar at the Same Time"}},"uncorrectedTrack":{"name":"Easy Guitar Lessons - Easy Vox Lessons","artist":{"name":"How to Sing and Play Guitar at the Same Time"}},"application":"FoxyScrobbler"},{"timestamp":{"iso":"2015-01-23T00:49:01","unixtimestamp":1421974141},"track":{"name":"Flint (For the Unemployed and Underpaid)","mbid":"692bae0e-4939-466b-a03f-737ef9e2a861","artist":{"name":"Sufjan Stevens","mbid":"01d3c51b-9b98-418a-8d8e-37f6fab59d8c"}},"uncorrectedTrack":{"name":"Flint (For the Unemployed and Underpaid)","mbid":"692bae0e-4939-466b-a03f-737ef9e2a861","artist":{"name":"Sufjan Stevens","mbid":"01d3c51b-9b98-418a-8d8e-37f6fab59d8c"}},"album":{"name":"Michigan","mbid":"d6060b45-64a0-4fed-b205-78e0ab10aff1","artist":{"name":"Sufjan Stevens","mbid":"01d3c51b-9b98-418a-8d8e-37f6fab59d8c"}},"application":"Grooveshark"},{"timestamp":{"iso":"2015-01-23T00:52:44","unixtimestamp":1421974364},"track":{"name":"All Good Naysayers, Speak Up! or Forever Hold Your Peace!","mbid":"1959f8b6-c512-4368-8c74-5968e38fdd76","artist":{"name":"Sufjan Stevens","mbid":"01d3c51b-9b98-418a-8d8e-37f6fab59d8c"}},"uncorrectedTrack":{"name":"All Good Naysayers, Speak Up! or Forever Hold Your Peace!","mbid":"1959f8b6-c512-4368-8c74-5968e38fdd76","artist":{"name":"Sufjan Stevens","mbid":"01d3c51b-9b98-418a-8d8e-37f6fab59d8c"}},"album":{"name":"Michigan","mbid":"d6060b45-64a0-4fed-b205-78e0ab10aff1","artist":{"name":"Sufjan Stevens","mbid":"01d3c51b-9b98-418a-8d8e-37f6fab59d8c"}},"application":"Grooveshark"},{"timestamp":{"iso":"2015-01-23T00:57:18","unixtimestamp":1421974638},"track":{"name":"For the Widows in Paradise, for the Fatherless in Ypsilanti","mbid":"38638cbe-ff7b-45c3-bd3b-2a31de964167","artist":{"name":"Sufjan Stevens","mbid":"01d3c51b-9b98-418a-8d8e-37f6fab59d8c"}},"uncorrectedTrack":{"name":"For the Widows in Paradise, for the Fatherless in Ypsilanti","mbid":"38638cbe-ff7b-45c3-bd3b-2a31de964167","artist":{"name":"Sufjan Stevens","mbid":"01d3c51b-9b98-418a-8d8e-37f6fab59d8c"}},"album":{"name":"Michigan","mbid":"d6060b45-64a0-4fed-b205-78e0ab10aff1","artist":{"name":"Sufjan Stevens","mbid":"01d3c51b-9b98-418a-8d8e-37f6fab59d8c"}},"application":"Grooveshark"},{"timestamp":{"iso":"2015-01-23T01:01:15","unixtimestamp":1421974875},"track":{"name":"Say Yes! To M! Ch! Gan!","mbid":"1b2fcea0-e6c5-4637-9600-37b7456bd160","artist":{"name":"Sufjan Stevens","mbid":"01d3c51b-9b98-418a-8d8e-37f6fab59d8c"}},"uncorrectedTrack":{"name":"Say Yes! To M! Ch! Gan!","mbid":"1b2fcea0-e6c5-4637-9600-37b7456bd160","artist":{"name":"Sufjan Stevens","mbid":"01d3c51b-9b98-418a-8d8e-37f6fab59d8c"}},"album":{"name":"Michigan","mbid":"d6060b45-64a0-4fed-b205-78e0ab10aff1","artist":{"name":"Sufjan Stevens","mbid":"01d3c51b-9b98-418a-8d8e-37f6fab59d8c"}},"application":"Grooveshark"},{"timestamp":{"iso":"2015-01-23T01:04:01","unixtimestamp":1421975041},"track":{"name":"The Upper Peninsula","mbid":"42c225f2-6316-473e-ac68-8ba80021a1e0","artist":{"name":"Sufjan Stevens","mbid":"01d3c51b-9b98-418a-8d8e-37f6fab59d8c"}},"uncorrectedTrack":{"name":"The Upper Peninsula","mbid":"42c225f2-6316-473e-ac68-8ba80021a1e0","artist":{"name":"Sufjan Stevens","mbid":"01d3c51b-9b98-418a-8d8e-37f6fab59d8c"}},"album":{"name":"Michigan","mbid":"d6060b45-64a0-4fed-b205-78e0ab10aff1","artist":{"name":"Sufjan Stevens","mbid":"01d3c51b-9b98-418a-8d8e-37f6fab59d8c"}},"application":"Grooveshark"},{"timestamp":{"iso":"2015-01-23T01:07:25","unixtimestamp":1421975245},"track":{"name":"Tahquamenon Falls","mbid":"34794065-6c6c-415b-b145-f5d3a9fd7f68","artist":{"name":"Sufjan Stevens","mbid":"01d3c51b-9b98-418a-8d8e-37f6fab59d8c"}},"uncorrectedTrack":{"name":"Tahquamenon Falls","mbid":"34794065-6c6c-415b-b145-f5d3a9fd7f68","artist":{"name":"Sufjan Stevens","mbid":"01d3c51b-9b98-418a-8d8e-37f6fab59d8c"}},"album":{"name":"Michigan","mbid":"d6060b45-64a0-4fed-b205-78e0ab10aff1","artist":{"name":"Sufjan Stevens","mbid":"01d3c51b-9b98-418a-8d8e-37f6fab59d8c"}},"application":"Grooveshark"},{"timestamp":{"iso":"2015-01-23T01:09:44","unixtimestamp":1421975384},"track":{"name":"Holland","mbid":"5502ed38-c344-42e8-a546-bb7c6eafd3a9","artist":{"name":"Sufjan Stevens","mbid":"01d3c51b-9b98-418a-8d8e-37f6fab59d8c"}},"uncorrectedTrack":{"name":"Holland","mbid":"5502ed38-c344-42e8-a546-bb7c6eafd3a9","artist":{"name":"Sufjan Stevens","mbid":"01d3c51b-9b98-418a-8d8e-37f6fab59d8c"}},"album":{"name":"Michigan","mbid":"d6060b45-64a0-4fed-b205-78e0ab10aff1","artist":{"name":"Sufjan Stevens","mbid":"01d3c51b-9b98-418a-8d8e-37f6fab59d8c"}},"application":"Grooveshark"},{"timestamp":{"iso":"2015-01-23T01:13:10","unixtimestamp":1421975590},"track":{"name":"Oh Detroit, Lift Up Your Weary Head! (Rebuild! Restore! Reconsider!)","mbid":"23f0831b-921f-4dd1-810b-6466198629c1","artist":{"name":"Sufjan Stevens","mbid":"01d3c51b-9b98-418a-8d8e-37f6fab59d8c"}},"uncorrectedTrack":{"name":"Oh Detroit, Lift Up Your Weary Head! (Rebuild! Restore! Reconsider!)","mbid":"23f0831b-921f-4dd1-810b-6466198629c1","artist":{"name":"Sufjan Stevens","mbid":"01d3c51b-9b98-418a-8d8e-37f6fab59d8c"}},"album":{"name":"Michigan","mbid":"d6060b45-64a0-4fed-b205-78e0ab10aff1","artist":{"name":"Sufjan Stevens","mbid":"01d3c51b-9b98-418a-8d8e-37f6fab59d8c"}},"application":"Grooveshark"},{"timestamp":{"iso":"2015-01-23T22:06:11","unixtimestamp":1422050771},"track":{"name":"Jacksonville","mbid":"37ad2bb0-95b8-4747-a1e6-c36d4998672f","artist":{"name":"Sufjan Stevens","mbid":"01d3c51b-9b98-418a-8d8e-37f6fab59d8c"}},"uncorrectedTrack":{"name":"Jacksonville","mbid":"37ad2bb0-95b8-4747-a1e6-c36d4998672f","artist":{"name":"Sufjan Stevens","mbid":"01d3c51b-9b98-418a-8d8e-37f6fab59d8c"}},"album":{"name":"Illinois","mbid":"777d51fe-b7c7-4874-9217-40abf09b4924","artist":{"name":"Sufjan Stevens","mbid":"01d3c51b-9b98-418a-8d8e-37f6fab59d8c"}},"application":"Grooveshark"},{"timestamp":{"iso":"2015-01-23T22:11:35","unixtimestamp":1422051095},"track":{"name":"Imitosis","mbid":"7790e395-daf9-4520-8a34-654f3d46df38","artist":{"name":"Andrew Bird","mbid":"081b133e-ce74-42ba-92c1-c18234acb532"}},"uncorrectedTrack":{"name":"Imitosis","mbid":"7790e395-daf9-4520-8a34-654f3d46df38","artist":{"name":"Andrew Bird","mbid":"081b133e-ce74-42ba-92c1-c18234acb532"}},"album":{"name":"Nova Tunes 1.6","artist":{"name":"Andrew Bird","mbid":"081b133e-ce74-42ba-92c1-c18234acb532"}},"application":"Grooveshark"},{"timestamp":{"iso":"2015-01-23T22:15:26","unixtimestamp":1422051326},"track":{"name":"I Slept With Bonhomme at the CBC","mbid":"8bfa8f42-5a9d-45a9-8ab3-294c8f55b3f8","artist":{"name":"Broken Social Scene","mbid":"2eada8f8-056a-4093-bbc2-004909ce743b"}},"uncorrectedTrack":{"name":"I Slept With Bonhomme at the CBC","mbid":"8bfa8f42-5a9d-45a9-8ab3-294c8f55b3f8","artist":{"name":"Broken Social Scene","mbid":"2eada8f8-056a-4093-bbc2-004909ce743b"}},"album":{"name":"Feel Good Lost","mbid":"bcc94f56-bdb0-32b7-9d1b-fda488bff5dc","artist":{"name":"Broken Social Scene","mbid":"2eada8f8-056a-4093-bbc2-004909ce743b"}},"application":"Grooveshark"},{"timestamp":{"iso":"2015-01-23T22:20:53","unixtimestamp":1422051653},"track":{"name":"Kong","mbid":"325735b0-a7a7-4193-83a7-25ec0c856c06","artist":{"name":"Bonobo","mbid":"6f7dea51-1d02-4be1-b138-92078518350c"}},"uncorrectedTrack":{"name":"Kong","mbid":"325735b0-a7a7-4193-83a7-25ec0c856c06","artist":{"name":"Bonobo","mbid":"6f7dea51-1d02-4be1-b138-92078518350c"}},"album":{"name":"Black Sands","mbid":"6b575427-f110-4c22-bdeb-89620f534da2","artist":{"name":"Bonobo","mbid":"6f7dea51-1d02-4be1-b138-92078518350c"}},"application":"Grooveshark"},{"timestamp":{"iso":"2015-01-23T22:24:50","unixtimestamp":1422051890},"track":{"name":"Six Days","mbid":"ddd561b1-764a-4b9a-b4bd-9f526c7ba97b","artist":{"name":"DJ Shadow","mbid":"efa2c11a-1a35-4b60-bc1b-66d37de88511"}},"uncorrectedTrack":{"name":"Six Days","mbid":"ddd561b1-764a-4b9a-b4bd-9f526c7ba97b","artist":{"name":"DJ Shadow","mbid":"efa2c11a-1a35-4b60-bc1b-66d37de88511"}},"album":{"name":"The Private Press","mbid":"eb9f1d2f-1052-382a-a263-334931a8acfb","artist":{"name":"DJ Shadow","mbid":"efa2c11a-1a35-4b60-bc1b-66d37de88511"}},"application":"Grooveshark"},{"timestamp":{"iso":"2015-01-23T22:29:53","unixtimestamp":1422052193},"track":{"name":"Pacific Theme","mbid":"b1326b17-d876-47dc-8a0a-a4a05bb2087d","artist":{"name":"Broken Social Scene","mbid":"2eada8f8-056a-4093-bbc2-004909ce743b"}},"uncorrectedTrack":{"name":"Pacific Theme","mbid":"b1326b17-d876-47dc-8a0a-a4a05bb2087d","artist":{"name":"Broken Social Scene","mbid":"2eada8f8-056a-4093-bbc2-004909ce743b"}},"album":{"name":"You Forgot It In People","mbid":"4a62cd38-0405-33c0-ade2-6be951f7b777","artist":{"name":"Broken Social Scene","mbid":"2eada8f8-056a-4093-bbc2-004909ce743b"}},"application":"Grooveshark"},{"timestamp":{"iso":"2015-01-23T22:35:02","unixtimestamp":1422052502},"track":{"name":"Bario Alto","mbid":"cdb077b2-5613-42a1-91ed-4041f22c7103","artist":{"name":"Thievery Corporation","mbid":"a505bb48-ad65-4af4-ae47-29149715bff9"}},"uncorrectedTrack":{"name":"Bario Alto","mbid":"cdb077b2-5613-42a1-91ed-4041f22c7103","artist":{"name":"Thievery Corporation","mbid":"a505bb48-ad65-4af4-ae47-29149715bff9"}},"album":{"name":"The Mirror Conspiracy","mbid":"d8e7f1f0-0d17-47a7-8fcf-0e297adbae97","artist":{"name":"Thievery Corporation","mbid":"a505bb48-ad65-4af4-ae47-29149715bff9"}},"application":"Grooveshark"},{"timestamp":{"iso":"2015-01-23T22:38:57","unixtimestamp":1422052737},"track":{"name":"Nightlite (feat. Bajka)","mbid":"2de9c3e2-7412-49fb-b70c-a98917bee03a","artist":{"name":"Bonobo","mbid":"6f7dea51-1d02-4be1-b138-92078518350c"}},"uncorrectedTrack":{"name":"Nightlite (feat. Bajka)","mbid":"2de9c3e2-7412-49fb-b70c-a98917bee03a","artist":{"name":"Bonobo","mbid":"6f7dea51-1d02-4be1-b138-92078518350c"}},"album":{"name":"Days to Come","mbid":"6e99b4b6-42ca-4187-8249-68edaed60fe5","artist":{"name":"Bonobo","mbid":"6f7dea51-1d02-4be1-b138-92078518350c"}},"application":"Grooveshark"},{"timestamp":{"iso":"2015-01-23T22:44:07","unixtimestamp":1422053047},"track":{"name":"Ketto","mbid":"9fa9aba0-d8e2-4177-8ee7-728f365a7cd4","artist":{"name":"Bonobo","mbid":"6f7dea51-1d02-4be1-b138-92078518350c"}},"uncorrectedTrack":{"name":"Ketto","mbid":"9fa9aba0-d8e2-4177-8ee7-728f365a7cd4","artist":{"name":"Bonobo","mbid":"6f7dea51-1d02-4be1-b138-92078518350c"}},"album":{"name":"Days to Come","mbid":"6e99b4b6-42ca-4187-8249-68edaed60fe5","artist":{"name":"Bonobo","mbid":"6f7dea51-1d02-4be1-b138-92078518350c"}},"application":"Grooveshark"},{"timestamp":{"iso":"2015-01-23T22:49:14","unixtimestamp":1422053354},"track":{"name":"Marmalade","mbid":"81513704-9da0-4199-bdb0-8a18214d881b","artist":{"name":"Cagedbaby","mbid":"b398215e-c440-4dee-bd18-9d82f715442f"}},"uncorrectedTrack":{"name":"Marmalade","mbid":"81513704-9da0-4199-bdb0-8a18214d881b","artist":{"name":"Cagedbaby","mbid":"b398215e-c440-4dee-bd18-9d82f715442f"}},"album":{"name":"Will See You Now","mbid":"09882fdb-e65a-4feb-9be6-0edafb36355d","artist":{"name":"Cagedbaby","mbid":"b398215e-c440-4dee-bd18-9d82f715442f"}},"application":"Grooveshark"},{"timestamp":{"iso":"2015-01-23T22:54:03","unixtimestamp":1422053643},"track":{"name":"Ghostwriter","mbid":"54f534ee-cf6c-439e-a04f-d9c8e93484c5","artist":{"name":"RJD2","mbid":"1a120ec5-35b3-4f3e-aa49-7201550d9feb"}},"uncorrectedTrack":{"name":"Ghostwriter","mbid":"54f534ee-cf6c-439e-a04f-d9c8e93484c5","artist":{"name":"RJD2","mbid":"1a120ec5-35b3-4f3e-aa49-7201550d9feb"}},"album":{"name":"Deadringer","mbid":"2daaa522-477c-4d6d-bf43-f9a6afc2e795","artist":{"name":"RJD2","mbid":"1a120ec5-35b3-4f3e-aa49-7201550d9feb"}},"application":"Grooveshark"},{"timestamp":{"iso":"2015-01-23T22:59:21","unixtimestamp":1422053961},"track":{"name":"Psyche","mbid":"37bd0914-d223-46ca-926f-86cc0a923eac","artist":{"name":"Massive Attack","mbid":"10adbe5e-a2c0-4bf3-8249-2b4cbf6e6ca8"}},"uncorrectedTrack":{"name":"Psyche","mbid":"37bd0914-d223-46ca-926f-86cc0a923eac","artist":{"name":"Massive Attack","mbid":"10adbe5e-a2c0-4bf3-8249-2b4cbf6e6ca8"}},"album":{"name":"Heligoland","mbid":"5042d45d-6a48-4546-bdf5-26f01caa3a43","artist":{"name":"Massive Attack","mbid":"10adbe5e-a2c0-4bf3-8249-2b4cbf6e6ca8"}},"application":"Grooveshark"},{"timestamp":{"iso":"2015-01-23T23:02:46","unixtimestamp":1422054166},"track":{"name":"Come on! Feel the Illinoise!","mbid":"eff26f95-4c63-4fbb-915b-30fe1ad4617f","artist":{"name":"Sufjan Stevens","mbid":"01d3c51b-9b98-418a-8d8e-37f6fab59d8c"}},"uncorrectedTrack":{"name":"Come on! Feel the Illinoise!","mbid":"eff26f95-4c63-4fbb-915b-30fe1ad4617f","artist":{"name":"Sufjan Stevens","mbid":"01d3c51b-9b98-418a-8d8e-37f6fab59d8c"}},"album":{"name":"Illinois","mbid":"777d51fe-b7c7-4874-9217-40abf09b4924","artist":{"name":"Sufjan Stevens","mbid":"01d3c51b-9b98-418a-8d8e-37f6fab59d8c"}},"application":"Grooveshark"},{"timestamp":{"iso":"2015-01-23T23:09:32","unixtimestamp":1422054572},"track":{"name":"Looks Just Like the Sun","mbid":"38eaba30-e116-4178-b645-871a7434fd66","artist":{"name":"Broken Social Scene","mbid":"2eada8f8-056a-4093-bbc2-004909ce743b"}},"uncorrectedTrack":{"name":"Looks Just Like the Sun","mbid":"38eaba30-e116-4178-b645-871a7434fd66","artist":{"name":"Broken Social Scene","mbid":"2eada8f8-056a-4093-bbc2-004909ce743b"}},"album":{"name":"You Forgot It In People","mbid":"4a62cd38-0405-33c0-ade2-6be951f7b777","artist":{"name":"Broken Social Scene","mbid":"2eada8f8-056a-4093-bbc2-004909ce743b"}},"application":"Grooveshark"},{"timestamp":{"iso":"2015-01-30T19:27:55","unixtimestamp":1422646075},"track":{"name":"Palmitos Park","mbid":"03dd1f0d-1b78-49bb-9de8-cad73560837d","artist":{"name":"El Guincho","mbid":"7e57d8a2-e6eb-48dd-8e50-ff7eaa412ccb"}},"uncorrectedTrack":{"name":"Palmitos Park","mbid":"03dd1f0d-1b78-49bb-9de8-cad73560837d","artist":{"name":"El Guincho","mbid":"7e57d8a2-e6eb-48dd-8e50-ff7eaa412ccb"}},"album":{"name":"Alegranza","mbid":"08cd6dab-f1e1-3360-b139-4b25e03d36a1","artist":{"name":"El Guincho","mbid":"7e57d8a2-e6eb-48dd-8e50-ff7eaa412ccb"}},"application":"Grooveshark"},{"timestamp":{"iso":"2015-01-30T19:33:11","unixtimestamp":1422646391},"track":{"name":"Palmitos Park","mbid":"03dd1f0d-1b78-49bb-9de8-cad73560837d","artist":{"name":"El Guincho","mbid":"7e57d8a2-e6eb-48dd-8e50-ff7eaa412ccb"}},"uncorrectedTrack":{"name":"Palmitos Park","mbid":"03dd1f0d-1b78-49bb-9de8-cad73560837d","artist":{"name":"El Guincho","mbid":"7e57d8a2-e6eb-48dd-8e50-ff7eaa412ccb"}},"album":{"name":"Alegranza","mbid":"08cd6dab-f1e1-3360-b139-4b25e03d36a1","artist":{"name":"El Guincho","mbid":"7e57d8a2-e6eb-48dd-8e50-ff7eaa412ccb"}},"application":"Grooveshark"},{"timestamp":{"iso":"2015-01-30T19:45:01","unixtimestamp":1422647101},"track":{"name":"\u0027Ulili E (vocal duet with David Kamakahi)","artist":{"name":"Dennis Kamakahi","mbid":"003f777f-98e1-4a55-9548-6ec52b7e624c"}},"uncorrectedTrack":{"name":"\u0027Ulili E (vocal duet with David Kamakahi)","artist":{"name":"Dennis Kamakahi","mbid":"003f777f-98e1-4a55-9548-6ec52b7e624c"}},"album":{"name":"The Descendants Soundtrack","artist":{"name":"Dennis Kamakahi","mbid":"003f777f-98e1-4a55-9548-6ec52b7e624c"}},"application":"Grooveshark"},{"timestamp":{"iso":"2015-01-30T20:05:01","unixtimestamp":1422648301},"track":{"name":"All That You Give","mbid":"91247ee5-9e3d-401c-b5b2-8bf63c11ec71","artist":{"name":"The Cinematic Orchestra","mbid":"7c158ea8-c0aa-410e-bdc1-20bba9759577"}},"uncorrectedTrack":{"name":"All That You Give","mbid":"91247ee5-9e3d-401c-b5b2-8bf63c11ec71","artist":{"name":"The Cinematic Orchestra","mbid":"7c158ea8-c0aa-410e-bdc1-20bba9759577"}},"album":{"name":"Every Day","mbid":"44270faa-917a-4415-be27-d7f0aab94d52","artist":{"name":"The Cinematic Orchestra","mbid":"7c158ea8-c0aa-410e-bdc1-20bba9759577"}},"application":"Grooveshark"},{"timestamp":{"iso":"2015-01-30T20:30:01","unixtimestamp":1422649801},"track":{"name":"Palmitos Park","mbid":"03dd1f0d-1b78-49bb-9de8-cad73560837d","artist":{"name":"El Guincho","mbid":"7e57d8a2-e6eb-48dd-8e50-ff7eaa412ccb"}},"uncorrectedTrack":{"name":"Palmitos Park","mbid":"03dd1f0d-1b78-49bb-9de8-cad73560837d","artist":{"name":"El Guincho","mbid":"7e57d8a2-e6eb-48dd-8e50-ff7eaa412ccb"}},"album":{"name":"Alegranza","mbid":"08cd6dab-f1e1-3360-b139-4b25e03d36a1","artist":{"name":"El Guincho","mbid":"7e57d8a2-e6eb-48dd-8e50-ff7eaa412ccb"}},"application":"Grooveshark"},{"timestamp":{"iso":"2015-01-30T20:32:45","unixtimestamp":1422649965},"track":{"name":"Ghetto Fácil","mbid":"9759cf25-6636-4959-bbac-40384616d693","artist":{"name":"El Guincho","mbid":"7e57d8a2-e6eb-48dd-8e50-ff7eaa412ccb"}},"uncorrectedTrack":{"name":"Ghetto Fácil","mbid":"9759cf25-6636-4959-bbac-40384616d693","artist":{"name":"El Guincho","mbid":"7e57d8a2-e6eb-48dd-8e50-ff7eaa412ccb"}},"album":{"name":"Pop Negro","mbid":"d1155ca2-d814-4f17-9426-743189f8d853","artist":{"name":"El Guincho","mbid":"7e57d8a2-e6eb-48dd-8e50-ff7eaa412ccb"}},"application":"Grooveshark"}]