[{"timestamp":{"iso":"2009-11-26T08:00:14","unixtimestamp":1259222414},"track":{"name":"Breathe","mbid":"9f3d6056-7852-4427-9bf2-cdec8b773ced","artist":{"name":"Télépopmusik","mbid":"265f242e-cf4e-4fbe-a3fe-43112387172f"}},"uncorrectedTrack":{"name":"Breathe","mbid":"9f3d6056-7852-4427-9bf2-cdec8b773ced","artist":{"name":"Télépopmusik","mbid":"265f242e-cf4e-4fbe-a3fe-43112387172f"}},"album":{"name":"Genetic World","mbid":"971b0a06-b8bc-4886-8e3c-82ad97ad83c9","artist":{"name":"Télépopmusik","mbid":"265f242e-cf4e-4fbe-a3fe-43112387172f"}}},{"timestamp":{"iso":"2009-11-26T08:00:53","unixtimestamp":1259222453},"track":{"name":"In the Waiting Line","mbid":"b357af22-0fc3-433e-8209-9a946911a1c0","artist":{"name":"Zero 7","mbid":"c23b637b-97c6-41eb-8ef6-6c724efc80a8"}},"uncorrectedTrack":{"name":"In the Waiting Line","mbid":"b357af22-0fc3-433e-8209-9a946911a1c0","artist":{"name":"Zero 7","mbid":"c23b637b-97c6-41eb-8ef6-6c724efc80a8"}},"album":{"name":"Simple Things","mbid":"4aff6cd0-3f72-4630-991a-3e7371e5393e","artist":{"name":"Zero 7","mbid":"c23b637b-97c6-41eb-8ef6-6c724efc80a8"}}}]