[{"timestamp":{"iso":"2015-02-04T23:22:04","unixtimestamp":1423092124},"track":{"name":"The Bourne Identity - 10 - Hotel Regina","artist":{"name":"John Powell","mbid":"0214a285-589c-4ead-ae13-feab602d8004"}},"uncorrectedTrack":{"name":"The Bourne Identity - 10 - Hotel Regina","artist":{"name":"John Powell","mbid":"0214a285-589c-4ead-ae13-feab602d8004"}},"album":{"name":"The Bourne Identity","mbid":"056f95df-8f2d-43a0-ba25-a58d5cd74165","artist":{"name":"John Powell","mbid":"0214a285-589c-4ead-ae13-feab602d8004"}},"application":"Grooveshark"},{"timestamp":{"iso":"2015-02-06T08:16:07","unixtimestamp":1423210567},"track":{"name":"Bad Girls","mbid":"4a33f9fa-3875-4825-9172-49cbad23c839","artist":{"name":"M.I.A.","mbid":"4e3061eb-55ac-4fb3-9d97-aa476a94c5c8"}},"uncorrectedTrack":{"name":"Bad Girls","mbid":"4a33f9fa-3875-4825-9172-49cbad23c839","artist":{"name":"M.I.A.","mbid":"4e3061eb-55ac-4fb3-9d97-aa476a94c5c8"}},"application":"FoxyScrobbler"},{"timestamp":{"iso":"2015-02-12T02:05:05","unixtimestamp":1423706705},"track":{"name":"Kiara","mbid":"da17946e-5e74-4c02-a474-6cd8e321b96a","artist":{"name":"Bonobo","mbid":"6f7dea51-1d02-4be1-b138-92078518350c"}},"uncorrectedTrack":{"name":"Kiara","mbid":"da17946e-5e74-4c02-a474-6cd8e321b96a","artist":{"name":"Bonobo","mbid":"6f7dea51-1d02-4be1-b138-92078518350c"}},"application":"FoxyScrobbler"},{"timestamp":{"iso":"2015-02-13T18:27:16","unixtimestamp":1423852036},"track":{"name":"We Made You","mbid":"31b8817f-d5d5-4a6a-aaf2-4cb506ad5374","artist":{"name":"Eminem","mbid":"b95ce3ff-3d05-4e87-9e01-c97b66af13d4"}},"uncorrectedTrack":{"name":"We Made You","mbid":"31b8817f-d5d5-4a6a-aaf2-4cb506ad5374","artist":{"name":"Eminem","mbid":"b95ce3ff-3d05-4e87-9e01-c97b66af13d4"}},"application":"FoxyScrobbler"},{"timestamp":{"iso":"2015-02-13T18:32:42","unixtimestamp":1423852362},"track":{"name":"Mr. Jones","mbid":"c4c837c0-0748-4af2-a973-36882da8aab4","artist":{"name":"Counting Crows","mbid":"a0327dc2-dc76-44d5-aec6-47cd2dff1469"}},"uncorrectedTrack":{"name":"Mr. Jones","mbid":"c4c837c0-0748-4af2-a973-36882da8aab4","artist":{"name":"Counting Crows","mbid":"a0327dc2-dc76-44d5-aec6-47cd2dff1469"}},"application":"FoxyScrobbler"},{"timestamp":{"iso":"2015-02-13T18:35:20","unixtimestamp":1423852520},"track":{"name":"Live at the Super Bowl (full)","artist":{"name":"The Who","mbid":"9fdaa16b-a6c4-4831-b87c-bc9ca8ce7eaa"}},"uncorrectedTrack":{"name":"Live at the Super Bowl (full)","artist":{"name":"The Who","mbid":"9fdaa16b-a6c4-4831-b87c-bc9ca8ce7eaa"}},"application":"FoxyScrobbler"},{"timestamp":{"iso":"2015-02-13T19:02:37","unixtimestamp":1423854157},"track":{"name":"Z gives Grizzly Bear props on Fuse (after the MSG show)","artist":{"name":"Jay","mbid":"1f0ac180-7e40-4efc-b472-2abea1d4ee94"}},"uncorrectedTrack":{"name":"Z gives Grizzly Bear props on Fuse (after the MSG show)","artist":{"name":"Jay","mbid":"1f0ac180-7e40-4efc-b472-2abea1d4ee94"}},"application":"FoxyScrobbler"},{"timestamp":{"iso":"2015-02-13T19:09:16","unixtimestamp":1423854556},"track":{"name":"Late Show with David Letterman 10/06/03","artist":{"name":"Blur \"Out of Time\""}},"uncorrectedTrack":{"name":"Late Show with David Letterman 10/06/03","artist":{"name":"Blur \"Out of Time\""}},"application":"FoxyScrobbler"},{"timestamp":{"iso":"2015-02-13T19:17:52","unixtimestamp":1423855072},"track":{"name":"St Apollonia","mbid":"5deb889b-19c1-4c54-a9ba-2899dbdea36d","artist":{"name":"Beirut","mbid":"0af78501-5647-4c18-9a0d-66ac8789e13b"}},"uncorrectedTrack":{"name":"St Apollonia","mbid":"5deb889b-19c1-4c54-a9ba-2899dbdea36d","artist":{"name":"Beirut","mbid":"0af78501-5647-4c18-9a0d-66ac8789e13b"}},"application":"FoxyScrobbler"},{"timestamp":{"iso":"2015-02-13T19:22:31","unixtimestamp":1423855351},"track":{"name":"The Underdog","mbid":"197671c5-c2ab-4e8a-8acf-3686d9cf4b71","artist":{"name":"Spoon","mbid":"0db1ad0b-3ac1-4425-b10a-3142e795895c"}},"uncorrectedTrack":{"name":"The Underdog","mbid":"197671c5-c2ab-4e8a-8acf-3686d9cf4b71","artist":{"name":"Spoon","mbid":"0db1ad0b-3ac1-4425-b10a-3142e795895c"}},"application":"FoxyScrobbler"},{"timestamp":{"iso":"2015-02-13T19:26:00","unixtimestamp":1423855560},"track":{"name":"La Noyee solo (Yann Tiersen cover)","artist":{"name":"Dave Thomas","mbid":"1ab3ef0f-5995-4018-9da9-62f4400cae34"}},"uncorrectedTrack":{"name":"La Noyee solo (Yann Tiersen cover)","artist":{"name":"Dave Thomas","mbid":"1ab3ef0f-5995-4018-9da9-62f4400cae34"}},"application":"FoxyScrobbler"},{"timestamp":{"iso":"2015-02-13T19:30:33","unixtimestamp":1423855833},"track":{"name":"Almost Crimes (Live Radio 3)","artist":{"name":"Broken Social Scene","mbid":"2eada8f8-056a-4093-bbc2-004909ce743b"}},"uncorrectedTrack":{"name":"Almost Crimes (Live Radio 3)","artist":{"name":"Broken Social Scene","mbid":"2eada8f8-056a-4093-bbc2-004909ce743b"}},"application":"FoxyScrobbler"},{"timestamp":{"iso":"2015-02-13T19:36:07","unixtimestamp":1423856167},"track":{"name":"Live@Koko - Days To Come","artist":{"name":"Bonobo","mbid":"6f7dea51-1d02-4be1-b138-92078518350c"}},"uncorrectedTrack":{"name":"Live@Koko - Days To Come","artist":{"name":"Bonobo","mbid":"6f7dea51-1d02-4be1-b138-92078518350c"}},"application":"FoxyScrobbler"},{"timestamp":{"iso":"2015-02-13T19:40:27","unixtimestamp":1423856427},"track":{"name":"Live At The Roundhouse","artist":{"name":"Bonobo \u0027Stay The Same\u0027 feat. Andreya Triana"}},"uncorrectedTrack":{"name":"Live At The Roundhouse","artist":{"name":"Bonobo \u0027Stay The Same\u0027 feat. Andreya Triana"}},"application":"FoxyScrobbler"},{"timestamp":{"iso":"2015-02-13T23:34:58","unixtimestamp":1423870498},"track":{"name":"Goa","mbid":"93d83101-33e1-40fb-b7f7-d175ef554ad9","artist":{"name":"John Powell","mbid":"0214a285-589c-4ead-ae13-feab602d8004"}},"uncorrectedTrack":{"name":"Goa","mbid":"93d83101-33e1-40fb-b7f7-d175ef554ad9","artist":{"name":"John Powell","mbid":"0214a285-589c-4ead-ae13-feab602d8004"}},"album":{"name":"The Bourne Supremacy","mbid":"f5356f8a-a089-3814-8f1f-cec5c126f03e","artist":{"name":"John Powell","mbid":"0214a285-589c-4ead-ae13-feab602d8004"}},"application":"Grooveshark"},{"timestamp":{"iso":"2015-02-13T23:38:02","unixtimestamp":1423870682},"track":{"name":"The Drop","mbid":"0707020c-48e7-4876-bee9-883ec07d5c5e","artist":{"name":"John Powell","mbid":"0214a285-589c-4ead-ae13-feab602d8004"}},"uncorrectedTrack":{"name":"The Drop","mbid":"0707020c-48e7-4876-bee9-883ec07d5c5e","artist":{"name":"John Powell","mbid":"0214a285-589c-4ead-ae13-feab602d8004"}},"album":{"name":"The Bourne Supremacy","mbid":"f5356f8a-a089-3814-8f1f-cec5c126f03e","artist":{"name":"John Powell","mbid":"0214a285-589c-4ead-ae13-feab602d8004"}},"application":"Grooveshark"},{"timestamp":{"iso":"2015-02-13T23:41:45","unixtimestamp":1423870905},"track":{"name":"Funeral Pyre","mbid":"4c930159-81f3-4cd3-8269-af290ef1d825","artist":{"name":"John Powell","mbid":"0214a285-589c-4ead-ae13-feab602d8004"}},"uncorrectedTrack":{"name":"Funeral Pyre","mbid":"4c930159-81f3-4cd3-8269-af290ef1d825","artist":{"name":"John Powell","mbid":"0214a285-589c-4ead-ae13-feab602d8004"}},"album":{"name":"The Bourne Supremacy","mbid":"f5356f8a-a089-3814-8f1f-cec5c126f03e","artist":{"name":"John Powell","mbid":"0214a285-589c-4ead-ae13-feab602d8004"}},"application":"Grooveshark"},{"timestamp":{"iso":"2015-02-13T23:44:06","unixtimestamp":1423871046},"track":{"name":"Gathering Data","mbid":"fb56171f-6ade-4185-b111-5e07fb74dd6c","artist":{"name":"John Powell","mbid":"0214a285-589c-4ead-ae13-feab602d8004"}},"uncorrectedTrack":{"name":"Gathering Data","mbid":"fb56171f-6ade-4185-b111-5e07fb74dd6c","artist":{"name":"John Powell","mbid":"0214a285-589c-4ead-ae13-feab602d8004"}},"album":{"name":"The Bourne Supremacy","mbid":"f5356f8a-a089-3814-8f1f-cec5c126f03e","artist":{"name":"John Powell","mbid":"0214a285-589c-4ead-ae13-feab602d8004"}},"application":"Grooveshark"},{"timestamp":{"iso":"2015-02-13T23:46:01","unixtimestamp":1423871161},"track":{"name":"Nach Deutschland","mbid":"576eeab2-fe83-4497-8578-03f11a097a2b","artist":{"name":"John Powell","mbid":"0214a285-589c-4ead-ae13-feab602d8004"}},"uncorrectedTrack":{"name":"Nach Deutschland","mbid":"576eeab2-fe83-4497-8578-03f11a097a2b","artist":{"name":"John Powell","mbid":"0214a285-589c-4ead-ae13-feab602d8004"}},"album":{"name":"The Bourne Supremacy","mbid":"f5356f8a-a089-3814-8f1f-cec5c126f03e","artist":{"name":"John Powell","mbid":"0214a285-589c-4ead-ae13-feab602d8004"}},"application":"Grooveshark"},{"timestamp":{"iso":"2015-02-13T23:48:42","unixtimestamp":1423871322},"track":{"name":"To The Roof","mbid":"2ec53051-9c01-425e-aef5-239d7c7b2b5c","artist":{"name":"John Powell","mbid":"0214a285-589c-4ead-ae13-feab602d8004"}},"uncorrectedTrack":{"name":"To The Roof","mbid":"2ec53051-9c01-425e-aef5-239d7c7b2b5c","artist":{"name":"John Powell","mbid":"0214a285-589c-4ead-ae13-feab602d8004"}},"album":{"name":"The Bourne Supremacy","mbid":"f5356f8a-a089-3814-8f1f-cec5c126f03e","artist":{"name":"John Powell","mbid":"0214a285-589c-4ead-ae13-feab602d8004"}},"application":"Grooveshark"},{"timestamp":{"iso":"2015-02-13T23:54:14","unixtimestamp":1423871654},"track":{"name":"New Memories","mbid":"0a2b7e9c-9fef-487e-a6a7-0f9e8608143d","artist":{"name":"John Powell","mbid":"0214a285-589c-4ead-ae13-feab602d8004"}},"uncorrectedTrack":{"name":"New Memories","mbid":"0a2b7e9c-9fef-487e-a6a7-0f9e8608143d","artist":{"name":"John Powell","mbid":"0214a285-589c-4ead-ae13-feab602d8004"}},"album":{"name":"The Bourne Supremacy","mbid":"f5356f8a-a089-3814-8f1f-cec5c126f03e","artist":{"name":"John Powell","mbid":"0214a285-589c-4ead-ae13-feab602d8004"}},"application":"Grooveshark"},{"timestamp":{"iso":"2015-02-13T23:57:07","unixtimestamp":1423871827},"track":{"name":"Berlin Foot Chase","mbid":"7e62d2db-8b2b-4073-9db3-c7fb0690ff8b","artist":{"name":"John Powell","mbid":"0214a285-589c-4ead-ae13-feab602d8004"}},"uncorrectedTrack":{"name":"Berlin Foot Chase","mbid":"7e62d2db-8b2b-4073-9db3-c7fb0690ff8b","artist":{"name":"John Powell","mbid":"0214a285-589c-4ead-ae13-feab602d8004"}},"album":{"name":"The Bourne Supremacy","mbid":"f5356f8a-a089-3814-8f1f-cec5c126f03e","artist":{"name":"John Powell","mbid":"0214a285-589c-4ead-ae13-feab602d8004"}},"application":"Grooveshark"},{"timestamp":{"iso":"2015-02-14T19:01:47","unixtimestamp":1423940507},"track":{"name":"Novias","mbid":"b4de7318-5e65-450c-baf2-d1cfac5e4b78","artist":{"name":"El Guincho","mbid":"7e57d8a2-e6eb-48dd-8e50-ff7eaa412ccb"}},"uncorrectedTrack":{"name":"Novias","mbid":"b4de7318-5e65-450c-baf2-d1cfac5e4b78","artist":{"name":"El Guincho","mbid":"7e57d8a2-e6eb-48dd-8e50-ff7eaa412ccb"}},"album":{"name":"Pop Negro","mbid":"d1155ca2-d814-4f17-9426-743189f8d853","artist":{"name":"El Guincho","mbid":"7e57d8a2-e6eb-48dd-8e50-ff7eaa412ccb"}}},{"timestamp":{"iso":"2015-02-14T19:05:10","unixtimestamp":1423940710},"track":{"name":"Danza Invinto","mbid":"f467f242-8db3-4433-9a42-2023e6397e24","artist":{"name":"El Guincho","mbid":"7e57d8a2-e6eb-48dd-8e50-ff7eaa412ccb"}},"uncorrectedTrack":{"name":"Danza Invinto","mbid":"f467f242-8db3-4433-9a42-2023e6397e24","artist":{"name":"El Guincho","mbid":"7e57d8a2-e6eb-48dd-8e50-ff7eaa412ccb"}},"album":{"name":"Pop Negro","mbid":"d1155ca2-d814-4f17-9426-743189f8d853","artist":{"name":"El Guincho","mbid":"7e57d8a2-e6eb-48dd-8e50-ff7eaa412ccb"}}},{"timestamp":{"iso":"2015-02-14T19:11:19","unixtimestamp":1423941079},"track":{"name":"Ghetto Fácil","mbid":"9759cf25-6636-4959-bbac-40384616d693","artist":{"name":"El Guincho","mbid":"7e57d8a2-e6eb-48dd-8e50-ff7eaa412ccb"}},"uncorrectedTrack":{"name":"Ghetto Facil","artist":{"name":"El Guincho","mbid":"7e57d8a2-e6eb-48dd-8e50-ff7eaa412ccb"}},"album":{"name":"Pop Negro","mbid":"d1155ca2-d814-4f17-9426-743189f8d853","artist":{"name":"El Guincho","mbid":"7e57d8a2-e6eb-48dd-8e50-ff7eaa412ccb"}}},{"timestamp":{"iso":"2015-02-14T19:14:03","unixtimestamp":1423941243},"track":{"name":"FM Tan Sexy","mbid":"cf9f332a-9161-4193-86a5-60f233256c87","artist":{"name":"El Guincho","mbid":"7e57d8a2-e6eb-48dd-8e50-ff7eaa412ccb"}},"uncorrectedTrack":{"name":"FM Tan Sexy","mbid":"cf9f332a-9161-4193-86a5-60f233256c87","artist":{"name":"El Guincho","mbid":"7e57d8a2-e6eb-48dd-8e50-ff7eaa412ccb"}},"album":{"name":"Pop Negro","mbid":"d1155ca2-d814-4f17-9426-743189f8d853","artist":{"name":"El Guincho","mbid":"7e57d8a2-e6eb-48dd-8e50-ff7eaa412ccb"}}},{"timestamp":{"iso":"2015-02-14T19:17:46","unixtimestamp":1423941466},"track":{"name":"Soca Del Eclipse","mbid":"8fd0cdaf-e838-49b1-9187-6b9806b44aa6","artist":{"name":"El Guincho","mbid":"7e57d8a2-e6eb-48dd-8e50-ff7eaa412ccb"}},"uncorrectedTrack":{"name":"Soca Del Eclipse","mbid":"8fd0cdaf-e838-49b1-9187-6b9806b44aa6","artist":{"name":"El Guincho","mbid":"7e57d8a2-e6eb-48dd-8e50-ff7eaa412ccb"}},"album":{"name":"Pop Negro","mbid":"d1155ca2-d814-4f17-9426-743189f8d853","artist":{"name":"El Guincho","mbid":"7e57d8a2-e6eb-48dd-8e50-ff7eaa412ccb"}}},{"timestamp":{"iso":"2015-02-14T19:21:56","unixtimestamp":1423941716},"track":{"name":"Lycra Mistral","mbid":"a0963cd3-c137-4569-8a1b-5df29f971f14","artist":{"name":"El Guincho","mbid":"7e57d8a2-e6eb-48dd-8e50-ff7eaa412ccb"}},"uncorrectedTrack":{"name":"Lycra Mistral","mbid":"a0963cd3-c137-4569-8a1b-5df29f971f14","artist":{"name":"El Guincho","mbid":"7e57d8a2-e6eb-48dd-8e50-ff7eaa412ccb"}},"album":{"name":"Pop Negro","mbid":"d1155ca2-d814-4f17-9426-743189f8d853","artist":{"name":"El Guincho","mbid":"7e57d8a2-e6eb-48dd-8e50-ff7eaa412ccb"}}},{"timestamp":{"iso":"2015-02-14T19:26:47","unixtimestamp":1423942007},"track":{"name":"Muerte Midi","mbid":"8346f220-cb6d-4912-9bd6-7e536c3781c8","artist":{"name":"El Guincho","mbid":"7e57d8a2-e6eb-48dd-8e50-ff7eaa412ccb"}},"uncorrectedTrack":{"name":"Muerte Midi","mbid":"8346f220-cb6d-4912-9bd6-7e536c3781c8","artist":{"name":"El Guincho","mbid":"7e57d8a2-e6eb-48dd-8e50-ff7eaa412ccb"}},"album":{"name":"Pop Negro","mbid":"d1155ca2-d814-4f17-9426-743189f8d853","artist":{"name":"El Guincho","mbid":"7e57d8a2-e6eb-48dd-8e50-ff7eaa412ccb"}}},{"timestamp":{"iso":"2015-02-14T19:30:33","unixtimestamp":1423942233},"track":{"name":"(Chica-Oh) Drims","mbid":"5596c1eb-5e40-466c-b5f0-ba3ed820a49a","artist":{"name":"El Guincho","mbid":"7e57d8a2-e6eb-48dd-8e50-ff7eaa412ccb"}},"uncorrectedTrack":{"name":"(Chica-Oh) Drims","mbid":"5596c1eb-5e40-466c-b5f0-ba3ed820a49a","artist":{"name":"El Guincho","mbid":"7e57d8a2-e6eb-48dd-8e50-ff7eaa412ccb"}},"album":{"name":"Pop Negro","mbid":"d1155ca2-d814-4f17-9426-743189f8d853","artist":{"name":"El Guincho","mbid":"7e57d8a2-e6eb-48dd-8e50-ff7eaa412ccb"}}},{"timestamp":{"iso":"2015-02-15T07:04:28","unixtimestamp":1423983868},"track":{"name":"Knife","mbid":"743063db-e9a5-4a7f-bdf0-b20c1e173574","artist":{"name":"Grizzly Bear","mbid":"59a7fbcb-ff74-494d-abd0-9c82359040c9"}},"uncorrectedTrack":{"name":"Knife","mbid":"743063db-e9a5-4a7f-bdf0-b20c1e173574","artist":{"name":"Grizzly Bear","mbid":"59a7fbcb-ff74-494d-abd0-9c82359040c9"}},"album":{"name":"Yellow House","mbid":"e3e77ecb-7d18-3a9a-8c1a-251ebdb150c1","artist":{"name":"Grizzly Bear","mbid":"59a7fbcb-ff74-494d-abd0-9c82359040c9"}},"application":"Last.fm Scrobbler"},{"timestamp":{"iso":"2015-02-15T07:10:32","unixtimestamp":1423984232},"track":{"name":"Temecula Sunrise","mbid":"108cb1e7-56b8-45be-ad3b-78afbb6fe135","artist":{"name":"Dirty Projectors","mbid":"71a94ed8-03cc-459a-bd35-a081ca88a402"}},"uncorrectedTrack":{"name":"Temecula Sunrise","mbid":"108cb1e7-56b8-45be-ad3b-78afbb6fe135","artist":{"name":"Dirty Projectors","mbid":"71a94ed8-03cc-459a-bd35-a081ca88a402"}},"album":{"name":"Bitte Orca","mbid":"5a5b5fe2-0898-3026-afb7-378fb8373752","artist":{"name":"Dirty Projectors","mbid":"71a94ed8-03cc-459a-bd35-a081ca88a402"}},"application":"Last.fm Scrobbler"},{"timestamp":{"iso":"2015-02-15T07:49:01","unixtimestamp":1423986541},"track":{"name":"Boys Latin","mbid":"df37732b-603b-41d1-b9e7-125c56d2c58e","artist":{"name":"Panda Bear","mbid":"fd3c3f9f-a471-498e-ab3a-940ac20b6bbd"}},"uncorrectedTrack":{"name":"Boys Latin","mbid":"df37732b-603b-41d1-b9e7-125c56d2c58e","artist":{"name":"Panda Bear","mbid":"fd3c3f9f-a471-498e-ab3a-940ac20b6bbd"}},"application":"FoxyScrobbler"},{"timestamp":{"iso":"2015-02-15T08:04:04","unixtimestamp":1423987444},"track":{"name":"Impregnable Question","mbid":"caa7a498-b627-4ae5-b8e3-74deb43c32ec","artist":{"name":"Dirty Projectors","mbid":"71a94ed8-03cc-459a-bd35-a081ca88a402"}},"uncorrectedTrack":{"name":"Impregnable Question","mbid":"caa7a498-b627-4ae5-b8e3-74deb43c32ec","artist":{"name":"Dirty Projectors","mbid":"71a94ed8-03cc-459a-bd35-a081ca88a402"}},"application":"FoxyScrobbler"},{"timestamp":{"iso":"2015-02-15T20:34:29","unixtimestamp":1424032469},"track":{"name":"The Bourne Identity Main Title","artist":{"name":"John Powell","mbid":"0214a285-589c-4ead-ae13-feab602d8004"}},"uncorrectedTrack":{"name":"The Bourne Identity Main Title","artist":{"name":"John Powell","mbid":"0214a285-589c-4ead-ae13-feab602d8004"}},"album":{"name":"The Bourne Identity (Original Motion Picture Soundtrack)","artist":{"name":"John Powell","mbid":"0214a285-589c-4ead-ae13-feab602d8004"}}},{"timestamp":{"iso":"2015-02-15T20:38:48","unixtimestamp":1424032728},"track":{"name":"Bourne Gets Well","mbid":"f18b0647-c9b7-4e7d-ad3a-db0b95c2ce43","artist":{"name":"John Powell","mbid":"0214a285-589c-4ead-ae13-feab602d8004"}},"uncorrectedTrack":{"name":"Bourne Gets Well","mbid":"f18b0647-c9b7-4e7d-ad3a-db0b95c2ce43","artist":{"name":"John Powell","mbid":"0214a285-589c-4ead-ae13-feab602d8004"}},"album":{"name":"The Bourne Identity (Original Motion Picture Soundtrack)","artist":{"name":"John Powell","mbid":"0214a285-589c-4ead-ae13-feab602d8004"}}},{"timestamp":{"iso":"2015-02-15T20:41:12","unixtimestamp":1424032872},"track":{"name":"Treadstone Assassins","mbid":"d9eb460a-85a9-4331-bd16-be87b04a36e8","artist":{"name":"John Powell","mbid":"0214a285-589c-4ead-ae13-feab602d8004"}},"uncorrectedTrack":{"name":"Treadstone Assassins","mbid":"d9eb460a-85a9-4331-bd16-be87b04a36e8","artist":{"name":"John Powell","mbid":"0214a285-589c-4ead-ae13-feab602d8004"}},"album":{"name":"The Bourne Identity (Original Motion Picture Soundtrack)","artist":{"name":"John Powell","mbid":"0214a285-589c-4ead-ae13-feab602d8004"}}},{"timestamp":{"iso":"2015-02-15T20:43:24","unixtimestamp":1424033004},"track":{"name":"At The Bank","mbid":"c0b8bd88-8682-4378-9e03-7ebfb4a30551","artist":{"name":"John Powell","mbid":"0214a285-589c-4ead-ae13-feab602d8004"}},"uncorrectedTrack":{"name":"At The Bank","mbid":"c0b8bd88-8682-4378-9e03-7ebfb4a30551","artist":{"name":"John Powell","mbid":"0214a285-589c-4ead-ae13-feab602d8004"}},"album":{"name":"The Bourne Identity (Original Motion Picture Soundtrack)","artist":{"name":"John Powell","mbid":"0214a285-589c-4ead-ae13-feab602d8004"}}},{"timestamp":{"iso":"2015-02-15T20:47:32","unixtimestamp":1424033252},"track":{"name":"Bourne On Land","mbid":"1de3eb7c-2f28-4498-a5ce-fd0725eabd10","artist":{"name":"John Powell","mbid":"0214a285-589c-4ead-ae13-feab602d8004"}},"uncorrectedTrack":{"name":"Bourne On Land","mbid":"1de3eb7c-2f28-4498-a5ce-fd0725eabd10","artist":{"name":"John Powell","mbid":"0214a285-589c-4ead-ae13-feab602d8004"}},"album":{"name":"The Bourne Identity (Original Motion Picture Soundtrack)","artist":{"name":"John Powell","mbid":"0214a285-589c-4ead-ae13-feab602d8004"}}},{"timestamp":{"iso":"2015-02-15T20:49:14","unixtimestamp":1424033354},"track":{"name":"Escape From Embassy","mbid":"314f9e4c-0188-4193-8c78-7d1ca7224fc1","artist":{"name":"John Powell","mbid":"0214a285-589c-4ead-ae13-feab602d8004"}},"uncorrectedTrack":{"name":"Escape From Embassy","mbid":"314f9e4c-0188-4193-8c78-7d1ca7224fc1","artist":{"name":"John Powell","mbid":"0214a285-589c-4ead-ae13-feab602d8004"}},"album":{"name":"The Bourne Identity (Original Motion Picture Soundtrack)","artist":{"name":"John Powell","mbid":"0214a285-589c-4ead-ae13-feab602d8004"}}},{"timestamp":{"iso":"2015-02-15T20:52:27","unixtimestamp":1424033547},"track":{"name":"The Drive To Paris","mbid":"b9f5b06f-d04e-4cd1-9138-a37afacf9601","artist":{"name":"John Powell","mbid":"0214a285-589c-4ead-ae13-feab602d8004"}},"uncorrectedTrack":{"name":"The Drive To Paris","mbid":"b9f5b06f-d04e-4cd1-9138-a37afacf9601","artist":{"name":"John Powell","mbid":"0214a285-589c-4ead-ae13-feab602d8004"}},"album":{"name":"The Bourne Identity (Original Motion Picture Soundtrack)","artist":{"name":"John Powell","mbid":"0214a285-589c-4ead-ae13-feab602d8004"}}},{"timestamp":{"iso":"2015-02-15T20:53:58","unixtimestamp":1424033638},"track":{"name":"The Apartment","mbid":"3b64cceb-49de-4ee0-8cb7-1a385ac0999d","artist":{"name":"John Powell","mbid":"0214a285-589c-4ead-ae13-feab602d8004"}},"uncorrectedTrack":{"name":"The Apartment","mbid":"3b64cceb-49de-4ee0-8cb7-1a385ac0999d","artist":{"name":"John Powell","mbid":"0214a285-589c-4ead-ae13-feab602d8004"}},"album":{"name":"The Bourne Identity (Original Motion Picture Soundtrack)","artist":{"name":"John Powell","mbid":"0214a285-589c-4ead-ae13-feab602d8004"}}},{"timestamp":{"iso":"2015-02-15T21:00:06","unixtimestamp":1424034006},"track":{"name":"The Apartment","mbid":"3b64cceb-49de-4ee0-8cb7-1a385ac0999d","artist":{"name":"John Powell","mbid":"0214a285-589c-4ead-ae13-feab602d8004"}},"uncorrectedTrack":{"name":"The Apartment","mbid":"3b64cceb-49de-4ee0-8cb7-1a385ac0999d","artist":{"name":"John Powell","mbid":"0214a285-589c-4ead-ae13-feab602d8004"}},"album":{"name":"The Bourne Identity","mbid":"056f95df-8f2d-43a0-ba25-a58d5cd74165","artist":{"name":"John Powell","mbid":"0214a285-589c-4ead-ae13-feab602d8004"}},"application":"Grooveshark"},{"timestamp":{"iso":"2015-02-15T21:03:33","unixtimestamp":1424034213},"track":{"name":"At The Hairdressers","mbid":"5a3016aa-f85d-4791-831a-527def1e6b77","artist":{"name":"John Powell","mbid":"0214a285-589c-4ead-ae13-feab602d8004"}},"uncorrectedTrack":{"name":"At The Hairdressers","mbid":"5a3016aa-f85d-4791-831a-527def1e6b77","artist":{"name":"John Powell","mbid":"0214a285-589c-4ead-ae13-feab602d8004"}},"album":{"name":"The Bourne Identity","mbid":"056f95df-8f2d-43a0-ba25-a58d5cd74165","artist":{"name":"John Powell","mbid":"0214a285-589c-4ead-ae13-feab602d8004"}},"application":"Grooveshark"},{"timestamp":{"iso":"2015-02-15T21:05:04","unixtimestamp":1424034304},"track":{"name":"Hotel Regina","mbid":"a22f106e-c714-4e55-ae58-2cd6672ae246","artist":{"name":"John Powell","mbid":"0214a285-589c-4ead-ae13-feab602d8004"}},"uncorrectedTrack":{"name":"Hotel Regina","mbid":"a22f106e-c714-4e55-ae58-2cd6672ae246","artist":{"name":"John Powell","mbid":"0214a285-589c-4ead-ae13-feab602d8004"}},"album":{"name":"The Bourne Identity","mbid":"056f95df-8f2d-43a0-ba25-a58d5cd74165","artist":{"name":"John Powell","mbid":"0214a285-589c-4ead-ae13-feab602d8004"}},"application":"Grooveshark"},{"timestamp":{"iso":"2015-02-15T21:08:57","unixtimestamp":1424034537},"track":{"name":"Taxi Ride","mbid":"dcc24647-210f-4123-a01f-a1ff4a35891e","artist":{"name":"John Powell","mbid":"0214a285-589c-4ead-ae13-feab602d8004"}},"uncorrectedTrack":{"name":"Taxi Ride","mbid":"dcc24647-210f-4123-a01f-a1ff4a35891e","artist":{"name":"John Powell","mbid":"0214a285-589c-4ead-ae13-feab602d8004"}},"album":{"name":"The Bourne Identity","mbid":"056f95df-8f2d-43a0-ba25-a58d5cd74165","artist":{"name":"John Powell","mbid":"0214a285-589c-4ead-ae13-feab602d8004"}},"application":"Grooveshark"},{"timestamp":{"iso":"2015-02-15T21:12:41","unixtimestamp":1424034761},"track":{"name":"At The Farmhouse","mbid":"87681736-5ac0-47fd-b15c-0b1df73b0556","artist":{"name":"John Powell","mbid":"0214a285-589c-4ead-ae13-feab602d8004"}},"uncorrectedTrack":{"name":"At The Farmhouse","mbid":"87681736-5ac0-47fd-b15c-0b1df73b0556","artist":{"name":"John Powell","mbid":"0214a285-589c-4ead-ae13-feab602d8004"}},"album":{"name":"The Bourne Identity","mbid":"056f95df-8f2d-43a0-ba25-a58d5cd74165","artist":{"name":"John Powell","mbid":"0214a285-589c-4ead-ae13-feab602d8004"}},"application":"Grooveshark"},{"timestamp":{"iso":"2015-02-15T21:15:36","unixtimestamp":1424034936},"track":{"name":"Jason Phones It In","mbid":"e5b8796c-dddd-4b46-bf54-64916a441de2","artist":{"name":"John Powell","mbid":"0214a285-589c-4ead-ae13-feab602d8004"}},"uncorrectedTrack":{"name":"Jason Phones It In","mbid":"e5b8796c-dddd-4b46-bf54-64916a441de2","artist":{"name":"John Powell","mbid":"0214a285-589c-4ead-ae13-feab602d8004"}},"album":{"name":"The Bourne Identity","mbid":"056f95df-8f2d-43a0-ba25-a58d5cd74165","artist":{"name":"John Powell","mbid":"0214a285-589c-4ead-ae13-feab602d8004"}},"application":"Grooveshark"},{"timestamp":{"iso":"2015-02-15T21:18:41","unixtimestamp":1424035121},"track":{"name":"On Bridge Number 9","mbid":"f338ec15-c27c-4b1d-9727-2655c1b59afb","artist":{"name":"John Powell","mbid":"0214a285-589c-4ead-ae13-feab602d8004"}},"uncorrectedTrack":{"name":"On Bridge Number 9","mbid":"f338ec15-c27c-4b1d-9727-2655c1b59afb","artist":{"name":"John Powell","mbid":"0214a285-589c-4ead-ae13-feab602d8004"}},"album":{"name":"The Bourne Identity","mbid":"056f95df-8f2d-43a0-ba25-a58d5cd74165","artist":{"name":"John Powell","mbid":"0214a285-589c-4ead-ae13-feab602d8004"}},"application":"Grooveshark"},{"timestamp":{"iso":"2015-02-15T21:22:26","unixtimestamp":1424035346},"track":{"name":"Jason\u0027s Theme","mbid":"ab2074a7-1fea-4aab-8a8b-278cc7058452","artist":{"name":"John Powell","mbid":"0214a285-589c-4ead-ae13-feab602d8004"}},"uncorrectedTrack":{"name":"Jason\u0027s Theme","mbid":"ab2074a7-1fea-4aab-8a8b-278cc7058452","artist":{"name":"John Powell","mbid":"0214a285-589c-4ead-ae13-feab602d8004"}},"album":{"name":"The Bourne Identity","mbid":"056f95df-8f2d-43a0-ba25-a58d5cd74165","artist":{"name":"John Powell","mbid":"0214a285-589c-4ead-ae13-feab602d8004"}},"application":"Grooveshark"},{"timestamp":{"iso":"2015-02-15T21:24:49","unixtimestamp":1424035489},"track":{"name":"Mood Build","mbid":"9a8c34f8-ad55-4494-b296-e6900d7f2240","artist":{"name":"John Powell","mbid":"0214a285-589c-4ead-ae13-feab602d8004"}},"uncorrectedTrack":{"name":"Mood Build","mbid":"9a8c34f8-ad55-4494-b296-e6900d7f2240","artist":{"name":"John Powell","mbid":"0214a285-589c-4ead-ae13-feab602d8004"}},"album":{"name":"The Bourne Identity","mbid":"056f95df-8f2d-43a0-ba25-a58d5cd74165","artist":{"name":"John Powell","mbid":"0214a285-589c-4ead-ae13-feab602d8004"}},"application":"Grooveshark"},{"timestamp":{"iso":"2015-02-15T21:28:26","unixtimestamp":1424035706},"track":{"name":"The Bourne Identity","mbid":"070104c4-f4f5-4dd8-8fa3-4680e97ea6e9","artist":{"name":"John Powell","mbid":"0214a285-589c-4ead-ae13-feab602d8004"}},"uncorrectedTrack":{"name":"The Bourne Identity","mbid":"070104c4-f4f5-4dd8-8fa3-4680e97ea6e9","artist":{"name":"John Powell","mbid":"0214a285-589c-4ead-ae13-feab602d8004"}},"album":{"name":"The Bourne Identity","mbid":"056f95df-8f2d-43a0-ba25-a58d5cd74165","artist":{"name":"John Powell","mbid":"0214a285-589c-4ead-ae13-feab602d8004"}},"application":"Grooveshark"},{"timestamp":{"iso":"2015-02-15T21:34:25","unixtimestamp":1424036065},"track":{"name":"Drum And Bass Remix","mbid":"98c61ca6-16b5-4688-be26-da5c29491894","artist":{"name":"John Powell","mbid":"0214a285-589c-4ead-ae13-feab602d8004"}},"uncorrectedTrack":{"name":"Drum And Bass Remix","mbid":"98c61ca6-16b5-4688-be26-da5c29491894","artist":{"name":"John Powell","mbid":"0214a285-589c-4ead-ae13-feab602d8004"}},"album":{"name":"The Bourne Identity","mbid":"056f95df-8f2d-43a0-ba25-a58d5cd74165","artist":{"name":"John Powell","mbid":"0214a285-589c-4ead-ae13-feab602d8004"}},"application":"Grooveshark"},{"timestamp":{"iso":"2015-02-16T08:34:24","unixtimestamp":1424075664},"track":{"name":"Boys Latin","mbid":"df37732b-603b-41d1-b9e7-125c56d2c58e","artist":{"name":"Panda Bear","mbid":"fd3c3f9f-a471-498e-ab3a-940ac20b6bbd"}},"uncorrectedTrack":{"name":"Boys Latin","mbid":"df37732b-603b-41d1-b9e7-125c56d2c58e","artist":{"name":"Panda Bear","mbid":"fd3c3f9f-a471-498e-ab3a-940ac20b6bbd"}},"application":"FoxyScrobbler"},{"timestamp":{"iso":"2015-02-16T08:44:06","unixtimestamp":1424076246},"track":{"name":"Boys Latin (Union Transfer 5-17-2014)","artist":{"name":"Panda Bear","mbid":"fd3c3f9f-a471-498e-ab3a-940ac20b6bbd"}},"uncorrectedTrack":{"name":"Boys Latin (Union Transfer 5-17-2014)","artist":{"name":"Panda Bear","mbid":"fd3c3f9f-a471-498e-ab3a-940ac20b6bbd"}},"application":"FoxyScrobbler"},{"timestamp":{"iso":"2015-02-16T08:47:22","unixtimestamp":1424076442},"track":{"name":"Boys Latin","mbid":"df37732b-603b-41d1-b9e7-125c56d2c58e","artist":{"name":"Panda Bear","mbid":"fd3c3f9f-a471-498e-ab3a-940ac20b6bbd"}},"uncorrectedTrack":{"name":"Boys Latin","mbid":"df37732b-603b-41d1-b9e7-125c56d2c58e","artist":{"name":"Panda Bear","mbid":"fd3c3f9f-a471-498e-ab3a-940ac20b6bbd"}},"album":{"name":"Panda Bear Meets the Grim Reaper","mbid":"486252bb-3639-4ee2-a53e-149a1550b2c4","artist":{"name":"Panda Bear","mbid":"fd3c3f9f-a471-498e-ab3a-940ac20b6bbd"}},"application":"Grooveshark"},{"timestamp":{"iso":"2015-02-17T19:17:57","unixtimestamp":1424200677},"track":{"name":"The Bourne Identity - 10 - Hotel Regina","artist":{"name":"John Powell","mbid":"0214a285-589c-4ead-ae13-feab602d8004"}},"uncorrectedTrack":{"name":"The Bourne Identity - 10 - Hotel Regina","artist":{"name":"John Powell","mbid":"0214a285-589c-4ead-ae13-feab602d8004"}},"album":{"name":"The Bourne Identity","mbid":"056f95df-8f2d-43a0-ba25-a58d5cd74165","artist":{"name":"John Powell","mbid":"0214a285-589c-4ead-ae13-feab602d8004"}},"application":"Grooveshark"},{"timestamp":{"iso":"2015-02-17T19:20:09","unixtimestamp":1424200809},"track":{"name":"Main Titles","mbid":"6c41bfd7-3726-479b-a67e-eeea62bfc800","artist":{"name":"John Powell","mbid":"0214a285-589c-4ead-ae13-feab602d8004"}},"uncorrectedTrack":{"name":"Main Titles","mbid":"6c41bfd7-3726-479b-a67e-eeea62bfc800","artist":{"name":"John Powell","mbid":"0214a285-589c-4ead-ae13-feab602d8004"}},"album":{"name":"The Bourne Identity","mbid":"056f95df-8f2d-43a0-ba25-a58d5cd74165","artist":{"name":"John Powell","mbid":"0214a285-589c-4ead-ae13-feab602d8004"}},"application":"Grooveshark"},{"timestamp":{"iso":"2015-02-17T19:24:25","unixtimestamp":1424201065},"track":{"name":"Bourne Gets Well","mbid":"f18b0647-c9b7-4e7d-ad3a-db0b95c2ce43","artist":{"name":"John Powell","mbid":"0214a285-589c-4ead-ae13-feab602d8004"}},"uncorrectedTrack":{"name":"Bourne Gets Well","mbid":"f18b0647-c9b7-4e7d-ad3a-db0b95c2ce43","artist":{"name":"John Powell","mbid":"0214a285-589c-4ead-ae13-feab602d8004"}},"album":{"name":"The Bourne Identity","mbid":"056f95df-8f2d-43a0-ba25-a58d5cd74165","artist":{"name":"John Powell","mbid":"0214a285-589c-4ead-ae13-feab602d8004"}},"application":"Grooveshark"},{"timestamp":{"iso":"2015-02-17T19:25:47","unixtimestamp":1424201147},"track":{"name":"Treadstone Assassins","mbid":"d9eb460a-85a9-4331-bd16-be87b04a36e8","artist":{"name":"John Powell","mbid":"0214a285-589c-4ead-ae13-feab602d8004"}},"uncorrectedTrack":{"name":"Treadstone Assassins","mbid":"d9eb460a-85a9-4331-bd16-be87b04a36e8","artist":{"name":"John Powell","mbid":"0214a285-589c-4ead-ae13-feab602d8004"}},"album":{"name":"The Bourne Identity","mbid":"056f95df-8f2d-43a0-ba25-a58d5cd74165","artist":{"name":"John Powell","mbid":"0214a285-589c-4ead-ae13-feab602d8004"}},"application":"Grooveshark"},{"timestamp":{"iso":"2015-02-17T19:27:59","unixtimestamp":1424201279},"track":{"name":"At The Bank","mbid":"c0b8bd88-8682-4378-9e03-7ebfb4a30551","artist":{"name":"John Powell","mbid":"0214a285-589c-4ead-ae13-feab602d8004"}},"uncorrectedTrack":{"name":"At The Bank","mbid":"c0b8bd88-8682-4378-9e03-7ebfb4a30551","artist":{"name":"John Powell","mbid":"0214a285-589c-4ead-ae13-feab602d8004"}},"album":{"name":"The Bourne Identity","mbid":"056f95df-8f2d-43a0-ba25-a58d5cd74165","artist":{"name":"John Powell","mbid":"0214a285-589c-4ead-ae13-feab602d8004"}},"application":"Grooveshark"},{"timestamp":{"iso":"2015-02-17T19:32:06","unixtimestamp":1424201526},"track":{"name":"Bourne On Land","mbid":"1de3eb7c-2f28-4498-a5ce-fd0725eabd10","artist":{"name":"John Powell","mbid":"0214a285-589c-4ead-ae13-feab602d8004"}},"uncorrectedTrack":{"name":"Bourne On Land","mbid":"1de3eb7c-2f28-4498-a5ce-fd0725eabd10","artist":{"name":"John Powell","mbid":"0214a285-589c-4ead-ae13-feab602d8004"}},"album":{"name":"The Bourne Identity","mbid":"056f95df-8f2d-43a0-ba25-a58d5cd74165","artist":{"name":"John Powell","mbid":"0214a285-589c-4ead-ae13-feab602d8004"}},"application":"Grooveshark"},{"timestamp":{"iso":"2015-02-17T19:33:49","unixtimestamp":1424201629},"track":{"name":"Escape From Embassy","mbid":"314f9e4c-0188-4193-8c78-7d1ca7224fc1","artist":{"name":"John Powell","mbid":"0214a285-589c-4ead-ae13-feab602d8004"}},"uncorrectedTrack":{"name":"Escape From Embassy","mbid":"314f9e4c-0188-4193-8c78-7d1ca7224fc1","artist":{"name":"John Powell","mbid":"0214a285-589c-4ead-ae13-feab602d8004"}},"album":{"name":"The Bourne Identity","mbid":"056f95df-8f2d-43a0-ba25-a58d5cd74165","artist":{"name":"John Powell","mbid":"0214a285-589c-4ead-ae13-feab602d8004"}},"application":"Grooveshark"},{"timestamp":{"iso":"2015-02-17T19:38:35","unixtimestamp":1424201915},"track":{"name":"The Apartment","mbid":"3b64cceb-49de-4ee0-8cb7-1a385ac0999d","artist":{"name":"John Powell","mbid":"0214a285-589c-4ead-ae13-feab602d8004"}},"uncorrectedTrack":{"name":"The Apartment","mbid":"3b64cceb-49de-4ee0-8cb7-1a385ac0999d","artist":{"name":"John Powell","mbid":"0214a285-589c-4ead-ae13-feab602d8004"}},"album":{"name":"The Bourne Identity","mbid":"056f95df-8f2d-43a0-ba25-a58d5cd74165","artist":{"name":"John Powell","mbid":"0214a285-589c-4ead-ae13-feab602d8004"}},"application":"Grooveshark"},{"timestamp":{"iso":"2015-02-17T19:42:02","unixtimestamp":1424202122},"track":{"name":"At The Hairdressers","mbid":"5a3016aa-f85d-4791-831a-527def1e6b77","artist":{"name":"John Powell","mbid":"0214a285-589c-4ead-ae13-feab602d8004"}},"uncorrectedTrack":{"name":"At The Hairdressers","mbid":"5a3016aa-f85d-4791-831a-527def1e6b77","artist":{"name":"John Powell","mbid":"0214a285-589c-4ead-ae13-feab602d8004"}},"album":{"name":"The Bourne Identity","mbid":"056f95df-8f2d-43a0-ba25-a58d5cd74165","artist":{"name":"John Powell","mbid":"0214a285-589c-4ead-ae13-feab602d8004"}},"application":"Grooveshark"},{"timestamp":{"iso":"2015-02-17T19:43:33","unixtimestamp":1424202213},"track":{"name":"Hotel Regina","mbid":"a22f106e-c714-4e55-ae58-2cd6672ae246","artist":{"name":"John Powell","mbid":"0214a285-589c-4ead-ae13-feab602d8004"}},"uncorrectedTrack":{"name":"Hotel Regina","mbid":"a22f106e-c714-4e55-ae58-2cd6672ae246","artist":{"name":"John Powell","mbid":"0214a285-589c-4ead-ae13-feab602d8004"}},"album":{"name":"The Bourne Identity","mbid":"056f95df-8f2d-43a0-ba25-a58d5cd74165","artist":{"name":"John Powell","mbid":"0214a285-589c-4ead-ae13-feab602d8004"}},"application":"Grooveshark"},{"timestamp":{"iso":"2015-02-17T19:47:26","unixtimestamp":1424202446},"track":{"name":"Taxi Ride","mbid":"dcc24647-210f-4123-a01f-a1ff4a35891e","artist":{"name":"John Powell","mbid":"0214a285-589c-4ead-ae13-feab602d8004"}},"uncorrectedTrack":{"name":"Taxi Ride","mbid":"dcc24647-210f-4123-a01f-a1ff4a35891e","artist":{"name":"John Powell","mbid":"0214a285-589c-4ead-ae13-feab602d8004"}},"album":{"name":"The Bourne Identity","mbid":"056f95df-8f2d-43a0-ba25-a58d5cd74165","artist":{"name":"John Powell","mbid":"0214a285-589c-4ead-ae13-feab602d8004"}},"application":"Grooveshark"},{"timestamp":{"iso":"2015-02-17T19:53:19","unixtimestamp":1424202799},"track":{"name":"Still D.R.E. ft. Snoop Dogg","artist":{"name":"Dr. Dre","mbid":"5f6ab597-f57a-40da-be9e-adad48708203"}},"uncorrectedTrack":{"name":"Still D.R.E. ft. Snoop Dogg","artist":{"name":"Dr. Dre","mbid":"5f6ab597-f57a-40da-be9e-adad48708203"}},"application":"FoxyScrobbler"},{"timestamp":{"iso":"2015-02-18T01:33:44","unixtimestamp":1424223224},"track":{"name":"1009","mbid":"c4590d2c-f7bc-444a-9e0c-b301b554b534","artist":{"name":"Bonobo","mbid":"6f7dea51-1d02-4be1-b138-92078518350c"}},"uncorrectedTrack":{"name":"1009","mbid":"c4590d2c-f7bc-444a-9e0c-b301b554b534","artist":{"name":"Bonobo","mbid":"6f7dea51-1d02-4be1-b138-92078518350c"}},"album":{"name":"Black Sands","mbid":"6b575427-f110-4c22-bdeb-89620f534da2","artist":{"name":"Bonobo","mbid":"6f7dea51-1d02-4be1-b138-92078518350c"}}},{"timestamp":{"iso":"2015-02-18T01:38:57","unixtimestamp":1424223537},"track":{"name":"All That You Give","mbid":"91247ee5-9e3d-401c-b5b2-8bf63c11ec71","artist":{"name":"The Cinematic Orchestra","mbid":"7c158ea8-c0aa-410e-bdc1-20bba9759577"}},"uncorrectedTrack":{"name":"All That You Give","mbid":"91247ee5-9e3d-401c-b5b2-8bf63c11ec71","artist":{"name":"The Cinematic Orchestra","mbid":"7c158ea8-c0aa-410e-bdc1-20bba9759577"}},"album":{"name":"Every Day","mbid":"44270faa-917a-4415-be27-d7f0aab94d52","artist":{"name":"The Cinematic Orchestra","mbid":"7c158ea8-c0aa-410e-bdc1-20bba9759577"}},"application":"Grooveshark"},{"timestamp":{"iso":"2015-02-18T01:45:03","unixtimestamp":1424223903},"track":{"name":"Cinematic Orchestra - Burn Out","artist":{"name":"The Cinematic Orchestra","mbid":"7c158ea8-c0aa-410e-bdc1-20bba9759577"}},"uncorrectedTrack":{"name":"Cinematic Orchestra - Burn Out","artist":{"name":"The Cinematic Orchestra","mbid":"7c158ea8-c0aa-410e-bdc1-20bba9759577"}},"album":{"name":"Every Day","mbid":"44270faa-917a-4415-be27-d7f0aab94d52","artist":{"name":"The Cinematic Orchestra","mbid":"7c158ea8-c0aa-410e-bdc1-20bba9759577"}},"application":"Grooveshark"},{"timestamp":{"iso":"2015-02-18T01:55:17","unixtimestamp":1424224517},"track":{"name":"Cinematic Orchestra - Flite","artist":{"name":"The Cinematic Orchestra","mbid":"7c158ea8-c0aa-410e-bdc1-20bba9759577"}},"uncorrectedTrack":{"name":"Cinematic Orchestra - Flite","artist":{"name":"The Cinematic Orchestra","mbid":"7c158ea8-c0aa-410e-bdc1-20bba9759577"}},"album":{"name":"Every Day","mbid":"44270faa-917a-4415-be27-d7f0aab94d52","artist":{"name":"The Cinematic Orchestra","mbid":"7c158ea8-c0aa-410e-bdc1-20bba9759577"}},"application":"Grooveshark"},{"timestamp":{"iso":"2015-02-18T02:01:52","unixtimestamp":1424224912},"track":{"name":"Man With the Movie Camera","mbid":"2ff9c10a-76b8-4633-90cd-7d07b07270a7","artist":{"name":"The Cinematic Orchestra","mbid":"7c158ea8-c0aa-410e-bdc1-20bba9759577"}},"uncorrectedTrack":{"name":"Man With the Movie Camera","mbid":"2ff9c10a-76b8-4633-90cd-7d07b07270a7","artist":{"name":"The Cinematic Orchestra","mbid":"7c158ea8-c0aa-410e-bdc1-20bba9759577"}},"album":{"name":"Every Day","mbid":"44270faa-917a-4415-be27-d7f0aab94d52","artist":{"name":"The Cinematic Orchestra","mbid":"7c158ea8-c0aa-410e-bdc1-20bba9759577"}},"application":"Grooveshark"},{"timestamp":{"iso":"2015-02-18T02:11:02","unixtimestamp":1424225462},"track":{"name":"Cinematic Orchestra - Everyday","artist":{"name":"The Cinematic Orchestra","mbid":"7c158ea8-c0aa-410e-bdc1-20bba9759577"}},"uncorrectedTrack":{"name":"Cinematic Orchestra - Everyday","artist":{"name":"The Cinematic Orchestra","mbid":"7c158ea8-c0aa-410e-bdc1-20bba9759577"}},"album":{"name":"Every Day","mbid":"44270faa-917a-4415-be27-d7f0aab94d52","artist":{"name":"The Cinematic Orchestra","mbid":"7c158ea8-c0aa-410e-bdc1-20bba9759577"}},"application":"Grooveshark"},{"timestamp":{"iso":"2015-02-18T02:21:21","unixtimestamp":1424226081},"track":{"name":"Oregon (Japanese bonus track)","artist":{"name":"The Cinematic Orchestra","mbid":"7c158ea8-c0aa-410e-bdc1-20bba9759577"}},"uncorrectedTrack":{"name":"Oregon (Japanese bonus track)","artist":{"name":"The Cinematic Orchestra","mbid":"7c158ea8-c0aa-410e-bdc1-20bba9759577"}},"album":{"name":"Every Day","mbid":"44270faa-917a-4415-be27-d7f0aab94d52","artist":{"name":"The Cinematic Orchestra","mbid":"7c158ea8-c0aa-410e-bdc1-20bba9759577"}},"application":"Grooveshark"},{"timestamp":{"iso":"2015-02-18T02:25:33","unixtimestamp":1424226333},"track":{"name":"Horizon (feat. Niara Scarlett)","mbid":"7bdf3c32-b9fb-4a88-b996-bfcab2bf8438","artist":{"name":"The Cinematic Orchestra","mbid":"7c158ea8-c0aa-410e-bdc1-20bba9759577"}},"uncorrectedTrack":{"name":"Horizon (feat. Niara Scarlett)","mbid":"7bdf3c32-b9fb-4a88-b996-bfcab2bf8438","artist":{"name":"The Cinematic Orchestra","mbid":"7c158ea8-c0aa-410e-bdc1-20bba9759577"}},"album":{"name":"Every Day","mbid":"44270faa-917a-4415-be27-d7f0aab94d52","artist":{"name":"The Cinematic Orchestra","mbid":"7c158ea8-c0aa-410e-bdc1-20bba9759577"}},"application":"Grooveshark"},{"timestamp":{"iso":"2015-02-18T02:30:37","unixtimestamp":1424226637},"track":{"name":"Time and Space","mbid":"2cc6550b-b89b-4c43-99f3-78c531e7af36","artist":{"name":"The Cinematic Orchestra","mbid":"7c158ea8-c0aa-410e-bdc1-20bba9759577"}},"uncorrectedTrack":{"name":"Time and Space","mbid":"2cc6550b-b89b-4c43-99f3-78c531e7af36","artist":{"name":"The Cinematic Orchestra","mbid":"7c158ea8-c0aa-410e-bdc1-20bba9759577"}},"album":{"name":"Ma Fleur","mbid":"63ebd406-fd8c-4382-a4b8-08b5d205c2c3","artist":{"name":"The Cinematic Orchestra","mbid":"7c158ea8-c0aa-410e-bdc1-20bba9759577"}},"application":"Grooveshark"},{"timestamp":{"iso":"2015-02-18T02:39:20","unixtimestamp":1424227160},"track":{"name":"Time \u0026 Space","mbid":"1c615861-b739-4fff-9037-ba1090446624","artist":{"name":"The Cinematic Orchestra","mbid":"7c158ea8-c0aa-410e-bdc1-20bba9759577"}},"uncorrectedTrack":{"name":"Time \u0026 Space","mbid":"1c615861-b739-4fff-9037-ba1090446624","artist":{"name":"The Cinematic Orchestra","mbid":"7c158ea8-c0aa-410e-bdc1-20bba9759577"}},"album":{"name":"Ma Fleur","mbid":"63ebd406-fd8c-4382-a4b8-08b5d205c2c3","artist":{"name":"The Cinematic Orchestra","mbid":"7c158ea8-c0aa-410e-bdc1-20bba9759577"}},"application":"Grooveshark"},{"timestamp":{"iso":"2015-02-18T02:48:04","unixtimestamp":1424227684},"track":{"name":"Bonus - Colours","artist":{"name":"The Cinematic Orchestra","mbid":"7c158ea8-c0aa-410e-bdc1-20bba9759577"}},"uncorrectedTrack":{"name":"Bonus - Colours","artist":{"name":"The Cinematic Orchestra","mbid":"7c158ea8-c0aa-410e-bdc1-20bba9759577"}},"album":{"name":"Ma Fleur","mbid":"63ebd406-fd8c-4382-a4b8-08b5d205c2c3","artist":{"name":"The Cinematic Orchestra","mbid":"7c158ea8-c0aa-410e-bdc1-20bba9759577"}},"application":"Grooveshark"},{"timestamp":{"iso":"2015-02-18T02:52:23","unixtimestamp":1424227943},"track":{"name":"Bonus - to Build a Home (Edit Ft Patrick Watson)Bonus - to Build a Home (Edit Ft Patrick Watson)","artist":{"name":"The Cinematic Orchestra","mbid":"7c158ea8-c0aa-410e-bdc1-20bba9759577"}},"uncorrectedTrack":{"name":"Bonus - to Build a Home (Edit Ft Patrick Watson)Bonus - to Build a Home (Edit Ft Patrick Watson)","artist":{"name":"The Cinematic Orchestra","mbid":"7c158ea8-c0aa-410e-bdc1-20bba9759577"}},"album":{"name":"Ma Fleur","mbid":"63ebd406-fd8c-4382-a4b8-08b5d205c2c3","artist":{"name":"The Cinematic Orchestra","mbid":"7c158ea8-c0aa-410e-bdc1-20bba9759577"}},"application":"Grooveshark"},{"timestamp":{"iso":"2015-02-18T02:57:32","unixtimestamp":1424228252},"track":{"name":"Swing","mbid":"6fbaf0dc-9cf2-40ee-948c-79e472619c32","artist":{"name":"Zero 7","mbid":"c23b637b-97c6-41eb-8ef6-6c724efc80a8"}},"uncorrectedTrack":{"name":"Swing","mbid":"6fbaf0dc-9cf2-40ee-948c-79e472619c32","artist":{"name":"Zero 7","mbid":"c23b637b-97c6-41eb-8ef6-6c724efc80a8"}},"album":{"name":"Yeah Ghost","mbid":"a5aa0407-d38b-4c61-aa8b-31ed759a79df","artist":{"name":"Zero 7","mbid":"c23b637b-97c6-41eb-8ef6-6c724efc80a8"}},"application":"Grooveshark"},{"timestamp":{"iso":"2015-02-18T03:01:30","unixtimestamp":1424228490},"track":{"name":"Everything Up (Zizou)","mbid":"1e6fdf79-5f15-475e-95f1-5bea4db5e736","artist":{"name":"Zero 7","mbid":"c23b637b-97c6-41eb-8ef6-6c724efc80a8"}},"uncorrectedTrack":{"name":"Everything Up (Zizou)","mbid":"1e6fdf79-5f15-475e-95f1-5bea4db5e736","artist":{"name":"Zero 7","mbid":"c23b637b-97c6-41eb-8ef6-6c724efc80a8"}},"album":{"name":"Yeah Ghost","mbid":"a5aa0407-d38b-4c61-aa8b-31ed759a79df","artist":{"name":"Zero 7","mbid":"c23b637b-97c6-41eb-8ef6-6c724efc80a8"}},"application":"Grooveshark"},{"timestamp":{"iso":"2015-02-18T03:06:50","unixtimestamp":1424228810},"track":{"name":"Pop Art Blue","mbid":"b9a528ce-a969-4513-a207-af00c8714da8","artist":{"name":"Zero 7","mbid":"c23b637b-97c6-41eb-8ef6-6c724efc80a8"}},"uncorrectedTrack":{"name":"Pop Art Blue","mbid":"b9a528ce-a969-4513-a207-af00c8714da8","artist":{"name":"Zero 7","mbid":"c23b637b-97c6-41eb-8ef6-6c724efc80a8"}},"album":{"name":"Yeah Ghost","mbid":"a5aa0407-d38b-4c61-aa8b-31ed759a79df","artist":{"name":"Zero 7","mbid":"c23b637b-97c6-41eb-8ef6-6c724efc80a8"}},"application":"Grooveshark"},{"timestamp":{"iso":"2015-02-18T03:13:52","unixtimestamp":1424229232},"track":{"name":"Black Sands","mbid":"8b86ceb3-0aae-44ca-9462-546b10bd1b24","artist":{"name":"Bonobo","mbid":"6f7dea51-1d02-4be1-b138-92078518350c"}},"uncorrectedTrack":{"name":"Black Sands","mbid":"8b86ceb3-0aae-44ca-9462-546b10bd1b24","artist":{"name":"Bonobo","mbid":"6f7dea51-1d02-4be1-b138-92078518350c"}},"album":{"name":"Black Sands","mbid":"6b575427-f110-4c22-bdeb-89620f534da2","artist":{"name":"Bonobo","mbid":"6f7dea51-1d02-4be1-b138-92078518350c"}},"application":"Grooveshark"},{"timestamp":{"iso":"2015-02-18T03:20:41","unixtimestamp":1424229641},"track":{"name":"Kiara","mbid":"da17946e-5e74-4c02-a474-6cd8e321b96a","artist":{"name":"Bonobo","mbid":"6f7dea51-1d02-4be1-b138-92078518350c"}},"uncorrectedTrack":{"name":"Kiara","mbid":"da17946e-5e74-4c02-a474-6cd8e321b96a","artist":{"name":"Bonobo","mbid":"6f7dea51-1d02-4be1-b138-92078518350c"}},"album":{"name":"Black Sands","mbid":"6b575427-f110-4c22-bdeb-89620f534da2","artist":{"name":"Bonobo","mbid":"6f7dea51-1d02-4be1-b138-92078518350c"}},"application":"Grooveshark"},{"timestamp":{"iso":"2015-02-18T03:24:31","unixtimestamp":1424229871},"track":{"name":"Animals","mbid":"39fb73ca-1148-4d50-89ec-81918af14565","artist":{"name":"Bonobo","mbid":"6f7dea51-1d02-4be1-b138-92078518350c"}},"uncorrectedTrack":{"name":"Animals","mbid":"39fb73ca-1148-4d50-89ec-81918af14565","artist":{"name":"Bonobo","mbid":"6f7dea51-1d02-4be1-b138-92078518350c"}},"album":{"name":"Black Sands","mbid":"6b575427-f110-4c22-bdeb-89620f534da2","artist":{"name":"Bonobo","mbid":"6f7dea51-1d02-4be1-b138-92078518350c"}},"application":"Grooveshark"},{"timestamp":{"iso":"2015-02-19T19:25:00","unixtimestamp":1424373900},"track":{"name":"A Town Called Obsolete","mbid":"9670e5c9-bec8-44df-91d2-a190de496537","artist":{"name":"Andreya Triana","mbid":"f7533313-24a9-490a-a648-700167d42ae6"}},"uncorrectedTrack":{"name":"A Town Called Obsolete","mbid":"9670e5c9-bec8-44df-91d2-a190de496537","artist":{"name":"Andreya Triana","mbid":"f7533313-24a9-490a-a648-700167d42ae6"}},"album":{"name":"A Town Called Obsolete","mbid":"4fc0da74-eef5-49a2-b569-1b917c799c5b","artist":{"name":"Andreya Triana","mbid":"f7533313-24a9-490a-a648-700167d42ae6"}}},{"timestamp":{"iso":"2015-02-19T19:29:04","unixtimestamp":1424374144},"track":{"name":"A Town Called Obsolete","mbid":"9670e5c9-bec8-44df-91d2-a190de496537","artist":{"name":"Andreya Triana","mbid":"f7533313-24a9-490a-a648-700167d42ae6"}},"uncorrectedTrack":{"name":"A Town Called Obsolete","mbid":"9670e5c9-bec8-44df-91d2-a190de496537","artist":{"name":"Andreya Triana","mbid":"f7533313-24a9-490a-a648-700167d42ae6"}},"album":{"name":"A Town Called Obsolete","mbid":"4fc0da74-eef5-49a2-b569-1b917c799c5b","artist":{"name":"Andreya Triana","mbid":"f7533313-24a9-490a-a648-700167d42ae6"}}},{"timestamp":{"iso":"2015-02-19T19:32:10","unixtimestamp":1424374330},"track":{"name":"All in Forms","mbid":"ad5f9b99-a598-407a-981c-617e88d4e3de","artist":{"name":"Bonobo","mbid":"6f7dea51-1d02-4be1-b138-92078518350c"}},"uncorrectedTrack":{"name":"All in Forms","mbid":"ad5f9b99-a598-407a-981c-617e88d4e3de","artist":{"name":"Bonobo","mbid":"6f7dea51-1d02-4be1-b138-92078518350c"}},"album":{"name":"Black Sands","mbid":"6b575427-f110-4c22-bdeb-89620f534da2","artist":{"name":"Bonobo","mbid":"6f7dea51-1d02-4be1-b138-92078518350c"}}},{"timestamp":{"iso":"2015-02-19T19:37:02","unixtimestamp":1424374622},"track":{"name":"Animals","mbid":"39fb73ca-1148-4d50-89ec-81918af14565","artist":{"name":"Bonobo","mbid":"6f7dea51-1d02-4be1-b138-92078518350c"}},"uncorrectedTrack":{"name":"Animals","mbid":"39fb73ca-1148-4d50-89ec-81918af14565","artist":{"name":"Bonobo","mbid":"6f7dea51-1d02-4be1-b138-92078518350c"}},"album":{"name":"Black Sands","mbid":"6b575427-f110-4c22-bdeb-89620f534da2","artist":{"name":"Bonobo","mbid":"6f7dea51-1d02-4be1-b138-92078518350c"}}},{"timestamp":{"iso":"2015-02-19T19:44:49","unixtimestamp":1424375089},"track":{"name":"Between The Lines","mbid":"8c45d1ad-a17e-47d3-9b2e-9bcf5312519f","artist":{"name":"Bonobo","mbid":"6f7dea51-1d02-4be1-b138-92078518350c"}},"uncorrectedTrack":{"name":"Between The Lines","mbid":"8c45d1ad-a17e-47d3-9b2e-9bcf5312519f","artist":{"name":"Bonobo","mbid":"6f7dea51-1d02-4be1-b138-92078518350c"}},"album":{"name":"Days to Come","mbid":"6e99b4b6-42ca-4187-8249-68edaed60fe5","artist":{"name":"Bonobo","mbid":"6f7dea51-1d02-4be1-b138-92078518350c"}}},{"timestamp":{"iso":"2015-02-19T19:49:26","unixtimestamp":1424375366},"track":{"name":"Between The Lines (instrumental)","mbid":"0ca7c046-027a-41c7-9c5b-d0f56ca5c684","artist":{"name":"Bonobo","mbid":"6f7dea51-1d02-4be1-b138-92078518350c"}},"uncorrectedTrack":{"name":"Between The Lines - Instrumental","artist":{"name":"Bonobo","mbid":"6f7dea51-1d02-4be1-b138-92078518350c"}},"album":{"name":"Days to Come","mbid":"6e99b4b6-42ca-4187-8249-68edaed60fe5","artist":{"name":"Bonobo","mbid":"6f7dea51-1d02-4be1-b138-92078518350c"}}},{"timestamp":{"iso":"2015-02-19T20:19:49","unixtimestamp":1424377189},"track":{"name":"The Fever","mbid":"23590d06-e772-4c43-8ba6-9227b54f348f","artist":{"name":"Bonobo","mbid":"6f7dea51-1d02-4be1-b138-92078518350c"}},"uncorrectedTrack":{"name":"The Fever","mbid":"23590d06-e772-4c43-8ba6-9227b54f348f","artist":{"name":"Bonobo","mbid":"6f7dea51-1d02-4be1-b138-92078518350c"}},"album":{"name":"Days to Come","mbid":"6e99b4b6-42ca-4187-8249-68edaed60fe5","artist":{"name":"Bonobo","mbid":"6f7dea51-1d02-4be1-b138-92078518350c"}}},{"timestamp":{"iso":"2015-02-20T17:03:49","unixtimestamp":1424451829},"track":{"name":"Satyam Shivam Sundaram","mbid":"259fd37d-95a6-4a81-8461-9eaec22bedcd","artist":{"name":"Thievery Corporation","mbid":"a505bb48-ad65-4af4-ae47-29149715bff9"}},"uncorrectedTrack":{"name":"Satyam Shivam Sundaram","mbid":"259fd37d-95a6-4a81-8461-9eaec22bedcd","artist":{"name":"Thievery Corporation","mbid":"a505bb48-ad65-4af4-ae47-29149715bff9"}},"album":{"name":"It Takes a Thief","mbid":"f6d2ece4-ee04-495a-bf3d-03cff82b1dcd","artist":{"name":"Thievery Corporation","mbid":"a505bb48-ad65-4af4-ae47-29149715bff9"}}},{"timestamp":{"iso":"2015-02-20T17:07:48","unixtimestamp":1424452068},"track":{"name":"All That We Perceive","mbid":"2a19ca23-6f6d-41ab-aec8-8385229f3a35","artist":{"name":"Thievery Corporation","mbid":"a505bb48-ad65-4af4-ae47-29149715bff9"}},"uncorrectedTrack":{"name":"All That We Perceive","mbid":"2a19ca23-6f6d-41ab-aec8-8385229f3a35","artist":{"name":"Thievery Corporation","mbid":"a505bb48-ad65-4af4-ae47-29149715bff9"}},"album":{"name":"It Takes a Thief","mbid":"f6d2ece4-ee04-495a-bf3d-03cff82b1dcd","artist":{"name":"Thievery Corporation","mbid":"a505bb48-ad65-4af4-ae47-29149715bff9"}}},{"timestamp":{"iso":"2015-02-20T17:11:34","unixtimestamp":1424452294},"track":{"name":"Air Batucada","mbid":"a933fcad-659b-448a-8806-267eaf545fee","artist":{"name":"Thievery Corporation","mbid":"a505bb48-ad65-4af4-ae47-29149715bff9"}},"uncorrectedTrack":{"name":"Air Batucada","mbid":"a933fcad-659b-448a-8806-267eaf545fee","artist":{"name":"Thievery Corporation","mbid":"a505bb48-ad65-4af4-ae47-29149715bff9"}},"album":{"name":"It Takes a Thief","mbid":"f6d2ece4-ee04-495a-bf3d-03cff82b1dcd","artist":{"name":"Thievery Corporation","mbid":"a505bb48-ad65-4af4-ae47-29149715bff9"}}},{"timestamp":{"iso":"2015-02-20T17:17:23","unixtimestamp":1424452643},"track":{"name":"Exilio (Rewound)","mbid":"d660ded0-d009-46bc-a7f6-25ff6c4ff1b6","artist":{"name":"Thievery Corporation","mbid":"a505bb48-ad65-4af4-ae47-29149715bff9"}},"uncorrectedTrack":{"name":"Exilio (Rewound)","mbid":"d660ded0-d009-46bc-a7f6-25ff6c4ff1b6","artist":{"name":"Thievery Corporation","mbid":"a505bb48-ad65-4af4-ae47-29149715bff9"}},"album":{"name":"It Takes a Thief","mbid":"f6d2ece4-ee04-495a-bf3d-03cff82b1dcd","artist":{"name":"Thievery Corporation","mbid":"a505bb48-ad65-4af4-ae47-29149715bff9"}}},{"timestamp":{"iso":"2015-02-20T17:23:06","unixtimestamp":1424452986},"track":{"name":"Vampires","mbid":"71c05138-f973-4dbb-8b71-cbb83af70619","artist":{"name":"Thievery Corporation","mbid":"a505bb48-ad65-4af4-ae47-29149715bff9"}},"uncorrectedTrack":{"name":"Vampires","mbid":"71c05138-f973-4dbb-8b71-cbb83af70619","artist":{"name":"Thievery Corporation","mbid":"a505bb48-ad65-4af4-ae47-29149715bff9"}},"album":{"name":"It Takes a Thief","mbid":"f6d2ece4-ee04-495a-bf3d-03cff82b1dcd","artist":{"name":"Thievery Corporation","mbid":"a505bb48-ad65-4af4-ae47-29149715bff9"}}},{"timestamp":{"iso":"2015-02-20T17:28:04","unixtimestamp":1424453284},"track":{"name":"Warning Shots","mbid":"fe1905bc-92fc-44d2-8bdb-a7738741cd25","artist":{"name":"Thievery Corporation","mbid":"a505bb48-ad65-4af4-ae47-29149715bff9"}},"uncorrectedTrack":{"name":"Warning Shots","mbid":"fe1905bc-92fc-44d2-8bdb-a7738741cd25","artist":{"name":"Thievery Corporation","mbid":"a505bb48-ad65-4af4-ae47-29149715bff9"}},"album":{"name":"It Takes a Thief","mbid":"f6d2ece4-ee04-495a-bf3d-03cff82b1dcd","artist":{"name":"Thievery Corporation","mbid":"a505bb48-ad65-4af4-ae47-29149715bff9"}}},{"timestamp":{"iso":"2015-02-20T17:41:49","unixtimestamp":1424454109},"track":{"name":"My Girls","mbid":"f34bab62-0ca6-417e-a80e-71e45d5cb729","artist":{"name":"Animal Collective","mbid":"0c751690-c784-4a4f-b1e4-c1de27d47581"}},"uncorrectedTrack":{"name":"My Girls","mbid":"f34bab62-0ca6-417e-a80e-71e45d5cb729","artist":{"name":"Animal Collective","mbid":"0c751690-c784-4a4f-b1e4-c1de27d47581"}},"album":{"name":"Merriweather Post Pavilion","mbid":"5fb66781-17d5-34c6-9ff0-eeba19d4e240","artist":{"name":"Animal Collective","mbid":"0c751690-c784-4a4f-b1e4-c1de27d47581"}}},{"timestamp":{"iso":"2015-02-20T17:48:10","unixtimestamp":1424454490},"track":{"name":"Fireworks","mbid":"5303b9a8-e151-4111-8cd6-933926520d18","artist":{"name":"Animal Collective","mbid":"0c751690-c784-4a4f-b1e4-c1de27d47581"}},"uncorrectedTrack":{"name":"Fireworks","mbid":"5303b9a8-e151-4111-8cd6-933926520d18","artist":{"name":"Animal Collective","mbid":"0c751690-c784-4a4f-b1e4-c1de27d47581"}},"album":{"name":"Strawberry Jam","mbid":"0e48536b-7d95-3f89-955f-96579a716cba","artist":{"name":"Animal Collective","mbid":"0c751690-c784-4a4f-b1e4-c1de27d47581"}}},{"timestamp":{"iso":"2015-02-20T17:54:55","unixtimestamp":1424454895},"track":{"name":"My Girls","mbid":"f34bab62-0ca6-417e-a80e-71e45d5cb729","artist":{"name":"Animal Collective","mbid":"0c751690-c784-4a4f-b1e4-c1de27d47581"}},"uncorrectedTrack":{"name":"My Girls","mbid":"f34bab62-0ca6-417e-a80e-71e45d5cb729","artist":{"name":"Animal Collective","mbid":"0c751690-c784-4a4f-b1e4-c1de27d47581"}},"album":{"name":"Merriweather Post Pavilion","mbid":"5fb66781-17d5-34c6-9ff0-eeba19d4e240","artist":{"name":"Animal Collective","mbid":"0c751690-c784-4a4f-b1e4-c1de27d47581"}}},{"timestamp":{"iso":"2015-02-22T04:17:47","unixtimestamp":1424578667},"track":{"name":"Bombay","mbid":"a83b7d8c-0a85-47b5-a09f-2d198327e341","artist":{"name":"El Guincho","mbid":"7e57d8a2-e6eb-48dd-8e50-ff7eaa412ccb"}},"uncorrectedTrack":{"name":"Bombay","mbid":"a83b7d8c-0a85-47b5-a09f-2d198327e341","artist":{"name":"El Guincho","mbid":"7e57d8a2-e6eb-48dd-8e50-ff7eaa412ccb"}},"album":{"name":"Pop Negro","mbid":"d1155ca2-d814-4f17-9426-743189f8d853","artist":{"name":"El Guincho","mbid":"7e57d8a2-e6eb-48dd-8e50-ff7eaa412ccb"}}},{"timestamp":{"iso":"2015-02-22T04:22:29","unixtimestamp":1424578949},"track":{"name":"Novias","mbid":"b4de7318-5e65-450c-baf2-d1cfac5e4b78","artist":{"name":"El Guincho","mbid":"7e57d8a2-e6eb-48dd-8e50-ff7eaa412ccb"}},"uncorrectedTrack":{"name":"Novias","mbid":"b4de7318-5e65-450c-baf2-d1cfac5e4b78","artist":{"name":"El Guincho","mbid":"7e57d8a2-e6eb-48dd-8e50-ff7eaa412ccb"}},"album":{"name":"Pop Negro","mbid":"d1155ca2-d814-4f17-9426-743189f8d853","artist":{"name":"El Guincho","mbid":"7e57d8a2-e6eb-48dd-8e50-ff7eaa412ccb"}}},{"timestamp":{"iso":"2015-02-22T04:27:00","unixtimestamp":1424579220},"track":{"name":"Diane Keaton","mbid":"528b6aad-77f0-4ad6-844d-60c7280706fc","artist":{"name":"Dënver","mbid":"de447818-fe86-423e-a2d5-b1e6138f4209"}},"uncorrectedTrack":{"name":"Diane Keaton","artist":{"name":"Denver","mbid":"34ff8191-89b1-4aa9-8bf4-62daf05bf6e9"}},"album":{"name":"Música, Gramática, Gimnasia","artist":{"name":"Denver","mbid":"34ff8191-89b1-4aa9-8bf4-62daf05bf6e9"}}},{"timestamp":{"iso":"2015-02-22T04:33:49","unixtimestamp":1424579629},"track":{"name":"My Girls","mbid":"f34bab62-0ca6-417e-a80e-71e45d5cb729","artist":{"name":"Animal Collective","mbid":"0c751690-c784-4a4f-b1e4-c1de27d47581"}},"uncorrectedTrack":{"name":"My Girls","mbid":"f34bab62-0ca6-417e-a80e-71e45d5cb729","artist":{"name":"Animal Collective","mbid":"0c751690-c784-4a4f-b1e4-c1de27d47581"}},"album":{"name":"Merriweather Post Pavilion","mbid":"5fb66781-17d5-34c6-9ff0-eeba19d4e240","artist":{"name":"Animal Collective","mbid":"0c751690-c784-4a4f-b1e4-c1de27d47581"}}},{"timestamp":{"iso":"2015-02-22T04:40:31","unixtimestamp":1424580031},"track":{"name":"Fireworks","mbid":"5303b9a8-e151-4111-8cd6-933926520d18","artist":{"name":"Animal Collective","mbid":"0c751690-c784-4a4f-b1e4-c1de27d47581"}},"uncorrectedTrack":{"name":"Fireworks","mbid":"5303b9a8-e151-4111-8cd6-933926520d18","artist":{"name":"Animal Collective","mbid":"0c751690-c784-4a4f-b1e4-c1de27d47581"}},"album":{"name":"Strawberry Jam","mbid":"0e48536b-7d95-3f89-955f-96579a716cba","artist":{"name":"Animal Collective","mbid":"0c751690-c784-4a4f-b1e4-c1de27d47581"}}},{"timestamp":{"iso":"2015-02-22T04:46:35","unixtimestamp":1424580395},"track":{"name":"Boys Latin","mbid":"df37732b-603b-41d1-b9e7-125c56d2c58e","artist":{"name":"Panda Bear","mbid":"fd3c3f9f-a471-498e-ab3a-940ac20b6bbd"}},"uncorrectedTrack":{"name":"Boys Latin","mbid":"df37732b-603b-41d1-b9e7-125c56d2c58e","artist":{"name":"Panda Bear","mbid":"fd3c3f9f-a471-498e-ab3a-940ac20b6bbd"}},"application":"FoxyScrobbler"},{"timestamp":{"iso":"2015-02-23T03:07:23","unixtimestamp":1424660843},"track":{"name":"Flashlight","mbid":"41e4ca50-8087-4994-9b47-db04db9d1180","artist":{"name":"Bonobo","mbid":"6f7dea51-1d02-4be1-b138-92078518350c"}},"uncorrectedTrack":{"name":"Flashlight","mbid":"41e4ca50-8087-4994-9b47-db04db9d1180","artist":{"name":"Bonobo","mbid":"6f7dea51-1d02-4be1-b138-92078518350c"}},"album":{"name":"Flashlight","mbid":"91bd35d7-88c6-4b2e-a707-0df49ced540b","artist":{"name":"Bonobo","mbid":"6f7dea51-1d02-4be1-b138-92078518350c"}}},{"timestamp":{"iso":"2015-02-23T03:13:55","unixtimestamp":1424661235},"track":{"name":"Cirrus","mbid":"7b209a2c-e9b5-4fce-8105-75c18a869152","artist":{"name":"Bonobo","mbid":"6f7dea51-1d02-4be1-b138-92078518350c"}},"uncorrectedTrack":{"name":"Cirrus","mbid":"7b209a2c-e9b5-4fce-8105-75c18a869152","artist":{"name":"Bonobo","mbid":"6f7dea51-1d02-4be1-b138-92078518350c"}},"album":{"name":"The North Borders","mbid":"8578cc26-78e9-40fa-89c6-c3483ef442c0","artist":{"name":"Bonobo","mbid":"6f7dea51-1d02-4be1-b138-92078518350c"}}},{"timestamp":{"iso":"2015-02-23T03:19:48","unixtimestamp":1424661588},"track":{"name":"Kiara","mbid":"da17946e-5e74-4c02-a474-6cd8e321b96a","artist":{"name":"Bonobo","mbid":"6f7dea51-1d02-4be1-b138-92078518350c"}},"uncorrectedTrack":{"name":"Kiara","mbid":"da17946e-5e74-4c02-a474-6cd8e321b96a","artist":{"name":"Bonobo","mbid":"6f7dea51-1d02-4be1-b138-92078518350c"}},"album":{"name":"Black Sands","mbid":"6b575427-f110-4c22-bdeb-89620f534da2","artist":{"name":"Bonobo","mbid":"6f7dea51-1d02-4be1-b138-92078518350c"}}},{"timestamp":{"iso":"2015-02-23T03:23:38","unixtimestamp":1424661818},"track":{"name":"Kong","mbid":"325735b0-a7a7-4193-83a7-25ec0c856c06","artist":{"name":"Bonobo","mbid":"6f7dea51-1d02-4be1-b138-92078518350c"}},"uncorrectedTrack":{"name":"Kong","mbid":"325735b0-a7a7-4193-83a7-25ec0c856c06","artist":{"name":"Bonobo","mbid":"6f7dea51-1d02-4be1-b138-92078518350c"}},"album":{"name":"Black Sands","mbid":"6b575427-f110-4c22-bdeb-89620f534da2","artist":{"name":"Bonobo","mbid":"6f7dea51-1d02-4be1-b138-92078518350c"}}},{"timestamp":{"iso":"2015-02-23T03:27:36","unixtimestamp":1424662056},"track":{"name":"First Fires (ft. Grey Reverend)","artist":{"name":"Bonobo","mbid":"6f7dea51-1d02-4be1-b138-92078518350c"}},"uncorrectedTrack":{"name":"First Fires","mbid":"012af9e4-92e3-468e-976d-b232ff50bb18","artist":{"name":"Bonobo","mbid":"6f7dea51-1d02-4be1-b138-92078518350c"}},"album":{"name":"The North Borders","mbid":"8578cc26-78e9-40fa-89c6-c3483ef442c0","artist":{"name":"Bonobo","mbid":"6f7dea51-1d02-4be1-b138-92078518350c"}}},{"timestamp":{"iso":"2015-02-23T03:33:17","unixtimestamp":1424662397},"track":{"name":"Emkay","mbid":"4b6b0286-e45a-4182-ad5f-bb67850a1da7","artist":{"name":"Bonobo","mbid":"6f7dea51-1d02-4be1-b138-92078518350c"}},"uncorrectedTrack":{"name":"Emkay","mbid":"4b6b0286-e45a-4182-ad5f-bb67850a1da7","artist":{"name":"Bonobo","mbid":"6f7dea51-1d02-4be1-b138-92078518350c"}},"album":{"name":"The North Borders","mbid":"8578cc26-78e9-40fa-89c6-c3483ef442c0","artist":{"name":"Bonobo","mbid":"6f7dea51-1d02-4be1-b138-92078518350c"}}},{"timestamp":{"iso":"2015-02-23T03:38:43","unixtimestamp":1424662723},"track":{"name":"Black Sands","mbid":"8b86ceb3-0aae-44ca-9462-546b10bd1b24","artist":{"name":"Bonobo","mbid":"6f7dea51-1d02-4be1-b138-92078518350c"}},"uncorrectedTrack":{"name":"Black Sands","mbid":"8b86ceb3-0aae-44ca-9462-546b10bd1b24","artist":{"name":"Bonobo","mbid":"6f7dea51-1d02-4be1-b138-92078518350c"}},"album":{"name":"Black Sands","mbid":"6b575427-f110-4c22-bdeb-89620f534da2","artist":{"name":"Bonobo","mbid":"6f7dea51-1d02-4be1-b138-92078518350c"}}},{"timestamp":{"iso":"2015-02-23T03:46:35","unixtimestamp":1424663195},"track":{"name":"Eyesdown","mbid":"da849726-5d67-44d1-8295-1784a03ba2c4","artist":{"name":"Bonobo","mbid":"6f7dea51-1d02-4be1-b138-92078518350c"}},"uncorrectedTrack":{"name":"Eyesdown","mbid":"da849726-5d67-44d1-8295-1784a03ba2c4","artist":{"name":"Bonobo","mbid":"6f7dea51-1d02-4be1-b138-92078518350c"}},"album":{"name":"Black Sands","mbid":"6b575427-f110-4c22-bdeb-89620f534da2","artist":{"name":"Bonobo","mbid":"6f7dea51-1d02-4be1-b138-92078518350c"}}},{"timestamp":{"iso":"2015-02-23T03:52:02","unixtimestamp":1424663522},"track":{"name":"Sapphire","mbid":"c184fc0c-7c4f-4c17-b5f3-d0fa10d305a5","artist":{"name":"Bonobo","mbid":"6f7dea51-1d02-4be1-b138-92078518350c"}},"uncorrectedTrack":{"name":"Sapphire","mbid":"c184fc0c-7c4f-4c17-b5f3-d0fa10d305a5","artist":{"name":"Bonobo","mbid":"6f7dea51-1d02-4be1-b138-92078518350c"}},"album":{"name":"The North Borders","mbid":"8578cc26-78e9-40fa-89c6-c3483ef442c0","artist":{"name":"Bonobo","mbid":"6f7dea51-1d02-4be1-b138-92078518350c"}}},{"timestamp":{"iso":"2015-02-23T03:56:50","unixtimestamp":1424663810},"track":{"name":"Jets","mbid":"8e2c56e2-bf16-414e-b75d-3191bbe53fb8","artist":{"name":"Bonobo","mbid":"6f7dea51-1d02-4be1-b138-92078518350c"}},"uncorrectedTrack":{"name":"Jets","mbid":"8e2c56e2-bf16-414e-b75d-3191bbe53fb8","artist":{"name":"Bonobo","mbid":"6f7dea51-1d02-4be1-b138-92078518350c"}},"album":{"name":"The North Borders","mbid":"8578cc26-78e9-40fa-89c6-c3483ef442c0","artist":{"name":"Bonobo","mbid":"6f7dea51-1d02-4be1-b138-92078518350c"}}},{"timestamp":{"iso":"2015-02-23T16:03:23","unixtimestamp":1424707403},"track":{"name":"My Girls","mbid":"f34bab62-0ca6-417e-a80e-71e45d5cb729","artist":{"name":"Animal Collective","mbid":"0c751690-c784-4a4f-b1e4-c1de27d47581"}},"uncorrectedTrack":{"name":"My Girls","mbid":"f34bab62-0ca6-417e-a80e-71e45d5cb729","artist":{"name":"Animal Collective","mbid":"0c751690-c784-4a4f-b1e4-c1de27d47581"}},"album":{"name":"Merriweather Post Pavilion","mbid":"5fb66781-17d5-34c6-9ff0-eeba19d4e240","artist":{"name":"Animal Collective","mbid":"0c751690-c784-4a4f-b1e4-c1de27d47581"}}},{"timestamp":{"iso":"2015-02-23T16:10:04","unixtimestamp":1424707804},"track":{"name":"Also Frightened","mbid":"17e2bad6-f857-4b47-8b70-3cfe97919f18","artist":{"name":"Animal Collective","mbid":"0c751690-c784-4a4f-b1e4-c1de27d47581"}},"uncorrectedTrack":{"name":"Also Frightened","mbid":"17e2bad6-f857-4b47-8b70-3cfe97919f18","artist":{"name":"Animal Collective","mbid":"0c751690-c784-4a4f-b1e4-c1de27d47581"}},"album":{"name":"Merriweather Post Pavilion","mbid":"5fb66781-17d5-34c6-9ff0-eeba19d4e240","artist":{"name":"Animal Collective","mbid":"0c751690-c784-4a4f-b1e4-c1de27d47581"}}},{"timestamp":{"iso":"2015-02-23T16:15:17","unixtimestamp":1424708117},"track":{"name":"Summertime Clothes","mbid":"956f6990-c32c-46ab-a75e-cf08df097156","artist":{"name":"Animal Collective","mbid":"0c751690-c784-4a4f-b1e4-c1de27d47581"}},"uncorrectedTrack":{"name":"Summertime Clothes","mbid":"956f6990-c32c-46ab-a75e-cf08df097156","artist":{"name":"Animal Collective","mbid":"0c751690-c784-4a4f-b1e4-c1de27d47581"}},"album":{"name":"Merriweather Post Pavilion","mbid":"5fb66781-17d5-34c6-9ff0-eeba19d4e240","artist":{"name":"Animal Collective","mbid":"0c751690-c784-4a4f-b1e4-c1de27d47581"}}},{"timestamp":{"iso":"2015-02-23T16:40:11","unixtimestamp":1424709611},"track":{"name":"My Girls","mbid":"f34bab62-0ca6-417e-a80e-71e45d5cb729","artist":{"name":"Animal Collective","mbid":"0c751690-c784-4a4f-b1e4-c1de27d47581"}},"uncorrectedTrack":{"name":"My Girls","mbid":"f34bab62-0ca6-417e-a80e-71e45d5cb729","artist":{"name":"Animal Collective","mbid":"0c751690-c784-4a4f-b1e4-c1de27d47581"}},"album":{"name":"Merriweather Post Pavilion","mbid":"5fb66781-17d5-34c6-9ff0-eeba19d4e240","artist":{"name":"Animal Collective","mbid":"0c751690-c784-4a4f-b1e4-c1de27d47581"}}},{"timestamp":{"iso":"2015-02-23T17:32:46","unixtimestamp":1424712766},"track":{"name":"Did You See the Words","mbid":"144db750-1a3b-4543-bd5c-2f1f68915513","artist":{"name":"Animal Collective","mbid":"0c751690-c784-4a4f-b1e4-c1de27d47581"}},"uncorrectedTrack":{"name":"Did You See the Words","mbid":"144db750-1a3b-4543-bd5c-2f1f68915513","artist":{"name":"Animal Collective","mbid":"0c751690-c784-4a4f-b1e4-c1de27d47581"}},"album":{"name":"Feels (Deluxe Edition)","artist":{"name":"Animal Collective","mbid":"0c751690-c784-4a4f-b1e4-c1de27d47581"}}},{"timestamp":{"iso":"2015-02-23T17:37:53","unixtimestamp":1424713073},"track":{"name":"Who Could Win a Rabbit","mbid":"616d4b7d-7e38-4a1c-8dda-d7a3dc3425b0","artist":{"name":"Animal Collective","mbid":"0c751690-c784-4a4f-b1e4-c1de27d47581"}},"uncorrectedTrack":{"name":"Who Could Win a Rabbit","mbid":"616d4b7d-7e38-4a1c-8dda-d7a3dc3425b0","artist":{"name":"Animal Collective","mbid":"0c751690-c784-4a4f-b1e4-c1de27d47581"}},"album":{"name":"Sung Tongs","mbid":"a23912f7-2bdb-36e1-9806-d63da139b40b","artist":{"name":"Animal Collective","mbid":"0c751690-c784-4a4f-b1e4-c1de27d47581"}}},{"timestamp":{"iso":"2015-02-23T20:30:58","unixtimestamp":1424723458},"track":{"name":"The Softest Voice","mbid":"0c4ba410-a47a-4d96-9777-6351df572f4f","artist":{"name":"Animal Collective","mbid":"0c751690-c784-4a4f-b1e4-c1de27d47581"}},"uncorrectedTrack":{"name":"The Softest Voice","mbid":"0c4ba410-a47a-4d96-9777-6351df572f4f","artist":{"name":"Animal Collective","mbid":"0c751690-c784-4a4f-b1e4-c1de27d47581"}},"album":{"name":"Sung Tongs","mbid":"a23912f7-2bdb-36e1-9806-d63da139b40b","artist":{"name":"Animal Collective","mbid":"0c751690-c784-4a4f-b1e4-c1de27d47581"}}},{"timestamp":{"iso":"2015-02-23T21:02:31","unixtimestamp":1424725351},"track":{"name":"My Girls","mbid":"f34bab62-0ca6-417e-a80e-71e45d5cb729","artist":{"name":"Animal Collective","mbid":"0c751690-c784-4a4f-b1e4-c1de27d47581"}},"uncorrectedTrack":{"name":"My Girls","mbid":"f34bab62-0ca6-417e-a80e-71e45d5cb729","artist":{"name":"Animal Collective","mbid":"0c751690-c784-4a4f-b1e4-c1de27d47581"}},"album":{"name":"Merriweather Post Pavilion","mbid":"5fb66781-17d5-34c6-9ff0-eeba19d4e240","artist":{"name":"Animal Collective","mbid":"0c751690-c784-4a4f-b1e4-c1de27d47581"}}},{"timestamp":{"iso":"2015-02-23T21:08:12","unixtimestamp":1424725692},"track":{"name":"Fireworks","mbid":"5303b9a8-e151-4111-8cd6-933926520d18","artist":{"name":"Animal Collective","mbid":"0c751690-c784-4a4f-b1e4-c1de27d47581"}},"uncorrectedTrack":{"name":"Fireworks","mbid":"5303b9a8-e151-4111-8cd6-933926520d18","artist":{"name":"Animal Collective","mbid":"0c751690-c784-4a4f-b1e4-c1de27d47581"}},"album":{"name":"Strawberry Jam","mbid":"0e48536b-7d95-3f89-955f-96579a716cba","artist":{"name":"Animal Collective","mbid":"0c751690-c784-4a4f-b1e4-c1de27d47581"}}},{"timestamp":{"iso":"2015-02-23T21:16:06","unixtimestamp":1424726166},"track":{"name":"Summertime Clothes","mbid":"956f6990-c32c-46ab-a75e-cf08df097156","artist":{"name":"Animal Collective","mbid":"0c751690-c784-4a4f-b1e4-c1de27d47581"}},"uncorrectedTrack":{"name":"Summertime Clothes","mbid":"956f6990-c32c-46ab-a75e-cf08df097156","artist":{"name":"Animal Collective","mbid":"0c751690-c784-4a4f-b1e4-c1de27d47581"}},"album":{"name":"Summertime Clothes","mbid":"9ce8ff4d-348b-48ec-b322-e109298e1daf","artist":{"name":"Animal Collective","mbid":"0c751690-c784-4a4f-b1e4-c1de27d47581"}}},{"timestamp":{"iso":"2015-02-23T21:40:47","unixtimestamp":1424727647},"track":{"name":"Brother Sport","mbid":"4c9b8cdb-3919-4536-933f-1567feed9a4e","artist":{"name":"Animal Collective","mbid":"0c751690-c784-4a4f-b1e4-c1de27d47581"}},"uncorrectedTrack":{"name":"Brother Sport","mbid":"4c9b8cdb-3919-4536-933f-1567feed9a4e","artist":{"name":"Animal Collective","mbid":"0c751690-c784-4a4f-b1e4-c1de27d47581"}},"album":{"name":"Merriweather Post Pavilion","mbid":"5fb66781-17d5-34c6-9ff0-eeba19d4e240","artist":{"name":"Animal Collective","mbid":"0c751690-c784-4a4f-b1e4-c1de27d47581"}}},{"timestamp":{"iso":"2015-02-23T21:48:26","unixtimestamp":1424728106},"track":{"name":"Stay The Same - Live","artist":{"name":"Bonobo","mbid":"6f7dea51-1d02-4be1-b138-92078518350c"}},"uncorrectedTrack":{"name":"Stay The Same - Live","artist":{"name":"Bonobo","mbid":"6f7dea51-1d02-4be1-b138-92078518350c"}},"album":{"name":"The North Borders Tour. — Live.","mbid":"04bda998-e19c-43a0-817f-976c126d87a6","artist":{"name":"Bonobo","mbid":"6f7dea51-1d02-4be1-b138-92078518350c"}}},{"timestamp":{"iso":"2015-02-23T21:53:23","unixtimestamp":1424728403},"track":{"name":"Heaven For The Sinner - Live","artist":{"name":"Bonobo","mbid":"6f7dea51-1d02-4be1-b138-92078518350c"}},"uncorrectedTrack":{"name":"Heaven For The Sinner - Live","artist":{"name":"Bonobo","mbid":"6f7dea51-1d02-4be1-b138-92078518350c"}},"album":{"name":"The North Borders Tour. — Live.","mbid":"04bda998-e19c-43a0-817f-976c126d87a6","artist":{"name":"Bonobo","mbid":"6f7dea51-1d02-4be1-b138-92078518350c"}}},{"timestamp":{"iso":"2015-02-23T21:57:48","unixtimestamp":1424728668},"track":{"name":"Prelude/Kiara/Ten Tigers - Live","artist":{"name":"Bonobo","mbid":"6f7dea51-1d02-4be1-b138-92078518350c"}},"uncorrectedTrack":{"name":"Prelude/Kiara/Ten Tigers - Live","artist":{"name":"Bonobo","mbid":"6f7dea51-1d02-4be1-b138-92078518350c"}},"album":{"name":"The North Borders Tour. — Live.","mbid":"04bda998-e19c-43a0-817f-976c126d87a6","artist":{"name":"Bonobo","mbid":"6f7dea51-1d02-4be1-b138-92078518350c"}}},{"timestamp":{"iso":"2015-02-23T22:09:06","unixtimestamp":1424729346},"track":{"name":"Kong/Ketto - Live","artist":{"name":"Bonobo","mbid":"6f7dea51-1d02-4be1-b138-92078518350c"}},"uncorrectedTrack":{"name":"Kong/Ketto - Live","artist":{"name":"Bonobo","mbid":"6f7dea51-1d02-4be1-b138-92078518350c"}},"album":{"name":"The North Borders Tour. — Live.","mbid":"04bda998-e19c-43a0-817f-976c126d87a6","artist":{"name":"Bonobo","mbid":"6f7dea51-1d02-4be1-b138-92078518350c"}}},{"timestamp":{"iso":"2015-02-23T22:17:14","unixtimestamp":1424729834},"track":{"name":"Emkay - Live","artist":{"name":"Bonobo","mbid":"6f7dea51-1d02-4be1-b138-92078518350c"}},"uncorrectedTrack":{"name":"Emkay - Live","artist":{"name":"Bonobo","mbid":"6f7dea51-1d02-4be1-b138-92078518350c"}},"album":{"name":"The North Borders Tour. — Live.","mbid":"04bda998-e19c-43a0-817f-976c126d87a6","artist":{"name":"Bonobo","mbid":"6f7dea51-1d02-4be1-b138-92078518350c"}}},{"timestamp":{"iso":"2015-02-23T22:22:13","unixtimestamp":1424730133},"track":{"name":"Towers - Live","artist":{"name":"Bonobo","mbid":"6f7dea51-1d02-4be1-b138-92078518350c"}},"uncorrectedTrack":{"name":"Towers - Live","artist":{"name":"Bonobo","mbid":"6f7dea51-1d02-4be1-b138-92078518350c"}},"album":{"name":"The North Borders Tour. — Live.","mbid":"04bda998-e19c-43a0-817f-976c126d87a6","artist":{"name":"Bonobo","mbid":"6f7dea51-1d02-4be1-b138-92078518350c"}}},{"timestamp":{"iso":"2015-02-23T23:15:49","unixtimestamp":1424733349},"track":{"name":"Flashlight","mbid":"41e4ca50-8087-4994-9b47-db04db9d1180","artist":{"name":"Bonobo","mbid":"6f7dea51-1d02-4be1-b138-92078518350c"}},"uncorrectedTrack":{"name":"Flashlight","mbid":"41e4ca50-8087-4994-9b47-db04db9d1180","artist":{"name":"Bonobo","mbid":"6f7dea51-1d02-4be1-b138-92078518350c"}},"album":{"name":"Flashlight","mbid":"91bd35d7-88c6-4b2e-a707-0df49ced540b","artist":{"name":"Bonobo","mbid":"6f7dea51-1d02-4be1-b138-92078518350c"}}},{"timestamp":{"iso":"2015-02-23T23:21:19","unixtimestamp":1424733679},"track":{"name":"Cirrus","mbid":"7b209a2c-e9b5-4fce-8105-75c18a869152","artist":{"name":"Bonobo","mbid":"6f7dea51-1d02-4be1-b138-92078518350c"}},"uncorrectedTrack":{"name":"Cirrus","mbid":"7b209a2c-e9b5-4fce-8105-75c18a869152","artist":{"name":"Bonobo","mbid":"6f7dea51-1d02-4be1-b138-92078518350c"}},"album":{"name":"The North Borders","mbid":"8578cc26-78e9-40fa-89c6-c3483ef442c0","artist":{"name":"Bonobo","mbid":"6f7dea51-1d02-4be1-b138-92078518350c"}}},{"timestamp":{"iso":"2015-02-23T23:32:06","unixtimestamp":1424734326},"track":{"name":"Kiara","mbid":"da17946e-5e74-4c02-a474-6cd8e321b96a","artist":{"name":"Bonobo","mbid":"6f7dea51-1d02-4be1-b138-92078518350c"}},"uncorrectedTrack":{"name":"Kiara","mbid":"da17946e-5e74-4c02-a474-6cd8e321b96a","artist":{"name":"Bonobo","mbid":"6f7dea51-1d02-4be1-b138-92078518350c"}},"album":{"name":"Black Sands","mbid":"6b575427-f110-4c22-bdeb-89620f534da2","artist":{"name":"Bonobo","mbid":"6f7dea51-1d02-4be1-b138-92078518350c"}}},{"timestamp":{"iso":"2015-02-23T23:35:56","unixtimestamp":1424734556},"track":{"name":"Kong","mbid":"325735b0-a7a7-4193-83a7-25ec0c856c06","artist":{"name":"Bonobo","mbid":"6f7dea51-1d02-4be1-b138-92078518350c"}},"uncorrectedTrack":{"name":"Kong","mbid":"325735b0-a7a7-4193-83a7-25ec0c856c06","artist":{"name":"Bonobo","mbid":"6f7dea51-1d02-4be1-b138-92078518350c"}},"album":{"name":"Black Sands","mbid":"6b575427-f110-4c22-bdeb-89620f534da2","artist":{"name":"Bonobo","mbid":"6f7dea51-1d02-4be1-b138-92078518350c"}}},{"timestamp":{"iso":"2015-02-23T23:39:55","unixtimestamp":1424734795},"track":{"name":"First Fires (ft. Grey Reverend)","artist":{"name":"Bonobo","mbid":"6f7dea51-1d02-4be1-b138-92078518350c"}},"uncorrectedTrack":{"name":"First Fires","mbid":"012af9e4-92e3-468e-976d-b232ff50bb18","artist":{"name":"Bonobo","mbid":"6f7dea51-1d02-4be1-b138-92078518350c"}},"album":{"name":"The North Borders","mbid":"8578cc26-78e9-40fa-89c6-c3483ef442c0","artist":{"name":"Bonobo","mbid":"6f7dea51-1d02-4be1-b138-92078518350c"}}},{"timestamp":{"iso":"2015-02-23T23:45:34","unixtimestamp":1424735134},"track":{"name":"Emkay","mbid":"4b6b0286-e45a-4182-ad5f-bb67850a1da7","artist":{"name":"Bonobo","mbid":"6f7dea51-1d02-4be1-b138-92078518350c"}},"uncorrectedTrack":{"name":"Emkay","mbid":"4b6b0286-e45a-4182-ad5f-bb67850a1da7","artist":{"name":"Bonobo","mbid":"6f7dea51-1d02-4be1-b138-92078518350c"}},"album":{"name":"The North Borders","mbid":"8578cc26-78e9-40fa-89c6-c3483ef442c0","artist":{"name":"Bonobo","mbid":"6f7dea51-1d02-4be1-b138-92078518350c"}}}]