[{"timestamp":{"iso":"2011-11-05T17:28:14","unixtimestamp":1320514094},"track":{"name":"Jacqueline","mbid":"2b117d81-673f-47e2-989e-74c627c2f7b7","artist":{"name":"Franz Ferdinand","mbid":"aa7a2827-f74b-473c-bd79-03d065835cf7"}},"uncorrectedTrack":{"name":"Jacqueline","mbid":"2b117d81-673f-47e2-989e-74c627c2f7b7","artist":{"name":"Franz Ferdinand","mbid":"aa7a2827-f74b-473c-bd79-03d065835cf7"}},"album":{"name":"Franz Ferdinand","mbid":"0c6443a5-503a-31d0-91b8-0769858dd06b","artist":{"name":"Franz Ferdinand","mbid":"aa7a2827-f74b-473c-bd79-03d065835cf7"}}},{"timestamp":{"iso":"2011-11-05T17:32:04","unixtimestamp":1320514324},"track":{"name":"Tell Her Tonight","mbid":"56bdfe5e-78a0-4e42-9325-9048dbc1a7be","artist":{"name":"Franz Ferdinand","mbid":"aa7a2827-f74b-473c-bd79-03d065835cf7"}},"uncorrectedTrack":{"name":"Tell Her Tonight","mbid":"56bdfe5e-78a0-4e42-9325-9048dbc1a7be","artist":{"name":"Franz Ferdinand","mbid":"aa7a2827-f74b-473c-bd79-03d065835cf7"}},"album":{"name":"Franz Ferdinand","mbid":"0c6443a5-503a-31d0-91b8-0769858dd06b","artist":{"name":"Franz Ferdinand","mbid":"aa7a2827-f74b-473c-bd79-03d065835cf7"}}},{"timestamp":{"iso":"2011-11-05T17:34:35","unixtimestamp":1320514475},"track":{"name":"40\u0027","mbid":"0a8327c6-0874-46b5-9cd7-179a708516e5","artist":{"name":"Franz Ferdinand","mbid":"aa7a2827-f74b-473c-bd79-03d065835cf7"}},"uncorrectedTrack":{"name":"40\u0027","mbid":"0a8327c6-0874-46b5-9cd7-179a708516e5","artist":{"name":"Franz Ferdinand","mbid":"aa7a2827-f74b-473c-bd79-03d065835cf7"}},"album":{"name":"Franz Ferdinand","mbid":"0c6443a5-503a-31d0-91b8-0769858dd06b","artist":{"name":"Franz Ferdinand","mbid":"aa7a2827-f74b-473c-bd79-03d065835cf7"}}},{"timestamp":{"iso":"2011-11-05T17:38:15","unixtimestamp":1320514695},"track":{"name":"Auf Achse","mbid":"8d4f863b-b843-49d1-9b8a-3457375275f1","artist":{"name":"Franz Ferdinand","mbid":"aa7a2827-f74b-473c-bd79-03d065835cf7"}},"uncorrectedTrack":{"name":"Auf Achse","mbid":"8d4f863b-b843-49d1-9b8a-3457375275f1","artist":{"name":"Franz Ferdinand","mbid":"aa7a2827-f74b-473c-bd79-03d065835cf7"}},"album":{"name":"Franz Ferdinand (SPECIAL EDITION VERSION)","artist":{"name":"Franz Ferdinand","mbid":"aa7a2827-f74b-473c-bd79-03d065835cf7"}}},{"timestamp":{"iso":"2011-11-05T17:48:50","unixtimestamp":1320515330},"track":{"name":"Slow Hands","mbid":"026763b8-3f99-4630-ac5a-68b52c93ad5c","artist":{"name":"Interpol","mbid":"b23e8a63-8f47-4882-b55b-df2c92ef400e"}},"uncorrectedTrack":{"name":"Slow Hands","mbid":"026763b8-3f99-4630-ac5a-68b52c93ad5c","artist":{"name":"Interpol","mbid":"b23e8a63-8f47-4882-b55b-df2c92ef400e"}},"album":{"name":"Antics","mbid":"0012db8e-3140-474b-a79a-e11481d0ebb9","artist":{"name":"Interpol","mbid":"b23e8a63-8f47-4882-b55b-df2c92ef400e"}}},{"timestamp":{"iso":"2011-11-05T17:52:25","unixtimestamp":1320515545},"track":{"name":"The Kids Aren\u0027t Alright","mbid":"07391e69-0790-4c2f-af4d-e10343fd7b3c","artist":{"name":"The Offspring","mbid":"23a03e33-a603-404e-bcbf-2c00159d7067"}},"uncorrectedTrack":{"name":"The Kids Aren\u0027t Alright","mbid":"07391e69-0790-4c2f-af4d-e10343fd7b3c","artist":{"name":"The Offspring","mbid":"23a03e33-a603-404e-bcbf-2c00159d7067"}},"album":{"name":"Americana","mbid":"7d58c466-b66f-3993-8f49-ec134ba8a867","artist":{"name":"The Offspring","mbid":"23a03e33-a603-404e-bcbf-2c00159d7067"}}},{"timestamp":{"iso":"2011-11-05T17:54:19","unixtimestamp":1320515659},"track":{"name":"Is This It","mbid":"35ab4a07-cb21-43cb-86f3-140df6cef165","artist":{"name":"The Strokes","mbid":"f181961b-20f7-459e-89de-920ef03c7ed0"}},"uncorrectedTrack":{"name":"Is This It","mbid":"35ab4a07-cb21-43cb-86f3-140df6cef165","artist":{"name":"The Strokes","mbid":"f181961b-20f7-459e-89de-920ef03c7ed0"}},"album":{"name":"Is This It","mbid":"7e3dd505-220a-3560-99df-2459afd045d8","artist":{"name":"The Strokes","mbid":"f181961b-20f7-459e-89de-920ef03c7ed0"}}},{"timestamp":{"iso":"2011-11-05T17:56:51","unixtimestamp":1320515811},"track":{"name":"The Modern Age","mbid":"37cfd866-1a70-4b84-8070-63611c9bfccc","artist":{"name":"The Strokes","mbid":"f181961b-20f7-459e-89de-920ef03c7ed0"}},"uncorrectedTrack":{"name":"The Modern Age","mbid":"37cfd866-1a70-4b84-8070-63611c9bfccc","artist":{"name":"The Strokes","mbid":"f181961b-20f7-459e-89de-920ef03c7ed0"}},"album":{"name":"Is This It","mbid":"7e3dd505-220a-3560-99df-2459afd045d8","artist":{"name":"The Strokes","mbid":"f181961b-20f7-459e-89de-920ef03c7ed0"}}},{"timestamp":{"iso":"2011-11-05T18:01:30","unixtimestamp":1320516090},"track":{"name":"Here\u0027s Your Future","mbid":"09a3ac7a-945c-4525-99a0-065bb3c87dd9","artist":{"name":"The Thermals","mbid":"7cd2d860-c6d7-4be2-af50-57c51ee45687"}},"uncorrectedTrack":{"name":"Here\u0027s Your Future","mbid":"09a3ac7a-945c-4525-99a0-065bb3c87dd9","artist":{"name":"The Thermals","mbid":"7cd2d860-c6d7-4be2-af50-57c51ee45687"}},"album":{"name":"The Body, The Blood, The Machine","mbid":"a23a24e8-c400-497a-9ca1-36636a8d252a","artist":{"name":"The Thermals","mbid":"7cd2d860-c6d7-4be2-af50-57c51ee45687"}}},{"timestamp":{"iso":"2011-11-05T18:03:51","unixtimestamp":1320516231},"track":{"name":"Sarah Saturday","mbid":"7a531a92-499b-4fca-ada0-b45ae324114f","artist":{"name":"The Bouncing Souls","mbid":"429d5f26-329c-41cc-bdff-17c29dbf1fb8"}},"uncorrectedTrack":{"name":"Sarah Saturday","mbid":"7a531a92-499b-4fca-ada0-b45ae324114f","artist":{"name":"The Bouncing Souls","mbid":"429d5f26-329c-41cc-bdff-17c29dbf1fb8"}},"album":{"name":"The Gold Record","mbid":"f327d963-af06-4a51-92d4-d24aff4221c3","artist":{"name":"The Bouncing Souls","mbid":"429d5f26-329c-41cc-bdff-17c29dbf1fb8"}}},{"timestamp":{"iso":"2011-11-05T18:09:13","unixtimestamp":1320516553},"track":{"name":"Lift Me Up","mbid":"e625d50d-4d6b-4910-9616-be0578db6c93","artist":{"name":"Moby","mbid":"00810267-f0ac-45a6-ae99-0b8c9c18f3c2"}},"uncorrectedTrack":{"name":"Lift Me Up","mbid":"e625d50d-4d6b-4910-9616-be0578db6c93","artist":{"name":"Moby","mbid":"00810267-f0ac-45a6-ae99-0b8c9c18f3c2"}},"album":{"name":"Hotel","mbid":"15eac217-788d-4406-b6e9-3c35ba1f19c5","artist":{"name":"Moby","mbid":"00810267-f0ac-45a6-ae99-0b8c9c18f3c2"}}},{"timestamp":{"iso":"2011-11-05T18:13:43","unixtimestamp":1320516823},"track":{"name":"Molly\u0027s Chambers","mbid":"e74d440f-5afc-4655-bee7-70c86506a971","artist":{"name":"Kings of Leon","mbid":"6ffb8ea9-2370-44d8-b678-e9237bbd347b"}},"uncorrectedTrack":{"name":"Molly\u0027s Chambers","mbid":"e74d440f-5afc-4655-bee7-70c86506a971","artist":{"name":"Kings of Leon","mbid":"6ffb8ea9-2370-44d8-b678-e9237bbd347b"}},"album":{"name":"Youth And Young Manhood","artist":{"name":"Kings of Leon","mbid":"6ffb8ea9-2370-44d8-b678-e9237bbd347b"}}},{"timestamp":{"iso":"2011-11-09T03:55:40","unixtimestamp":1320810940},"track":{"name":"Float On","mbid":"03269b53-3d9e-46d9-90d5-94a5180db186","artist":{"name":"Modest Mouse","mbid":"a96ac800-bfcb-412a-8a63-0a98df600700"}},"uncorrectedTrack":{"name":"Float On","mbid":"03269b53-3d9e-46d9-90d5-94a5180db186","artist":{"name":"Modest Mouse","mbid":"a96ac800-bfcb-412a-8a63-0a98df600700"}},"album":{"name":"Good News For People Who Love Bad News","mbid":"10a503f6-265a-4850-93bd-78b18fc6e6b8","artist":{"name":"Modest Mouse","mbid":"a96ac800-bfcb-412a-8a63-0a98df600700"}}},{"timestamp":{"iso":"2011-11-09T03:58:15","unixtimestamp":1320811095},"track":{"name":"Two Princes","mbid":"d6dacfb4-e87b-4b24-95f7-f42afb32b389","artist":{"name":"Spin Doctors","mbid":"1bcb61f3-ca9c-4a26-b16e-0547ad6c21be"}},"uncorrectedTrack":{"name":"Two Princes","mbid":"d6dacfb4-e87b-4b24-95f7-f42afb32b389","artist":{"name":"Spin Doctors","mbid":"1bcb61f3-ca9c-4a26-b16e-0547ad6c21be"}},"album":{"name":"Pocket Full Of Kryptonite","mbid":"3f9a92c4-8a35-4683-b27e-5058b953f77b","artist":{"name":"Spin Doctors","mbid":"1bcb61f3-ca9c-4a26-b16e-0547ad6c21be"}}},{"timestamp":{"iso":"2011-11-09T04:01:34","unixtimestamp":1320811294},"track":{"name":"(Sittin\u0027 On) The Dock of the Bay","mbid":"98698c61-aabb-42ed-abce-f1d9f82cff92","artist":{"name":"Otis Redding","mbid":"82b1f5fd-cd31-41a9-b5d4-7e33f0eb9751"}},"uncorrectedTrack":{"name":"[Sittin\u0027 On] The Dock Of The Bay","artist":{"name":"Otis Redding","mbid":"82b1f5fd-cd31-41a9-b5d4-7e33f0eb9751"}},"album":{"name":"Atlantic 60th: Soul, Sweat And Strut","artist":{"name":"Otis Redding","mbid":"82b1f5fd-cd31-41a9-b5d4-7e33f0eb9751"}}},{"timestamp":{"iso":"2011-11-13T01:31:36","unixtimestamp":1321147896},"track":{"name":"Teardrop","mbid":"10b95c61-bbab-4473-af83-4803729ee276","artist":{"name":"Massive Attack","mbid":"10adbe5e-a2c0-4bf3-8249-2b4cbf6e6ca8"}},"uncorrectedTrack":{"name":"Teardrop","mbid":"10b95c61-bbab-4473-af83-4803729ee276","artist":{"name":"Massive Attack","mbid":"10adbe5e-a2c0-4bf3-8249-2b4cbf6e6ca8"}},"album":{"name":"Mezzanine","mbid":"2fa63133-a4c9-3f41-8deb-162189de83ff","artist":{"name":"Massive Attack","mbid":"10adbe5e-a2c0-4bf3-8249-2b4cbf6e6ca8"}}},{"timestamp":{"iso":"2011-11-13T01:38:13","unixtimestamp":1321148293},"track":{"name":"Kiara","mbid":"da17946e-5e74-4c02-a474-6cd8e321b96a","artist":{"name":"Bonobo","mbid":"6f7dea51-1d02-4be1-b138-92078518350c"}},"uncorrectedTrack":{"name":"Kiara","mbid":"da17946e-5e74-4c02-a474-6cd8e321b96a","artist":{"name":"Bonobo","mbid":"6f7dea51-1d02-4be1-b138-92078518350c"}},"album":{"name":"Black Sands","mbid":"6b575427-f110-4c22-bdeb-89620f534da2","artist":{"name":"Bonobo","mbid":"6f7dea51-1d02-4be1-b138-92078518350c"}}},{"timestamp":{"iso":"2011-11-13T01:44:19","unixtimestamp":1321148659},"track":{"name":"Eyesdown","mbid":"da849726-5d67-44d1-8295-1784a03ba2c4","artist":{"name":"Bonobo","mbid":"6f7dea51-1d02-4be1-b138-92078518350c"}},"uncorrectedTrack":{"name":"Eyesdown","mbid":"da849726-5d67-44d1-8295-1784a03ba2c4","artist":{"name":"Bonobo","mbid":"6f7dea51-1d02-4be1-b138-92078518350c"}},"album":{"name":"Black Sands","mbid":"6b575427-f110-4c22-bdeb-89620f534da2","artist":{"name":"Bonobo","mbid":"6f7dea51-1d02-4be1-b138-92078518350c"}}},{"timestamp":{"iso":"2011-11-13T01:50:03","unixtimestamp":1321149003},"track":{"name":"El Toro","mbid":"ebb6dd3b-6b29-45f9-b65f-61e76c5c7aa9","artist":{"name":"Bonobo","mbid":"6f7dea51-1d02-4be1-b138-92078518350c"}},"uncorrectedTrack":{"name":"El Toro","mbid":"ebb6dd3b-6b29-45f9-b65f-61e76c5c7aa9","artist":{"name":"Bonobo","mbid":"6f7dea51-1d02-4be1-b138-92078518350c"}},"album":{"name":"Black Sands","mbid":"6b575427-f110-4c22-bdeb-89620f534da2","artist":{"name":"Bonobo","mbid":"6f7dea51-1d02-4be1-b138-92078518350c"}}},{"timestamp":{"iso":"2011-11-13T01:53:47","unixtimestamp":1321149227},"track":{"name":"We Could Forever","mbid":"8df7af81-005f-405a-a36a-3cc24b5fa138","artist":{"name":"Bonobo","mbid":"6f7dea51-1d02-4be1-b138-92078518350c"}},"uncorrectedTrack":{"name":"We Could Forever","mbid":"8df7af81-005f-405a-a36a-3cc24b5fa138","artist":{"name":"Bonobo","mbid":"6f7dea51-1d02-4be1-b138-92078518350c"}},"album":{"name":"Black Sands","mbid":"6b575427-f110-4c22-bdeb-89620f534da2","artist":{"name":"Bonobo","mbid":"6f7dea51-1d02-4be1-b138-92078518350c"}}},{"timestamp":{"iso":"2011-11-13T01:58:07","unixtimestamp":1321149487},"track":{"name":"1009","mbid":"c4590d2c-f7bc-444a-9e0c-b301b554b534","artist":{"name":"Bonobo","mbid":"6f7dea51-1d02-4be1-b138-92078518350c"}},"uncorrectedTrack":{"name":"1009","mbid":"c4590d2c-f7bc-444a-9e0c-b301b554b534","artist":{"name":"Bonobo","mbid":"6f7dea51-1d02-4be1-b138-92078518350c"}},"album":{"name":"Black Sands","mbid":"6b575427-f110-4c22-bdeb-89620f534da2","artist":{"name":"Bonobo","mbid":"6f7dea51-1d02-4be1-b138-92078518350c"}}},{"timestamp":{"iso":"2011-11-13T02:02:38","unixtimestamp":1321149758},"track":{"name":"All in Forms","mbid":"ad5f9b99-a598-407a-981c-617e88d4e3de","artist":{"name":"Bonobo","mbid":"6f7dea51-1d02-4be1-b138-92078518350c"}},"uncorrectedTrack":{"name":"All in Forms","mbid":"ad5f9b99-a598-407a-981c-617e88d4e3de","artist":{"name":"Bonobo","mbid":"6f7dea51-1d02-4be1-b138-92078518350c"}},"album":{"name":"Black Sands","mbid":"6b575427-f110-4c22-bdeb-89620f534da2","artist":{"name":"Bonobo","mbid":"6f7dea51-1d02-4be1-b138-92078518350c"}}},{"timestamp":{"iso":"2011-11-13T02:07:30","unixtimestamp":1321150050},"track":{"name":"The Keeper","mbid":"7d4f073b-8127-4321-8b0f-c280e37fd853","artist":{"name":"Bonobo","mbid":"6f7dea51-1d02-4be1-b138-92078518350c"}},"uncorrectedTrack":{"name":"The Keeper","mbid":"7d4f073b-8127-4321-8b0f-c280e37fd853","artist":{"name":"Bonobo","mbid":"6f7dea51-1d02-4be1-b138-92078518350c"}},"album":{"name":"Black Sands","mbid":"6b575427-f110-4c22-bdeb-89620f534da2","artist":{"name":"Bonobo","mbid":"6f7dea51-1d02-4be1-b138-92078518350c"}}},{"timestamp":{"iso":"2011-11-13T02:12:19","unixtimestamp":1321150339},"track":{"name":"Stay the Same","mbid":"ef255283-adb9-4464-9e27-09e11ae6cb73","artist":{"name":"Bonobo","mbid":"6f7dea51-1d02-4be1-b138-92078518350c"}},"uncorrectedTrack":{"name":"Stay the Same","mbid":"ef255283-adb9-4464-9e27-09e11ae6cb73","artist":{"name":"Bonobo","mbid":"6f7dea51-1d02-4be1-b138-92078518350c"}},"album":{"name":"Black Sands","mbid":"6b575427-f110-4c22-bdeb-89620f534da2","artist":{"name":"Bonobo","mbid":"6f7dea51-1d02-4be1-b138-92078518350c"}}},{"timestamp":{"iso":"2011-11-17T03:27:09","unixtimestamp":1321500429},"track":{"name":"Memoir","mbid":"10c7aef3-a19b-42a8-8e64-50304615f9a2","artist":{"name":"Charlotte Gainsbourg","mbid":"6efa29c6-9995-48e0-9eaf-3809464a39a7"}},"uncorrectedTrack":{"name":"Memoir","mbid":"10c7aef3-a19b-42a8-8e64-50304615f9a2","artist":{"name":"Charlotte Gainsbourg","mbid":"6efa29c6-9995-48e0-9eaf-3809464a39a7"}},"album":{"name":"Terrible Angels","mbid":"a3d7b522-6609-4543-b300-0fe376fbcba8","artist":{"name":"Charlotte Gainsbourg","mbid":"6efa29c6-9995-48e0-9eaf-3809464a39a7"}}},{"timestamp":{"iso":"2011-11-17T03:30:30","unixtimestamp":1321500630},"track":{"name":"Nothing\u0027s Burning","artist":{"name":"Télépopmusik","mbid":"265f242e-cf4e-4fbe-a3fe-43112387172f"}},"uncorrectedTrack":{"name":"Nothing\u0027s Burning","artist":{"name":"Telepopmusik"}},"album":{"name":"Angel Milk","artist":{"name":"Telepopmusik"}}},{"timestamp":{"iso":"2011-11-17T03:34:23","unixtimestamp":1321500863},"track":{"name":"Paradise Circus","mbid":"022ef151-9c94-435d-b637-a8fe9ac9acb2","artist":{"name":"Massive Attack","mbid":"10adbe5e-a2c0-4bf3-8249-2b4cbf6e6ca8"}},"uncorrectedTrack":{"name":"Paradise Circus","mbid":"022ef151-9c94-435d-b637-a8fe9ac9acb2","artist":{"name":"Massive Attack","mbid":"10adbe5e-a2c0-4bf3-8249-2b4cbf6e6ca8"}},"album":{"name":"Heligoland","mbid":"5042d45d-6a48-4546-bdf5-26f01caa3a43","artist":{"name":"Massive Attack","mbid":"10adbe5e-a2c0-4bf3-8249-2b4cbf6e6ca8"}}},{"timestamp":{"iso":"2011-11-17T03:39:21","unixtimestamp":1321501161},"track":{"name":"Solar Sailer (Remixed by Pretty Lights)","artist":{"name":"Pretty Lights","mbid":"3a07764c-7cc5-42e9-8205-3de7532f4771"}},"uncorrectedTrack":{"name":"Solar Sailer (Remixed by Pretty Lights)","artist":{"name":"Pretty Lights","mbid":"3a07764c-7cc5-42e9-8205-3de7532f4771"}},"album":{"name":"Tron: Legacy Reconfigured","artist":{"name":"Pretty Lights","mbid":"3a07764c-7cc5-42e9-8205-3de7532f4771"}}},{"timestamp":{"iso":"2011-11-17T03:43:54","unixtimestamp":1321501434},"track":{"name":"Stop Running Away","artist":{"name":"Télépopmusik","mbid":"265f242e-cf4e-4fbe-a3fe-43112387172f"}},"uncorrectedTrack":{"name":"Stop Running Away","artist":{"name":"Telepopmusik"}},"album":{"name":"Angel Milk","artist":{"name":"Telepopmusik"}}},{"timestamp":{"iso":"2011-11-17T04:47:14","unixtimestamp":1321505234},"track":{"name":"Life Like Weeds","mbid":"2a748e3d-4622-4a5d-8a2c-70702f90b3f8","artist":{"name":"Modest Mouse","mbid":"a96ac800-bfcb-412a-8a63-0a98df600700"}},"uncorrectedTrack":{"name":"Life Like Weeds","mbid":"2a748e3d-4622-4a5d-8a2c-70702f90b3f8","artist":{"name":"Modest Mouse","mbid":"a96ac800-bfcb-412a-8a63-0a98df600700"}},"album":{"name":"The Moon \u0026 Antarctica","mbid":"eef3f2f5-8925-47be-97a3-469a7421c387","artist":{"name":"Modest Mouse","mbid":"a96ac800-bfcb-412a-8a63-0a98df600700"}}},{"timestamp":{"iso":"2011-11-22T04:13:16","unixtimestamp":1321935196},"track":{"name":"Stuntin\u0027 Like My Only Swerving","artist":{"name":"Bearbot"}},"uncorrectedTrack":{"name":"Stuntin like My Only Swerving","artist":{"name":"Bearbot"}},"album":{"name":"BEARMIX","artist":{"name":"Bearbot"}}},{"timestamp":{"iso":"2011-11-22T04:17:20","unixtimestamp":1321935440},"track":{"name":"Be (Intro)","mbid":"d8eaf536-34c7-4488-a3c6-6f4998a97f94","artist":{"name":"Common","mbid":"c0a1179b-b14a-4d68-a3c1-1fdab16ed602"}},"uncorrectedTrack":{"name":"Be (Intro)","mbid":"d8eaf536-34c7-4488-a3c6-6f4998a97f94","artist":{"name":"Common","mbid":"c0a1179b-b14a-4d68-a3c1-1fdab16ed602"}},"album":{"name":"Be","mbid":"077940e5-0912-38be-bf3c-699b38daa323","artist":{"name":"Common","mbid":"c0a1179b-b14a-4d68-a3c1-1fdab16ed602"}}},{"timestamp":{"iso":"2011-11-22T04:19:45","unixtimestamp":1321935585},"track":{"name":"GO!","mbid":"6cc1eab4-1dff-4e5f-a361-cedd64f6c72a","artist":{"name":"Common","mbid":"c0a1179b-b14a-4d68-a3c1-1fdab16ed602"}},"uncorrectedTrack":{"name":"GO!","mbid":"6cc1eab4-1dff-4e5f-a361-cedd64f6c72a","artist":{"name":"Common","mbid":"c0a1179b-b14a-4d68-a3c1-1fdab16ed602"}},"album":{"name":"Go! Common Classics","mbid":"a229c074-a934-4e56-83c4-a0375d324c40","artist":{"name":"Common","mbid":"c0a1179b-b14a-4d68-a3c1-1fdab16ed602"}}},{"timestamp":{"iso":"2011-11-22T04:24:02","unixtimestamp":1321935842},"track":{"name":"Faithful","mbid":"e102d05f-2e81-439e-98e3-dd3ac39d75fc","artist":{"name":"Common","mbid":"c0a1179b-b14a-4d68-a3c1-1fdab16ed602"}},"uncorrectedTrack":{"name":"Faithful","mbid":"e102d05f-2e81-439e-98e3-dd3ac39d75fc","artist":{"name":"Common","mbid":"c0a1179b-b14a-4d68-a3c1-1fdab16ed602"}},"album":{"name":"Be","mbid":"077940e5-0912-38be-bf3c-699b38daa323","artist":{"name":"Common","mbid":"c0a1179b-b14a-4d68-a3c1-1fdab16ed602"}}},{"timestamp":{"iso":"2011-11-22T04:27:35","unixtimestamp":1321936055},"track":{"name":"Heartbeats","mbid":"326574a1-5b2e-470a-8bd5-8c188e264df7","artist":{"name":"The Knife","mbid":"737286bc-1b92-41c3-82f9-3573abc5378b"}},"uncorrectedTrack":{"name":"Heartbeats","mbid":"326574a1-5b2e-470a-8bd5-8c188e264df7","artist":{"name":"The Knife","mbid":"737286bc-1b92-41c3-82f9-3573abc5378b"}},"album":{"name":"Deep Cuts","mbid":"7ec39128-ef00-415d-905e-e2764e337193","artist":{"name":"The Knife","mbid":"737286bc-1b92-41c3-82f9-3573abc5378b"}}},{"timestamp":{"iso":"2011-11-22T04:32:02","unixtimestamp":1321936322},"track":{"name":"Trick Pony","mbid":"e6f36c60-46bd-48bc-85a3-db1123cf29db","artist":{"name":"Charlotte Gainsbourg","mbid":"6efa29c6-9995-48e0-9eaf-3809464a39a7"}},"uncorrectedTrack":{"name":"Trick Pony","mbid":"e6f36c60-46bd-48bc-85a3-db1123cf29db","artist":{"name":"Charlotte Gainsbourg","mbid":"6efa29c6-9995-48e0-9eaf-3809464a39a7"}},"album":{"name":"IRM","mbid":"75cb95e2-a202-4f3a-a122-743cfeb9eceb","artist":{"name":"Charlotte Gainsbourg","mbid":"6efa29c6-9995-48e0-9eaf-3809464a39a7"}}},{"timestamp":{"iso":"2011-11-22T04:34:56","unixtimestamp":1321936496},"track":{"name":"Don’t Turn the Lights On","artist":{"name":"Chromeo","mbid":"13f2e9fe-be3c-498d-a22d-b4ed5f0ffefc"}},"uncorrectedTrack":{"name":"Don’t Turn the Lights On","artist":{"name":"Chromeo","mbid":"13f2e9fe-be3c-498d-a22d-b4ed5f0ffefc"}},"album":{"name":"Business Casual","mbid":"7058e4cd-7882-314e-a77a-b3efa43aaf27","artist":{"name":"Chromeo","mbid":"13f2e9fe-be3c-498d-a22d-b4ed5f0ffefc"}}},{"timestamp":{"iso":"2011-11-22T04:51:23","unixtimestamp":1321937483},"track":{"name":"Sewn","mbid":"59b677e4-12f2-43cf-a3cb-f6cdf304a939","artist":{"name":"The Feeling","mbid":"848262ad-408e-469a-a7bb-13ef82622b7f"}},"uncorrectedTrack":{"name":"Sewn","mbid":"59b677e4-12f2-43cf-a3cb-f6cdf304a939","artist":{"name":"The Feeling","mbid":"848262ad-408e-469a-a7bb-13ef82622b7f"}},"album":{"name":"Twelve Stops And Home","mbid":"291e5631-c169-451f-abc2-344e78092604","artist":{"name":"The Feeling","mbid":"848262ad-408e-469a-a7bb-13ef82622b7f"}}},{"timestamp":{"iso":"2011-11-22T04:57:48","unixtimestamp":1321937868},"track":{"name":"Paper Romance (FIFA 11 OST)","artist":{"name":"Groove Armada","mbid":"35723b60-732e-4bd8-957f-320b416e7b7f"}},"uncorrectedTrack":{"name":"Paper Romance (FIFA 11 OST)","artist":{"name":"Groove Armada","mbid":"35723b60-732e-4bd8-957f-320b416e7b7f"}}},{"timestamp":{"iso":"2011-11-22T05:04:06","unixtimestamp":1321938246},"track":{"name":"Efêmera","mbid":"d9266b07-3a79-47c1-9629-93bcb448462e","artist":{"name":"Tulipa Ruiz","mbid":"883cbd06-7ed2-4c5f-a5c0-8ea7792b4655"}},"uncorrectedTrack":{"name":"Efêmera","artist":{"name":"Tulipa"}},"album":{"name":"Efêmera","artist":{"name":"Tulipa"}}},{"timestamp":{"iso":"2011-11-22T05:07:47","unixtimestamp":1321938467},"track":{"name":"Ladytron - Ace of Hz in HD","artist":{"name":"Fifa 2011 SoundTrack"}},"uncorrectedTrack":{"name":"Ladytron - Ace of Hz in HD","artist":{"name":"Fifa 2011 SoundTrack"}}}]