[{"timestamp":{"iso":"2012-02-21T04:25:43","unixtimestamp":1329798343},"track":{"name":"After Aughrim\u0027s Great Disaster","artist":{"name":"Triona Ní Dhomhnaill"}},"uncorrectedTrack":{"name":"After Aughrim\u0027s Great Disaster","artist":{"name":"Triona Ní Dhomhnaill"}},"album":{"name":"Celtic Christmas II - A Windham Hill Collection","artist":{"name":"Triona Ní Dhomhnaill"}}},{"timestamp":{"iso":"2012-02-21T04:29:21","unixtimestamp":1329798561},"track":{"name":"Orizzonti celtici","artist":{"name":"Celtic Group"}},"uncorrectedTrack":{"name":"Orizzonti celtici","artist":{"name":"Celtic Group"}},"album":{"name":"Celtica Collection - Orizzonti Celtici","artist":{"name":"Celtic Group"}}},{"timestamp":{"iso":"2012-02-21T04:33:04","unixtimestamp":1329798784},"track":{"name":"Morning Star","artist":{"name":"Aryeh Frankfurter","mbid":"a3253405-c65f-473b-a3a9-4992017e00d2"}},"uncorrectedTrack":{"name":"Morning Star","artist":{"name":"Aryeh Frankfurter","mbid":"a3253405-c65f-473b-a3a9-4992017e00d2"}},"album":{"name":"Two Worlds One","artist":{"name":"Aryeh Frankfurter","mbid":"a3253405-c65f-473b-a3a9-4992017e00d2"}}},{"timestamp":{"iso":"2012-02-21T04:37:01","unixtimestamp":1329799021},"track":{"name":"Lark in the Morning / Irish Washerwoman / Irish Washer Woman (medley)","artist":{"name":"Tom Sullivan","mbid":"fcb61816-f07f-4f92-a865-63f95a6f7cc6"}},"uncorrectedTrack":{"name":"Lark in the Morning / Irish Washerwoman / Irish Washer Woman (medley)","artist":{"name":"Tom Sullivan","mbid":"fcb61816-f07f-4f92-a865-63f95a6f7cc6"}},"album":{"name":"On Deck and Below: The Irish at Sea: Music of the Western Ocean Packet","artist":{"name":"Tom Sullivan","mbid":"fcb61816-f07f-4f92-a865-63f95a6f7cc6"}}},{"timestamp":{"iso":"2012-02-21T04:42:39","unixtimestamp":1329799359},"track":{"name":"Fisherman\u0027s Blues (by Mike Scott/Steve Wickham) [Waking Ned]","artist":{"name":"The Waterboys","mbid":"21666405-49f8-44f6-94bb-e064f202f7ba"}},"uncorrectedTrack":{"name":"Fisherman\u0027s Blues (by Mike Scott/Steve Wickham) [Waking Ned]","artist":{"name":"The Waterboys","mbid":"21666405-49f8-44f6-94bb-e064f202f7ba"}},"album":{"name":"Waking Ned - Original Soundtrack","artist":{"name":"The Waterboys","mbid":"21666405-49f8-44f6-94bb-e064f202f7ba"}}},{"timestamp":{"iso":"2012-02-25T18:23:30","unixtimestamp":1330194210},"track":{"name":"Heaven\u0027s Gonna Burn Your Eyes","mbid":"0c0a7e6e-e190-41f7-8e74-032df3dfc77f","artist":{"name":"Thievery Corporation","mbid":"a505bb48-ad65-4af4-ae47-29149715bff9"}},"uncorrectedTrack":{"name":"Heaven\u0027s Gonna Burn Your Eyes","mbid":"0c0a7e6e-e190-41f7-8e74-032df3dfc77f","artist":{"name":"Thievery Corporation","mbid":"a505bb48-ad65-4af4-ae47-29149715bff9"}},"album":{"name":"The Richest Man in Babylon","mbid":"1770ef1b-d12b-4b23-b594-a3d471c3d600","artist":{"name":"Thievery Corporation","mbid":"a505bb48-ad65-4af4-ae47-29149715bff9"}}},{"timestamp":{"iso":"2012-02-25T18:28:11","unixtimestamp":1330194491},"track":{"name":"Until the Morning","mbid":"078fd1a1-2f8e-4bc1-b669-e39966e89e65","artist":{"name":"Thievery Corporation","mbid":"a505bb48-ad65-4af4-ae47-29149715bff9"}},"uncorrectedTrack":{"name":"Until the Morning","mbid":"078fd1a1-2f8e-4bc1-b669-e39966e89e65","artist":{"name":"Thievery Corporation","mbid":"a505bb48-ad65-4af4-ae47-29149715bff9"}},"album":{"name":"The Richest Man in Babylon","mbid":"1770ef1b-d12b-4b23-b594-a3d471c3d600","artist":{"name":"Thievery Corporation","mbid":"a505bb48-ad65-4af4-ae47-29149715bff9"}}},{"timestamp":{"iso":"2012-02-25T18:32:07","unixtimestamp":1330194727},"track":{"name":"The Mirror Conspiracy","mbid":"0384fc05-959e-488f-ad86-5c6fa0bd739b","artist":{"name":"Thievery Corporation","mbid":"a505bb48-ad65-4af4-ae47-29149715bff9"}},"uncorrectedTrack":{"name":"The Mirror Conspiracy","mbid":"0384fc05-959e-488f-ad86-5c6fa0bd739b","artist":{"name":"Thievery Corporation","mbid":"a505bb48-ad65-4af4-ae47-29149715bff9"}},"album":{"name":"The Mirror Conspiracy","mbid":"d8e7f1f0-0d17-47a7-8fcf-0e297adbae97","artist":{"name":"Thievery Corporation","mbid":"a505bb48-ad65-4af4-ae47-29149715bff9"}}},{"timestamp":{"iso":"2012-02-25T18:35:41","unixtimestamp":1330194941},"track":{"name":"Original Sin","mbid":"dd6cd5f3-a017-427a-ba17-7d848294b003","artist":{"name":"Geographer","mbid":"c1213174-2d79-488d-93fd-1db2ef43da8e"}},"uncorrectedTrack":{"name":"Original Sin","mbid":"dd6cd5f3-a017-427a-ba17-7d848294b003","artist":{"name":"Geographer","mbid":"c1213174-2d79-488d-93fd-1db2ef43da8e"}},"album":{"name":"Animal Shapes","mbid":"e30647d9-853c-4339-a433-b8f51b4c1f3f","artist":{"name":"Geographer","mbid":"c1213174-2d79-488d-93fd-1db2ef43da8e"}}},{"timestamp":{"iso":"2012-02-25T18:38:34","unixtimestamp":1330195114},"track":{"name":"Fences (Boombass RMX) - REMIX VERSION","artist":{"name":"Phoenix","mbid":"02f4c1ff-65e0-4412-8e8b-6239b0faecb5"}},"uncorrectedTrack":{"name":"Fences (Boombass RMX) - REMIX VERSION","artist":{"name":"Phoenix","mbid":"02f4c1ff-65e0-4412-8e8b-6239b0faecb5"}},"album":{"name":"Wolfgang Amadeus Phoenix (Remix Collection)","mbid":"2ff7332c-d688-4c24-be91-b602e6da0f25","artist":{"name":"Phoenix","mbid":"02f4c1ff-65e0-4412-8e8b-6239b0faecb5"}}},{"timestamp":{"iso":"2012-02-25T18:42:20","unixtimestamp":1330195340},"track":{"name":"I Follow Rivers","mbid":"18e6cd9f-a460-416f-8a13-676831ab7805","artist":{"name":"Lykke Li","mbid":"cc7d4686-ea02-45fd-956e-94c1a322558c"}},"uncorrectedTrack":{"name":"I Follow Rivers","mbid":"18e6cd9f-a460-416f-8a13-676831ab7805","artist":{"name":"Lykke Li","mbid":"cc7d4686-ea02-45fd-956e-94c1a322558c"}},"album":{"name":"Wounded Rhymes","mbid":"11551eb4-d05d-472e-967a-a1f698f8eb85","artist":{"name":"Lykke Li","mbid":"cc7d4686-ea02-45fd-956e-94c1a322558c"}}},{"timestamp":{"iso":"2012-02-25T20:12:54","unixtimestamp":1330200774},"track":{"name":"I Follow Rivers","mbid":"18e6cd9f-a460-416f-8a13-676831ab7805","artist":{"name":"Lykke Li","mbid":"cc7d4686-ea02-45fd-956e-94c1a322558c"}},"uncorrectedTrack":{"name":"I Follow Rivers","mbid":"18e6cd9f-a460-416f-8a13-676831ab7805","artist":{"name":"Lykke Li","mbid":"cc7d4686-ea02-45fd-956e-94c1a322558c"}},"album":{"name":"Wounded Rhymes","mbid":"11551eb4-d05d-472e-967a-a1f698f8eb85","artist":{"name":"Lykke Li","mbid":"cc7d4686-ea02-45fd-956e-94c1a322558c"}}},{"timestamp":{"iso":"2012-02-25T20:22:54","unixtimestamp":1330201374},"track":{"name":"Aerodynamic","mbid":"5bc82f70-7776-4f00-b041-eaf05dac1d68","artist":{"name":"Daft Punk","mbid":"056e4f3e-d505-4dad-8ec1-d04f521cbb56"}},"uncorrectedTrack":{"name":"Aerodynamic","mbid":"5bc82f70-7776-4f00-b041-eaf05dac1d68","artist":{"name":"Daft Punk","mbid":"056e4f3e-d505-4dad-8ec1-d04f521cbb56"}},"album":{"name":"Discovery","mbid":"30e45d86-707d-4042-9df5-93724557aadb","artist":{"name":"Daft Punk","mbid":"056e4f3e-d505-4dad-8ec1-d04f521cbb56"}}},{"timestamp":{"iso":"2012-02-25T20:26:37","unixtimestamp":1330201597},"track":{"name":"Pa Pa Power","mbid":"e7c6c7b4-9830-4539-9142-c839d023e253","artist":{"name":"Dead Man\u0027s Bones","mbid":"b2c8ff02-6078-4e9a-b2d7-267451925394"}},"uncorrectedTrack":{"name":"Pa Pa Power","mbid":"e7c6c7b4-9830-4539-9142-c839d023e253","artist":{"name":"Dead Man\u0027s Bones","mbid":"b2c8ff02-6078-4e9a-b2d7-267451925394"}},"album":{"name":"Dead Man\u0027s Bones","mbid":"efa93a5d-b718-4434-9486-0a33936e4247","artist":{"name":"Dead Man\u0027s Bones","mbid":"b2c8ff02-6078-4e9a-b2d7-267451925394"}}},{"timestamp":{"iso":"2012-02-25T20:32:36","unixtimestamp":1330201956},"track":{"name":"The Skin of My Yellow Country Teeth","mbid":"568a7fff-a9e3-43e4-a6b0-4ac5378abcca","artist":{"name":"Clap Your Hands Say Yeah","mbid":"4b2d6a23-034d-4a29-9bb9-d2462796da4e"}},"uncorrectedTrack":{"name":"The Skin of My Yellow Country Teeth","mbid":"568a7fff-a9e3-43e4-a6b0-4ac5378abcca","artist":{"name":"Clap Your Hands Say Yeah","mbid":"4b2d6a23-034d-4a29-9bb9-d2462796da4e"}},"album":{"name":"Clap Your Hands Say Yeah","mbid":"84951a8e-abaa-4841-bbd5-35c2225ad91d","artist":{"name":"Clap Your Hands Say Yeah","mbid":"4b2d6a23-034d-4a29-9bb9-d2462796da4e"}}},{"timestamp":{"iso":"2012-02-25T20:38:20","unixtimestamp":1330202300},"track":{"name":"Is This Love?","mbid":"1ba1d883-26cd-43c0-86d5-e9c82d6ed6b5","artist":{"name":"Clap Your Hands Say Yeah","mbid":"4b2d6a23-034d-4a29-9bb9-d2462796da4e"}},"uncorrectedTrack":{"name":"Is This Love?","mbid":"1ba1d883-26cd-43c0-86d5-e9c82d6ed6b5","artist":{"name":"Clap Your Hands Say Yeah","mbid":"4b2d6a23-034d-4a29-9bb9-d2462796da4e"}},"album":{"name":"Clap Your Hands Say Yeah","mbid":"84951a8e-abaa-4841-bbd5-35c2225ad91d","artist":{"name":"Clap Your Hands Say Yeah","mbid":"4b2d6a23-034d-4a29-9bb9-d2462796da4e"}}},{"timestamp":{"iso":"2012-02-25T20:41:47","unixtimestamp":1330202507},"track":{"name":"Pot Kettle Black","mbid":"8976e567-bf94-4893-9457-d5e1472670e0","artist":{"name":"Wilco","mbid":"9e53f84d-ef44-4c16-9677-5fd4d78cbd7d"}},"uncorrectedTrack":{"name":"Pot Kettle Black","mbid":"8976e567-bf94-4893-9457-d5e1472670e0","artist":{"name":"Wilco","mbid":"9e53f84d-ef44-4c16-9677-5fd4d78cbd7d"}},"album":{"name":"Yankee Hotel Foxtrot","mbid":"d67d3f47-f7b5-45fe-9567-a237746a6105","artist":{"name":"Wilco","mbid":"9e53f84d-ef44-4c16-9677-5fd4d78cbd7d"}}},{"timestamp":{"iso":"2012-02-26T17:57:46","unixtimestamp":1330279066},"track":{"name":"Für Elise","mbid":"a92fb7ef-46b8-4225-be85-4765ae4e1a6a","artist":{"name":"Ludwig van Beethoven","mbid":"1f9df192-a621-4f54-8850-2c5373b7eac9"}},"uncorrectedTrack":{"name":"Für Elise","artist":{"name":"Beethoven","mbid":"b160e4df-52f8-4487-8375-e8fc7de4970b"}},"album":{"name":"Classical Best Of","artist":{"name":"Beethoven","mbid":"b160e4df-52f8-4487-8375-e8fc7de4970b"}}},{"timestamp":{"iso":"2012-02-26T18:00:40","unixtimestamp":1330279240},"track":{"name":"Symphony No. 5 In C Minor Op. 67 Part 1","artist":{"name":"Ludwig van Beethoven","mbid":"1f9df192-a621-4f54-8850-2c5373b7eac9"}},"uncorrectedTrack":{"name":"Symphony No. 5 In C Minor Op. 67 Part 1","artist":{"name":"Beethoven","mbid":"b160e4df-52f8-4487-8375-e8fc7de4970b"}},"album":{"name":"Classical Best Of","artist":{"name":"Beethoven","mbid":"b160e4df-52f8-4487-8375-e8fc7de4970b"}}},{"timestamp":{"iso":"2012-02-26T18:09:16","unixtimestamp":1330279756},"track":{"name":"Fidelio - Overture in E Op. 72C","artist":{"name":"Ludwig van Beethoven","mbid":"1f9df192-a621-4f54-8850-2c5373b7eac9"}},"uncorrectedTrack":{"name":"Fidelio - Overture in E Op. 72C","artist":{"name":"Beethoven","mbid":"b160e4df-52f8-4487-8375-e8fc7de4970b"}},"album":{"name":"Classical Best Of","artist":{"name":"Beethoven","mbid":"b160e4df-52f8-4487-8375-e8fc7de4970b"}}},{"timestamp":{"iso":"2012-02-26T18:15:52","unixtimestamp":1330280152},"track":{"name":"Symphony No.8 in F major Op.93 - Allegretto scherzando","artist":{"name":"Ludwig van Beethoven","mbid":"1f9df192-a621-4f54-8850-2c5373b7eac9"}},"uncorrectedTrack":{"name":"Symphony No.8 in F major Op.93 - Allegretto scherzando","artist":{"name":"Beethoven","mbid":"b160e4df-52f8-4487-8375-e8fc7de4970b"}},"album":{"name":"Classical Best Of","artist":{"name":"Beethoven","mbid":"b160e4df-52f8-4487-8375-e8fc7de4970b"}}},{"timestamp":{"iso":"2012-02-26T18:20:28","unixtimestamp":1330280428},"track":{"name":"Sonata for Piano No.23 in F minor \u0027Appassionata\u0027, Op.57 - Allegro ma non troppo","artist":{"name":"Ludwig van Beethoven","mbid":"1f9df192-a621-4f54-8850-2c5373b7eac9"}},"uncorrectedTrack":{"name":"Sonata for Piano No.23 in F minor \u0027Appassionata\u0027, Op.57 - Allegro ma non troppo","artist":{"name":"Beethoven","mbid":"b160e4df-52f8-4487-8375-e8fc7de4970b"}},"album":{"name":"Classical Best Of","artist":{"name":"Beethoven","mbid":"b160e4df-52f8-4487-8375-e8fc7de4970b"}}},{"timestamp":{"iso":"2012-02-26T18:29:16","unixtimestamp":1330280956},"track":{"name":"Symphony No 6 In F Op. 68 Pastoral Part 5","artist":{"name":"Ludwig van Beethoven","mbid":"1f9df192-a621-4f54-8850-2c5373b7eac9"}},"uncorrectedTrack":{"name":"Symphony No 6 In F Op. 68 Pastoral Part 5","artist":{"name":"Beethoven","mbid":"b160e4df-52f8-4487-8375-e8fc7de4970b"}},"album":{"name":"Classical Best Of","artist":{"name":"Beethoven","mbid":"b160e4df-52f8-4487-8375-e8fc7de4970b"}}},{"timestamp":{"iso":"2012-02-26T18:39:05","unixtimestamp":1330281545},"track":{"name":"Fidelio – O welche Lust (Prisoners’ Chorus)","artist":{"name":"Ludwig van Beethoven","mbid":"1f9df192-a621-4f54-8850-2c5373b7eac9"}},"uncorrectedTrack":{"name":"Fidelio – O welche Lust (Prisoners’ Chorus)","artist":{"name":"Beethoven","mbid":"b160e4df-52f8-4487-8375-e8fc7de4970b"}},"album":{"name":"Classical Best Of","artist":{"name":"Beethoven","mbid":"b160e4df-52f8-4487-8375-e8fc7de4970b"}}},{"timestamp":{"iso":"2012-02-26T18:42:52","unixtimestamp":1330281772},"track":{"name":"Sonata for Violin and Piano No.5 in F major \u0027Spring\u0027 Op.24 - Adagio molto espressivo","artist":{"name":"Ludwig van Beethoven","mbid":"1f9df192-a621-4f54-8850-2c5373b7eac9"}},"uncorrectedTrack":{"name":"Sonata for Violin and Piano No.5 in F major \u0027Spring\u0027 Op.24 - Adagio molto espressivo","artist":{"name":"Beethoven","mbid":"b160e4df-52f8-4487-8375-e8fc7de4970b"}},"album":{"name":"Classical Best Of","artist":{"name":"Beethoven","mbid":"b160e4df-52f8-4487-8375-e8fc7de4970b"}}},{"timestamp":{"iso":"2012-02-26T18:49:51","unixtimestamp":1330282191},"track":{"name":"Minuet","mbid":"fac17c57-5f62-484f-b50a-947c98977d88","artist":{"name":"Ludwig van Beethoven","mbid":"1f9df192-a621-4f54-8850-2c5373b7eac9"}},"uncorrectedTrack":{"name":"Minuet","artist":{"name":"Beethoven","mbid":"b160e4df-52f8-4487-8375-e8fc7de4970b"}},"album":{"name":"Classical Best Of","artist":{"name":"Beethoven","mbid":"b160e4df-52f8-4487-8375-e8fc7de4970b"}}},{"timestamp":{"iso":"2012-02-26T18:52:25","unixtimestamp":1330282345},"track":{"name":"Violin Concerto In D Op. 61 Part 3","artist":{"name":"Ludwig van Beethoven","mbid":"1f9df192-a621-4f54-8850-2c5373b7eac9"}},"uncorrectedTrack":{"name":"Violin Concerto In D Op. 61 Part 3","artist":{"name":"Beethoven","mbid":"b160e4df-52f8-4487-8375-e8fc7de4970b"}},"album":{"name":"Classical Best Of","artist":{"name":"Beethoven","mbid":"b160e4df-52f8-4487-8375-e8fc7de4970b"}}},{"timestamp":{"iso":"2012-02-26T19:01:42","unixtimestamp":1330282902},"track":{"name":"Symphony No.1 in C major Op.21- Adagio molto, Allegro con brio","artist":{"name":"Ludwig van Beethoven","mbid":"1f9df192-a621-4f54-8850-2c5373b7eac9"}},"uncorrectedTrack":{"name":"Symphony No.1 in C major Op.21- Adagio molto, Allegro con brio","artist":{"name":"Beethoven","mbid":"b160e4df-52f8-4487-8375-e8fc7de4970b"}},"album":{"name":"Classical Best Of","artist":{"name":"Beethoven","mbid":"b160e4df-52f8-4487-8375-e8fc7de4970b"}}},{"timestamp":{"iso":"2012-02-26T19:09:55","unixtimestamp":1330283395},"track":{"name":"Sonata for Piano No.21 in C major \u0027Waldstein\u0027 Op.53 - Grave - Allegro Di Molto","artist":{"name":"Ludwig van Beethoven","mbid":"1f9df192-a621-4f54-8850-2c5373b7eac9"}},"uncorrectedTrack":{"name":"Sonata for Piano No.21 in C major \u0027Waldstein\u0027 Op.53 - Grave - Allegro Di Molto","artist":{"name":"Beethoven","mbid":"b160e4df-52f8-4487-8375-e8fc7de4970b"}},"album":{"name":"Classical Best Of","artist":{"name":"Beethoven","mbid":"b160e4df-52f8-4487-8375-e8fc7de4970b"}}},{"timestamp":{"iso":"2012-02-26T19:18:43","unixtimestamp":1330283923},"track":{"name":"Moonlight Sonata: Adagio Sostenuto","mbid":"d2953f43-856c-473b-b198-051acf8c8faf","artist":{"name":"Ludwig van Beethoven","mbid":"1f9df192-a621-4f54-8850-2c5373b7eac9"}},"uncorrectedTrack":{"name":"Moonlight Sonata: Adagio sostenuto","artist":{"name":"Beethoven","mbid":"b160e4df-52f8-4487-8375-e8fc7de4970b"}},"album":{"name":"Classical Best Of","artist":{"name":"Beethoven","mbid":"b160e4df-52f8-4487-8375-e8fc7de4970b"}}},{"timestamp":{"iso":"2012-02-26T19:24:11","unixtimestamp":1330284251},"track":{"name":"Fidelio – Concerto for Piano and Orchestra No. 3 in C minor, Op. 37 – 2nd movement","artist":{"name":"Ludwig van Beethoven","mbid":"1f9df192-a621-4f54-8850-2c5373b7eac9"}},"uncorrectedTrack":{"name":"Fidelio – Concerto for Piano and Orchestra No. 3 in C minor, Op. 37 – 2nd movement","artist":{"name":"Beethoven","mbid":"b160e4df-52f8-4487-8375-e8fc7de4970b"}},"album":{"name":"Classical Best Of","artist":{"name":"Beethoven","mbid":"b160e4df-52f8-4487-8375-e8fc7de4970b"}}},{"timestamp":{"iso":"2012-02-26T19:34:39","unixtimestamp":1330284879},"track":{"name":"\u0027King Stephan\u0027 Op.117 - Overture","artist":{"name":"Ludwig van Beethoven","mbid":"1f9df192-a621-4f54-8850-2c5373b7eac9"}},"uncorrectedTrack":{"name":"\u0027King Stephan\u0027 Op.117 - Overture","artist":{"name":"Beethoven","mbid":"b160e4df-52f8-4487-8375-e8fc7de4970b"}},"album":{"name":"Classical Best Of","artist":{"name":"Beethoven","mbid":"b160e4df-52f8-4487-8375-e8fc7de4970b"}}},{"timestamp":{"iso":"2012-02-26T20:23:41","unixtimestamp":1330287821},"track":{"name":"My Girls","mbid":"f34bab62-0ca6-417e-a80e-71e45d5cb729","artist":{"name":"Animal Collective","mbid":"0c751690-c784-4a4f-b1e4-c1de27d47581"}},"uncorrectedTrack":{"name":"My Girls","mbid":"f34bab62-0ca6-417e-a80e-71e45d5cb729","artist":{"name":"Animal Collective","mbid":"0c751690-c784-4a4f-b1e4-c1de27d47581"}},"album":{"name":"Merriweather Post Pavilion","mbid":"5fb66781-17d5-34c6-9ff0-eeba19d4e240","artist":{"name":"Animal Collective","mbid":"0c751690-c784-4a4f-b1e4-c1de27d47581"}}},{"timestamp":{"iso":"2012-02-26T20:30:44","unixtimestamp":1330288244},"track":{"name":"Heartbeats","mbid":"326574a1-5b2e-470a-8bd5-8c188e264df7","artist":{"name":"The Knife","mbid":"737286bc-1b92-41c3-82f9-3573abc5378b"}},"uncorrectedTrack":{"name":"Heartbeats","mbid":"326574a1-5b2e-470a-8bd5-8c188e264df7","artist":{"name":"The Knife","mbid":"737286bc-1b92-41c3-82f9-3573abc5378b"}},"album":{"name":"Deep Cuts","mbid":"7ec39128-ef00-415d-905e-e2764e337193","artist":{"name":"The Knife","mbid":"737286bc-1b92-41c3-82f9-3573abc5378b"}}},{"timestamp":{"iso":"2012-02-26T20:34:37","unixtimestamp":1330288477},"track":{"name":"Trick Pony","mbid":"e6f36c60-46bd-48bc-85a3-db1123cf29db","artist":{"name":"Charlotte Gainsbourg","mbid":"6efa29c6-9995-48e0-9eaf-3809464a39a7"}},"uncorrectedTrack":{"name":"Trick Pony","mbid":"e6f36c60-46bd-48bc-85a3-db1123cf29db","artist":{"name":"Charlotte Gainsbourg","mbid":"6efa29c6-9995-48e0-9eaf-3809464a39a7"}},"album":{"name":"IRM","mbid":"75cb95e2-a202-4f3a-a122-743cfeb9eceb","artist":{"name":"Charlotte Gainsbourg","mbid":"6efa29c6-9995-48e0-9eaf-3809464a39a7"}}},{"timestamp":{"iso":"2012-02-26T20:37:30","unixtimestamp":1330288650},"track":{"name":"Terrible Angels","mbid":"9555d873-5133-4297-8054-26889605aeba","artist":{"name":"Charlotte Gainsbourg","mbid":"6efa29c6-9995-48e0-9eaf-3809464a39a7"}},"uncorrectedTrack":{"name":"Terrible Angels","mbid":"9555d873-5133-4297-8054-26889605aeba","artist":{"name":"Charlotte Gainsbourg","mbid":"6efa29c6-9995-48e0-9eaf-3809464a39a7"}},"album":{"name":"Terrible Angels","mbid":"a3d7b522-6609-4543-b300-0fe376fbcba8","artist":{"name":"Charlotte Gainsbourg","mbid":"6efa29c6-9995-48e0-9eaf-3809464a39a7"}}},{"timestamp":{"iso":"2012-02-26T20:41:37","unixtimestamp":1330288897},"track":{"name":"Heaven Can Wait","mbid":"ba9f647b-500d-4683-8344-312e1b7e7bf3","artist":{"name":"Charlotte Gainsbourg","mbid":"6efa29c6-9995-48e0-9eaf-3809464a39a7"}},"uncorrectedTrack":{"name":"Heaven Can Wait","mbid":"ba9f647b-500d-4683-8344-312e1b7e7bf3","artist":{"name":"Charlotte Gainsbourg","mbid":"6efa29c6-9995-48e0-9eaf-3809464a39a7"}},"album":{"name":"IRM","mbid":"75cb95e2-a202-4f3a-a122-743cfeb9eceb","artist":{"name":"Charlotte Gainsbourg","mbid":"6efa29c6-9995-48e0-9eaf-3809464a39a7"}}},{"timestamp":{"iso":"2012-02-26T21:29:25","unixtimestamp":1330291765},"track":{"name":"Mansard Roof","mbid":"1c6c75a6-3779-469e-b3ef-f9314e9d47e1","artist":{"name":"Vampire Weekend","mbid":"af37c51c-0790-4a29-b995-456f98a6b8c9"}},"uncorrectedTrack":{"name":"Mansard Roof","mbid":"1c6c75a6-3779-469e-b3ef-f9314e9d47e1","artist":{"name":"Vampire Weekend","mbid":"af37c51c-0790-4a29-b995-456f98a6b8c9"}},"album":{"name":"Vampire Weekend","mbid":"29436531-8e43-4e5e-9d36-037e775e2883","artist":{"name":"Vampire Weekend","mbid":"af37c51c-0790-4a29-b995-456f98a6b8c9"}}},{"timestamp":{"iso":"2012-02-26T21:59:40","unixtimestamp":1330293580},"track":{"name":"Giving up the Gun","mbid":"fb46ee06-4ded-4b0c-862f-4e2b226d9430","artist":{"name":"Vampire Weekend","mbid":"af37c51c-0790-4a29-b995-456f98a6b8c9"}},"uncorrectedTrack":{"name":"Giving up the Gun","mbid":"fb46ee06-4ded-4b0c-862f-4e2b226d9430","artist":{"name":"Vampire Weekend","mbid":"af37c51c-0790-4a29-b995-456f98a6b8c9"}},"album":{"name":"Contra","mbid":"6a37f216-01ce-4102-ae19-d3546925cc24","artist":{"name":"Vampire Weekend","mbid":"af37c51c-0790-4a29-b995-456f98a6b8c9"}}},{"timestamp":{"iso":"2012-02-26T22:07:34","unixtimestamp":1330294054},"track":{"name":"One (Blake’s Got A New Face)","artist":{"name":"Vampire Weekend","mbid":"af37c51c-0790-4a29-b995-456f98a6b8c9"}},"uncorrectedTrack":{"name":"One (Blake’s Got A New Face)","artist":{"name":"Vampire Weekend","mbid":"af37c51c-0790-4a29-b995-456f98a6b8c9"}},"album":{"name":"Vampire Weekend","mbid":"29436531-8e43-4e5e-9d36-037e775e2883","artist":{"name":"Vampire Weekend","mbid":"af37c51c-0790-4a29-b995-456f98a6b8c9"}}},{"timestamp":{"iso":"2012-02-26T22:12:34","unixtimestamp":1330294354},"track":{"name":"Walcott","mbid":"2904e44a-b56e-42ed-8f4f-cdfe403cd43a","artist":{"name":"Vampire Weekend","mbid":"af37c51c-0790-4a29-b995-456f98a6b8c9"}},"uncorrectedTrack":{"name":"Walcott","mbid":"2904e44a-b56e-42ed-8f4f-cdfe403cd43a","artist":{"name":"Vampire Weekend","mbid":"af37c51c-0790-4a29-b995-456f98a6b8c9"}},"album":{"name":"Vampire Weekend","mbid":"29436531-8e43-4e5e-9d36-037e775e2883","artist":{"name":"Vampire Weekend","mbid":"af37c51c-0790-4a29-b995-456f98a6b8c9"}}},{"timestamp":{"iso":"2012-02-26T22:22:04","unixtimestamp":1330294924},"track":{"name":"Bryn","mbid":"e3a8e01b-3428-4eca-a4d8-245bba2b8a4c","artist":{"name":"Vampire Weekend","mbid":"af37c51c-0790-4a29-b995-456f98a6b8c9"}},"uncorrectedTrack":{"name":"Bryn","mbid":"e3a8e01b-3428-4eca-a4d8-245bba2b8a4c","artist":{"name":"Vampire Weekend","mbid":"af37c51c-0790-4a29-b995-456f98a6b8c9"}},"album":{"name":"Vampire Weekend","mbid":"29436531-8e43-4e5e-9d36-037e775e2883","artist":{"name":"Vampire Weekend","mbid":"af37c51c-0790-4a29-b995-456f98a6b8c9"}}}]