[{"timestamp":{"iso":"2014-01-11T10:25:59","unixtimestamp":1389435959},"track":{"name":"Open Shores","artist":{"name":"OST","mbid":"1763c989-433f-46b5-9cda-a216cb0d2e15"}},"uncorrectedTrack":{"name":"Open Shores","artist":{"name":"OST","mbid":"1763c989-433f-46b5-9cda-a216cb0d2e15"}},"album":{"name":"Departures - Volume 1","artist":{"name":"OST","mbid":"1763c989-433f-46b5-9cda-a216cb0d2e15"}},"application":"Grooveshark"},{"timestamp":{"iso":"2014-01-11T10:37:47","unixtimestamp":1389436667},"track":{"name":"So It Seems","artist":{"name":"OST","mbid":"1763c989-433f-46b5-9cda-a216cb0d2e15"}},"uncorrectedTrack":{"name":"So It Seems","artist":{"name":"OST","mbid":"1763c989-433f-46b5-9cda-a216cb0d2e15"}},"album":{"name":"Departures - Volume 1","artist":{"name":"OST","mbid":"1763c989-433f-46b5-9cda-a216cb0d2e15"}},"application":"Grooveshark"},{"timestamp":{"iso":"2014-01-11T10:38:18","unixtimestamp":1389436698},"track":{"name":"Trails","artist":{"name":"OST","mbid":"1763c989-433f-46b5-9cda-a216cb0d2e15"}},"uncorrectedTrack":{"name":"Trails","artist":{"name":"OST","mbid":"1763c989-433f-46b5-9cda-a216cb0d2e15"}},"album":{"name":"Departures - Volume 1","artist":{"name":"OST","mbid":"1763c989-433f-46b5-9cda-a216cb0d2e15"}},"application":"Grooveshark"},{"timestamp":{"iso":"2014-01-12T08:34:26","unixtimestamp":1389515666},"track":{"name":"Transient","mbid":"7fc96a9f-d16f-48e0-acb4-a1fc17b832c2","artist":{"name":"Glen Porter","mbid":"7454165a-d7e4-4138-b326-2473e5a1ef3b"}},"uncorrectedTrack":{"name":"Transient","mbid":"7fc96a9f-d16f-48e0-acb4-a1fc17b832c2","artist":{"name":"Glen Porter","mbid":"7454165a-d7e4-4138-b326-2473e5a1ef3b"}},"album":{"name":"Blessed by a Young Death","mbid":"1e350090-3f3c-4031-81c2-1c01548c5411","artist":{"name":"Glen Porter","mbid":"7454165a-d7e4-4138-b326-2473e5a1ef3b"}},"application":"Grooveshark"},{"timestamp":{"iso":"2014-01-12T09:04:05","unixtimestamp":1389517445},"track":{"name":"Julio","artist":{"name":"OST","mbid":"1763c989-433f-46b5-9cda-a216cb0d2e15"}},"uncorrectedTrack":{"name":"Julio","artist":{"name":"OST","mbid":"1763c989-433f-46b5-9cda-a216cb0d2e15"}},"album":{"name":"Departures - Volume 1","artist":{"name":"OST","mbid":"1763c989-433f-46b5-9cda-a216cb0d2e15"}},"application":"Grooveshark"},{"timestamp":{"iso":"2014-01-12T09:06:19","unixtimestamp":1389517579},"track":{"name":"Prolong","artist":{"name":"OST","mbid":"1763c989-433f-46b5-9cda-a216cb0d2e15"}},"uncorrectedTrack":{"name":"Prolong","artist":{"name":"OST","mbid":"1763c989-433f-46b5-9cda-a216cb0d2e15"}},"album":{"name":"Departures - Volume 1","artist":{"name":"OST","mbid":"1763c989-433f-46b5-9cda-a216cb0d2e15"}},"application":"Grooveshark"},{"timestamp":{"iso":"2014-01-12T09:10:05","unixtimestamp":1389517805},"track":{"name":"Lightest Blue","artist":{"name":"OST","mbid":"1763c989-433f-46b5-9cda-a216cb0d2e15"}},"uncorrectedTrack":{"name":"Lightest Blue","artist":{"name":"OST","mbid":"1763c989-433f-46b5-9cda-a216cb0d2e15"}},"album":{"name":"Departures - Volume 1","artist":{"name":"OST","mbid":"1763c989-433f-46b5-9cda-a216cb0d2e15"}},"application":"Grooveshark"},{"timestamp":{"iso":"2014-01-12T09:13:30","unixtimestamp":1389518010},"track":{"name":"Awrldofmkblv","mbid":"5bfa5817-2917-447c-ae9f-ca6d7e35098e","artist":{"name":"Glen Porter","mbid":"7454165a-d7e4-4138-b326-2473e5a1ef3b"}},"uncorrectedTrack":{"name":"Awrldofmkblv","mbid":"5bfa5817-2917-447c-ae9f-ca6d7e35098e","artist":{"name":"Glen Porter","mbid":"7454165a-d7e4-4138-b326-2473e5a1ef3b"}},"album":{"name":"Blessed by a Young Death","mbid":"1e350090-3f3c-4031-81c2-1c01548c5411","artist":{"name":"Glen Porter","mbid":"7454165a-d7e4-4138-b326-2473e5a1ef3b"}},"application":"Grooveshark"},{"timestamp":{"iso":"2014-01-12T09:16:31","unixtimestamp":1389518191},"track":{"name":"Rain Theory","artist":{"name":"OST","mbid":"1763c989-433f-46b5-9cda-a216cb0d2e15"}},"uncorrectedTrack":{"name":"Rain Theory","artist":{"name":"OST","mbid":"1763c989-433f-46b5-9cda-a216cb0d2e15"}},"album":{"name":"Departures - Volume 1","artist":{"name":"OST","mbid":"1763c989-433f-46b5-9cda-a216cb0d2e15"}},"application":"Grooveshark"},{"timestamp":{"iso":"2014-01-12T09:21:30","unixtimestamp":1389518490},"track":{"name":"So It Seems","artist":{"name":"OST","mbid":"1763c989-433f-46b5-9cda-a216cb0d2e15"}},"uncorrectedTrack":{"name":"So It Seems","artist":{"name":"OST","mbid":"1763c989-433f-46b5-9cda-a216cb0d2e15"}},"album":{"name":"Departures - Volume 1","artist":{"name":"OST","mbid":"1763c989-433f-46b5-9cda-a216cb0d2e15"}},"application":"Grooveshark"},{"timestamp":{"iso":"2014-01-12T09:22:01","unixtimestamp":1389518521},"track":{"name":"Conspiring With Light","artist":{"name":"OST","mbid":"1763c989-433f-46b5-9cda-a216cb0d2e15"}},"uncorrectedTrack":{"name":"Conspiring With Light","artist":{"name":"OST","mbid":"1763c989-433f-46b5-9cda-a216cb0d2e15"}},"album":{"name":"Departures - Volume 1","artist":{"name":"OST","mbid":"1763c989-433f-46b5-9cda-a216cb0d2e15"}},"application":"Grooveshark"},{"timestamp":{"iso":"2014-01-12T09:27:11","unixtimestamp":1389518831},"track":{"name":"April","artist":{"name":"OST","mbid":"1763c989-433f-46b5-9cda-a216cb0d2e15"}},"uncorrectedTrack":{"name":"April","artist":{"name":"OST","mbid":"1763c989-433f-46b5-9cda-a216cb0d2e15"}},"album":{"name":"Departures - Volume 1","artist":{"name":"OST","mbid":"1763c989-433f-46b5-9cda-a216cb0d2e15"}},"application":"Grooveshark"},{"timestamp":{"iso":"2014-01-12T09:56:22","unixtimestamp":1389520582},"track":{"name":"Fireworks","mbid":"5303b9a8-e151-4111-8cd6-933926520d18","artist":{"name":"Animal Collective","mbid":"0c751690-c784-4a4f-b1e4-c1de27d47581"}},"uncorrectedTrack":{"name":"Fireworks","mbid":"5303b9a8-e151-4111-8cd6-933926520d18","artist":{"name":"Animal Collective","mbid":"0c751690-c784-4a4f-b1e4-c1de27d47581"}},"album":{"name":"Strawberry Jam","mbid":"0e48536b-7d95-3f89-955f-96579a716cba","artist":{"name":"Animal Collective","mbid":"0c751690-c784-4a4f-b1e4-c1de27d47581"}},"application":"Grooveshark"},{"timestamp":{"iso":"2014-01-12T10:03:13","unixtimestamp":1389520993},"track":{"name":"Something Glue","mbid":"a29d1988-6aed-4dac-912f-c492239f4830","artist":{"name":"Glen Porter","mbid":"7454165a-d7e4-4138-b326-2473e5a1ef3b"}},"uncorrectedTrack":{"name":"Something Glue","mbid":"a29d1988-6aed-4dac-912f-c492239f4830","artist":{"name":"Glen Porter","mbid":"7454165a-d7e4-4138-b326-2473e5a1ef3b"}},"album":{"name":"Blessed by a Young Death","mbid":"1e350090-3f3c-4031-81c2-1c01548c5411","artist":{"name":"Glen Porter","mbid":"7454165a-d7e4-4138-b326-2473e5a1ef3b"}},"application":"Grooveshark"},{"timestamp":{"iso":"2014-01-12T10:06:47","unixtimestamp":1389521207},"track":{"name":"5AM","mbid":"816d80a4-b1ff-4b3b-a97e-55cc11f7457a","artist":{"name":"Glen Porter","mbid":"7454165a-d7e4-4138-b326-2473e5a1ef3b"}},"uncorrectedTrack":{"name":"5AM","mbid":"816d80a4-b1ff-4b3b-a97e-55cc11f7457a","artist":{"name":"Glen Porter","mbid":"7454165a-d7e4-4138-b326-2473e5a1ef3b"}},"album":{"name":"Falling Down","mbid":"f97efeba-fe82-4a62-a4bb-283e4d4e97e2","artist":{"name":"Glen Porter","mbid":"7454165a-d7e4-4138-b326-2473e5a1ef3b"}},"application":"Grooveshark"},{"timestamp":{"iso":"2014-01-12T10:09:25","unixtimestamp":1389521365},"track":{"name":"Armies of Air","artist":{"name":"OST","mbid":"1763c989-433f-46b5-9cda-a216cb0d2e15"}},"uncorrectedTrack":{"name":"Armies of Air","artist":{"name":"OST","mbid":"1763c989-433f-46b5-9cda-a216cb0d2e15"}},"album":{"name":"Departures - Volume 1","artist":{"name":"OST","mbid":"1763c989-433f-46b5-9cda-a216cb0d2e15"}},"application":"Grooveshark"},{"timestamp":{"iso":"2014-01-12T10:12:24","unixtimestamp":1389521544},"track":{"name":"Forgive Me, Part 2","mbid":"33047638-96a2-4356-a12b-38813fc54ba8","artist":{"name":"Glen Porter","mbid":"7454165a-d7e4-4138-b326-2473e5a1ef3b"}},"uncorrectedTrack":{"name":"Forgive Me Part 2","artist":{"name":"Glen Porter","mbid":"7454165a-d7e4-4138-b326-2473e5a1ef3b"}},"album":{"name":"Blessed by a Young Death","mbid":"1e350090-3f3c-4031-81c2-1c01548c5411","artist":{"name":"Glen Porter","mbid":"7454165a-d7e4-4138-b326-2473e5a1ef3b"}},"application":"Grooveshark"},{"timestamp":{"iso":"2014-01-12T10:14:37","unixtimestamp":1389521677},"track":{"name":"Azuri","artist":{"name":"OST","mbid":"1763c989-433f-46b5-9cda-a216cb0d2e15"}},"uncorrectedTrack":{"name":"Azuri","artist":{"name":"OST","mbid":"1763c989-433f-46b5-9cda-a216cb0d2e15"}},"album":{"name":"Departures - Volume 1","artist":{"name":"OST","mbid":"1763c989-433f-46b5-9cda-a216cb0d2e15"}},"application":"Grooveshark"},{"timestamp":{"iso":"2014-01-12T10:18:02","unixtimestamp":1389521882},"track":{"name":"Open Shores","artist":{"name":"OST","mbid":"1763c989-433f-46b5-9cda-a216cb0d2e15"}},"uncorrectedTrack":{"name":"Open Shores","artist":{"name":"OST","mbid":"1763c989-433f-46b5-9cda-a216cb0d2e15"}},"album":{"name":"Departures - Volume 1","artist":{"name":"OST","mbid":"1763c989-433f-46b5-9cda-a216cb0d2e15"}},"application":"Grooveshark"},{"timestamp":{"iso":"2014-01-12T10:20:15","unixtimestamp":1389522015},"track":{"name":"I Sat Alone","mbid":"6a720925-3834-425a-a949-94b238c34cf5","artist":{"name":"Glen Porter","mbid":"7454165a-d7e4-4138-b326-2473e5a1ef3b"}},"uncorrectedTrack":{"name":"I Sat Alone","mbid":"6a720925-3834-425a-a949-94b238c34cf5","artist":{"name":"Glen Porter","mbid":"7454165a-d7e4-4138-b326-2473e5a1ef3b"}},"album":{"name":"Blessed by a Young Death","mbid":"1e350090-3f3c-4031-81c2-1c01548c5411","artist":{"name":"Glen Porter","mbid":"7454165a-d7e4-4138-b326-2473e5a1ef3b"}},"application":"Grooveshark"},{"timestamp":{"iso":"2014-01-12T10:23:10","unixtimestamp":1389522190},"track":{"name":"Fireworks","mbid":"5303b9a8-e151-4111-8cd6-933926520d18","artist":{"name":"Animal Collective","mbid":"0c751690-c784-4a4f-b1e4-c1de27d47581"}},"uncorrectedTrack":{"name":"Fireworks","mbid":"5303b9a8-e151-4111-8cd6-933926520d18","artist":{"name":"Animal Collective","mbid":"0c751690-c784-4a4f-b1e4-c1de27d47581"}},"album":{"name":"Strawberry Jam","mbid":"0e48536b-7d95-3f89-955f-96579a716cba","artist":{"name":"Animal Collective","mbid":"0c751690-c784-4a4f-b1e4-c1de27d47581"}},"application":"Grooveshark"},{"timestamp":{"iso":"2014-01-12T10:30:02","unixtimestamp":1389522602},"track":{"name":"Donna","artist":{"name":"OST","mbid":"1763c989-433f-46b5-9cda-a216cb0d2e15"}},"uncorrectedTrack":{"name":"Donna","artist":{"name":"OST","mbid":"1763c989-433f-46b5-9cda-a216cb0d2e15"}},"album":{"name":"Departures - Volume 1","artist":{"name":"OST","mbid":"1763c989-433f-46b5-9cda-a216cb0d2e15"}},"application":"Grooveshark"},{"timestamp":{"iso":"2014-01-12T10:32:12","unixtimestamp":1389522732},"track":{"name":"Sharpen the Noise","artist":{"name":"OST","mbid":"1763c989-433f-46b5-9cda-a216cb0d2e15"}},"uncorrectedTrack":{"name":"Sharpen the Noise","artist":{"name":"OST","mbid":"1763c989-433f-46b5-9cda-a216cb0d2e15"}},"album":{"name":"Departures - Volume 1","artist":{"name":"OST","mbid":"1763c989-433f-46b5-9cda-a216cb0d2e15"}},"application":"Grooveshark"},{"timestamp":{"iso":"2014-01-12T10:35:22","unixtimestamp":1389522922},"track":{"name":"Slowburn","mbid":"6e5b54e4-1ed3-4921-8263-a0289c232862","artist":{"name":"Glen Porter","mbid":"7454165a-d7e4-4138-b326-2473e5a1ef3b"}},"uncorrectedTrack":{"name":"Slowburn","mbid":"6e5b54e4-1ed3-4921-8263-a0289c232862","artist":{"name":"Glen Porter","mbid":"7454165a-d7e4-4138-b326-2473e5a1ef3b"}},"album":{"name":"Blessed by a Young Death","mbid":"1e350090-3f3c-4031-81c2-1c01548c5411","artist":{"name":"Glen Porter","mbid":"7454165a-d7e4-4138-b326-2473e5a1ef3b"}},"application":"Grooveshark"},{"timestamp":{"iso":"2014-01-12T10:39:12","unixtimestamp":1389523152},"track":{"name":"Abstracts and Air Pressure","artist":{"name":"OST","mbid":"1763c989-433f-46b5-9cda-a216cb0d2e15"}},"uncorrectedTrack":{"name":"Abstracts and Air Pressure","artist":{"name":"OST","mbid":"1763c989-433f-46b5-9cda-a216cb0d2e15"}},"album":{"name":"Departures - Volume 1","artist":{"name":"OST","mbid":"1763c989-433f-46b5-9cda-a216cb0d2e15"}},"application":"Grooveshark"},{"timestamp":{"iso":"2014-01-12T10:41:28","unixtimestamp":1389523288},"track":{"name":"And Death of","mbid":"9f8ed439-89f3-434b-89b8-9f8c0d5929e0","artist":{"name":"Glen Porter","mbid":"7454165a-d7e4-4138-b326-2473e5a1ef3b"}},"uncorrectedTrack":{"name":"And Death of","mbid":"9f8ed439-89f3-434b-89b8-9f8c0d5929e0","artist":{"name":"Glen Porter","mbid":"7454165a-d7e4-4138-b326-2473e5a1ef3b"}},"album":{"name":"Blessed by a Young Death","mbid":"1e350090-3f3c-4031-81c2-1c01548c5411","artist":{"name":"Glen Porter","mbid":"7454165a-d7e4-4138-b326-2473e5a1ef3b"}},"application":"Grooveshark"},{"timestamp":{"iso":"2014-01-12T10:44:08","unixtimestamp":1389523448},"track":{"name":"Something Glue","mbid":"a29d1988-6aed-4dac-912f-c492239f4830","artist":{"name":"Glen Porter","mbid":"7454165a-d7e4-4138-b326-2473e5a1ef3b"}},"uncorrectedTrack":{"name":"Something Glue","mbid":"a29d1988-6aed-4dac-912f-c492239f4830","artist":{"name":"Glen Porter","mbid":"7454165a-d7e4-4138-b326-2473e5a1ef3b"}},"album":{"name":"Blessed by a Young Death","mbid":"1e350090-3f3c-4031-81c2-1c01548c5411","artist":{"name":"Glen Porter","mbid":"7454165a-d7e4-4138-b326-2473e5a1ef3b"}},"application":"Grooveshark"},{"timestamp":{"iso":"2014-01-15T16:05:50","unixtimestamp":1389801950},"track":{"name":"When You Were Me","artist":{"name":"Sunriser","mbid":"f5a99361-6715-4387-879a-efce5a95b12d"}},"uncorrectedTrack":{"name":"When You Were Me","artist":{"name":"Sunriser","mbid":"f5a99361-6715-4387-879a-efce5a95b12d"}},"album":{"name":"Sunriser","artist":{"name":"Sunriser","mbid":"f5a99361-6715-4387-879a-efce5a95b12d"}},"application":"Grooveshark"},{"timestamp":{"iso":"2014-01-15T16:13:37","unixtimestamp":1389802417},"track":{"name":"Gun-Shy","artist":{"name":"Grizzly Bear","mbid":"59a7fbcb-ff74-494d-abd0-9c82359040c9"}},"uncorrectedTrack":{"name":"Gun-Shy","artist":{"name":"Grizzly Bear","mbid":"59a7fbcb-ff74-494d-abd0-9c82359040c9"}},"album":{"name":"Shields","mbid":"01586826-b4ab-4617-9a18-25cb051d07d8","artist":{"name":"Grizzly Bear","mbid":"59a7fbcb-ff74-494d-abd0-9c82359040c9"}},"application":"Grooveshark"},{"timestamp":{"iso":"2014-01-15T16:31:12","unixtimestamp":1389803472},"track":{"name":"Pacific Theme","mbid":"b1326b17-d876-47dc-8a0a-a4a05bb2087d","artist":{"name":"Broken Social Scene","mbid":"2eada8f8-056a-4093-bbc2-004909ce743b"}},"uncorrectedTrack":{"name":"Pacific Theme","mbid":"b1326b17-d876-47dc-8a0a-a4a05bb2087d","artist":{"name":"Broken Social Scene","mbid":"2eada8f8-056a-4093-bbc2-004909ce743b"}},"album":{"name":"You Forgot It In People","mbid":"4a62cd38-0405-33c0-ade2-6be951f7b777","artist":{"name":"Broken Social Scene","mbid":"2eada8f8-056a-4093-bbc2-004909ce743b"}},"application":"Grooveshark"},{"timestamp":{"iso":"2014-01-15T19:20:47","unixtimestamp":1389813647},"track":{"name":"Israel Kamakawiwo\u0027ole - Somewhere Over The Rainbow-What A Wonderful World","artist":{"name":"Hawaiian"}},"uncorrectedTrack":{"name":"Israel Kamakawiwo\u0027ole - Somewhere Over The Rainbow-What A Wonderful World","artist":{"name":"Hawaiian"}},"album":{"name":"Facing the Future","artist":{"name":"Hawaiian"}},"application":"Grooveshark"},{"timestamp":{"iso":"2014-01-15T19:25:52","unixtimestamp":1389813952},"track":{"name":"Spread A Little Aloha","artist":{"name":"Hawaiian"}},"uncorrectedTrack":{"name":"Spread A Little Aloha","artist":{"name":"Hawaiian"}},"album":{"name":"~","artist":{"name":"Hawaiian"}},"application":"Grooveshark"},{"timestamp":{"iso":"2014-01-15T19:28:07","unixtimestamp":1389814087},"track":{"name":"Summer Story","mbid":"ac456bf8-f102-441a-95f1-29d5686a34dd","artist":{"name":"Kohala","mbid":"cf90942c-95f3-4180-9630-eb457c49d053"}},"uncorrectedTrack":{"name":"Summer Story","mbid":"ac456bf8-f102-441a-95f1-29d5686a34dd","artist":{"name":"Kohala","mbid":"cf90942c-95f3-4180-9630-eb457c49d053"}},"album":{"name":"Back to Kohala","mbid":"94bab356-3d03-496f-8477-b798bbeb65b8","artist":{"name":"Kohala","mbid":"cf90942c-95f3-4180-9630-eb457c49d053"}},"application":"Grooveshark"},{"timestamp":{"iso":"2014-01-15T19:32:06","unixtimestamp":1389814326},"track":{"name":"\u0027Imi Au Ia \u0027Oe","mbid":"aafdbf52-9908-4d74-a448-5381aaa2a957","artist":{"name":"Keola Beamer","mbid":"7c557252-cf19-4055-a973-8d6f3c55deb1"}},"uncorrectedTrack":{"name":"\u0027Imi Au Ia \u0027Oe","mbid":"aafdbf52-9908-4d74-a448-5381aaa2a957","artist":{"name":"Keola Beamer","mbid":"7c557252-cf19-4055-a973-8d6f3c55deb1"}},"album":{"name":"The Descendants Soundtrack","artist":{"name":"Keola Beamer","mbid":"7c557252-cf19-4055-a973-8d6f3c55deb1"}},"application":"Grooveshark"},{"timestamp":{"iso":"2014-01-15T19:35:18","unixtimestamp":1389814518},"track":{"name":"\u0027Ulili E (vocal duet with David Kamakahi)","artist":{"name":"Dennis Kamakahi","mbid":"003f777f-98e1-4a55-9548-6ec52b7e624c"}},"uncorrectedTrack":{"name":"\u0027Ulili E (vocal duet with David Kamakahi)","artist":{"name":"Dennis Kamakahi","mbid":"003f777f-98e1-4a55-9548-6ec52b7e624c"}},"album":{"name":"The Descendants Soundtrack","artist":{"name":"Dennis Kamakahi","mbid":"003f777f-98e1-4a55-9548-6ec52b7e624c"}},"application":"Grooveshark"},{"timestamp":{"iso":"2014-01-15T19:39:37","unixtimestamp":1389814777},"track":{"name":"Auwe","artist":{"name":"Ray Kane","mbid":"bc5d09b3-7616-40db-ad8a-666d0ff4f6f0"}},"uncorrectedTrack":{"name":"Auwe","artist":{"name":"Ray Kane","mbid":"bc5d09b3-7616-40db-ad8a-666d0ff4f6f0"}},"album":{"name":"The Descendants Soundtrack","artist":{"name":"Ray Kane","mbid":"bc5d09b3-7616-40db-ad8a-666d0ff4f6f0"}},"application":"Grooveshark"},{"timestamp":{"iso":"2014-01-15T19:41:54","unixtimestamp":1389814914},"track":{"name":"Kalena Kai","mbid":"caec7279-165e-4fbb-88db-4adb6c28490e","artist":{"name":"Keola Beamer \u0026 George Winston"}},"uncorrectedTrack":{"name":"Kalena Kai","mbid":"caec7279-165e-4fbb-88db-4adb6c28490e","artist":{"name":"Keola Beamer \u0026 George Winston"}},"album":{"name":"The Descendants Soundtrack","artist":{"name":"Keola Beamer \u0026 George Winston"}},"application":"Grooveshark"},{"timestamp":{"iso":"2014-01-15T19:54:05","unixtimestamp":1389815645},"track":{"name":"Hawaiian Skies","mbid":"d04755d7-81eb-4213-8b8e-db40b8a73d8c","artist":{"name":"Jeff Peterson","mbid":"63a0734a-d0d7-4dd2-a0fc-cee59cb10b1a"}},"uncorrectedTrack":{"name":"Hawaiian Skies","mbid":"d04755d7-81eb-4213-8b8e-db40b8a73d8c","artist":{"name":"Jeff Peterson","mbid":"63a0734a-d0d7-4dd2-a0fc-cee59cb10b1a"}},"album":{"name":"The Descendants Soundtrack","artist":{"name":"Jeff Peterson","mbid":"63a0734a-d0d7-4dd2-a0fc-cee59cb10b1a"}},"application":"Grooveshark"},{"timestamp":{"iso":"2014-01-15T19:56:26","unixtimestamp":1389815786},"track":{"name":"He\u0027eia","artist":{"name":"gabby pahinui \u0026 sons of hawaii"}},"uncorrectedTrack":{"name":"He\u0027eia","artist":{"name":"gabby pahinui \u0026 sons of hawaii"}},"album":{"name":"The Descendants Soundtrack","artist":{"name":"gabby pahinui \u0026 sons of hawaii"}},"application":"Grooveshark"},{"timestamp":{"iso":"2014-01-15T19:59:10","unixtimestamp":1389815950},"track":{"name":"Hapuna Sunset","mbid":"4773ebe5-b924-4307-9500-eaf292b47c57","artist":{"name":"Charles Michael Brotman","mbid":"cc0cb035-90ae-4428-aff1-fe73327d0f96"}},"uncorrectedTrack":{"name":"Hapuna Sunset","mbid":"4773ebe5-b924-4307-9500-eaf292b47c57","artist":{"name":"Charles Michael Brotman","mbid":"cc0cb035-90ae-4428-aff1-fe73327d0f96"}},"album":{"name":"The Descendants Soundtrack","artist":{"name":"Charles Michael Brotman","mbid":"cc0cb035-90ae-4428-aff1-fe73327d0f96"}},"application":"Grooveshark"},{"timestamp":{"iso":"2014-01-15T20:03:02","unixtimestamp":1389816182},"track":{"name":"Ka Mele Oku\u0027u Puuwai (78rpm Version)","artist":{"name":"Sol Hoopii\u0027s Novelty Trio"}},"uncorrectedTrack":{"name":"Ka Mele Oku\u0027u Puuwai (78rpm Version)","artist":{"name":"Sol Hoopii\u0027s Novelty Trio"}},"album":{"name":"The Descendants Soundtrack","artist":{"name":"Sol Hoopii\u0027s Novelty Trio"}},"application":"Grooveshark"},{"timestamp":{"iso":"2014-01-15T20:06:20","unixtimestamp":1389816380},"track":{"name":"Mom","mbid":"0aee1dd4-a45f-4909-8c66-afe24460d738","artist":{"name":"Lena Machado","mbid":"ccb7c2de-29ba-4f4c-8c37-98ff16e14845"}},"uncorrectedTrack":{"name":"Mom","mbid":"0aee1dd4-a45f-4909-8c66-afe24460d738","artist":{"name":"Lena Machado","mbid":"ccb7c2de-29ba-4f4c-8c37-98ff16e14845"}},"album":{"name":"The Descendants Soundtrack","artist":{"name":"Lena Machado","mbid":"ccb7c2de-29ba-4f4c-8c37-98ff16e14845"}},"application":"Grooveshark"},{"timestamp":{"iso":"2014-01-15T20:08:15","unixtimestamp":1389816495},"track":{"name":"Palm Trees and Hawaiian Breeze","artist":{"name":"Hawaiian Music Party Squad"}},"uncorrectedTrack":{"name":"Palm Trees and Hawaiian Breeze","artist":{"name":"Hawaiian Music Party Squad"}},"album":{"name":"Hawaiian Luau Party Music: Traditional Music of Hawaii","artist":{"name":"Hawaiian Music Party Squad"}},"application":"Grooveshark"},{"timestamp":{"iso":"2014-01-15T20:10:43","unixtimestamp":1389816643},"track":{"name":"Hawai\u0027i Pono\u0027i","mbid":"005a1fc2-e4f2-4871-bbfb-a5d68d7d2151","artist":{"name":"Jack de Mello","mbid":"f000c457-8c49-431e-9e04-2c5f32b51d51"}},"uncorrectedTrack":{"name":"Hawai\u0027i Pono\u0027i","mbid":"005a1fc2-e4f2-4871-bbfb-a5d68d7d2151","artist":{"name":"Jack de Mello","mbid":"f000c457-8c49-431e-9e04-2c5f32b51d51"}},"album":{"name":"Music Of Hawaii","artist":{"name":"Jack de Mello","mbid":"f000c457-8c49-431e-9e04-2c5f32b51d51"}},"application":"Grooveshark"},{"timestamp":{"iso":"2014-01-15T20:13:19","unixtimestamp":1389816799},"track":{"name":"Hawai\u0027i \u002778","mbid":"06d128b3-ad26-47fc-90df-ae859b85852b","artist":{"name":"Israel Kamakawiwoʻole","mbid":"1ce0e12b-43ab-4089-b6ab-de724106c299"}},"uncorrectedTrack":{"name":"Hawai\u0027i \u002778","mbid":"06d128b3-ad26-47fc-90df-ae859b85852b","artist":{"name":"Israel Kamakawiwoʻole","mbid":"1ce0e12b-43ab-4089-b6ab-de724106c299"}},"album":{"name":"Facing Future","mbid":"4d771066-6a57-4239-82f9-254564297377","artist":{"name":"Israel Kamakawiwoʻole","mbid":"1ce0e12b-43ab-4089-b6ab-de724106c299"}},"application":"Grooveshark"},{"timestamp":{"iso":"2014-01-15T20:18:35","unixtimestamp":1389817115},"track":{"name":"Ke Kaua A Kukauakahi","artist":{"name":"Mark Keali\u0027i Ho\u0027omalu"}},"uncorrectedTrack":{"name":"Ke Kaua A Kukauakahi","artist":{"name":"Mark Keali\u0027i Ho\u0027omalu"}},"album":{"name":"Po\u0027okela Chants","artist":{"name":"Mark Keali\u0027i Ho\u0027omalu"}},"application":"Grooveshark"},{"timestamp":{"iso":"2014-01-15T20:24:54","unixtimestamp":1389817494},"track":{"name":"Nani Hawai\u0027i","artist":{"name":"any song in the world"}},"uncorrectedTrack":{"name":"Nani Hawai\u0027i","artist":{"name":"any song in the world"}},"album":{"name":"Hawaii","artist":{"name":"any song in the world"}},"application":"Grooveshark"},{"timestamp":{"iso":"2014-01-15T20:25:30","unixtimestamp":1389817530},"track":{"name":"Po La\u0027ila\u0027i","artist":{"name":"Raiatea"}},"uncorrectedTrack":{"name":"Po La\u0027ila\u0027i","artist":{"name":"Raiatea"}},"album":{"name":"Putumayo Kids Presents: Hawaiian Playground","artist":{"name":"Raiatea"}},"application":"Grooveshark"},{"timestamp":{"iso":"2014-01-15T20:28:53","unixtimestamp":1389817733},"track":{"name":"Pua \u0027Olena","artist":{"name":"Lim Family"}},"uncorrectedTrack":{"name":"Pua \u0027Olena","artist":{"name":"Lim Family"}},"album":{"name":"Pride of Punahele, Vol. 2","artist":{"name":"Lim Family"}},"application":"Grooveshark"},{"timestamp":{"iso":"2014-01-16T21:35:27","unixtimestamp":1389908127},"track":{"name":"Novias","mbid":"b4de7318-5e65-450c-baf2-d1cfac5e4b78","artist":{"name":"El Guincho","mbid":"7e57d8a2-e6eb-48dd-8e50-ff7eaa412ccb"}},"uncorrectedTrack":{"name":"Novias","mbid":"b4de7318-5e65-450c-baf2-d1cfac5e4b78","artist":{"name":"El Guincho","mbid":"7e57d8a2-e6eb-48dd-8e50-ff7eaa412ccb"}},"album":{"name":"Pop Negro","mbid":"d1155ca2-d814-4f17-9426-743189f8d853","artist":{"name":"El Guincho","mbid":"7e57d8a2-e6eb-48dd-8e50-ff7eaa412ccb"}},"application":"Grooveshark"},{"timestamp":{"iso":"2014-01-16T21:43:52","unixtimestamp":1389908632},"track":{"name":"FM Tan Sexy","mbid":"cf9f332a-9161-4193-86a5-60f233256c87","artist":{"name":"El Guincho","mbid":"7e57d8a2-e6eb-48dd-8e50-ff7eaa412ccb"}},"uncorrectedTrack":{"name":"FM Tan Sexy","mbid":"cf9f332a-9161-4193-86a5-60f233256c87","artist":{"name":"El Guincho","mbid":"7e57d8a2-e6eb-48dd-8e50-ff7eaa412ccb"}},"album":{"name":"Pop Negro","mbid":"d1155ca2-d814-4f17-9426-743189f8d853","artist":{"name":"El Guincho","mbid":"7e57d8a2-e6eb-48dd-8e50-ff7eaa412ccb"}},"application":"Grooveshark"},{"timestamp":{"iso":"2014-01-16T21:50:05","unixtimestamp":1389909005},"track":{"name":"Shampoo Suicide","mbid":"2414c37d-c79b-40e4-b96b-618aa5136a17","artist":{"name":"Broken Social Scene","mbid":"2eada8f8-056a-4093-bbc2-004909ce743b"}},"uncorrectedTrack":{"name":"Shampoo Suicide","mbid":"2414c37d-c79b-40e4-b96b-618aa5136a17","artist":{"name":"Broken Social Scene","mbid":"2eada8f8-056a-4093-bbc2-004909ce743b"}},"album":{"name":"Singles \u0026 Duplicates","artist":{"name":"Broken Social Scene","mbid":"2eada8f8-056a-4093-bbc2-004909ce743b"}},"application":"Grooveshark"},{"timestamp":{"iso":"2014-01-16T21:54:22","unixtimestamp":1389909262},"track":{"name":"Deep in an ancient Hawaiian Forest","mbid":"90d1bf1b-1513-4be6-964b-90b431085e97","artist":{"name":"Makana","mbid":"9e7bd9cd-bd81-48f3-93e1-074c945f3f77"}},"uncorrectedTrack":{"name":"Deep in an ancient Hawaiian Forest","mbid":"90d1bf1b-1513-4be6-964b-90b431085e97","artist":{"name":"Makana","mbid":"9e7bd9cd-bd81-48f3-93e1-074c945f3f77"}},"album":{"name":"The Descendants Soundtrack","artist":{"name":"Makana","mbid":"9e7bd9cd-bd81-48f3-93e1-074c945f3f77"}},"application":"Grooveshark"},{"timestamp":{"iso":"2014-01-16T21:59:36","unixtimestamp":1389909576},"track":{"name":"Summer Story","mbid":"ac456bf8-f102-441a-95f1-29d5686a34dd","artist":{"name":"Kohala","mbid":"cf90942c-95f3-4180-9630-eb457c49d053"}},"uncorrectedTrack":{"name":"Summer Story","mbid":"ac456bf8-f102-441a-95f1-29d5686a34dd","artist":{"name":"Kohala","mbid":"cf90942c-95f3-4180-9630-eb457c49d053"}},"album":{"name":"Back to Kohala","mbid":"94bab356-3d03-496f-8477-b798bbeb65b8","artist":{"name":"Kohala","mbid":"cf90942c-95f3-4180-9630-eb457c49d053"}},"application":"Grooveshark"},{"timestamp":{"iso":"2014-01-16T22:03:15","unixtimestamp":1389909795},"track":{"name":"\u0027Imi Au Ia \u0027Oe","mbid":"aafdbf52-9908-4d74-a448-5381aaa2a957","artist":{"name":"Keola Beamer","mbid":"7c557252-cf19-4055-a973-8d6f3c55deb1"}},"uncorrectedTrack":{"name":"\u0027Imi Au Ia \u0027Oe","mbid":"aafdbf52-9908-4d74-a448-5381aaa2a957","artist":{"name":"Keola Beamer","mbid":"7c557252-cf19-4055-a973-8d6f3c55deb1"}},"album":{"name":"The Descendants Soundtrack","artist":{"name":"Keola Beamer","mbid":"7c557252-cf19-4055-a973-8d6f3c55deb1"}},"application":"Grooveshark"},{"timestamp":{"iso":"2014-01-16T22:06:28","unixtimestamp":1389909988},"track":{"name":"\u0027Ulili E (vocal duet with David Kamakahi)","artist":{"name":"Dennis Kamakahi","mbid":"003f777f-98e1-4a55-9548-6ec52b7e624c"}},"uncorrectedTrack":{"name":"\u0027Ulili E (vocal duet with David Kamakahi)","artist":{"name":"Dennis Kamakahi","mbid":"003f777f-98e1-4a55-9548-6ec52b7e624c"}},"album":{"name":"The Descendants Soundtrack","artist":{"name":"Dennis Kamakahi","mbid":"003f777f-98e1-4a55-9548-6ec52b7e624c"}},"application":"Grooveshark"},{"timestamp":{"iso":"2014-01-16T22:10:47","unixtimestamp":1389910247},"track":{"name":"Auwe","artist":{"name":"Ray Kane","mbid":"bc5d09b3-7616-40db-ad8a-666d0ff4f6f0"}},"uncorrectedTrack":{"name":"Auwe","artist":{"name":"Ray Kane","mbid":"bc5d09b3-7616-40db-ad8a-666d0ff4f6f0"}},"album":{"name":"The Descendants Soundtrack","artist":{"name":"Ray Kane","mbid":"bc5d09b3-7616-40db-ad8a-666d0ff4f6f0"}},"application":"Grooveshark"},{"timestamp":{"iso":"2014-01-16T22:13:04","unixtimestamp":1389910384},"track":{"name":"Kalena Kai","mbid":"caec7279-165e-4fbb-88db-4adb6c28490e","artist":{"name":"Keola Beamer \u0026 George Winston"}},"uncorrectedTrack":{"name":"Kalena Kai","mbid":"caec7279-165e-4fbb-88db-4adb6c28490e","artist":{"name":"Keola Beamer \u0026 George Winston"}},"album":{"name":"The Descendants Soundtrack","artist":{"name":"Keola Beamer \u0026 George Winston"}},"application":"Grooveshark"},{"timestamp":{"iso":"2014-01-16T22:17:29","unixtimestamp":1389910649},"track":{"name":"Hawaiian Skies","mbid":"d04755d7-81eb-4213-8b8e-db40b8a73d8c","artist":{"name":"Jeff Peterson","mbid":"63a0734a-d0d7-4dd2-a0fc-cee59cb10b1a"}},"uncorrectedTrack":{"name":"Hawaiian Skies","mbid":"d04755d7-81eb-4213-8b8e-db40b8a73d8c","artist":{"name":"Jeff Peterson","mbid":"63a0734a-d0d7-4dd2-a0fc-cee59cb10b1a"}},"album":{"name":"The Descendants Soundtrack","artist":{"name":"Jeff Peterson","mbid":"63a0734a-d0d7-4dd2-a0fc-cee59cb10b1a"}},"application":"Grooveshark"},{"timestamp":{"iso":"2014-01-16T22:19:01","unixtimestamp":1389910741},"track":{"name":"\u0027Ulili E (vocal duet with David Kamakahi)","artist":{"name":"Dennis Kamakahi","mbid":"003f777f-98e1-4a55-9548-6ec52b7e624c"}},"uncorrectedTrack":{"name":"\u0027Ulili E (vocal duet with David Kamakahi)","artist":{"name":"Dennis Kamakahi","mbid":"003f777f-98e1-4a55-9548-6ec52b7e624c"}},"album":{"name":"The Descendants Soundtrack","artist":{"name":"Dennis Kamakahi","mbid":"003f777f-98e1-4a55-9548-6ec52b7e624c"}},"application":"Grooveshark"},{"timestamp":{"iso":"2014-01-16T22:23:20","unixtimestamp":1389911000},"track":{"name":"Auwe","artist":{"name":"Ray Kane","mbid":"bc5d09b3-7616-40db-ad8a-666d0ff4f6f0"}},"uncorrectedTrack":{"name":"Auwe","artist":{"name":"Ray Kane","mbid":"bc5d09b3-7616-40db-ad8a-666d0ff4f6f0"}},"album":{"name":"The Descendants Soundtrack","artist":{"name":"Ray Kane","mbid":"bc5d09b3-7616-40db-ad8a-666d0ff4f6f0"}},"application":"Grooveshark"},{"timestamp":{"iso":"2014-01-16T22:25:37","unixtimestamp":1389911137},"track":{"name":"Kalena Kai","mbid":"caec7279-165e-4fbb-88db-4adb6c28490e","artist":{"name":"Keola Beamer \u0026 George Winston"}},"uncorrectedTrack":{"name":"Kalena Kai","mbid":"caec7279-165e-4fbb-88db-4adb6c28490e","artist":{"name":"Keola Beamer \u0026 George Winston"}},"album":{"name":"The Descendants Soundtrack","artist":{"name":"Keola Beamer \u0026 George Winston"}},"application":"Grooveshark"},{"timestamp":{"iso":"2014-01-17T04:34:41","unixtimestamp":1389933281},"track":{"name":"\u0027Ulili E (vocal duet with David Kamakahi)","artist":{"name":"Dennis Kamakahi","mbid":"003f777f-98e1-4a55-9548-6ec52b7e624c"}},"uncorrectedTrack":{"name":"\u0027Ulili E (vocal duet with David Kamakahi)","artist":{"name":"Dennis Kamakahi","mbid":"003f777f-98e1-4a55-9548-6ec52b7e624c"}},"album":{"name":"The Descendants Soundtrack","artist":{"name":"Dennis Kamakahi","mbid":"003f777f-98e1-4a55-9548-6ec52b7e624c"}},"application":"Grooveshark"},{"timestamp":{"iso":"2014-01-17T04:43:33","unixtimestamp":1389933813},"track":{"name":"\u0027Ulili E (vocal duet with David Kamakahi)","artist":{"name":"Dennis Kamakahi","mbid":"003f777f-98e1-4a55-9548-6ec52b7e624c"}},"uncorrectedTrack":{"name":"\u0027Ulili E (vocal duet with David Kamakahi)","artist":{"name":"Dennis Kamakahi","mbid":"003f777f-98e1-4a55-9548-6ec52b7e624c"}},"album":{"name":"The Descendants Soundtrack","artist":{"name":"Dennis Kamakahi","mbid":"003f777f-98e1-4a55-9548-6ec52b7e624c"}},"application":"Grooveshark"},{"timestamp":{"iso":"2014-01-17T21:44:22","unixtimestamp":1389995062},"track":{"name":"\u0027Ulili E (vocal duet with David Kamakahi)","artist":{"name":"Dennis Kamakahi","mbid":"003f777f-98e1-4a55-9548-6ec52b7e624c"}},"uncorrectedTrack":{"name":"\u0027Ulili E (vocal duet with David Kamakahi)","artist":{"name":"Dennis Kamakahi","mbid":"003f777f-98e1-4a55-9548-6ec52b7e624c"}},"album":{"name":"The Descendants Soundtrack","artist":{"name":"Dennis Kamakahi","mbid":"003f777f-98e1-4a55-9548-6ec52b7e624c"}},"application":"Grooveshark"},{"timestamp":{"iso":"2014-01-18T19:40:22","unixtimestamp":1390074022},"track":{"name":"Samba Tranquille","mbid":"737be876-53ad-4fdd-b401-3807536b32eb","artist":{"name":"Thievery Corporation","mbid":"a505bb48-ad65-4af4-ae47-29149715bff9"}},"uncorrectedTrack":{"name":"Samba Tranquille","mbid":"737be876-53ad-4fdd-b401-3807536b32eb","artist":{"name":"Thievery Corporation","mbid":"a505bb48-ad65-4af4-ae47-29149715bff9"}},"album":{"name":"The Mirror Conspiracy","mbid":"d8e7f1f0-0d17-47a7-8fcf-0e297adbae97","artist":{"name":"Thievery Corporation","mbid":"a505bb48-ad65-4af4-ae47-29149715bff9"}},"application":"Grooveshark"},{"timestamp":{"iso":"2014-01-18T19:43:29","unixtimestamp":1390074209},"track":{"name":"Bario Alto","mbid":"cdb077b2-5613-42a1-91ed-4041f22c7103","artist":{"name":"Thievery Corporation","mbid":"a505bb48-ad65-4af4-ae47-29149715bff9"}},"uncorrectedTrack":{"name":"Bario Alto","mbid":"cdb077b2-5613-42a1-91ed-4041f22c7103","artist":{"name":"Thievery Corporation","mbid":"a505bb48-ad65-4af4-ae47-29149715bff9"}},"album":{"name":"The Mirror Conspiracy","mbid":"d8e7f1f0-0d17-47a7-8fcf-0e297adbae97","artist":{"name":"Thievery Corporation","mbid":"a505bb48-ad65-4af4-ae47-29149715bff9"}},"application":"Grooveshark"},{"timestamp":{"iso":"2014-01-18T19:47:24","unixtimestamp":1390074444},"track":{"name":"Omid (Hope)","mbid":"87be499b-4615-44f9-93ba-c11d527dd533","artist":{"name":"Thievery Corporation","mbid":"a505bb48-ad65-4af4-ae47-29149715bff9"}},"uncorrectedTrack":{"name":"Omid (Hope)","mbid":"87be499b-4615-44f9-93ba-c11d527dd533","artist":{"name":"Thievery Corporation","mbid":"a505bb48-ad65-4af4-ae47-29149715bff9"}},"album":{"name":"The Richest Man in Babylon","mbid":"1770ef1b-d12b-4b23-b594-a3d471c3d600","artist":{"name":"Thievery Corporation","mbid":"a505bb48-ad65-4af4-ae47-29149715bff9"}},"application":"Grooveshark"},{"timestamp":{"iso":"2014-01-18T19:51:12","unixtimestamp":1390074672},"track":{"name":"The Mirror Conspiracy","mbid":"0384fc05-959e-488f-ad86-5c6fa0bd739b","artist":{"name":"Thievery Corporation","mbid":"a505bb48-ad65-4af4-ae47-29149715bff9"}},"uncorrectedTrack":{"name":"The Mirror Conspiracy","mbid":"0384fc05-959e-488f-ad86-5c6fa0bd739b","artist":{"name":"Thievery Corporation","mbid":"a505bb48-ad65-4af4-ae47-29149715bff9"}},"album":{"name":"The Mirror Conspiracy","mbid":"d8e7f1f0-0d17-47a7-8fcf-0e297adbae97","artist":{"name":"Thievery Corporation","mbid":"a505bb48-ad65-4af4-ae47-29149715bff9"}},"application":"Grooveshark"},{"timestamp":{"iso":"2014-01-18T19:54:57","unixtimestamp":1390074897},"track":{"name":"Until The Morning (feat. Emilíana Torrini)","artist":{"name":"Thievery Corporation","mbid":"a505bb48-ad65-4af4-ae47-29149715bff9"}},"uncorrectedTrack":{"name":"Until The Morning (feat. Emilíana Torrini)","artist":{"name":"Thievery Corporation","mbid":"a505bb48-ad65-4af4-ae47-29149715bff9"}},"album":{"name":"The Richest Man in Babylon","mbid":"1770ef1b-d12b-4b23-b594-a3d471c3d600","artist":{"name":"Thievery Corporation","mbid":"a505bb48-ad65-4af4-ae47-29149715bff9"}},"application":"Grooveshark"},{"timestamp":{"iso":"2014-01-18T19:58:54","unixtimestamp":1390075134},"track":{"name":"Exilio (Exile)","mbid":"a189d44c-f4c7-428a-b46b-41465b07e8a8","artist":{"name":"Thievery Corporation","mbid":"a505bb48-ad65-4af4-ae47-29149715bff9"}},"uncorrectedTrack":{"name":"Exilio (Exile)","mbid":"a189d44c-f4c7-428a-b46b-41465b07e8a8","artist":{"name":"Thievery Corporation","mbid":"a505bb48-ad65-4af4-ae47-29149715bff9"}},"album":{"name":"The Richest Man in Babylon","mbid":"1770ef1b-d12b-4b23-b594-a3d471c3d600","artist":{"name":"Thievery Corporation","mbid":"a505bb48-ad65-4af4-ae47-29149715bff9"}},"application":"Grooveshark"},{"timestamp":{"iso":"2014-01-18T20:01:57","unixtimestamp":1390075317},"track":{"name":"Só Com Você","artist":{"name":"Thievery Corporation","mbid":"a505bb48-ad65-4af4-ae47-29149715bff9"}},"uncorrectedTrack":{"name":"Só Com Você","artist":{"name":"Thievery Corporation","mbid":"a505bb48-ad65-4af4-ae47-29149715bff9"}},"album":{"name":"The Mirror Conspiracy","mbid":"d8e7f1f0-0d17-47a7-8fcf-0e297adbae97","artist":{"name":"Thievery Corporation","mbid":"a505bb48-ad65-4af4-ae47-29149715bff9"}},"application":"Grooveshark"},{"timestamp":{"iso":"2014-01-18T20:04:45","unixtimestamp":1390075485},"track":{"name":"Meu Destino (My Destiny)","artist":{"name":"Thievery Corporation","mbid":"a505bb48-ad65-4af4-ae47-29149715bff9"}},"uncorrectedTrack":{"name":"Meu Destino (My Destiny)","artist":{"name":"Thievery Corporation","mbid":"a505bb48-ad65-4af4-ae47-29149715bff9"}},"album":{"name":"The Richest Man in Babylon","mbid":"1770ef1b-d12b-4b23-b594-a3d471c3d600","artist":{"name":"Thievery Corporation","mbid":"a505bb48-ad65-4af4-ae47-29149715bff9"}},"application":"Grooveshark"},{"timestamp":{"iso":"2014-01-19T04:33:35","unixtimestamp":1390106015},"track":{"name":"When I\u0027m With You","mbid":"5e15cb1f-fba1-49cb-a668-9b67a5982c15","artist":{"name":"Best Coast","mbid":"5ab8835e-ac44-4055-9c11-7878199606b5"}},"uncorrectedTrack":{"name":"When I\u0027m With You","mbid":"5e15cb1f-fba1-49cb-a668-9b67a5982c15","artist":{"name":"Best Coast","mbid":"5ab8835e-ac44-4055-9c11-7878199606b5"}},"application":"FoxyScrobbler"},{"timestamp":{"iso":"2014-01-19T04:37:52","unixtimestamp":1390106272},"track":{"name":"CHIP CHOCOLATE","artist":{"name":"COOKIE DANCE"}},"uncorrectedTrack":{"name":"CHIP CHOCOLATE","artist":{"name":"COOKIE DANCE"}},"application":"FoxyScrobbler"},{"timestamp":{"iso":"2014-01-19T04:47:34","unixtimestamp":1390106854},"track":{"name":"Wait","mbid":"5a05fa5c-1b79-4eaf-9a12-9ba84816118e","artist":{"name":"M83","mbid":"6d7b7cd4-254b-4c25-83f6-dd20f98ceacd"}},"uncorrectedTrack":{"name":"Wait","mbid":"5a05fa5c-1b79-4eaf-9a12-9ba84816118e","artist":{"name":"M83","mbid":"6d7b7cd4-254b-4c25-83f6-dd20f98ceacd"}},"application":"FoxyScrobbler"},{"timestamp":{"iso":"2014-01-19T05:11:17","unixtimestamp":1390108277},"track":{"name":"Da-te-n dragostea mea","mbid":"de75b9f2-4404-4438-bdb6-958dba6deb4d","artist":{"name":"Connect-R","mbid":"0495e8a3-85b1-4971-89d9-cf78e6f944c4"}},"uncorrectedTrack":{"name":"Da-te-n dragostea mea","mbid":"de75b9f2-4404-4438-bdb6-958dba6deb4d","artist":{"name":"Connect-R","mbid":"0495e8a3-85b1-4971-89d9-cf78e6f944c4"}},"application":"FoxyScrobbler"},{"timestamp":{"iso":"2014-01-19T05:19:25","unixtimestamp":1390108765},"track":{"name":"Wishes","mbid":"ccbf4b3c-fc92-403e-a12f-3ebedda40842","artist":{"name":"Beach House","mbid":"d5cc67b8-1cc4-453b-96e8-44487acdebea"}},"uncorrectedTrack":{"name":"Wishes","mbid":"ccbf4b3c-fc92-403e-a12f-3ebedda40842","artist":{"name":"Beach House","mbid":"d5cc67b8-1cc4-453b-96e8-44487acdebea"}},"application":"FoxyScrobbler"},{"timestamp":{"iso":"2014-01-19T05:24:29","unixtimestamp":1390109069},"track":{"name":"Tessellate","mbid":"c03d0c17-b702-4cd9-82b4-7361008f0933","artist":{"name":"alt-J","mbid":"fc7bbf00-fbaa-4736-986b-b3ac0266ca9b"}},"uncorrectedTrack":{"name":"Tessellate","mbid":"c03d0c17-b702-4cd9-82b4-7361008f0933","artist":{"name":"alt-J","mbid":"fc7bbf00-fbaa-4736-986b-b3ac0266ca9b"}},"application":"FoxyScrobbler"},{"timestamp":{"iso":"2014-01-19T05:28:38","unixtimestamp":1390109318},"track":{"name":"The Veldt","mbid":"4123040f-0eb8-4753-ad08-b7b3d3ed6aea","artist":{"name":"deadmau5","mbid":"316f2aab-3477-4c62-bb08-eb04dcdcc18f"}},"uncorrectedTrack":{"name":"The Veldt","mbid":"4123040f-0eb8-4753-ad08-b7b3d3ed6aea","artist":{"name":"deadmau5","mbid":"316f2aab-3477-4c62-bb08-eb04dcdcc18f"}},"application":"FoxyScrobbler"},{"timestamp":{"iso":"2014-01-19T05:34:19","unixtimestamp":1390109659},"track":{"name":"Wor","mbid":"d78b2c1c-b8ba-4740-89fe-e2a6e080e90c","artist":{"name":"Django Django","mbid":"4bfce038-b1a0-4bc4-abe1-b679ab900f03"}},"uncorrectedTrack":{"name":"Wor","mbid":"d78b2c1c-b8ba-4740-89fe-e2a6e080e90c","artist":{"name":"Django Django","mbid":"4bfce038-b1a0-4bc4-abe1-b679ab900f03"}},"application":"FoxyScrobbler"},{"timestamp":{"iso":"2014-01-19T05:39:31","unixtimestamp":1390109971},"track":{"name":"Cirrus","mbid":"7b209a2c-e9b5-4fce-8105-75c18a869152","artist":{"name":"Bonobo","mbid":"6f7dea51-1d02-4be1-b138-92078518350c"}},"uncorrectedTrack":{"name":"Cirrus","mbid":"7b209a2c-e9b5-4fce-8105-75c18a869152","artist":{"name":"Bonobo","mbid":"6f7dea51-1d02-4be1-b138-92078518350c"}},"application":"FoxyScrobbler"},{"timestamp":{"iso":"2014-01-20T18:13:55","unixtimestamp":1390241635},"track":{"name":"Tessellate","mbid":"c03d0c17-b702-4cd9-82b4-7361008f0933","artist":{"name":"alt-J","mbid":"fc7bbf00-fbaa-4736-986b-b3ac0266ca9b"}},"uncorrectedTrack":{"name":"Tessellate","mbid":"c03d0c17-b702-4cd9-82b4-7361008f0933","artist":{"name":"alt-J","mbid":"fc7bbf00-fbaa-4736-986b-b3ac0266ca9b"}},"album":{"name":"An Awesome Wave","mbid":"513ef1c0-6e3a-4aa8-bc3f-4bbe7da09c17","artist":{"name":"alt-J","mbid":"fc7bbf00-fbaa-4736-986b-b3ac0266ca9b"}},"application":"Grooveshark"},{"timestamp":{"iso":"2014-01-20T18:23:12","unixtimestamp":1390242192},"track":{"name":"Breezeblocks","mbid":"8b66ba5a-f960-4768-8ead-76358b00b23d","artist":{"name":"alt-J","mbid":"fc7bbf00-fbaa-4736-986b-b3ac0266ca9b"}},"uncorrectedTrack":{"name":"Breezeblocks","mbid":"8b66ba5a-f960-4768-8ead-76358b00b23d","artist":{"name":"alt-J","mbid":"fc7bbf00-fbaa-4736-986b-b3ac0266ca9b"}},"album":{"name":"An Awesome Wave","mbid":"513ef1c0-6e3a-4aa8-bc3f-4bbe7da09c17","artist":{"name":"alt-J","mbid":"fc7bbf00-fbaa-4736-986b-b3ac0266ca9b"}},"application":"Grooveshark"},{"timestamp":{"iso":"2014-01-20T18:27:00","unixtimestamp":1390242420},"track":{"name":"Dead Man\u0027s Bones","mbid":"06f75be2-30e3-4a7b-b3a9-df69da37c566","artist":{"name":"Dead Man\u0027s Bones","mbid":"b2c8ff02-6078-4e9a-b2d7-267451925394"}},"uncorrectedTrack":{"name":"Dead Man\u0027s Bones","mbid":"06f75be2-30e3-4a7b-b3a9-df69da37c566","artist":{"name":"Dead Man\u0027s Bones","mbid":"b2c8ff02-6078-4e9a-b2d7-267451925394"}},"album":{"name":"Dead Man\u0027s Bones","mbid":"efa93a5d-b718-4434-9486-0a33936e4247","artist":{"name":"Dead Man\u0027s Bones","mbid":"b2c8ff02-6078-4e9a-b2d7-267451925394"}},"application":"Grooveshark"},{"timestamp":{"iso":"2014-01-20T18:28:46","unixtimestamp":1390242526},"track":{"name":"In the Room Where You Sleep","mbid":"d2b6caea-6b8c-4aea-ad6b-4016000694e8","artist":{"name":"Dead Man\u0027s Bones","mbid":"b2c8ff02-6078-4e9a-b2d7-267451925394"}},"uncorrectedTrack":{"name":"In the Room Where You Sleep","mbid":"d2b6caea-6b8c-4aea-ad6b-4016000694e8","artist":{"name":"Dead Man\u0027s Bones","mbid":"b2c8ff02-6078-4e9a-b2d7-267451925394"}},"album":{"name":"Dead Man\u0027s Bones","mbid":"efa93a5d-b718-4434-9486-0a33936e4247","artist":{"name":"Dead Man\u0027s Bones","mbid":"b2c8ff02-6078-4e9a-b2d7-267451925394"}},"application":"Grooveshark"},{"timestamp":{"iso":"2014-01-20T18:32:21","unixtimestamp":1390242741},"track":{"name":"Dead Man\u0027s Bones","mbid":"06f75be2-30e3-4a7b-b3a9-df69da37c566","artist":{"name":"Dead Man\u0027s Bones","mbid":"b2c8ff02-6078-4e9a-b2d7-267451925394"}},"uncorrectedTrack":{"name":"Dead Man\u0027s Bones","mbid":"06f75be2-30e3-4a7b-b3a9-df69da37c566","artist":{"name":"Dead Man\u0027s Bones","mbid":"b2c8ff02-6078-4e9a-b2d7-267451925394"}},"album":{"name":"Dead Man\u0027s Bones","mbid":"efa93a5d-b718-4434-9486-0a33936e4247","artist":{"name":"Dead Man\u0027s Bones","mbid":"b2c8ff02-6078-4e9a-b2d7-267451925394"}},"application":"Grooveshark"},{"timestamp":{"iso":"2014-01-20T18:36:02","unixtimestamp":1390242962},"track":{"name":"Pa Pa Power","mbid":"e7c6c7b4-9830-4539-9142-c839d023e253","artist":{"name":"Dead Man\u0027s Bones","mbid":"b2c8ff02-6078-4e9a-b2d7-267451925394"}},"uncorrectedTrack":{"name":"Pa Pa Power","mbid":"e7c6c7b4-9830-4539-9142-c839d023e253","artist":{"name":"Dead Man\u0027s Bones","mbid":"b2c8ff02-6078-4e9a-b2d7-267451925394"}},"album":{"name":"Dead Man\u0027s Bones","mbid":"efa93a5d-b718-4434-9486-0a33936e4247","artist":{"name":"Dead Man\u0027s Bones","mbid":"b2c8ff02-6078-4e9a-b2d7-267451925394"}},"application":"Grooveshark"},{"timestamp":{"iso":"2014-01-20T18:40:33","unixtimestamp":1390243233},"track":{"name":"All That You Give","mbid":"91247ee5-9e3d-401c-b5b2-8bf63c11ec71","artist":{"name":"The Cinematic Orchestra","mbid":"7c158ea8-c0aa-410e-bdc1-20bba9759577"}},"uncorrectedTrack":{"name":"All That You Give","mbid":"91247ee5-9e3d-401c-b5b2-8bf63c11ec71","artist":{"name":"The Cinematic Orchestra","mbid":"7c158ea8-c0aa-410e-bdc1-20bba9759577"}},"album":{"name":"Every Day","mbid":"44270faa-917a-4415-be27-d7f0aab94d52","artist":{"name":"The Cinematic Orchestra","mbid":"7c158ea8-c0aa-410e-bdc1-20bba9759577"}},"application":"Grooveshark"},{"timestamp":{"iso":"2014-01-20T18:52:01","unixtimestamp":1390243921},"track":{"name":"Cinematic Orchestra - Burn Out","artist":{"name":"The Cinematic Orchestra","mbid":"7c158ea8-c0aa-410e-bdc1-20bba9759577"}},"uncorrectedTrack":{"name":"Cinematic Orchestra - Burn Out","artist":{"name":"The Cinematic Orchestra","mbid":"7c158ea8-c0aa-410e-bdc1-20bba9759577"}},"album":{"name":"Every Day","mbid":"44270faa-917a-4415-be27-d7f0aab94d52","artist":{"name":"The Cinematic Orchestra","mbid":"7c158ea8-c0aa-410e-bdc1-20bba9759577"}},"application":"Grooveshark"},{"timestamp":{"iso":"2014-01-20T19:02:14","unixtimestamp":1390244534},"track":{"name":"Cinematic Orchestra - Flite","artist":{"name":"The Cinematic Orchestra","mbid":"7c158ea8-c0aa-410e-bdc1-20bba9759577"}},"uncorrectedTrack":{"name":"Cinematic Orchestra - Flite","artist":{"name":"The Cinematic Orchestra","mbid":"7c158ea8-c0aa-410e-bdc1-20bba9759577"}},"album":{"name":"Every Day","mbid":"44270faa-917a-4415-be27-d7f0aab94d52","artist":{"name":"The Cinematic Orchestra","mbid":"7c158ea8-c0aa-410e-bdc1-20bba9759577"}},"application":"Grooveshark"},{"timestamp":{"iso":"2014-01-20T20:32:06","unixtimestamp":1390249926},"track":{"name":"Tessellate","mbid":"c03d0c17-b702-4cd9-82b4-7361008f0933","artist":{"name":"alt-J","mbid":"fc7bbf00-fbaa-4736-986b-b3ac0266ca9b"}},"uncorrectedTrack":{"name":"Tessellate","mbid":"c03d0c17-b702-4cd9-82b4-7361008f0933","artist":{"name":"alt-J","mbid":"fc7bbf00-fbaa-4736-986b-b3ac0266ca9b"}},"album":{"name":"An Awesome Wave","mbid":"513ef1c0-6e3a-4aa8-bc3f-4bbe7da09c17","artist":{"name":"alt-J","mbid":"fc7bbf00-fbaa-4736-986b-b3ac0266ca9b"}},"application":"Grooveshark"},{"timestamp":{"iso":"2014-01-20T20:41:56","unixtimestamp":1390250516},"track":{"name":"Fireworks","mbid":"5303b9a8-e151-4111-8cd6-933926520d18","artist":{"name":"Animal Collective","mbid":"0c751690-c784-4a4f-b1e4-c1de27d47581"}},"uncorrectedTrack":{"name":"Fireworks","mbid":"5303b9a8-e151-4111-8cd6-933926520d18","artist":{"name":"Animal Collective","mbid":"0c751690-c784-4a4f-b1e4-c1de27d47581"}},"album":{"name":"Strawberry Jam","mbid":"0e48536b-7d95-3f89-955f-96579a716cba","artist":{"name":"Animal Collective","mbid":"0c751690-c784-4a4f-b1e4-c1de27d47581"}},"application":"Grooveshark"},{"timestamp":{"iso":"2014-01-20T21:14:30","unixtimestamp":1390252470},"track":{"name":"Tessellate","mbid":"c03d0c17-b702-4cd9-82b4-7361008f0933","artist":{"name":"alt-J","mbid":"fc7bbf00-fbaa-4736-986b-b3ac0266ca9b"}},"uncorrectedTrack":{"name":"Tessellate","mbid":"c03d0c17-b702-4cd9-82b4-7361008f0933","artist":{"name":"alt-J","mbid":"fc7bbf00-fbaa-4736-986b-b3ac0266ca9b"}},"album":{"name":"An Awesome Wave","mbid":"513ef1c0-6e3a-4aa8-bc3f-4bbe7da09c17","artist":{"name":"alt-J","mbid":"fc7bbf00-fbaa-4736-986b-b3ac0266ca9b"}},"application":"Grooveshark"},{"timestamp":{"iso":"2014-01-20T21:17:33","unixtimestamp":1390252653},"track":{"name":"Fireworks","mbid":"5303b9a8-e151-4111-8cd6-933926520d18","artist":{"name":"Animal Collective","mbid":"0c751690-c784-4a4f-b1e4-c1de27d47581"}},"uncorrectedTrack":{"name":"Fireworks","mbid":"5303b9a8-e151-4111-8cd6-933926520d18","artist":{"name":"Animal Collective","mbid":"0c751690-c784-4a4f-b1e4-c1de27d47581"}},"album":{"name":"Strawberry Jam","mbid":"0e48536b-7d95-3f89-955f-96579a716cba","artist":{"name":"Animal Collective","mbid":"0c751690-c784-4a4f-b1e4-c1de27d47581"}},"application":"Grooveshark"},{"timestamp":{"iso":"2014-01-20T23:24:03","unixtimestamp":1390260243},"track":{"name":"Tessellate","mbid":"c03d0c17-b702-4cd9-82b4-7361008f0933","artist":{"name":"alt-J","mbid":"fc7bbf00-fbaa-4736-986b-b3ac0266ca9b"}},"uncorrectedTrack":{"name":"Tessellate","mbid":"c03d0c17-b702-4cd9-82b4-7361008f0933","artist":{"name":"alt-J","mbid":"fc7bbf00-fbaa-4736-986b-b3ac0266ca9b"}},"album":{"name":"An Awesome Wave","mbid":"513ef1c0-6e3a-4aa8-bc3f-4bbe7da09c17","artist":{"name":"alt-J","mbid":"fc7bbf00-fbaa-4736-986b-b3ac0266ca9b"}},"application":"Grooveshark"},{"timestamp":{"iso":"2014-01-20T23:27:06","unixtimestamp":1390260426},"track":{"name":"Fireworks","mbid":"5303b9a8-e151-4111-8cd6-933926520d18","artist":{"name":"Animal Collective","mbid":"0c751690-c784-4a4f-b1e4-c1de27d47581"}},"uncorrectedTrack":{"name":"Fireworks","mbid":"5303b9a8-e151-4111-8cd6-933926520d18","artist":{"name":"Animal Collective","mbid":"0c751690-c784-4a4f-b1e4-c1de27d47581"}},"album":{"name":"Strawberry Jam","mbid":"0e48536b-7d95-3f89-955f-96579a716cba","artist":{"name":"Animal Collective","mbid":"0c751690-c784-4a4f-b1e4-c1de27d47581"}},"application":"Grooveshark"},{"timestamp":{"iso":"2014-01-20T23:37:53","unixtimestamp":1390261073},"track":{"name":"Tessellate","mbid":"c03d0c17-b702-4cd9-82b4-7361008f0933","artist":{"name":"alt-J","mbid":"fc7bbf00-fbaa-4736-986b-b3ac0266ca9b"}},"uncorrectedTrack":{"name":"Tessellate","mbid":"c03d0c17-b702-4cd9-82b4-7361008f0933","artist":{"name":"alt-J","mbid":"fc7bbf00-fbaa-4736-986b-b3ac0266ca9b"}},"album":{"name":"An Awesome Wave","mbid":"513ef1c0-6e3a-4aa8-bc3f-4bbe7da09c17","artist":{"name":"alt-J","mbid":"fc7bbf00-fbaa-4736-986b-b3ac0266ca9b"}},"application":"Grooveshark"},{"timestamp":{"iso":"2014-01-20T23:41:02","unixtimestamp":1390261262},"track":{"name":"All That You Give","mbid":"91247ee5-9e3d-401c-b5b2-8bf63c11ec71","artist":{"name":"The Cinematic Orchestra","mbid":"7c158ea8-c0aa-410e-bdc1-20bba9759577"}},"uncorrectedTrack":{"name":"All That You Give","mbid":"91247ee5-9e3d-401c-b5b2-8bf63c11ec71","artist":{"name":"The Cinematic Orchestra","mbid":"7c158ea8-c0aa-410e-bdc1-20bba9759577"}},"album":{"name":"Every Day","mbid":"44270faa-917a-4415-be27-d7f0aab94d52","artist":{"name":"The Cinematic Orchestra","mbid":"7c158ea8-c0aa-410e-bdc1-20bba9759577"}},"application":"Grooveshark"},{"timestamp":{"iso":"2014-01-21T19:35:40","unixtimestamp":1390332940},"track":{"name":"FM Tan Sexy","mbid":"cf9f332a-9161-4193-86a5-60f233256c87","artist":{"name":"El Guincho","mbid":"7e57d8a2-e6eb-48dd-8e50-ff7eaa412ccb"}},"uncorrectedTrack":{"name":"FM Tan Sexy","mbid":"cf9f332a-9161-4193-86a5-60f233256c87","artist":{"name":"El Guincho","mbid":"7e57d8a2-e6eb-48dd-8e50-ff7eaa412ccb"}},"album":{"name":"Pop Negro","mbid":"d1155ca2-d814-4f17-9426-743189f8d853","artist":{"name":"El Guincho","mbid":"7e57d8a2-e6eb-48dd-8e50-ff7eaa412ccb"}},"application":"Grooveshark"},{"timestamp":{"iso":"2014-01-21T23:03:20","unixtimestamp":1390345400},"track":{"name":"Still D.R.E. (feat. Snoop Dogg)","mbid":"dd4c5fda-1135-4101-8e5b-5734f1774fc7","artist":{"name":"Dr. Dre","mbid":"5f6ab597-f57a-40da-be9e-adad48708203"}},"uncorrectedTrack":{"name":"Still D.R.E. (feat. Snoop Dogg)","mbid":"dd4c5fda-1135-4101-8e5b-5734f1774fc7","artist":{"name":"Dr. Dre","mbid":"5f6ab597-f57a-40da-be9e-adad48708203"}},"album":{"name":"2001","mbid":"db4baedf-bfe1-4e04-b359-99761f1b3deb","artist":{"name":"Dr. Dre","mbid":"5f6ab597-f57a-40da-be9e-adad48708203"}},"application":"Grooveshark"},{"timestamp":{"iso":"2014-01-21T23:09:43","unixtimestamp":1390345783},"track":{"name":"Still D.R.E. (feat. Snoop Dogg)","mbid":"dd4c5fda-1135-4101-8e5b-5734f1774fc7","artist":{"name":"Dr. Dre","mbid":"5f6ab597-f57a-40da-be9e-adad48708203"}},"uncorrectedTrack":{"name":"Still D.R.E. (feat. Snoop Dogg)","mbid":"dd4c5fda-1135-4101-8e5b-5734f1774fc7","artist":{"name":"Dr. Dre","mbid":"5f6ab597-f57a-40da-be9e-adad48708203"}},"album":{"name":"2001","mbid":"db4baedf-bfe1-4e04-b359-99761f1b3deb","artist":{"name":"Dr. Dre","mbid":"5f6ab597-f57a-40da-be9e-adad48708203"}},"application":"Grooveshark"},{"timestamp":{"iso":"2014-01-21T23:14:14","unixtimestamp":1390346054},"track":{"name":"Peer Pressure (feat. Traci Nelson)","mbid":"c918cdf0-5f56-4465-897b-1cc05e1d0aa4","artist":{"name":"Snoop Dogg","mbid":"17d17695-f0e1-46fd-815f-bf577cc5f50d"}},"uncorrectedTrack":{"name":"Peer Pressure (feat. Traci Nelson)","mbid":"c918cdf0-5f56-4465-897b-1cc05e1d0aa4","artist":{"name":"Snoop Dogg","mbid":"17d17695-f0e1-46fd-815f-bf577cc5f50d"}},"album":{"name":"Doggumentary","mbid":"6b2803d1-38e8-31c4-8818-a95f70ffb0c1","artist":{"name":"Snoop Dogg","mbid":"17d17695-f0e1-46fd-815f-bf577cc5f50d"}},"application":"Grooveshark"},{"timestamp":{"iso":"2014-01-21T23:18:21","unixtimestamp":1390346301},"track":{"name":"Soulja\u0027s Story","mbid":"9d9f748a-8bdc-4eb7-9724-dab6e6a948e2","artist":{"name":"2Pac","mbid":"382f1005-e9ab-4684-afd4-0bdae4ee37f2"}},"uncorrectedTrack":{"name":"Soulja\u0027s Story","mbid":"9d9f748a-8bdc-4eb7-9724-dab6e6a948e2","artist":{"name":"2Pac","mbid":"382f1005-e9ab-4684-afd4-0bdae4ee37f2"}},"album":{"name":"2Pacalypse Now","mbid":"e9ff76f1-d474-4ad8-895a-708179d7977f","artist":{"name":"2Pac","mbid":"382f1005-e9ab-4684-afd4-0bdae4ee37f2"}},"application":"Grooveshark"},{"timestamp":{"iso":"2014-01-21T23:23:29","unixtimestamp":1390346609},"track":{"name":"Say My Name Feat. Sophia May","artist":{"name":"D Jukes"}},"uncorrectedTrack":{"name":"Say My Name Feat. Sophia May","artist":{"name":"D Jukes"}},"album":{"name":"Jukes Records","artist":{"name":"D Jukes"}},"application":"Grooveshark"},{"timestamp":{"iso":"2014-01-21T23:27:05","unixtimestamp":1390346825},"track":{"name":"Gangster Music","mbid":"7c6cd7be-cd9f-4779-b1b7-4673a12a46ab","artist":{"name":"50 Cent","mbid":"8e68819d-71be-4e7d-b41d-f1df81b01d3f"}},"uncorrectedTrack":{"name":"Gangster Music","mbid":"7c6cd7be-cd9f-4779-b1b7-4673a12a46ab","artist":{"name":"50 Cent","mbid":"8e68819d-71be-4e7d-b41d-f1df81b01d3f"}},"album":{"name":"Blown Away","mbid":"5789930f-5269-4ca2-bb05-a1d4fde459db","artist":{"name":"50 Cent","mbid":"8e68819d-71be-4e7d-b41d-f1df81b01d3f"}},"application":"Grooveshark"},{"timestamp":{"iso":"2014-01-21T23:27:41","unixtimestamp":1390346861},"track":{"name":"I\u0027ll Do It All (feat. LaToiya Williams)","artist":{"name":"Busta Rhymes","mbid":"10a9ff92-9637-4498-afea-7044b2ab0dc0"}},"uncorrectedTrack":{"name":"I\u0027ll Do It All (feat. LaToiya Williams)","artist":{"name":"Busta Rhymes","mbid":"10a9ff92-9637-4498-afea-7044b2ab0dc0"}},"album":{"name":"The Big Bang","mbid":"789a1216-47dd-421e-8f27-253b0c015fa3","artist":{"name":"Busta Rhymes","mbid":"10a9ff92-9637-4498-afea-7044b2ab0dc0"}},"application":"Grooveshark"},{"timestamp":{"iso":"2014-01-22T16:42:17","unixtimestamp":1390408937},"track":{"name":"Guess Who\u0027s Back (Feat. Snoop Dogg)","artist":{"name":"Crooked I","mbid":"d1884ed4-58ff-407c-8220-2b3ffa3d5619"}},"uncorrectedTrack":{"name":"Guess Who\u0027s Back (Feat. Snoop Dogg)","artist":{"name":"Crooked I","mbid":"d1884ed4-58ff-407c-8220-2b3ffa3d5619"}},"album":{"name":"Hip Hop Is Read Presents The Tape Deck \u002709: Volume #47","artist":{"name":"Crooked I","mbid":"d1884ed4-58ff-407c-8220-2b3ffa3d5619"}},"application":"Grooveshark"},{"timestamp":{"iso":"2014-01-22T16:45:16","unixtimestamp":1390409116},"track":{"name":"Africa","mbid":"4c545ea9-6680-4d32-823a-8608f1ccbb6e","artist":{"name":"Toto","mbid":"aab5c954-cabe-432e-899e-1c4f99757327"}},"uncorrectedTrack":{"name":"Africa","mbid":"4c545ea9-6680-4d32-823a-8608f1ccbb6e","artist":{"name":"Toto","mbid":"aab5c954-cabe-432e-899e-1c4f99757327"}},"album":{"name":"The Essential Toto","mbid":"7ab2a47f-ffb3-4d73-b33d-0e0395aacf6b","artist":{"name":"Toto","mbid":"aab5c954-cabe-432e-899e-1c4f99757327"}},"application":"Grooveshark"},{"timestamp":{"iso":"2014-01-22T17:02:26","unixtimestamp":1390410146},"track":{"name":"Jesus Is the Only Answer","artist":{"name":"Béla Fleck and the Flecktones","mbid":"5143fb36-d09d-4439-bc70-ab4ca8dc27d2"}},"uncorrectedTrack":{"name":"Jesus Is the Only Answer","artist":{"name":"Béla Fleck and the Flecktones","mbid":"5143fb36-d09d-4439-bc70-ab4ca8dc27d2"}},"album":{"name":"Throw Down Your Heart - Africa Sessions","artist":{"name":"Béla Fleck and the Flecktones","mbid":"5143fb36-d09d-4439-bc70-ab4ca8dc27d2"}},"application":"Grooveshark"},{"timestamp":{"iso":"2014-01-22T17:07:46","unixtimestamp":1390410466},"track":{"name":"Old Joe Jatta","mbid":"d52913ff-78ed-4a5c-94f0-ecdc9e83ed48","artist":{"name":"Béla Fleck","mbid":"e1a889b7-5e45-447f-baa0-b9c6cbc0d39f"}},"uncorrectedTrack":{"name":"Old Joe Jatta","mbid":"d52913ff-78ed-4a5c-94f0-ecdc9e83ed48","artist":{"name":"Béla Fleck","mbid":"e1a889b7-5e45-447f-baa0-b9c6cbc0d39f"}},"album":{"name":"Throw Down Your Heart - Africa Sessions Part 2","artist":{"name":"Béla Fleck","mbid":"e1a889b7-5e45-447f-baa0-b9c6cbc0d39f"}},"application":"Grooveshark"},{"timestamp":{"iso":"2014-01-22T17:17:23","unixtimestamp":1390411043},"track":{"name":"Buribalal","artist":{"name":"Béla Fleck and the Flecktones","mbid":"5143fb36-d09d-4439-bc70-ab4ca8dc27d2"}},"uncorrectedTrack":{"name":"Buribalal","artist":{"name":"Béla Fleck and the Flecktones","mbid":"5143fb36-d09d-4439-bc70-ab4ca8dc27d2"}},"album":{"name":"Throw Down Your Heart - Africa Sessions","artist":{"name":"Béla Fleck and the Flecktones","mbid":"5143fb36-d09d-4439-bc70-ab4ca8dc27d2"}},"application":"Grooveshark"},{"timestamp":{"iso":"2014-01-22T17:48:09","unixtimestamp":1390412889},"track":{"name":"Jesus Is the Only Answer","artist":{"name":"Béla Fleck and the Flecktones","mbid":"5143fb36-d09d-4439-bc70-ab4ca8dc27d2"}},"uncorrectedTrack":{"name":"Jesus Is the Only Answer","artist":{"name":"Béla Fleck and the Flecktones","mbid":"5143fb36-d09d-4439-bc70-ab4ca8dc27d2"}},"album":{"name":"Throw Down Your Heart - Africa Sessions","artist":{"name":"Béla Fleck and the Flecktones","mbid":"5143fb36-d09d-4439-bc70-ab4ca8dc27d2"}},"application":"Grooveshark"},{"timestamp":{"iso":"2014-01-22T17:51:34","unixtimestamp":1390413094},"track":{"name":"Old Joe Jatta","mbid":"d52913ff-78ed-4a5c-94f0-ecdc9e83ed48","artist":{"name":"Béla Fleck","mbid":"e1a889b7-5e45-447f-baa0-b9c6cbc0d39f"}},"uncorrectedTrack":{"name":"Old Joe Jatta","mbid":"d52913ff-78ed-4a5c-94f0-ecdc9e83ed48","artist":{"name":"Béla Fleck","mbid":"e1a889b7-5e45-447f-baa0-b9c6cbc0d39f"}},"album":{"name":"Throw Down Your Heart - Africa Sessions Part 2","artist":{"name":"Béla Fleck","mbid":"e1a889b7-5e45-447f-baa0-b9c6cbc0d39f"}},"application":"Grooveshark"},{"timestamp":{"iso":"2014-01-22T17:57:37","unixtimestamp":1390413457},"track":{"name":"Buribalal","artist":{"name":"Béla Fleck and the Flecktones","mbid":"5143fb36-d09d-4439-bc70-ab4ca8dc27d2"}},"uncorrectedTrack":{"name":"Buribalal","artist":{"name":"Béla Fleck and the Flecktones","mbid":"5143fb36-d09d-4439-bc70-ab4ca8dc27d2"}},"album":{"name":"Throw Down Your Heart - Africa Sessions","artist":{"name":"Béla Fleck and the Flecktones","mbid":"5143fb36-d09d-4439-bc70-ab4ca8dc27d2"}},"application":"Grooveshark"},{"timestamp":{"iso":"2014-01-23T23:11:13","unixtimestamp":1390518673},"track":{"name":"Over My Head","mbid":"1484013b-b92a-4e68-902a-38d0f24d0bcd","artist":{"name":"Fleetwood Mac","mbid":"43202220-c6d1-4399-a2d2-0c4f8de0a65a"}},"uncorrectedTrack":{"name":"Over My Head","mbid":"1484013b-b92a-4e68-902a-38d0f24d0bcd","artist":{"name":"Fleetwood Mac","mbid":"43202220-c6d1-4399-a2d2-0c4f8de0a65a"}},"album":{"name":"25 Years: The Chain","mbid":"2177c44a-d5d1-4c69-b871-67c490f528ae","artist":{"name":"Fleetwood Mac","mbid":"43202220-c6d1-4399-a2d2-0c4f8de0a65a"}},"application":"Grooveshark"},{"timestamp":{"iso":"2014-01-28T16:59:30","unixtimestamp":1390928370},"track":{"name":"Fireworks","mbid":"5303b9a8-e151-4111-8cd6-933926520d18","artist":{"name":"Animal Collective","mbid":"0c751690-c784-4a4f-b1e4-c1de27d47581"}},"uncorrectedTrack":{"name":"Fireworks","mbid":"5303b9a8-e151-4111-8cd6-933926520d18","artist":{"name":"Animal Collective","mbid":"0c751690-c784-4a4f-b1e4-c1de27d47581"}},"album":{"name":"Strawberry Jam","mbid":"0e48536b-7d95-3f89-955f-96579a716cba","artist":{"name":"Animal Collective","mbid":"0c751690-c784-4a4f-b1e4-c1de27d47581"}},"application":"Grooveshark"},{"timestamp":{"iso":"2014-01-29T20:04:28","unixtimestamp":1391025868},"track":{"name":"The Game of Love","mbid":"294a1b4d-ebc0-4b03-be25-6171d382cb58","artist":{"name":"Daft Punk","mbid":"056e4f3e-d505-4dad-8ec1-d04f521cbb56"}},"uncorrectedTrack":{"name":"The Game of Love","mbid":"294a1b4d-ebc0-4b03-be25-6171d382cb58","artist":{"name":"Daft Punk","mbid":"056e4f3e-d505-4dad-8ec1-d04f521cbb56"}},"album":{"name":"Random Access Memories","mbid":"79215cdf-4764-4dee-b0b9-fec1643df7c5","artist":{"name":"Daft Punk","mbid":"056e4f3e-d505-4dad-8ec1-d04f521cbb56"}},"application":"Grooveshark"},{"timestamp":{"iso":"2014-01-29T20:14:09","unixtimestamp":1391026449},"track":{"name":"Beyond","mbid":"ce495790-b2f7-4ff0-858c-8df38c2025ab","artist":{"name":"Daft Punk","mbid":"056e4f3e-d505-4dad-8ec1-d04f521cbb56"}},"uncorrectedTrack":{"name":"Beyond","mbid":"ce495790-b2f7-4ff0-858c-8df38c2025ab","artist":{"name":"Daft Punk","mbid":"056e4f3e-d505-4dad-8ec1-d04f521cbb56"}},"album":{"name":"Random Access Memories","mbid":"79215cdf-4764-4dee-b0b9-fec1643df7c5","artist":{"name":"Daft Punk","mbid":"056e4f3e-d505-4dad-8ec1-d04f521cbb56"}},"application":"Grooveshark"},{"timestamp":{"iso":"2014-01-29T20:27:11","unixtimestamp":1391027231},"track":{"name":"Get Lucky (feat. Pharrell Williams)","artist":{"name":"Daft Punk","mbid":"056e4f3e-d505-4dad-8ec1-d04f521cbb56"}},"uncorrectedTrack":{"name":"Get Lucky (feat. Pharrell Williams)","artist":{"name":"Daft Punk","mbid":"056e4f3e-d505-4dad-8ec1-d04f521cbb56"}},"album":{"name":"Random Access Memories","mbid":"79215cdf-4764-4dee-b0b9-fec1643df7c5","artist":{"name":"Daft Punk","mbid":"056e4f3e-d505-4dad-8ec1-d04f521cbb56"}},"application":"Grooveshark"},{"timestamp":{"iso":"2014-01-29T20:35:49","unixtimestamp":1391027749},"track":{"name":"Giorgio by Moroder (feat. Giorgio Moroder)","artist":{"name":"Daft Punk","mbid":"056e4f3e-d505-4dad-8ec1-d04f521cbb56"}},"uncorrectedTrack":{"name":"Giorgio by Moroder (feat. Giorgio Moroder)","artist":{"name":"Daft Punk","mbid":"056e4f3e-d505-4dad-8ec1-d04f521cbb56"}},"album":{"name":"Random Access Memories","mbid":"79215cdf-4764-4dee-b0b9-fec1643df7c5","artist":{"name":"Daft Punk","mbid":"056e4f3e-d505-4dad-8ec1-d04f521cbb56"}},"application":"Grooveshark"},{"timestamp":{"iso":"2014-01-29T20:55:13","unixtimestamp":1391028913},"track":{"name":"Aerodynamic","mbid":"5bc82f70-7776-4f00-b041-eaf05dac1d68","artist":{"name":"Daft Punk","mbid":"056e4f3e-d505-4dad-8ec1-d04f521cbb56"}},"uncorrectedTrack":{"name":"Aerodynamic","mbid":"5bc82f70-7776-4f00-b041-eaf05dac1d68","artist":{"name":"Daft Punk","mbid":"056e4f3e-d505-4dad-8ec1-d04f521cbb56"}},"album":{"name":"Aerodynamic","mbid":"f95709b8-0023-4d67-a000-941fef0a78fd","artist":{"name":"Daft Punk","mbid":"056e4f3e-d505-4dad-8ec1-d04f521cbb56"}},"application":"Grooveshark"},{"timestamp":{"iso":"2014-01-29T20:58:46","unixtimestamp":1391029126},"track":{"name":"Derezzed","mbid":"f0142aa4-593e-46cb-916f-bf9c3868def2","artist":{"name":"Daft Punk","mbid":"056e4f3e-d505-4dad-8ec1-d04f521cbb56"}},"uncorrectedTrack":{"name":"Derezzed","mbid":"f0142aa4-593e-46cb-916f-bf9c3868def2","artist":{"name":"Daft Punk","mbid":"056e4f3e-d505-4dad-8ec1-d04f521cbb56"}},"album":{"name":"TRON OST","artist":{"name":"Daft Punk","mbid":"056e4f3e-d505-4dad-8ec1-d04f521cbb56"}},"application":"Grooveshark"},{"timestamp":{"iso":"2014-01-29T21:08:18","unixtimestamp":1391029698},"track":{"name":"Aerodynamic","mbid":"5bc82f70-7776-4f00-b041-eaf05dac1d68","artist":{"name":"Daft Punk","mbid":"056e4f3e-d505-4dad-8ec1-d04f521cbb56"}},"uncorrectedTrack":{"name":"Aerodynamic","mbid":"5bc82f70-7776-4f00-b041-eaf05dac1d68","artist":{"name":"Daft Punk","mbid":"056e4f3e-d505-4dad-8ec1-d04f521cbb56"}},"album":{"name":"Aerodynamic","mbid":"f95709b8-0023-4d67-a000-941fef0a78fd","artist":{"name":"Daft Punk","mbid":"056e4f3e-d505-4dad-8ec1-d04f521cbb56"}},"application":"Grooveshark"},{"timestamp":{"iso":"2014-01-29T21:11:51","unixtimestamp":1391029911},"track":{"name":"Derezzed","mbid":"f0142aa4-593e-46cb-916f-bf9c3868def2","artist":{"name":"Daft Punk","mbid":"056e4f3e-d505-4dad-8ec1-d04f521cbb56"}},"uncorrectedTrack":{"name":"Derezzed","mbid":"f0142aa4-593e-46cb-916f-bf9c3868def2","artist":{"name":"Daft Punk","mbid":"056e4f3e-d505-4dad-8ec1-d04f521cbb56"}},"album":{"name":"TRON OST","artist":{"name":"Daft Punk","mbid":"056e4f3e-d505-4dad-8ec1-d04f521cbb56"}},"application":"Grooveshark"},{"timestamp":{"iso":"2014-01-30T18:32:30","unixtimestamp":1391106750},"track":{"name":"Aerodynamic","mbid":"5bc82f70-7776-4f00-b041-eaf05dac1d68","artist":{"name":"Daft Punk","mbid":"056e4f3e-d505-4dad-8ec1-d04f521cbb56"}},"uncorrectedTrack":{"name":"Aerodynamic","mbid":"5bc82f70-7776-4f00-b041-eaf05dac1d68","artist":{"name":"Daft Punk","mbid":"056e4f3e-d505-4dad-8ec1-d04f521cbb56"}},"album":{"name":"Discovery","mbid":"30e45d86-707d-4042-9df5-93724557aadb","artist":{"name":"Daft Punk","mbid":"056e4f3e-d505-4dad-8ec1-d04f521cbb56"}},"application":"Grooveshark"}]