[{"timestamp":{"iso":"2012-03-13T23:59:17","unixtimestamp":1331683157},"track":{"name":"1901","mbid":"30da9cbf-521c-4242-8b94-565ecfcfa6db","artist":{"name":"Phoenix","mbid":"02f4c1ff-65e0-4412-8e8b-6239b0faecb5"}},"uncorrectedTrack":{"name":"1901","mbid":"30da9cbf-521c-4242-8b94-565ecfcfa6db","artist":{"name":"Phoenix","mbid":"02f4c1ff-65e0-4412-8e8b-6239b0faecb5"}},"album":{"name":"Wolfgang Amadeus Phoenix","mbid":"7289292c-5fe4-36de-b635-f80581d1182e","artist":{"name":"Phoenix","mbid":"02f4c1ff-65e0-4412-8e8b-6239b0faecb5"}},"application":"Last.fm Flash Clienttt"},{"timestamp":{"iso":"2012-03-20T04:20:32","unixtimestamp":1332217232},"track":{"name":"African Velvet","mbid":"09d1e667-b1d1-46ec-9b72-ba6332391b15","artist":{"name":"Air","mbid":"018dcc90-b1a2-400a-a96e-64b6a101f009"}},"uncorrectedTrack":{"name":"African Velvet","mbid":"09d1e667-b1d1-46ec-9b72-ba6332391b15","artist":{"name":"Air","mbid":"018dcc90-b1a2-400a-a96e-64b6a101f009"}},"album":{"name":"Love 2","mbid":"476fe9ed-0df9-33b3-9de4-bf55666f1df9","artist":{"name":"Air","mbid":"018dcc90-b1a2-400a-a96e-64b6a101f009"}}},{"timestamp":{"iso":"2012-03-20T04:25:18","unixtimestamp":1332217518},"track":{"name":"Tropical Disease","mbid":"24c7644b-fcc1-4e95-9c87-bd4fd47a7fe3","artist":{"name":"Air","mbid":"018dcc90-b1a2-400a-a96e-64b6a101f009"}},"uncorrectedTrack":{"name":"Tropical Disease","mbid":"24c7644b-fcc1-4e95-9c87-bd4fd47a7fe3","artist":{"name":"Air","mbid":"018dcc90-b1a2-400a-a96e-64b6a101f009"}},"album":{"name":"Love 2","mbid":"476fe9ed-0df9-33b3-9de4-bf55666f1df9","artist":{"name":"Air","mbid":"018dcc90-b1a2-400a-a96e-64b6a101f009"}}},{"timestamp":{"iso":"2012-03-20T04:32:38","unixtimestamp":1332217958},"track":{"name":"Heaven\u0027s Light","mbid":"10d5dd2e-5e54-475b-8d4c-7db1b4dbeb78","artist":{"name":"Air","mbid":"018dcc90-b1a2-400a-a96e-64b6a101f009"}},"uncorrectedTrack":{"name":"Heaven\u0027s Light","mbid":"10d5dd2e-5e54-475b-8d4c-7db1b4dbeb78","artist":{"name":"Air","mbid":"018dcc90-b1a2-400a-a96e-64b6a101f009"}},"album":{"name":"Love 2","mbid":"476fe9ed-0df9-33b3-9de4-bf55666f1df9","artist":{"name":"Air","mbid":"018dcc90-b1a2-400a-a96e-64b6a101f009"}}},{"timestamp":{"iso":"2012-03-20T04:36:32","unixtimestamp":1332218192},"track":{"name":"Night Hunter","mbid":"099147aa-1efd-4f1e-be75-0b254f769eee","artist":{"name":"Air","mbid":"018dcc90-b1a2-400a-a96e-64b6a101f009"}},"uncorrectedTrack":{"name":"Night Hunter","mbid":"099147aa-1efd-4f1e-be75-0b254f769eee","artist":{"name":"Air","mbid":"018dcc90-b1a2-400a-a96e-64b6a101f009"}},"album":{"name":"Love 2","mbid":"476fe9ed-0df9-33b3-9de4-bf55666f1df9","artist":{"name":"Air","mbid":"018dcc90-b1a2-400a-a96e-64b6a101f009"}}},{"timestamp":{"iso":"2012-03-30T15:59:44","unixtimestamp":1333123184},"track":{"name":"Mas Que Nada","artist":{"name":"Jorge Ben","mbid":"84548d0f-ab29-487a-9c00-f489cee4e1c7"}},"uncorrectedTrack":{"name":"Mas Que Nada","artist":{"name":"Jorge Ben","mbid":"84548d0f-ab29-487a-9c00-f489cee4e1c7"}},"album":{"name":"Football \u0026 Samba Groove Association","mbid":"78c3f271-3965-460b-8298-e15e8d9eab33","artist":{"name":"Jorge Ben Jor","mbid":"02b429b7-5918-4b15-89f9-de22aaf45bde"}}},{"timestamp":{"iso":"2012-03-30T16:02:43","unixtimestamp":1333123363},"track":{"name":"Ponta De Lança Africano (Umbabarauma) - Louie Vega Remix","artist":{"name":"Jorge Ben","mbid":"84548d0f-ab29-487a-9c00-f489cee4e1c7"}},"uncorrectedTrack":{"name":"Ponta De Lança Africano (Umbabarauma) - Louie Vega Remix","artist":{"name":"Jorge Ben","mbid":"84548d0f-ab29-487a-9c00-f489cee4e1c7"}},"album":{"name":"Football \u0026 Samba Groove Association","artist":{"name":"Jorge Ben","mbid":"84548d0f-ab29-487a-9c00-f489cee4e1c7"}}},{"timestamp":{"iso":"2012-03-30T16:10:28","unixtimestamp":1333123828},"track":{"name":"Alcohol","artist":{"name":"Jorge Ben","mbid":"84548d0f-ab29-487a-9c00-f489cee4e1c7"}},"uncorrectedTrack":{"name":"Alcohol","mbid":"1d9efae3-bbd9-49aa-998b-e542bbd1595c","artist":{"name":"Jorge Ben Jor","mbid":"02b429b7-5918-4b15-89f9-de22aaf45bde"}},"album":{"name":"Jorge Ben Jor 23","artist":{"name":"Jorge Ben Jor","mbid":"02b429b7-5918-4b15-89f9-de22aaf45bde"}}},{"timestamp":{"iso":"2012-03-30T16:16:28","unixtimestamp":1333124188},"track":{"name":"Eu Sou Cruel","artist":{"name":"Jorge Ben","mbid":"84548d0f-ab29-487a-9c00-f489cee4e1c7"}},"uncorrectedTrack":{"name":"Eu Sou Cruel","mbid":"ced50f79-c4b5-4608-ba7c-aba5f6426547","artist":{"name":"Jorge Ben Jor","mbid":"02b429b7-5918-4b15-89f9-de22aaf45bde"}},"album":{"name":"Jorge Ben Jor 23","artist":{"name":"Jorge Ben Jor","mbid":"02b429b7-5918-4b15-89f9-de22aaf45bde"}}},{"timestamp":{"iso":"2012-03-30T16:21:06","unixtimestamp":1333124466},"track":{"name":"Engenho De Dentro","artist":{"name":"Jorge Ben","mbid":"84548d0f-ab29-487a-9c00-f489cee4e1c7"}},"uncorrectedTrack":{"name":"Engenho De Dentro","mbid":"23fd0962-47ae-45e4-9ce4-c402a40b52f4","artist":{"name":"Jorge Ben Jor","mbid":"02b429b7-5918-4b15-89f9-de22aaf45bde"}},"album":{"name":"Jorge Ben Jor 23","artist":{"name":"Jorge Ben Jor","mbid":"02b429b7-5918-4b15-89f9-de22aaf45bde"}}},{"timestamp":{"iso":"2012-03-30T16:26:49","unixtimestamp":1333124809},"track":{"name":"Moça Bonita","artist":{"name":"Jorge Ben","mbid":"84548d0f-ab29-487a-9c00-f489cee4e1c7"}},"uncorrectedTrack":{"name":"Moça Bonita","artist":{"name":"Jorge Ben Jor","mbid":"02b429b7-5918-4b15-89f9-de22aaf45bde"}},"album":{"name":"Jorge Ben Jor 23","artist":{"name":"Jorge Ben Jor","mbid":"02b429b7-5918-4b15-89f9-de22aaf45bde"}}},{"timestamp":{"iso":"2012-03-30T16:33:33","unixtimestamp":1333125213},"track":{"name":"Forward Jeruselem","artist":{"name":"Carlton \u0026 The Shoes"}},"uncorrectedTrack":{"name":"Forward Jeruselem","artist":{"name":"Carlton \u0026 The Shoes"}},"album":{"name":"Love Me Forever","artist":{"name":"Carlton \u0026 The Shoes"}}},{"timestamp":{"iso":"2012-03-30T16:36:20","unixtimestamp":1333125380},"track":{"name":"Love Me Forever","artist":{"name":"Carlton \u0026 The Shoes"}},"uncorrectedTrack":{"name":"Love Me Forever","artist":{"name":"Carlton \u0026 The Shoes"}},"album":{"name":"Love Me Forever","artist":{"name":"Carlton \u0026 The Shoes"}}},{"timestamp":{"iso":"2012-03-30T16:40:39","unixtimestamp":1333125639},"track":{"name":"Never Give Your Heart Away","artist":{"name":"Carlton \u0026 The Shoes"}},"uncorrectedTrack":{"name":"Never Give Your Heart Away","artist":{"name":"Carlton \u0026 The Shoes"}},"album":{"name":"Love Me Forever","artist":{"name":"Carlton \u0026 The Shoes"}}},{"timestamp":{"iso":"2012-03-30T16:43:27","unixtimestamp":1333125807},"track":{"name":"Love Is All","artist":{"name":"Carlton \u0026 The Shoes"}},"uncorrectedTrack":{"name":"Love Is All","artist":{"name":"Carlton \u0026 The Shoes"}},"album":{"name":"Love Me Forever","artist":{"name":"Carlton \u0026 The Shoes"}}},{"timestamp":{"iso":"2012-03-30T16:46:59","unixtimestamp":1333126019},"track":{"name":"Sincerely Yours","artist":{"name":"Carlton \u0026 The Shoes"}},"uncorrectedTrack":{"name":"Sincerely Yours","artist":{"name":"Carlton \u0026 The Shoes"}},"album":{"name":"Love Me Forever","artist":{"name":"Carlton \u0026 The Shoes"}}},{"timestamp":{"iso":"2012-03-30T16:49:35","unixtimestamp":1333126175},"track":{"name":"Just Me","artist":{"name":"Carlton \u0026 The Shoes"}},"uncorrectedTrack":{"name":"Just Me","artist":{"name":"Carlton \u0026 The Shoes"}},"album":{"name":"Love Me Forever","artist":{"name":"Carlton \u0026 The Shoes"}}},{"timestamp":{"iso":"2012-03-30T16:53:01","unixtimestamp":1333126381},"track":{"name":"This Feeling","artist":{"name":"Carlton \u0026 The Shoes"}},"uncorrectedTrack":{"name":"This Feeling","artist":{"name":"Carlton \u0026 The Shoes"}},"album":{"name":"Love Me Forever","artist":{"name":"Carlton \u0026 The Shoes"}}},{"timestamp":{"iso":"2012-03-30T16:56:55","unixtimestamp":1333126615},"track":{"name":"I\u0027ve Got Soul","artist":{"name":"Carlton \u0026 The Shoes"}},"uncorrectedTrack":{"name":"I\u0027ve Got Soul","artist":{"name":"Carlton \u0026 The Shoes"}},"album":{"name":"Love Me Forever","artist":{"name":"Carlton \u0026 The Shoes"}}},{"timestamp":{"iso":"2012-03-30T16:59:50","unixtimestamp":1333126790},"track":{"name":"Love To Share","artist":{"name":"Carlton \u0026 The Shoes"}},"uncorrectedTrack":{"name":"Love To Share","artist":{"name":"Carlton \u0026 The Shoes"}},"album":{"name":"Love Me Forever","artist":{"name":"Carlton \u0026 The Shoes"}}},{"timestamp":{"iso":"2012-03-30T17:03:34","unixtimestamp":1333127014},"track":{"name":"Two Doves","mbid":"9b29b9b7-a527-4005-a130-e3937642121f","artist":{"name":"Dirty Projectors","mbid":"71a94ed8-03cc-459a-bd35-a081ca88a402"}},"uncorrectedTrack":{"name":"Two Doves","mbid":"9b29b9b7-a527-4005-a130-e3937642121f","artist":{"name":"Dirty Projectors","mbid":"71a94ed8-03cc-459a-bd35-a081ca88a402"}},"album":{"name":"Bitte Orca [Expanded Edition]","artist":{"name":"Dirty Projectors","mbid":"71a94ed8-03cc-459a-bd35-a081ca88a402"}}}]