[{"timestamp":{"iso":"2014-05-01T05:38:14","unixtimestamp":1398922694},"track":{"name":"Raise","mbid":"97cae7dd-db5b-49f3-b972-58892cf137ac","artist":{"name":"Son Lux","mbid":"afcd292c-3c1e-4708-af4a-991aadf957e4"}},"uncorrectedTrack":{"name":"Raise","mbid":"97cae7dd-db5b-49f3-b972-58892cf137ac","artist":{"name":"Son Lux","mbid":"afcd292c-3c1e-4708-af4a-991aadf957e4"}},"album":{"name":"At War With Walls and Mazes","mbid":"0a7935d0-de42-4837-86ed-59b21f558d01","artist":{"name":"Son Lux","mbid":"afcd292c-3c1e-4708-af4a-991aadf957e4"}},"application":"Last.fm Scrobbler"},{"timestamp":{"iso":"2014-05-01T05:47:50","unixtimestamp":1398923270},"track":{"name":"Highschool Lover","mbid":"f013c35d-27f2-4883-951a-ae3183937079","artist":{"name":"Air","mbid":"018dcc90-b1a2-400a-a96e-64b6a101f009"}},"uncorrectedTrack":{"name":"Highschool Lover","mbid":"f013c35d-27f2-4883-951a-ae3183937079","artist":{"name":"Air","mbid":"018dcc90-b1a2-400a-a96e-64b6a101f009"}},"album":{"name":"The Virgin Suicides","mbid":"32d41e18-e2df-36d7-b1bf-495849d8274f","artist":{"name":"Air","mbid":"018dcc90-b1a2-400a-a96e-64b6a101f009"}},"application":"Last.fm Scrobbler"},{"timestamp":{"iso":"2014-05-01T05:50:15","unixtimestamp":1398923415},"track":{"name":"Afternoon Sister","mbid":"0c78a51c-b571-424b-9e99-417ce09dc72f","artist":{"name":"Air","mbid":"018dcc90-b1a2-400a-a96e-64b6a101f009"}},"uncorrectedTrack":{"name":"Afternoon Sister","mbid":"0c78a51c-b571-424b-9e99-417ce09dc72f","artist":{"name":"Air","mbid":"018dcc90-b1a2-400a-a96e-64b6a101f009"}},"album":{"name":"The Virgin Suicides","mbid":"32d41e18-e2df-36d7-b1bf-495849d8274f","artist":{"name":"Air","mbid":"018dcc90-b1a2-400a-a96e-64b6a101f009"}},"application":"Last.fm Scrobbler"},{"timestamp":{"iso":"2014-05-01T06:15:22","unixtimestamp":1398924922},"track":{"name":"Sapphire","mbid":"c184fc0c-7c4f-4c17-b5f3-d0fa10d305a5","artist":{"name":"Bonobo","mbid":"6f7dea51-1d02-4be1-b138-92078518350c"}},"uncorrectedTrack":{"name":"Sapphire","mbid":"c184fc0c-7c4f-4c17-b5f3-d0fa10d305a5","artist":{"name":"Bonobo","mbid":"6f7dea51-1d02-4be1-b138-92078518350c"}},"album":{"name":"The North Borders","mbid":"8578cc26-78e9-40fa-89c6-c3483ef442c0","artist":{"name":"Bonobo","mbid":"6f7dea51-1d02-4be1-b138-92078518350c"}},"application":"Last.fm Scrobbler"},{"timestamp":{"iso":"2014-05-01T06:28:55","unixtimestamp":1398925735},"track":{"name":"Flint (For the Unemployed and Underpaid)","mbid":"692bae0e-4939-466b-a03f-737ef9e2a861","artist":{"name":"Sufjan Stevens","mbid":"01d3c51b-9b98-418a-8d8e-37f6fab59d8c"}},"uncorrectedTrack":{"name":"Flint (For the Unemployed and Underpaid)","mbid":"692bae0e-4939-466b-a03f-737ef9e2a861","artist":{"name":"Sufjan Stevens","mbid":"01d3c51b-9b98-418a-8d8e-37f6fab59d8c"}},"album":{"name":"Greetings From Michigan: The Great Lakes State","artist":{"name":"Sufjan Stevens","mbid":"01d3c51b-9b98-418a-8d8e-37f6fab59d8c"}},"application":"Last.fm Scrobbler"},{"timestamp":{"iso":"2014-05-02T17:16:05","unixtimestamp":1399050965},"track":{"name":"Novias","mbid":"b4de7318-5e65-450c-baf2-d1cfac5e4b78","artist":{"name":"El Guincho","mbid":"7e57d8a2-e6eb-48dd-8e50-ff7eaa412ccb"}},"uncorrectedTrack":{"name":"Novias","mbid":"b4de7318-5e65-450c-baf2-d1cfac5e4b78","artist":{"name":"El Guincho","mbid":"7e57d8a2-e6eb-48dd-8e50-ff7eaa412ccb"}},"album":{"name":"Pop Negro","mbid":"d1155ca2-d814-4f17-9426-743189f8d853","artist":{"name":"El Guincho","mbid":"7e57d8a2-e6eb-48dd-8e50-ff7eaa412ccb"}},"application":"Grooveshark"},{"timestamp":{"iso":"2014-05-02T17:35:03","unixtimestamp":1399052103},"track":{"name":"Come on! Feel the Illinoise!","mbid":"eff26f95-4c63-4fbb-915b-30fe1ad4617f","artist":{"name":"Sufjan Stevens","mbid":"01d3c51b-9b98-418a-8d8e-37f6fab59d8c"}},"uncorrectedTrack":{"name":"Come on! Feel the Illinoise!","mbid":"eff26f95-4c63-4fbb-915b-30fe1ad4617f","artist":{"name":"Sufjan Stevens","mbid":"01d3c51b-9b98-418a-8d8e-37f6fab59d8c"}},"album":{"name":"Illinois","mbid":"777d51fe-b7c7-4874-9217-40abf09b4924","artist":{"name":"Sufjan Stevens","mbid":"01d3c51b-9b98-418a-8d8e-37f6fab59d8c"}},"application":"Grooveshark"},{"timestamp":{"iso":"2014-05-02T19:51:03","unixtimestamp":1399060263},"track":{"name":"Decatur, or, Round of Applause for Your Stepmother!","mbid":"40c39530-5b47-4bb1-9453-79dffed37116","artist":{"name":"Sufjan Stevens","mbid":"01d3c51b-9b98-418a-8d8e-37f6fab59d8c"}},"uncorrectedTrack":{"name":"Decatur, or, Round of Applause for Your Stepmother!","mbid":"40c39530-5b47-4bb1-9453-79dffed37116","artist":{"name":"Sufjan Stevens","mbid":"01d3c51b-9b98-418a-8d8e-37f6fab59d8c"}},"album":{"name":"Illinois","mbid":"777d51fe-b7c7-4874-9217-40abf09b4924","artist":{"name":"Sufjan Stevens","mbid":"01d3c51b-9b98-418a-8d8e-37f6fab59d8c"}},"application":"Grooveshark"},{"timestamp":{"iso":"2014-05-07T17:14:19","unixtimestamp":1399482859},"track":{"name":"Whistle","mbid":"8268d44e-7011-4d98-a0d8-0e72ad00338e","artist":{"name":"All India Radio","mbid":"53d2a4d1-556e-4701-a8ac-5fcb74a8e393"}},"uncorrectedTrack":{"name":"Whistle","mbid":"8268d44e-7011-4d98-a0d8-0e72ad00338e","artist":{"name":"All India Radio","mbid":"53d2a4d1-556e-4701-a8ac-5fcb74a8e393"}},"album":{"name":"Echo Other","mbid":"48d4b42e-ab47-411c-8c8f-3b519832bd87","artist":{"name":"All India Radio","mbid":"53d2a4d1-556e-4701-a8ac-5fcb74a8e393"}},"application":"Grooveshark"},{"timestamp":{"iso":"2014-05-07T17:15:06","unixtimestamp":1399482906},"track":{"name":"Nach Deutschland","mbid":"576eeab2-fe83-4497-8578-03f11a097a2b","artist":{"name":"John Powell","mbid":"0214a285-589c-4ead-ae13-feab602d8004"}},"uncorrectedTrack":{"name":"Nach Deutschland","mbid":"576eeab2-fe83-4497-8578-03f11a097a2b","artist":{"name":"John Powell","mbid":"0214a285-589c-4ead-ae13-feab602d8004"}},"album":{"name":"The Bourne Supremacy","mbid":"f5356f8a-a089-3814-8f1f-cec5c126f03e","artist":{"name":"John Powell","mbid":"0214a285-589c-4ead-ae13-feab602d8004"}},"application":"Grooveshark"},{"timestamp":{"iso":"2014-05-07T17:23:20","unixtimestamp":1399483400},"track":{"name":"California Love","artist":{"name":"2Pac","mbid":"382f1005-e9ab-4684-afd4-0bdae4ee37f2"}},"uncorrectedTrack":{"name":"California Love","artist":{"name":"Tupac"}},"album":{"name":"20 Years on MTV: 1996","artist":{"name":"Tupac"}},"application":"Grooveshark"},{"timestamp":{"iso":"2014-05-07T17:28:05","unixtimestamp":1399483685},"track":{"name":"Fuck The Police (NWA)","artist":{"name":"Dr. Dre","mbid":"5f6ab597-f57a-40da-be9e-adad48708203"}},"uncorrectedTrack":{"name":"Fuck The Police (NWA)","artist":{"name":"Dr Dre"}},"album":{"name":"L\u0027intégrale","artist":{"name":"Dr Dre"}},"application":"Grooveshark"},{"timestamp":{"iso":"2014-05-07T17:33:50","unixtimestamp":1399484030},"track":{"name":"Hypnotize","mbid":"641db42c-eea2-4d36-b033-b5247ffeac21","artist":{"name":"The Notorious B.I.G.","mbid":"d5d97b2b-b83b-4976-814a-056d9076c8c3"}},"uncorrectedTrack":{"name":"Hypnotize","mbid":"641db42c-eea2-4d36-b033-b5247ffeac21","artist":{"name":"The Notorious B.I.G.","mbid":"d5d97b2b-b83b-4976-814a-056d9076c8c3"}},"album":{"name":"Best of Biggie Smalls","mbid":"ff3af826-bfc7-43ad-a651-d9881c60e8b9","artist":{"name":"The Notorious B.I.G.","mbid":"d5d97b2b-b83b-4976-814a-056d9076c8c3"}},"application":"Grooveshark"},{"timestamp":{"iso":"2014-05-07T17:37:40","unixtimestamp":1399484260},"track":{"name":"Juicy","mbid":"621ddced-3402-4c11-996b-4aee2fb97240","artist":{"name":"The Notorious B.I.G.","mbid":"d5d97b2b-b83b-4976-814a-056d9076c8c3"}},"uncorrectedTrack":{"name":"Juicy","mbid":"621ddced-3402-4c11-996b-4aee2fb97240","artist":{"name":"The Notorious B.I.G.","mbid":"d5d97b2b-b83b-4976-814a-056d9076c8c3"}},"album":{"name":"Best of Biggie Smalls","mbid":"ff3af826-bfc7-43ad-a651-d9881c60e8b9","artist":{"name":"The Notorious B.I.G.","mbid":"d5d97b2b-b83b-4976-814a-056d9076c8c3"}},"application":"Grooveshark"},{"timestamp":{"iso":"2014-05-07T17:42:14","unixtimestamp":1399484534},"track":{"name":"Hit \u0027Em Up","mbid":"474cf56b-3d2d-4302-803b-f5fffb0ec4f4","artist":{"name":"2Pac","mbid":"382f1005-e9ab-4684-afd4-0bdae4ee37f2"}},"uncorrectedTrack":{"name":"Hit \u0027Em Up","artist":{"name":"Tupac Shakur"}},"album":{"name":"2 Pac Greatest Hits","artist":{"name":"Tupac Shakur"}},"application":"Grooveshark"},{"timestamp":{"iso":"2014-05-07T17:47:27","unixtimestamp":1399484847},"track":{"name":"Big Ego\u0027s (feat. Hittman)","artist":{"name":"Dr. Dre","mbid":"5f6ab597-f57a-40da-be9e-adad48708203"}},"uncorrectedTrack":{"name":"Big Ego\u0027s (feat. Hittman)","artist":{"name":"Dr. Dre","mbid":"5f6ab597-f57a-40da-be9e-adad48708203"}},"album":{"name":"2001","mbid":"db4baedf-bfe1-4e04-b359-99761f1b3deb","artist":{"name":"Dr. Dre","mbid":"5f6ab597-f57a-40da-be9e-adad48708203"}},"application":"Grooveshark"},{"timestamp":{"iso":"2014-05-07T17:51:26","unixtimestamp":1399485086},"track":{"name":"Down for Whatever","mbid":"c5b7d083-444d-4b87-97c4-77973f37d9bc","artist":{"name":"Ice Cube","mbid":"1d11e2a1-4531-4d61-a8c7-7b5c6a608fd2"}},"uncorrectedTrack":{"name":"Down for Whatever","mbid":"c5b7d083-444d-4b87-97c4-77973f37d9bc","artist":{"name":"Ice Cube","mbid":"1d11e2a1-4531-4d61-a8c7-7b5c6a608fd2"}},"album":{"name":"Office Space: The Motion Picture Soundtrack","artist":{"name":"Ice Cube","mbid":"1d11e2a1-4531-4d61-a8c7-7b5c6a608fd2"}},"application":"Grooveshark"},{"timestamp":{"iso":"2014-05-07T17:57:23","unixtimestamp":1399485443},"track":{"name":"Piano Concerto No. 3 in D Minor, Op.30 - I. Allegro ma non tanto","artist":{"name":"Vladimir Horowitz; New York Philharmonic, Eugene Ormandy"}},"uncorrectedTrack":{"name":"Piano Concerto No. 3 in D Minor, Op.30 - I. Allegro ma non tanto","artist":{"name":"Vladimir Horowitz; New York Philharmonic, Eugene Ormandy"}},"album":{"name":"Rachmaninoff : Piano Concerto No. 3 \u0026 Piano Sonata No. 2","artist":{"name":"Vladimir Horowitz; New York Philharmonic, Eugene Ormandy"}},"application":"Grooveshark"},{"timestamp":{"iso":"2014-05-07T18:16:08","unixtimestamp":1399486568},"track":{"name":"Piano Concerto No. 2 In C Minor - I. Moderato. Allegro","artist":{"name":"Сергей Васильевич Рахманинов","mbid":"1a3c44f3-9bf6-4d13-9fa3-9bcd8a627fd8"}},"uncorrectedTrack":{"name":"Piano Concerto No. 2 In C Minor - I. Moderato. Allegro","artist":{"name":"Сергей Васильевич Рахманинов","mbid":"1a3c44f3-9bf6-4d13-9fa3-9bcd8a627fd8"}},"album":{"name":"Rachmaninoff: Piano Concerto No. 2/Rhapsody On A Theme Of Paganini/Vocalise","artist":{"name":"Сергей Васильевич Рахманинов","mbid":"1a3c44f3-9bf6-4d13-9fa3-9bcd8a627fd8"}},"application":"Grooveshark"},{"timestamp":{"iso":"2014-05-07T20:19:51","unixtimestamp":1399493991},"track":{"name":"\"Symphony No. 35 in D major, KV 385 \"\"Haffner\"\": I. Allegro con spirito","artist":{"name":"Symphony Orchestra Baden Baden"}},"uncorrectedTrack":{"name":"\"Symphony No. 35 in D major, KV 385 \"\"Haffner\"\": I. Allegro con spirito","artist":{"name":"Symphony Orchestra Baden Baden"}},"album":{"name":"Mozart: Symphonies Nos. 35 \"Haffner\", 36 \"Linz\", 40 \u0026 41 \"Jupiter\"","artist":{"name":"Symphony Orchestra Baden Baden"}},"application":"Grooveshark"},{"timestamp":{"iso":"2014-05-07T20:25:30","unixtimestamp":1399494330},"track":{"name":"\"Symphony No. 35 in D major, KV 385 \"\"Haffner\"\": II. Andante","artist":{"name":"Symphony Orchestra Baden Baden"}},"uncorrectedTrack":{"name":"\"Symphony No. 35 in D major, KV 385 \"\"Haffner\"\": II. Andante","artist":{"name":"Symphony Orchestra Baden Baden"}},"album":{"name":"Mozart: Symphonies Nos. 35 \"Haffner\", 36 \"Linz\", 40 \u0026 41 \"Jupiter\"","artist":{"name":"Symphony Orchestra Baden Baden"}},"application":"Grooveshark"},{"timestamp":{"iso":"2014-05-07T21:09:16","unixtimestamp":1399496956},"track":{"name":"\"Symphony No. 35 in D major, KV 385 \"\"Haffner\"\": III. Menueto","artist":{"name":"Symphony Orchestra Baden Baden"}},"uncorrectedTrack":{"name":"\"Symphony No. 35 in D major, KV 385 \"\"Haffner\"\": III. Menueto","artist":{"name":"Symphony Orchestra Baden Baden"}},"album":{"name":"Mozart: Symphonies Nos. 35 \"Haffner\", 36 \"Linz\", 40 \u0026 41 \"Jupiter\"","artist":{"name":"Symphony Orchestra Baden Baden"}},"application":"Grooveshark"},{"timestamp":{"iso":"2014-05-07T21:13:01","unixtimestamp":1399497181},"track":{"name":"\"Symphony No. 35 in D major, KV 385 \"\"Haffner\"\": IV. Finale: Presto","artist":{"name":"Symphony Orchestra Baden Baden"}},"uncorrectedTrack":{"name":"\"Symphony No. 35 in D major, KV 385 \"\"Haffner\"\": IV. Finale: Presto","artist":{"name":"Symphony Orchestra Baden Baden"}},"album":{"name":"Mozart: Symphonies Nos. 35 \"Haffner\", 36 \"Linz\", 40 \u0026 41 \"Jupiter\"","artist":{"name":"Symphony Orchestra Baden Baden"}},"application":"Grooveshark"},{"timestamp":{"iso":"2014-05-09T20:55:57","unixtimestamp":1399668957},"track":{"name":"\u0027Ulili E (vocal duet with David Kamakahi)","artist":{"name":"Dennis Kamakahi","mbid":"003f777f-98e1-4a55-9548-6ec52b7e624c"}},"uncorrectedTrack":{"name":"\u0027Ulili E (vocal duet with David Kamakahi)","artist":{"name":"Dennis Kamakahi","mbid":"003f777f-98e1-4a55-9548-6ec52b7e624c"}},"album":{"name":"The Descendants Soundtrack","artist":{"name":"Dennis Kamakahi","mbid":"003f777f-98e1-4a55-9548-6ec52b7e624c"}},"application":"Grooveshark"},{"timestamp":{"iso":"2014-05-12T20:10:18","unixtimestamp":1399925418},"track":{"name":"Turkish Voodoo","mbid":"79c4bd36-f094-4084-9bd3-0d6b1617a19a","artist":{"name":"Free the Robots","mbid":"9b733899-8bf7-419c-a26e-2b61ca8499bf"}},"uncorrectedTrack":{"name":"Turkish Voodoo","mbid":"79c4bd36-f094-4084-9bd3-0d6b1617a19a","artist":{"name":"Free the Robots","mbid":"9b733899-8bf7-419c-a26e-2b61ca8499bf"}},"album":{"name":"Ctrl Alt Delete","mbid":"c6164e1e-65c5-4734-90cb-7ed3aa5da962","artist":{"name":"Free the Robots","mbid":"9b733899-8bf7-419c-a26e-2b61ca8499bf"}},"application":"Grooveshark"},{"timestamp":{"iso":"2014-05-12T20:15:25","unixtimestamp":1399925725},"track":{"name":"Arraia","mbid":"90834be5-f420-4b66-9b7e-c8011014fee2","artist":{"name":"Dead Combo","mbid":"092ae9e2-60bf-4b66-aa33-9e31754d1924"}},"uncorrectedTrack":{"name":"Arraia","mbid":"90834be5-f420-4b66-9b7e-c8011014fee2","artist":{"name":"Dead Combo","mbid":"092ae9e2-60bf-4b66-aa33-9e31754d1924"}},"album":{"name":"A Bunch of Meninos","mbid":"6131d7a1-923e-4be8-a622-ae5bc15550d4","artist":{"name":"Dead Combo","mbid":"092ae9e2-60bf-4b66-aa33-9e31754d1924"}},"application":"Grooveshark"},{"timestamp":{"iso":"2014-05-12T20:18:50","unixtimestamp":1399925930},"track":{"name":"Nissim (with Amir Yaghmai)","artist":{"name":"The Gaslamp Killer","mbid":"6ad95b5d-6ae9-45e3-847a-121d2b32dadc"}},"uncorrectedTrack":{"name":"Nissim (with Amir Yaghmai)","artist":{"name":"The Gaslamp Killer","mbid":"6ad95b5d-6ae9-45e3-847a-121d2b32dadc"}},"album":{"name":"Breakthrough","mbid":"20f78ca0-519f-4baf-b909-3485e68d4b0b","artist":{"name":"The Gaslamp Killer","mbid":"6ad95b5d-6ae9-45e3-847a-121d2b32dadc"}},"application":"Grooveshark"},{"timestamp":{"iso":"2014-05-13T19:35:19","unixtimestamp":1400009719},"track":{"name":"Galang","artist":{"name":"Mia","mbid":"20f9796f-7f1a-4436-a99b-e3aa70eeddae"}},"uncorrectedTrack":{"name":"Galang","artist":{"name":"Mia","mbid":"20f9796f-7f1a-4436-a99b-e3aa70eeddae"}},"album":{"name":"Pitchfork\u0027s Top 50 Singles \u002700-\u002704","artist":{"name":"Mia","mbid":"20f9796f-7f1a-4436-a99b-e3aa70eeddae"}},"application":"Grooveshark"},{"timestamp":{"iso":"2014-05-16T15:44:08","unixtimestamp":1400255048},"track":{"name":"\u0027Ulili E (vocal duet with David Kamakahi)","artist":{"name":"Dennis Kamakahi","mbid":"003f777f-98e1-4a55-9548-6ec52b7e624c"}},"uncorrectedTrack":{"name":"\u0027Ulili E (vocal duet with David Kamakahi)","artist":{"name":"Dennis Kamakahi","mbid":"003f777f-98e1-4a55-9548-6ec52b7e624c"}},"album":{"name":"The Descendants Soundtrack","artist":{"name":"Dennis Kamakahi","mbid":"003f777f-98e1-4a55-9548-6ec52b7e624c"}},"application":"Grooveshark"},{"timestamp":{"iso":"2014-05-20T15:26:06","unixtimestamp":1400599566},"track":{"name":"Fat Bottom Girls","artist":{"name":"Queen","mbid":"0383dadf-2a4e-4d10-a46a-e9e041da8eb3"}},"uncorrectedTrack":{"name":"Fat Bottom Girls","artist":{"name":"Queen","mbid":"0383dadf-2a4e-4d10-a46a-e9e041da8eb3"}},"album":{"name":"Greatest Hits","mbid":"4ad34bec-8a91-369c-a6fe-a0922e6119c4","artist":{"name":"Queen","mbid":"0383dadf-2a4e-4d10-a46a-e9e041da8eb3"}},"application":"Grooveshark"},{"timestamp":{"iso":"2014-05-20T15:30:15","unixtimestamp":1400599815},"track":{"name":"Killer Queen","mbid":"4e723455-916a-4ce2-be7d-36d9c3e7d3af","artist":{"name":"Queen","mbid":"0383dadf-2a4e-4d10-a46a-e9e041da8eb3"}},"uncorrectedTrack":{"name":"Killer Queen","mbid":"4e723455-916a-4ce2-be7d-36d9c3e7d3af","artist":{"name":"Queen","mbid":"0383dadf-2a4e-4d10-a46a-e9e041da8eb3"}},"album":{"name":"The Platinum Collection (disc 1: Greatest Hits I)","artist":{"name":"Queen","mbid":"0383dadf-2a4e-4d10-a46a-e9e041da8eb3"}},"application":"Grooveshark"}]