[{"timestamp":{"iso":"2011-04-10T06:46:52","unixtimestamp":1302418012},"track":{"name":"Catch the Wind","mbid":"19986bf7-7826-43b7-813f-311b8b0f1f4d","artist":{"name":"Donovan","mbid":"72d7d717-0837-4f2a-9641-d0f9fdd3acf7"}},"uncorrectedTrack":{"name":"Catch the Wind","mbid":"19986bf7-7826-43b7-813f-311b8b0f1f4d","artist":{"name":"Donovan","mbid":"72d7d717-0837-4f2a-9641-d0f9fdd3acf7"}},"album":{"name":"Donovan\u0027s Greatest Hits","artist":{"name":"Donovan (With The Jeff Beck Group)"}}},{"timestamp":{"iso":"2011-04-10T06:51:47","unixtimestamp":1302418307},"track":{"name":"This Flight Tonight","mbid":"8877e386-4d72-4935-91f6-fa753b47f6c7","artist":{"name":"Joni Mitchell","mbid":"a6de8ef9-b1a1-4756-97aa-481bbb8a4069"}},"uncorrectedTrack":{"name":"This Flight Tonight","mbid":"8877e386-4d72-4935-91f6-fa753b47f6c7","artist":{"name":"Joni Mitchell","mbid":"a6de8ef9-b1a1-4756-97aa-481bbb8a4069"}},"album":{"name":"1972-02-23: New York, NY, USA","mbid":"2444f3d8-b1b0-40f8-8504-b4305bcb7eec","artist":{"name":"Joni Mitchell","mbid":"a6de8ef9-b1a1-4756-97aa-481bbb8a4069"}}},{"timestamp":{"iso":"2011-04-28T07:27:50","unixtimestamp":1303975670},"track":{"name":"Close","mbid":"3a1b89de-acc9-404f-be49-09cb2f950a83","artist":{"name":"Télépopmusik","mbid":"265f242e-cf4e-4fbe-a3fe-43112387172f"}},"uncorrectedTrack":{"name":"Close","mbid":"3a1b89de-acc9-404f-be49-09cb2f950a83","artist":{"name":"Télépopmusik","mbid":"265f242e-cf4e-4fbe-a3fe-43112387172f"}}},{"timestamp":{"iso":"2011-04-29T21:29:11","unixtimestamp":1304112551},"track":{"name":"Yesterday Was a Lie","mbid":"347dfe47-feef-4a84-80cc-df6decf107f6","artist":{"name":"Télépopmusik","mbid":"265f242e-cf4e-4fbe-a3fe-43112387172f"}},"uncorrectedTrack":{"name":"Yesterday Was a Lie","mbid":"347dfe47-feef-4a84-80cc-df6decf107f6","artist":{"name":"Télépopmusik","mbid":"265f242e-cf4e-4fbe-a3fe-43112387172f"}}},{"timestamp":{"iso":"2011-04-29T21:34:17","unixtimestamp":1304112857},"track":{"name":"Jackie Cane","mbid":"02f906da-15fb-4b46-9978-fd3b2d5ee350","artist":{"name":"Hooverphonic","mbid":"62dc94cc-f611-4345-87cb-b914796a4a45"}},"uncorrectedTrack":{"name":"Jackie Cane","mbid":"02f906da-15fb-4b46-9978-fd3b2d5ee350","artist":{"name":"Hooverphonic","mbid":"62dc94cc-f611-4345-87cb-b914796a4a45"}},"album":{"name":"The Magnificent Tree","mbid":"40a844fb-d2c1-4a4f-8a6e-9fbdd6daf94b","artist":{"name":"Hooverphonic","mbid":"62dc94cc-f611-4345-87cb-b914796a4a45"}}},{"timestamp":{"iso":"2011-04-29T21:38:04","unixtimestamp":1304113084},"track":{"name":"Give It Away","mbid":"54da8e06-ca9d-4ab9-8c77-b013b8249ab0","artist":{"name":"Zero 7","mbid":"c23b637b-97c6-41eb-8ef6-6c724efc80a8"}},"uncorrectedTrack":{"name":"Give It Away","mbid":"54da8e06-ca9d-4ab9-8c77-b013b8249ab0","artist":{"name":"Zero 7","mbid":"c23b637b-97c6-41eb-8ef6-6c724efc80a8"}},"album":{"name":"Simple Things","mbid":"4aff6cd0-3f72-4630-991a-3e7371e5393e","artist":{"name":"Zero 7","mbid":"c23b637b-97c6-41eb-8ef6-6c724efc80a8"}}},{"timestamp":{"iso":"2011-04-29T21:43:27","unixtimestamp":1304113407},"track":{"name":"Six Seven Times","mbid":"403860fc-c7cd-4317-9384-8c453f981484","artist":{"name":"Flunk","mbid":"101e0102-841f-4858-972b-edf716ee67c9"}},"uncorrectedTrack":{"name":"Six Seven Times","mbid":"403860fc-c7cd-4317-9384-8c453f981484","artist":{"name":"Flunk","mbid":"101e0102-841f-4858-972b-edf716ee67c9"}},"album":{"name":"Morning Star","mbid":"03ed734c-a547-4c89-a45a-4a47b701c026","artist":{"name":"Flunk","mbid":"101e0102-841f-4858-972b-edf716ee67c9"}}},{"timestamp":{"iso":"2011-04-29T21:48:08","unixtimestamp":1304113688},"track":{"name":"All I Need","mbid":"82db26c6-f364-4ece-b2a9-26b2ded3c5cc","artist":{"name":"Air","mbid":"018dcc90-b1a2-400a-a96e-64b6a101f009"}},"uncorrectedTrack":{"name":"All I Need","mbid":"82db26c6-f364-4ece-b2a9-26b2ded3c5cc","artist":{"name":"Air","mbid":"018dcc90-b1a2-400a-a96e-64b6a101f009"}},"album":{"name":"Live BBC Int Shephard\u0027s Bush E","artist":{"name":"Air","mbid":"018dcc90-b1a2-400a-a96e-64b6a101f009"}}},{"timestamp":{"iso":"2011-04-29T21:52:43","unixtimestamp":1304113963},"track":{"name":"Tubefed","mbid":"be21e9e7-1952-4a9f-bf83-d3dd8e6caab8","artist":{"name":"Halou","mbid":"ead4fa2d-2ecc-47f6-8ad0-01d26683e7db"}},"uncorrectedTrack":{"name":"Tubefed","mbid":"be21e9e7-1952-4a9f-bf83-d3dd8e6caab8","artist":{"name":"Halou","mbid":"ead4fa2d-2ecc-47f6-8ad0-01d26683e7db"}},"album":{"name":"Wholeness \u0026 Separation","mbid":"fca37635-f7fd-4fac-a759-aead768b2a49","artist":{"name":"Halou","mbid":"ead4fa2d-2ecc-47f6-8ad0-01d26683e7db"}}},{"timestamp":{"iso":"2011-04-29T21:56:00","unixtimestamp":1304114160},"track":{"name":"Sublime","mbid":"26c4d577-ca38-49ac-a8c7-7f8e5c877479","artist":{"name":"Supreme Beings Of Leisure","mbid":"1b483425-4f02-4599-a31c-9b5c132e0a7a"}},"uncorrectedTrack":{"name":"Sublime","mbid":"26c4d577-ca38-49ac-a8c7-7f8e5c877479","artist":{"name":"Supreme Beings Of Leisure","mbid":"1b483425-4f02-4599-a31c-9b5c132e0a7a"}},"album":{"name":"Supreme Beings of Leisure","mbid":"40806125-975b-440d-8b9b-3b30421a334e","artist":{"name":"Supreme Beings Of Leisure","mbid":"1b483425-4f02-4599-a31c-9b5c132e0a7a"}}},{"timestamp":{"iso":"2011-04-29T21:59:47","unixtimestamp":1304114387},"track":{"name":"Sing It Back","mbid":"f6ef6d19-43c4-40a2-b23a-98105ef3a2f3","artist":{"name":"Moloko","mbid":"2f94016a-3880-4d8c-9af9-0e197ee77189"}},"uncorrectedTrack":{"name":"Sing It Back","mbid":"f6ef6d19-43c4-40a2-b23a-98105ef3a2f3","artist":{"name":"Moloko","mbid":"2f94016a-3880-4d8c-9af9-0e197ee77189"}},"album":{"name":"Grandmix: The Millennium Edition (Mixed by Ben Liebrand) (disc 2)","artist":{"name":"Ben Liebrand","mbid":"a9abe28b-5774-41ea-8393-8b26903fee72"}}},{"timestamp":{"iso":"2011-04-29T22:05:36","unixtimestamp":1304114736},"track":{"name":"Protection","mbid":"f6c99d79-9d9f-4e61-a29f-7edde9a554be","artist":{"name":"Massive Attack","mbid":"10adbe5e-a2c0-4bf3-8249-2b4cbf6e6ca8"}},"uncorrectedTrack":{"name":"Protection","mbid":"f6c99d79-9d9f-4e61-a29f-7edde9a554be","artist":{"name":"Massive Attack","mbid":"10adbe5e-a2c0-4bf3-8249-2b4cbf6e6ca8"}},"album":{"name":"Protection + 5xBonus","artist":{"name":"Massive Attack","mbid":"10adbe5e-a2c0-4bf3-8249-2b4cbf6e6ca8"}}},{"timestamp":{"iso":"2011-04-29T22:13:33","unixtimestamp":1304115213},"track":{"name":"Koop Island Blues","mbid":"8c4cb3cc-b311-4d0d-8cca-d3f69f8cf2e7","artist":{"name":"Koop","mbid":"f969f986-97df-4fa0-8cef-ffccd098ff50"}},"uncorrectedTrack":{"name":"Koop Island Blues","mbid":"8c4cb3cc-b311-4d0d-8cca-d3f69f8cf2e7","artist":{"name":"Koop","mbid":"f969f986-97df-4fa0-8cef-ffccd098ff50"}},"album":{"name":"Lounge Classics : Classic Chillout / Bargrooves","artist":{"name":"Various Artists","mbid":"023671ff-b1ad-4133-a4f3-aadaaadfd2e0"}}},{"timestamp":{"iso":"2011-04-29T22:18:09","unixtimestamp":1304115489},"track":{"name":"Underwater Love","mbid":"0ad1ed26-f5d2-4a85-ae98-6d12d108e220","artist":{"name":"Smoke City","mbid":"7fbfcd25-9ce2-4ef4-9270-e971ea61fb4a"}},"uncorrectedTrack":{"name":"Underwater Love","mbid":"0ad1ed26-f5d2-4a85-ae98-6d12d108e220","artist":{"name":"Smoke City","mbid":"7fbfcd25-9ce2-4ef4-9270-e971ea61fb4a"}},"album":{"name":"Flying Away","mbid":"a2785881-bf26-41a9-b01a-2cf5c743c23e","artist":{"name":"Smoke City","mbid":"7fbfcd25-9ce2-4ef4-9270-e971ea61fb4a"}}},{"timestamp":{"iso":"2011-04-29T22:24:56","unixtimestamp":1304115896},"track":{"name":"Sucker","mbid":"3ae6f6f3-0586-49fc-9274-876b7fea4dd4","artist":{"name":"Angela McCluskey","mbid":"60b4dfdb-74fc-4d08-9b8b-b2c55fba33c1"}},"uncorrectedTrack":{"name":"Sucker","mbid":"3ae6f6f3-0586-49fc-9274-876b7fea4dd4","artist":{"name":"Angela McCluskey","mbid":"60b4dfdb-74fc-4d08-9b8b-b2c55fba33c1"}},"album":{"name":"The Things We Do","mbid":"29153b13-f63a-4a6d-91de-201227ed3453","artist":{"name":"Angela McCluskey","mbid":"60b4dfdb-74fc-4d08-9b8b-b2c55fba33c1"}}},{"timestamp":{"iso":"2011-04-29T22:27:45","unixtimestamp":1304116065},"track":{"name":"Blind My Mind","mbid":"6c0ab762-ac3d-4c24-a2b5-aff0466d18c8","artist":{"name":"Flunk","mbid":"101e0102-841f-4858-972b-edf716ee67c9"}},"uncorrectedTrack":{"name":"Blind My Mind","mbid":"6c0ab762-ac3d-4c24-a2b5-aff0466d18c8","artist":{"name":"Flunk","mbid":"101e0102-841f-4858-972b-edf716ee67c9"}},"album":{"name":"Morning Star","mbid":"03ed734c-a547-4c89-a45a-4a47b701c026","artist":{"name":"Flunk","mbid":"101e0102-841f-4858-972b-edf716ee67c9"}}},{"timestamp":{"iso":"2011-04-29T22:32:29","unixtimestamp":1304116349},"track":{"name":"Nothing\u0027s Burning","artist":{"name":"Télépopmusik","mbid":"265f242e-cf4e-4fbe-a3fe-43112387172f"}},"uncorrectedTrack":{"name":"Nothing\u0027s Burning","artist":{"name":"Télépopmusik","mbid":"265f242e-cf4e-4fbe-a3fe-43112387172f"}}},{"timestamp":{"iso":"2011-04-29T22:36:23","unixtimestamp":1304116583},"track":{"name":"Destiny","mbid":"290d646e-1a9c-4494-bae3-caad1ab957e4","artist":{"name":"Zero 7","mbid":"c23b637b-97c6-41eb-8ef6-6c724efc80a8"}},"uncorrectedTrack":{"name":"Destiny","mbid":"290d646e-1a9c-4494-bae3-caad1ab957e4","artist":{"name":"Zero 7","mbid":"c23b637b-97c6-41eb-8ef6-6c724efc80a8"}},"album":{"name":"Simple Things","mbid":"4aff6cd0-3f72-4630-991a-3e7371e5393e","artist":{"name":"Zero 7","mbid":"c23b637b-97c6-41eb-8ef6-6c724efc80a8"}}},{"timestamp":{"iso":"2011-04-29T22:42:07","unixtimestamp":1304116927},"track":{"name":"City Lights","mbid":"7812e151-4e98-4717-a4a6-cd0fec3a2f17","artist":{"name":"Husky Rescue","mbid":"0b6b5e56-9c72-4106-8285-60c4983af93f"}},"uncorrectedTrack":{"name":"City Lights","mbid":"7812e151-4e98-4717-a4a6-cd0fec3a2f17","artist":{"name":"Husky Rescue","mbid":"0b6b5e56-9c72-4106-8285-60c4983af93f"}},"album":{"name":"Country Falls","mbid":"c3dbdd06-12b4-4085-91e0-491a96c93978","artist":{"name":"Husky Rescue","mbid":"0b6b5e56-9c72-4106-8285-60c4983af93f"}}},{"timestamp":{"iso":"2011-04-29T22:46:39","unixtimestamp":1304117199},"track":{"name":"You Don\u0027t","mbid":"287e320d-80f0-4313-905d-a812ace545ba","artist":{"name":"Tricky","mbid":"5bf64d94-efd9-4334-96fd-e6197b0b02b8"}},"uncorrectedTrack":{"name":"You Don\u0027t","mbid":"287e320d-80f0-4313-905d-a812ace545ba","artist":{"name":"Tricky","mbid":"5bf64d94-efd9-4334-96fd-e6197b0b02b8"}},"album":{"name":"Maxinquaye","mbid":"52a0845e-ca19-439e-a428-17270c0e1990","artist":{"name":"Tricky","mbid":"5bf64d94-efd9-4334-96fd-e6197b0b02b8"}}},{"timestamp":{"iso":"2011-04-29T22:51:24","unixtimestamp":1304117484},"track":{"name":"Soul for Me","mbid":"0e3f3cb7-dc8c-4330-96c2-21ee7dd31fff","artist":{"name":"Pati Yang","mbid":"5a94b7a6-b12f-422f-9817-8c13e87f6369"}},"uncorrectedTrack":{"name":"Soul for Me","mbid":"0e3f3cb7-dc8c-4330-96c2-21ee7dd31fff","artist":{"name":"Pati Yang","mbid":"5a94b7a6-b12f-422f-9817-8c13e87f6369"}},"album":{"name":"Silent Treatment","mbid":"61e8c5aa-1ab7-4989-aa1e-cabad51f8eaf","artist":{"name":"Pati Yang","mbid":"5a94b7a6-b12f-422f-9817-8c13e87f6369"}}},{"timestamp":{"iso":"2011-04-29T22:55:33","unixtimestamp":1304117733},"track":{"name":"Ooh La La","mbid":"17e27fa2-f48f-4cb9-9712-1b990ea77b54","artist":{"name":"Goldfrapp","mbid":"7b885d42-3c41-4f43-9944-a5855ec5155e"}},"uncorrectedTrack":{"name":"Ooh La La","mbid":"17e27fa2-f48f-4cb9-9712-1b990ea77b54","artist":{"name":"Goldfrapp","mbid":"7b885d42-3c41-4f43-9944-a5855ec5155e"}},"album":{"name":"Supernature","mbid":"24d89c86-bdd8-4843-91a1-3022c1f6d2de","artist":{"name":"Goldfrapp","mbid":"7b885d42-3c41-4f43-9944-a5855ec5155e"}}},{"timestamp":{"iso":"2011-04-29T22:59:04","unixtimestamp":1304117944},"track":{"name":"Human Fly","mbid":"07be2ae5-0139-4048-b20b-192815b8cf22","artist":{"name":"Nouvelle Vague","mbid":"77cceea7-91bb-4a4c-ae41-bc9c46c1ccb5"}},"uncorrectedTrack":{"name":"Human Fly","mbid":"07be2ae5-0139-4048-b20b-192815b8cf22","artist":{"name":"Nouvelle Vague","mbid":"77cceea7-91bb-4a4c-ae41-bc9c46c1ccb5"}},"album":{"name":"Bande a Part","artist":{"name":"Nouvelle Vague","mbid":"77cceea7-91bb-4a4c-ae41-bc9c46c1ccb5"}}},{"timestamp":{"iso":"2011-04-29T23:02:00","unixtimestamp":1304118120},"track":{"name":"See-Saw","mbid":"7ee07d1c-44ac-4e9c-9676-bb9c41c28d73","artist":{"name":"Novika","mbid":"09af22dd-bdf9-4850-a8b8-2af771f6b2d8"}},"uncorrectedTrack":{"name":"See-Saw","mbid":"7ee07d1c-44ac-4e9c-9676-bb9c41c28d73","artist":{"name":"Novika","mbid":"09af22dd-bdf9-4850-a8b8-2af771f6b2d8"}},"album":{"name":"Tricks Of Life","mbid":"16dd391f-03f6-4458-9bec-9a1ff7e77c83","artist":{"name":"Novika","mbid":"09af22dd-bdf9-4850-a8b8-2af771f6b2d8"}}},{"timestamp":{"iso":"2011-04-29T23:06:43","unixtimestamp":1304118403},"track":{"name":"What It Was (acoustic)","mbid":"9ea5c630-09bb-48b3-ada4-c92c97410d67","artist":{"name":"Smoke City","mbid":"7fbfcd25-9ce2-4ef4-9270-e971ea61fb4a"}},"uncorrectedTrack":{"name":"What It Was (acoustic)","mbid":"9ea5c630-09bb-48b3-ada4-c92c97410d67","artist":{"name":"Smoke City","mbid":"7fbfcd25-9ce2-4ef4-9270-e971ea61fb4a"}},"album":{"name":"Heroes of Nature","mbid":"08ee8002-6a7c-4a93-aece-362a1b444d8a","artist":{"name":"Smoke City","mbid":"7fbfcd25-9ce2-4ef4-9270-e971ea61fb4a"}}},{"timestamp":{"iso":"2011-04-29T23:10:04","unixtimestamp":1304118604},"track":{"name":"Kemikal Girl","mbid":"7c74c1f5-906f-4ceb-a7f8-af99e8cba146","artist":{"name":"Flunk","mbid":"101e0102-841f-4858-972b-edf716ee67c9"}},"uncorrectedTrack":{"name":"Kemikal Girl","mbid":"7c74c1f5-906f-4ceb-a7f8-af99e8cba146","artist":{"name":"Flunk","mbid":"101e0102-841f-4858-972b-edf716ee67c9"}},"album":{"name":"Morning Star","mbid":"03ed734c-a547-4c89-a45a-4a47b701c026","artist":{"name":"Flunk","mbid":"101e0102-841f-4858-972b-edf716ee67c9"}}},{"timestamp":{"iso":"2011-04-29T23:13:16","unixtimestamp":1304118796},"track":{"name":"Club Montepulciano","mbid":"0042fc5e-7bc8-4e35-b95c-09f68b08c23c","artist":{"name":"Hooverphonic","mbid":"62dc94cc-f611-4345-87cb-b914796a4a45"}},"uncorrectedTrack":{"name":"Club Montepulciano","mbid":"0042fc5e-7bc8-4e35-b95c-09f68b08c23c","artist":{"name":"Hooverphonic","mbid":"62dc94cc-f611-4345-87cb-b914796a4a45"}},"album":{"name":"Blue Wonder Power Milk","mbid":"09559683-7322-4080-b77a-f8b02f5cb110","artist":{"name":"Hooverphonic","mbid":"62dc94cc-f611-4345-87cb-b914796a4a45"}}},{"timestamp":{"iso":"2011-04-29T23:17:02","unixtimestamp":1304119022},"track":{"name":"Don\u0027t Look Back","mbid":"378dbdba-6bf9-415a-bbaf-d7ba89be62b4","artist":{"name":"Télépopmusik","mbid":"265f242e-cf4e-4fbe-a3fe-43112387172f"}},"uncorrectedTrack":{"name":"Don\u0027t Look Back","mbid":"378dbdba-6bf9-415a-bbaf-d7ba89be62b4","artist":{"name":"Télépopmusik","mbid":"265f242e-cf4e-4fbe-a3fe-43112387172f"}}},{"timestamp":{"iso":"2011-04-29T23:20:54","unixtimestamp":1304119254},"track":{"name":"Handle with grace","artist":{"name":"Angela McCluskey","mbid":"60b4dfdb-74fc-4d08-9b8b-b2c55fba33c1"}},"uncorrectedTrack":{"name":"Handle with grace","artist":{"name":"Angela McCluskey","mbid":"60b4dfdb-74fc-4d08-9b8b-b2c55fba33c1"}},"album":{"name":"You Could Start A Fight In An Empty House","artist":{"name":"Angela McCluskey","mbid":"60b4dfdb-74fc-4d08-9b8b-b2c55fba33c1"}}},{"timestamp":{"iso":"2011-04-29T23:24:38","unixtimestamp":1304119478},"track":{"name":"Tomorrow","mbid":"0c5e3b1b-a33f-4751-a6c0-ebd17de391e9","artist":{"name":"Thievery Corporation","mbid":"a505bb48-ad65-4af4-ae47-29149715bff9"}},"uncorrectedTrack":{"name":"Tomorrow","mbid":"0c5e3b1b-a33f-4751-a6c0-ebd17de391e9","artist":{"name":"Thievery Corporation","mbid":"a505bb48-ad65-4af4-ae47-29149715bff9"}},"album":{"name":"The Mirror Conspiracy","mbid":"d8e7f1f0-0d17-47a7-8fcf-0e297adbae97","artist":{"name":"Thievery Corporation","mbid":"a505bb48-ad65-4af4-ae47-29149715bff9"}}},{"timestamp":{"iso":"2011-04-29T23:28:28","unixtimestamp":1304119708},"track":{"name":"Nothin\u0027 Like Tomorrow","mbid":"3d6fea94-552c-470b-b64d-2078a58497ba","artist":{"name":"Supreme Beings Of Leisure","mbid":"1b483425-4f02-4599-a31c-9b5c132e0a7a"}},"uncorrectedTrack":{"name":"Nothin\u0027 Like Tomorrow","mbid":"3d6fea94-552c-470b-b64d-2078a58497ba","artist":{"name":"Supreme Beings Of Leisure","mbid":"1b483425-4f02-4599-a31c-9b5c132e0a7a"}},"album":{"name":"Supreme Beings of Leisure","mbid":"40806125-975b-440d-8b9b-3b30421a334e","artist":{"name":"Supreme Beings Of Leisure","mbid":"1b483425-4f02-4599-a31c-9b5c132e0a7a"}}},{"timestamp":{"iso":"2011-04-29T23:33:17","unixtimestamp":1304119997},"track":{"name":"Don\u0027t Forget To Breathe","mbid":"09ef5e2b-88a4-4e90-aa92-59e15fffaa9d","artist":{"name":"Bitter:Sweet","mbid":"dcebc476-b53c-42ee-9251-f946a4c3cea2"}},"uncorrectedTrack":{"name":"Don\u0027t Forget To Breathe","mbid":"09ef5e2b-88a4-4e90-aa92-59e15fffaa9d","artist":{"name":"Bitter:Sweet","mbid":"dcebc476-b53c-42ee-9251-f946a4c3cea2"}},"album":{"name":"The Mating Game","mbid":"3ed59779-9253-4a57-8386-cceb340ec665","artist":{"name":"Bitter:Sweet","mbid":"dcebc476-b53c-42ee-9251-f946a4c3cea2"}}},{"timestamp":{"iso":"2011-04-29T23:36:43","unixtimestamp":1304120203},"track":{"name":"Black Cat Bone","mbid":"2c406095-7001-47ca-8eef-2d39fa840f83","artist":{"name":"Laika","mbid":"2ac2f0b0-262d-4b34-afad-08b8a8b25262"}},"uncorrectedTrack":{"name":"Black Cat Bone","mbid":"2c406095-7001-47ca-8eef-2d39fa840f83","artist":{"name":"Laika","mbid":"2ac2f0b0-262d-4b34-afad-08b8a8b25262"}},"album":{"name":"Good Looking Blues","mbid":"34eff9d8-da30-4706-9cf6-00aa96ae8744","artist":{"name":"Laika","mbid":"2ac2f0b0-262d-4b34-afad-08b8a8b25262"}}},{"timestamp":{"iso":"2011-04-29T23:41:14","unixtimestamp":1304120474},"track":{"name":"Way Out","mbid":"ff513a12-ffa4-482b-a7dd-7cb8b9bf5ec7","artist":{"name":"Ellen Allien \u0026 Apparat"}},"uncorrectedTrack":{"name":"Way Out","mbid":"ff513a12-ffa4-482b-a7dd-7cb8b9bf5ec7","artist":{"name":"Ellen Allien \u0026 Apparat"}},"album":{"name":"Bugged Out! Classics","artist":{"name":"The Chemical Brothers","mbid":"1946a82a-f927-40c2-8235-38d64f50d043"}}},{"timestamp":{"iso":"2011-04-29T23:45:01","unixtimestamp":1304120701},"track":{"name":"Merge","mbid":"fdbce9ae-b0b9-4686-a55a-869b09f8ab52","artist":{"name":"Lamb","mbid":"0d4bc6e5-2a3e-4fdf-8bbf-59ad0bc374d7"}},"uncorrectedTrack":{"name":"Merge","mbid":"fdbce9ae-b0b9-4686-a55a-869b09f8ab52","artist":{"name":"Lamb","mbid":"0d4bc6e5-2a3e-4fdf-8bbf-59ad0bc374d7"}},"album":{"name":"Lamb","mbid":"c920414a-2e8e-37f2-af22-b413cbb6fd0d","artist":{"name":"Lamb","mbid":"0d4bc6e5-2a3e-4fdf-8bbf-59ad0bc374d7"}}},{"timestamp":{"iso":"2011-04-29T23:50:51","unixtimestamp":1304121051},"track":{"name":"The Space Between","mbid":"034c0276-6127-40d2-86fd-abfc74cef3f5","artist":{"name":"Zero 7","mbid":"c23b637b-97c6-41eb-8ef6-6c724efc80a8"}},"uncorrectedTrack":{"name":"The Space Between","mbid":"034c0276-6127-40d2-86fd-abfc74cef3f5","artist":{"name":"Zero 7","mbid":"c23b637b-97c6-41eb-8ef6-6c724efc80a8"}},"album":{"name":"When It Falls","mbid":"5f2c4480-bb97-40d8-b6c2-a82733dc40d9","artist":{"name":"Zero 7","mbid":"c23b637b-97c6-41eb-8ef6-6c724efc80a8"}}},{"timestamp":{"iso":"2011-04-29T23:56:53","unixtimestamp":1304121413},"track":{"name":"IV","artist":{"name":"Kid Loco","mbid":"8027281d-79e4-4ddc-a8a7-6e6bf9254ad3"}},"uncorrectedTrack":{"name":"IV","artist":{"name":"Kid Loco","mbid":"8027281d-79e4-4ddc-a8a7-6e6bf9254ad3"}},"album":{"name":"Original Soundtrack For The Film The Graffiti Artist","artist":{"name":"Kid Loco","mbid":"8027281d-79e4-4ddc-a8a7-6e6bf9254ad3"}}}]