[{"timestamp":{"iso":"2014-02-03T19:38:19","unixtimestamp":1391456299},"track":{"name":"Alone in Kyoto","mbid":"4044ad32-2ac5-4f95-afee-4379656b64f8","artist":{"name":"Air","mbid":"018dcc90-b1a2-400a-a96e-64b6a101f009"}},"uncorrectedTrack":{"name":"Alone in Kyoto","mbid":"4044ad32-2ac5-4f95-afee-4379656b64f8","artist":{"name":"Air","mbid":"018dcc90-b1a2-400a-a96e-64b6a101f009"}},"album":{"name":"Lost In Translation","artist":{"name":"Air","mbid":"018dcc90-b1a2-400a-a96e-64b6a101f009"}},"application":"Grooveshark"},{"timestamp":{"iso":"2014-02-03T20:11:28","unixtimestamp":1391458288},"track":{"name":"Dirty Trip","mbid":"eaf21c7e-f4a1-4b31-aa40-4719302de224","artist":{"name":"Air","mbid":"018dcc90-b1a2-400a-a96e-64b6a101f009"}},"uncorrectedTrack":{"name":"Dirty Trip","mbid":"eaf21c7e-f4a1-4b31-aa40-4719302de224","artist":{"name":"Air","mbid":"018dcc90-b1a2-400a-a96e-64b6a101f009"}},"album":{"name":"Air - The Virgin Suicides","artist":{"name":"Air","mbid":"018dcc90-b1a2-400a-a96e-64b6a101f009"}},"application":"Grooveshark"},{"timestamp":{"iso":"2014-02-03T20:17:41","unixtimestamp":1391458661},"track":{"name":"Surfing on a Rocket","mbid":"bbaa912e-6036-41e7-92a2-22c620fc6175","artist":{"name":"Air","mbid":"018dcc90-b1a2-400a-a96e-64b6a101f009"}},"uncorrectedTrack":{"name":"Surfing on a Rocket","mbid":"bbaa912e-6036-41e7-92a2-22c620fc6175","artist":{"name":"Air","mbid":"018dcc90-b1a2-400a-a96e-64b6a101f009"}},"album":{"name":"Talkie Walkie","mbid":"25d4d542-bbb8-4f8d-8572-692c6ceab44d","artist":{"name":"Air","mbid":"018dcc90-b1a2-400a-a96e-64b6a101f009"}},"application":"Grooveshark"},{"timestamp":{"iso":"2014-02-03T20:21:24","unixtimestamp":1391458884},"track":{"name":"Playground Love","mbid":"56fc1683-dc89-4156-ac0d-b2d803ecb672","artist":{"name":"Air","mbid":"018dcc90-b1a2-400a-a96e-64b6a101f009"}},"uncorrectedTrack":{"name":"Playground Love","mbid":"56fc1683-dc89-4156-ac0d-b2d803ecb672","artist":{"name":"Air","mbid":"018dcc90-b1a2-400a-a96e-64b6a101f009"}},"album":{"name":"Air - The Virgin Suicides","artist":{"name":"Air","mbid":"018dcc90-b1a2-400a-a96e-64b6a101f009"}},"application":"Grooveshark"},{"timestamp":{"iso":"2014-02-03T20:24:57","unixtimestamp":1391459097},"track":{"name":"African Velvet","mbid":"09d1e667-b1d1-46ec-9b72-ba6332391b15","artist":{"name":"Air","mbid":"018dcc90-b1a2-400a-a96e-64b6a101f009"}},"uncorrectedTrack":{"name":"African Velvet","mbid":"09d1e667-b1d1-46ec-9b72-ba6332391b15","artist":{"name":"Air","mbid":"018dcc90-b1a2-400a-a96e-64b6a101f009"}},"album":{"name":"Love 2","mbid":"476fe9ed-0df9-33b3-9de4-bf55666f1df9","artist":{"name":"Air","mbid":"018dcc90-b1a2-400a-a96e-64b6a101f009"}},"application":"Grooveshark"},{"timestamp":{"iso":"2014-02-05T15:55:03","unixtimestamp":1391615703},"track":{"name":"\u0027Ulili E (vocal duet with David Kamakahi)","artist":{"name":"Dennis Kamakahi","mbid":"003f777f-98e1-4a55-9548-6ec52b7e624c"}},"uncorrectedTrack":{"name":"\u0027Ulili E (vocal duet with David Kamakahi)","artist":{"name":"Dennis Kamakahi","mbid":"003f777f-98e1-4a55-9548-6ec52b7e624c"}},"album":{"name":"The Descendants Soundtrack","artist":{"name":"Dennis Kamakahi","mbid":"003f777f-98e1-4a55-9548-6ec52b7e624c"}},"application":"Grooveshark"},{"timestamp":{"iso":"2014-02-05T16:00:34","unixtimestamp":1391616034},"track":{"name":"Deep in an ancient Hawaiian Forest","mbid":"90d1bf1b-1513-4be6-964b-90b431085e97","artist":{"name":"Makana","mbid":"9e7bd9cd-bd81-48f3-93e1-074c945f3f77"}},"uncorrectedTrack":{"name":"Deep in an ancient Hawaiian Forest","mbid":"90d1bf1b-1513-4be6-964b-90b431085e97","artist":{"name":"Makana","mbid":"9e7bd9cd-bd81-48f3-93e1-074c945f3f77"}},"album":{"name":"The Descendants Soundtrack","artist":{"name":"Makana","mbid":"9e7bd9cd-bd81-48f3-93e1-074c945f3f77"}},"application":"Grooveshark"},{"timestamp":{"iso":"2014-02-05T16:05:48","unixtimestamp":1391616348},"track":{"name":"Summer Story","mbid":"ac456bf8-f102-441a-95f1-29d5686a34dd","artist":{"name":"Kohala","mbid":"cf90942c-95f3-4180-9630-eb457c49d053"}},"uncorrectedTrack":{"name":"Summer Story","mbid":"ac456bf8-f102-441a-95f1-29d5686a34dd","artist":{"name":"Kohala","mbid":"cf90942c-95f3-4180-9630-eb457c49d053"}},"album":{"name":"Back to Kohala","mbid":"94bab356-3d03-496f-8477-b798bbeb65b8","artist":{"name":"Kohala","mbid":"cf90942c-95f3-4180-9630-eb457c49d053"}},"application":"Grooveshark"},{"timestamp":{"iso":"2014-02-05T16:09:28","unixtimestamp":1391616568},"track":{"name":"\u0027Imi Au Ia \u0027Oe","mbid":"aafdbf52-9908-4d74-a448-5381aaa2a957","artist":{"name":"Keola Beamer","mbid":"7c557252-cf19-4055-a973-8d6f3c55deb1"}},"uncorrectedTrack":{"name":"\u0027Imi Au Ia \u0027Oe","mbid":"aafdbf52-9908-4d74-a448-5381aaa2a957","artist":{"name":"Keola Beamer","mbid":"7c557252-cf19-4055-a973-8d6f3c55deb1"}},"album":{"name":"The Descendants Soundtrack","artist":{"name":"Keola Beamer","mbid":"7c557252-cf19-4055-a973-8d6f3c55deb1"}},"application":"Grooveshark"},{"timestamp":{"iso":"2014-02-05T16:12:40","unixtimestamp":1391616760},"track":{"name":"\u0027Ulili E (vocal duet with David Kamakahi)","artist":{"name":"Dennis Kamakahi","mbid":"003f777f-98e1-4a55-9548-6ec52b7e624c"}},"uncorrectedTrack":{"name":"\u0027Ulili E (vocal duet with David Kamakahi)","artist":{"name":"Dennis Kamakahi","mbid":"003f777f-98e1-4a55-9548-6ec52b7e624c"}},"album":{"name":"The Descendants Soundtrack","artist":{"name":"Dennis Kamakahi","mbid":"003f777f-98e1-4a55-9548-6ec52b7e624c"}},"application":"Grooveshark"},{"timestamp":{"iso":"2014-02-05T16:16:59","unixtimestamp":1391617019},"track":{"name":"Auwe","artist":{"name":"Ray Kane","mbid":"bc5d09b3-7616-40db-ad8a-666d0ff4f6f0"}},"uncorrectedTrack":{"name":"Auwe","artist":{"name":"Ray Kane","mbid":"bc5d09b3-7616-40db-ad8a-666d0ff4f6f0"}},"album":{"name":"The Descendants Soundtrack","artist":{"name":"Ray Kane","mbid":"bc5d09b3-7616-40db-ad8a-666d0ff4f6f0"}},"application":"Grooveshark"},{"timestamp":{"iso":"2014-02-05T16:19:15","unixtimestamp":1391617155},"track":{"name":"Kalena Kai","mbid":"caec7279-165e-4fbb-88db-4adb6c28490e","artist":{"name":"Keola Beamer \u0026 George Winston"}},"uncorrectedTrack":{"name":"Kalena Kai","mbid":"caec7279-165e-4fbb-88db-4adb6c28490e","artist":{"name":"Keola Beamer \u0026 George Winston"}},"album":{"name":"The Descendants Soundtrack","artist":{"name":"Keola Beamer \u0026 George Winston"}},"application":"Grooveshark"},{"timestamp":{"iso":"2014-02-11T18:50:07","unixtimestamp":1392144607},"track":{"name":"Fireworks","mbid":"5303b9a8-e151-4111-8cd6-933926520d18","artist":{"name":"Animal Collective","mbid":"0c751690-c784-4a4f-b1e4-c1de27d47581"}},"uncorrectedTrack":{"name":"Fireworks","mbid":"5303b9a8-e151-4111-8cd6-933926520d18","artist":{"name":"Animal Collective","mbid":"0c751690-c784-4a4f-b1e4-c1de27d47581"}},"album":{"name":"Strawberry Jam","mbid":"0e48536b-7d95-3f89-955f-96579a716cba","artist":{"name":"Animal Collective","mbid":"0c751690-c784-4a4f-b1e4-c1de27d47581"}},"application":"Grooveshark"},{"timestamp":{"iso":"2014-02-12T19:33:45","unixtimestamp":1392233625},"track":{"name":"Novias","mbid":"b4de7318-5e65-450c-baf2-d1cfac5e4b78","artist":{"name":"El Guincho","mbid":"7e57d8a2-e6eb-48dd-8e50-ff7eaa412ccb"}},"uncorrectedTrack":{"name":"Novias","mbid":"b4de7318-5e65-450c-baf2-d1cfac5e4b78","artist":{"name":"El Guincho","mbid":"7e57d8a2-e6eb-48dd-8e50-ff7eaa412ccb"}},"album":{"name":"Pop Negro","mbid":"d1155ca2-d814-4f17-9426-743189f8d853","artist":{"name":"El Guincho","mbid":"7e57d8a2-e6eb-48dd-8e50-ff7eaa412ccb"}},"application":"Grooveshark"},{"timestamp":{"iso":"2014-02-12T19:39:11","unixtimestamp":1392233951},"track":{"name":"Palmitos Park","mbid":"03dd1f0d-1b78-49bb-9de8-cad73560837d","artist":{"name":"El Guincho","mbid":"7e57d8a2-e6eb-48dd-8e50-ff7eaa412ccb"}},"uncorrectedTrack":{"name":"Palmitos Park","mbid":"03dd1f0d-1b78-49bb-9de8-cad73560837d","artist":{"name":"El Guincho","mbid":"7e57d8a2-e6eb-48dd-8e50-ff7eaa412ccb"}},"album":{"name":"Alegranza","mbid":"08cd6dab-f1e1-3360-b139-4b25e03d36a1","artist":{"name":"El Guincho","mbid":"7e57d8a2-e6eb-48dd-8e50-ff7eaa412ccb"}},"application":"Grooveshark"},{"timestamp":{"iso":"2014-02-12T19:51:25","unixtimestamp":1392234685},"track":{"name":"\u0027Ulili E (vocal duet with David Kamakahi)","artist":{"name":"Dennis Kamakahi","mbid":"003f777f-98e1-4a55-9548-6ec52b7e624c"}},"uncorrectedTrack":{"name":"\u0027Ulili E (vocal duet with David Kamakahi)","artist":{"name":"Dennis Kamakahi","mbid":"003f777f-98e1-4a55-9548-6ec52b7e624c"}},"album":{"name":"The Descendants Soundtrack","artist":{"name":"Dennis Kamakahi","mbid":"003f777f-98e1-4a55-9548-6ec52b7e624c"}},"application":"Grooveshark"},{"timestamp":{"iso":"2014-02-13T17:36:36","unixtimestamp":1392312996},"track":{"name":"Fireworks","mbid":"5303b9a8-e151-4111-8cd6-933926520d18","artist":{"name":"Animal Collective","mbid":"0c751690-c784-4a4f-b1e4-c1de27d47581"}},"uncorrectedTrack":{"name":"Fireworks","mbid":"5303b9a8-e151-4111-8cd6-933926520d18","artist":{"name":"Animal Collective","mbid":"0c751690-c784-4a4f-b1e4-c1de27d47581"}},"album":{"name":"Strawberry Jam","mbid":"0e48536b-7d95-3f89-955f-96579a716cba","artist":{"name":"Animal Collective","mbid":"0c751690-c784-4a4f-b1e4-c1de27d47581"}},"application":"Grooveshark"},{"timestamp":{"iso":"2014-02-14T16:25:37","unixtimestamp":1392395137},"track":{"name":"\u0027Ulili E (vocal duet with David Kamakahi)","artist":{"name":"Dennis Kamakahi","mbid":"003f777f-98e1-4a55-9548-6ec52b7e624c"}},"uncorrectedTrack":{"name":"\u0027Ulili E (vocal duet with David Kamakahi)","artist":{"name":"Dennis Kamakahi","mbid":"003f777f-98e1-4a55-9548-6ec52b7e624c"}},"album":{"name":"The Descendants Soundtrack","artist":{"name":"Dennis Kamakahi","mbid":"003f777f-98e1-4a55-9548-6ec52b7e624c"}},"application":"Grooveshark"},{"timestamp":{"iso":"2014-02-19T15:18:57","unixtimestamp":1392823137},"track":{"name":"Novias","mbid":"b4de7318-5e65-450c-baf2-d1cfac5e4b78","artist":{"name":"El Guincho","mbid":"7e57d8a2-e6eb-48dd-8e50-ff7eaa412ccb"}},"uncorrectedTrack":{"name":"Novias","mbid":"b4de7318-5e65-450c-baf2-d1cfac5e4b78","artist":{"name":"El Guincho","mbid":"7e57d8a2-e6eb-48dd-8e50-ff7eaa412ccb"}},"album":{"name":"Pop Negro","mbid":"d1155ca2-d814-4f17-9426-743189f8d853","artist":{"name":"El Guincho","mbid":"7e57d8a2-e6eb-48dd-8e50-ff7eaa412ccb"}},"application":"Grooveshark"},{"timestamp":{"iso":"2014-02-19T21:30:12","unixtimestamp":1392845412},"track":{"name":"Fireworks","mbid":"5303b9a8-e151-4111-8cd6-933926520d18","artist":{"name":"Animal Collective","mbid":"0c751690-c784-4a4f-b1e4-c1de27d47581"}},"uncorrectedTrack":{"name":"Fireworks","mbid":"5303b9a8-e151-4111-8cd6-933926520d18","artist":{"name":"Animal Collective","mbid":"0c751690-c784-4a4f-b1e4-c1de27d47581"}},"album":{"name":"Strawberry Jam","mbid":"0e48536b-7d95-3f89-955f-96579a716cba","artist":{"name":"Animal Collective","mbid":"0c751690-c784-4a4f-b1e4-c1de27d47581"}},"application":"Grooveshark"},{"timestamp":{"iso":"2014-02-19T21:38:23","unixtimestamp":1392845903},"track":{"name":"\u0027Ulili E (vocal duet with David Kamakahi)","artist":{"name":"Dennis Kamakahi","mbid":"003f777f-98e1-4a55-9548-6ec52b7e624c"}},"uncorrectedTrack":{"name":"\u0027Ulili E (vocal duet with David Kamakahi)","artist":{"name":"Dennis Kamakahi","mbid":"003f777f-98e1-4a55-9548-6ec52b7e624c"}},"album":{"name":"The Descendants Soundtrack","artist":{"name":"Dennis Kamakahi","mbid":"003f777f-98e1-4a55-9548-6ec52b7e624c"}},"application":"Grooveshark"},{"timestamp":{"iso":"2014-02-19T21:49:57","unixtimestamp":1392846597},"track":{"name":"Stars and Sons","mbid":"2607d63c-5e72-4370-9c79-115014f35a15","artist":{"name":"Broken Social Scene","mbid":"2eada8f8-056a-4093-bbc2-004909ce743b"}},"uncorrectedTrack":{"name":"Stars and Sons","mbid":"2607d63c-5e72-4370-9c79-115014f35a15","artist":{"name":"Broken Social Scene","mbid":"2eada8f8-056a-4093-bbc2-004909ce743b"}},"album":{"name":"You Forgot It In People","mbid":"4a62cd38-0405-33c0-ade2-6be951f7b777","artist":{"name":"Broken Social Scene","mbid":"2eada8f8-056a-4093-bbc2-004909ce743b"}},"application":"Grooveshark"},{"timestamp":{"iso":"2014-02-21T19:14:46","unixtimestamp":1393010086},"track":{"name":"\u0027Ulili E (vocal duet with David Kamakahi)","artist":{"name":"Dennis Kamakahi","mbid":"003f777f-98e1-4a55-9548-6ec52b7e624c"}},"uncorrectedTrack":{"name":"\u0027Ulili E (vocal duet with David Kamakahi)","artist":{"name":"Dennis Kamakahi","mbid":"003f777f-98e1-4a55-9548-6ec52b7e624c"}},"album":{"name":"The Descendants Soundtrack","artist":{"name":"Dennis Kamakahi","mbid":"003f777f-98e1-4a55-9548-6ec52b7e624c"}},"application":"Grooveshark"},{"timestamp":{"iso":"2014-02-21T21:32:28","unixtimestamp":1393018348},"track":{"name":"\u0027Ulili E (vocal duet with David Kamakahi)","artist":{"name":"Dennis Kamakahi","mbid":"003f777f-98e1-4a55-9548-6ec52b7e624c"}},"uncorrectedTrack":{"name":"\u0027Ulili E (vocal duet with David Kamakahi)","artist":{"name":"Dennis Kamakahi","mbid":"003f777f-98e1-4a55-9548-6ec52b7e624c"}},"album":{"name":"The Descendants Soundtrack","artist":{"name":"Dennis Kamakahi","mbid":"003f777f-98e1-4a55-9548-6ec52b7e624c"}},"application":"Grooveshark"},{"timestamp":{"iso":"2014-02-21T21:43:04","unixtimestamp":1393018984},"track":{"name":"Novias","mbid":"b4de7318-5e65-450c-baf2-d1cfac5e4b78","artist":{"name":"El Guincho","mbid":"7e57d8a2-e6eb-48dd-8e50-ff7eaa412ccb"}},"uncorrectedTrack":{"name":"Novias","mbid":"b4de7318-5e65-450c-baf2-d1cfac5e4b78","artist":{"name":"El Guincho","mbid":"7e57d8a2-e6eb-48dd-8e50-ff7eaa412ccb"}},"album":{"name":"Pop Negro","mbid":"d1155ca2-d814-4f17-9426-743189f8d853","artist":{"name":"El Guincho","mbid":"7e57d8a2-e6eb-48dd-8e50-ff7eaa412ccb"}},"application":"Grooveshark"},{"timestamp":{"iso":"2014-02-21T21:52:36","unixtimestamp":1393019556},"track":{"name":"Shampoo Suicide","mbid":"2414c37d-c79b-40e4-b96b-618aa5136a17","artist":{"name":"Broken Social Scene","mbid":"2eada8f8-056a-4093-bbc2-004909ce743b"}},"uncorrectedTrack":{"name":"Shampoo Suicide","mbid":"2414c37d-c79b-40e4-b96b-618aa5136a17","artist":{"name":"Broken Social Scene","mbid":"2eada8f8-056a-4093-bbc2-004909ce743b"}},"album":{"name":"Singles \u0026 Duplicates","artist":{"name":"Broken Social Scene","mbid":"2eada8f8-056a-4093-bbc2-004909ce743b"}},"application":"Grooveshark"},{"timestamp":{"iso":"2014-02-21T22:01:55","unixtimestamp":1393020115},"track":{"name":"Fireworks","mbid":"5303b9a8-e151-4111-8cd6-933926520d18","artist":{"name":"Animal Collective","mbid":"0c751690-c784-4a4f-b1e4-c1de27d47581"}},"uncorrectedTrack":{"name":"Fireworks","mbid":"5303b9a8-e151-4111-8cd6-933926520d18","artist":{"name":"Animal Collective","mbid":"0c751690-c784-4a4f-b1e4-c1de27d47581"}},"album":{"name":"Strawberry Jam","mbid":"0e48536b-7d95-3f89-955f-96579a716cba","artist":{"name":"Animal Collective","mbid":"0c751690-c784-4a4f-b1e4-c1de27d47581"}},"application":"Grooveshark"},{"timestamp":{"iso":"2014-02-25T23:13:37","unixtimestamp":1393370017},"track":{"name":"Fireworks","mbid":"5303b9a8-e151-4111-8cd6-933926520d18","artist":{"name":"Animal Collective","mbid":"0c751690-c784-4a4f-b1e4-c1de27d47581"}},"uncorrectedTrack":{"name":"Fireworks","mbid":"5303b9a8-e151-4111-8cd6-933926520d18","artist":{"name":"Animal Collective","mbid":"0c751690-c784-4a4f-b1e4-c1de27d47581"}},"album":{"name":"Strawberry Jam","mbid":"0e48536b-7d95-3f89-955f-96579a716cba","artist":{"name":"Animal Collective","mbid":"0c751690-c784-4a4f-b1e4-c1de27d47581"}},"application":"Grooveshark"},{"timestamp":{"iso":"2014-02-26T16:30:43","unixtimestamp":1393432243},"track":{"name":"Hoppípolla","mbid":"c1a08c82-032c-460a-ba32-e12d2bc97581","artist":{"name":"Sigur Rós","mbid":"f6f2326f-6b25-4170-b89d-e235b25508e8"}},"uncorrectedTrack":{"name":"Hoppípolla","mbid":"c1a08c82-032c-460a-ba32-e12d2bc97581","artist":{"name":"Sigur Rós","mbid":"f6f2326f-6b25-4170-b89d-e235b25508e8"}},"album":{"name":"Heima","mbid":"b616595c-c2c7-4e72-98cc-e1b4c0291079","artist":{"name":"Sigur Rós","mbid":"f6f2326f-6b25-4170-b89d-e235b25508e8"}},"application":"Grooveshark"},{"timestamp":{"iso":"2014-02-26T17:13:57","unixtimestamp":1393434837},"track":{"name":"Brennisteinn","mbid":"4f5d3b1e-f293-4ec9-a023-f136cf70fa7f","artist":{"name":"Sigur Rós","mbid":"f6f2326f-6b25-4170-b89d-e235b25508e8"}},"uncorrectedTrack":{"name":"Brennisteinn","artist":{"name":"Sigur Ros"}},"album":{"name":"Kveikur","artist":{"name":"Sigur Ros"}},"application":"Grooveshark"},{"timestamp":{"iso":"2014-02-27T17:45:12","unixtimestamp":1393523112},"track":{"name":"\u0027Ulili E (vocal duet with David Kamakahi)","artist":{"name":"Dennis Kamakahi","mbid":"003f777f-98e1-4a55-9548-6ec52b7e624c"}},"uncorrectedTrack":{"name":"\u0027Ulili E (vocal duet with David Kamakahi)","artist":{"name":"Dennis Kamakahi","mbid":"003f777f-98e1-4a55-9548-6ec52b7e624c"}},"album":{"name":"The Descendants Soundtrack","artist":{"name":"Dennis Kamakahi","mbid":"003f777f-98e1-4a55-9548-6ec52b7e624c"}},"application":"Grooveshark"},{"timestamp":{"iso":"2014-02-27T17:50:01","unixtimestamp":1393523401},"track":{"name":"FM Tan Sexy","mbid":"cf9f332a-9161-4193-86a5-60f233256c87","artist":{"name":"El Guincho","mbid":"7e57d8a2-e6eb-48dd-8e50-ff7eaa412ccb"}},"uncorrectedTrack":{"name":"FM Tan Sexy","mbid":"cf9f332a-9161-4193-86a5-60f233256c87","artist":{"name":"El Guincho","mbid":"7e57d8a2-e6eb-48dd-8e50-ff7eaa412ccb"}},"album":{"name":"Pop Negro","mbid":"d1155ca2-d814-4f17-9426-743189f8d853","artist":{"name":"El Guincho","mbid":"7e57d8a2-e6eb-48dd-8e50-ff7eaa412ccb"}},"application":"Grooveshark"},{"timestamp":{"iso":"2014-02-27T17:58:08","unixtimestamp":1393523888},"track":{"name":"Novias","mbid":"b4de7318-5e65-450c-baf2-d1cfac5e4b78","artist":{"name":"El Guincho","mbid":"7e57d8a2-e6eb-48dd-8e50-ff7eaa412ccb"}},"uncorrectedTrack":{"name":"Novias","mbid":"b4de7318-5e65-450c-baf2-d1cfac5e4b78","artist":{"name":"El Guincho","mbid":"7e57d8a2-e6eb-48dd-8e50-ff7eaa412ccb"}},"album":{"name":"Pop Negro","mbid":"d1155ca2-d814-4f17-9426-743189f8d853","artist":{"name":"El Guincho","mbid":"7e57d8a2-e6eb-48dd-8e50-ff7eaa412ccb"}},"application":"Grooveshark"},{"timestamp":{"iso":"2014-02-27T18:02:13","unixtimestamp":1393524133},"track":{"name":"Palmitos Park","mbid":"03dd1f0d-1b78-49bb-9de8-cad73560837d","artist":{"name":"El Guincho","mbid":"7e57d8a2-e6eb-48dd-8e50-ff7eaa412ccb"}},"uncorrectedTrack":{"name":"Palmitos Park","mbid":"03dd1f0d-1b78-49bb-9de8-cad73560837d","artist":{"name":"El Guincho","mbid":"7e57d8a2-e6eb-48dd-8e50-ff7eaa412ccb"}},"album":{"name":"Alegranza","mbid":"08cd6dab-f1e1-3360-b139-4b25e03d36a1","artist":{"name":"El Guincho","mbid":"7e57d8a2-e6eb-48dd-8e50-ff7eaa412ccb"}},"application":"Grooveshark"},{"timestamp":{"iso":"2014-02-27T18:34:45","unixtimestamp":1393526085},"track":{"name":"FM Tan Sexy","mbid":"cf9f332a-9161-4193-86a5-60f233256c87","artist":{"name":"El Guincho","mbid":"7e57d8a2-e6eb-48dd-8e50-ff7eaa412ccb"}},"uncorrectedTrack":{"name":"FM Tan Sexy","mbid":"cf9f332a-9161-4193-86a5-60f233256c87","artist":{"name":"El Guincho","mbid":"7e57d8a2-e6eb-48dd-8e50-ff7eaa412ccb"}},"album":{"name":"Pop Negro","mbid":"d1155ca2-d814-4f17-9426-743189f8d853","artist":{"name":"El Guincho","mbid":"7e57d8a2-e6eb-48dd-8e50-ff7eaa412ccb"}},"application":"Grooveshark"},{"timestamp":{"iso":"2014-02-27T18:38:27","unixtimestamp":1393526307},"track":{"name":"Palmitos Park","mbid":"03dd1f0d-1b78-49bb-9de8-cad73560837d","artist":{"name":"El Guincho","mbid":"7e57d8a2-e6eb-48dd-8e50-ff7eaa412ccb"}},"uncorrectedTrack":{"name":"Palmitos Park","mbid":"03dd1f0d-1b78-49bb-9de8-cad73560837d","artist":{"name":"El Guincho","mbid":"7e57d8a2-e6eb-48dd-8e50-ff7eaa412ccb"}},"album":{"name":"Alegranza","mbid":"08cd6dab-f1e1-3360-b139-4b25e03d36a1","artist":{"name":"El Guincho","mbid":"7e57d8a2-e6eb-48dd-8e50-ff7eaa412ccb"}},"application":"Grooveshark"},{"timestamp":{"iso":"2014-02-28T16:16:08","unixtimestamp":1393604168},"track":{"name":"Gobbledigook","mbid":"00c535fd-60fe-4c22-abd5-b52fd1b2a57c","artist":{"name":"Sigur Rós","mbid":"f6f2326f-6b25-4170-b89d-e235b25508e8"}},"uncorrectedTrack":{"name":"Gobbledigook","mbid":"00c535fd-60fe-4c22-abd5-b52fd1b2a57c","artist":{"name":"Sigur Rós","mbid":"f6f2326f-6b25-4170-b89d-e235b25508e8"}},"album":{"name":"med sud í eyrum vid spilum endalaust","artist":{"name":"Sigur Rós","mbid":"f6f2326f-6b25-4170-b89d-e235b25508e8"}},"application":"Grooveshark"},{"timestamp":{"iso":"2014-02-28T16:19:12","unixtimestamp":1393604352},"track":{"name":"Leaf House","mbid":"02d9e674-d025-40cf-ae87-c78989e42c94","artist":{"name":"Animal Collective","mbid":"0c751690-c784-4a4f-b1e4-c1de27d47581"}},"uncorrectedTrack":{"name":"Leaf House","mbid":"02d9e674-d025-40cf-ae87-c78989e42c94","artist":{"name":"Animal Collective","mbid":"0c751690-c784-4a4f-b1e4-c1de27d47581"}},"album":{"name":"Sung Tongs","mbid":"a23912f7-2bdb-36e1-9806-d63da139b40b","artist":{"name":"Animal Collective","mbid":"0c751690-c784-4a4f-b1e4-c1de27d47581"}},"application":"Grooveshark"},{"timestamp":{"iso":"2014-02-28T16:24:12","unixtimestamp":1393604652},"track":{"name":"Banshee Beat","mbid":"1b9eed6f-5762-40b3-848f-c2464fd6fe7e","artist":{"name":"Animal Collective","mbid":"0c751690-c784-4a4f-b1e4-c1de27d47581"}},"uncorrectedTrack":{"name":"Banshee Beat","mbid":"1b9eed6f-5762-40b3-848f-c2464fd6fe7e","artist":{"name":"Animal Collective","mbid":"0c751690-c784-4a4f-b1e4-c1de27d47581"}},"album":{"name":"Feels","mbid":"1ddb09aa-e6e7-3c50-9204-406bd0fadf4d","artist":{"name":"Animal Collective","mbid":"0c751690-c784-4a4f-b1e4-c1de27d47581"}},"application":"Grooveshark"},{"timestamp":{"iso":"2014-02-28T16:32:29","unixtimestamp":1393605149},"track":{"name":"For Reverend Green","mbid":"0144dfe5-8ece-4e66-9588-1eec2c21caf0","artist":{"name":"Animal Collective","mbid":"0c751690-c784-4a4f-b1e4-c1de27d47581"}},"uncorrectedTrack":{"name":"For Reverend Green","mbid":"0144dfe5-8ece-4e66-9588-1eec2c21caf0","artist":{"name":"Animal Collective","mbid":"0c751690-c784-4a4f-b1e4-c1de27d47581"}},"album":{"name":"Strawberry Jam","mbid":"0e48536b-7d95-3f89-955f-96579a716cba","artist":{"name":"Animal Collective","mbid":"0c751690-c784-4a4f-b1e4-c1de27d47581"}},"application":"Grooveshark"},{"timestamp":{"iso":"2014-02-28T16:43:08","unixtimestamp":1393605788},"track":{"name":"Brother Sport","mbid":"4c9b8cdb-3919-4536-933f-1567feed9a4e","artist":{"name":"Animal Collective","mbid":"0c751690-c784-4a4f-b1e4-c1de27d47581"}},"uncorrectedTrack":{"name":"Brother Sport","mbid":"4c9b8cdb-3919-4536-933f-1567feed9a4e","artist":{"name":"Animal Collective","mbid":"0c751690-c784-4a4f-b1e4-c1de27d47581"}},"album":{"name":"Merriweather Post Pavilion","mbid":"5fb66781-17d5-34c6-9ff0-eeba19d4e240","artist":{"name":"Animal Collective","mbid":"0c751690-c784-4a4f-b1e4-c1de27d47581"}},"application":"Grooveshark"},{"timestamp":{"iso":"2014-02-28T17:17:18","unixtimestamp":1393607838},"track":{"name":"Gobbledigook","mbid":"00c535fd-60fe-4c22-abd5-b52fd1b2a57c","artist":{"name":"Sigur Rós","mbid":"f6f2326f-6b25-4170-b89d-e235b25508e8"}},"uncorrectedTrack":{"name":"Gobbledigook","mbid":"00c535fd-60fe-4c22-abd5-b52fd1b2a57c","artist":{"name":"Sigur Rós","mbid":"f6f2326f-6b25-4170-b89d-e235b25508e8"}},"album":{"name":"med sud í eyrum vid spilum endalaust","artist":{"name":"Sigur Rós","mbid":"f6f2326f-6b25-4170-b89d-e235b25508e8"}},"application":"Grooveshark"},{"timestamp":{"iso":"2014-02-28T17:20:23","unixtimestamp":1393608023},"track":{"name":"Leaf House","mbid":"02d9e674-d025-40cf-ae87-c78989e42c94","artist":{"name":"Animal Collective","mbid":"0c751690-c784-4a4f-b1e4-c1de27d47581"}},"uncorrectedTrack":{"name":"Leaf House","mbid":"02d9e674-d025-40cf-ae87-c78989e42c94","artist":{"name":"Animal Collective","mbid":"0c751690-c784-4a4f-b1e4-c1de27d47581"}},"album":{"name":"Sung Tongs","mbid":"a23912f7-2bdb-36e1-9806-d63da139b40b","artist":{"name":"Animal Collective","mbid":"0c751690-c784-4a4f-b1e4-c1de27d47581"}},"application":"Grooveshark"},{"timestamp":{"iso":"2014-02-28T17:23:05","unixtimestamp":1393608185},"track":{"name":"Banshee Beat","mbid":"1b9eed6f-5762-40b3-848f-c2464fd6fe7e","artist":{"name":"Animal Collective","mbid":"0c751690-c784-4a4f-b1e4-c1de27d47581"}},"uncorrectedTrack":{"name":"Banshee Beat","mbid":"1b9eed6f-5762-40b3-848f-c2464fd6fe7e","artist":{"name":"Animal Collective","mbid":"0c751690-c784-4a4f-b1e4-c1de27d47581"}},"album":{"name":"Feels","mbid":"1ddb09aa-e6e7-3c50-9204-406bd0fadf4d","artist":{"name":"Animal Collective","mbid":"0c751690-c784-4a4f-b1e4-c1de27d47581"}},"application":"Grooveshark"},{"timestamp":{"iso":"2014-02-28T17:31:30","unixtimestamp":1393608690},"track":{"name":"For Reverend Green","mbid":"0144dfe5-8ece-4e66-9588-1eec2c21caf0","artist":{"name":"Animal Collective","mbid":"0c751690-c784-4a4f-b1e4-c1de27d47581"}},"uncorrectedTrack":{"name":"For Reverend Green","mbid":"0144dfe5-8ece-4e66-9588-1eec2c21caf0","artist":{"name":"Animal Collective","mbid":"0c751690-c784-4a4f-b1e4-c1de27d47581"}},"album":{"name":"Strawberry Jam","mbid":"0e48536b-7d95-3f89-955f-96579a716cba","artist":{"name":"Animal Collective","mbid":"0c751690-c784-4a4f-b1e4-c1de27d47581"}},"application":"Grooveshark"},{"timestamp":{"iso":"2014-02-28T17:38:05","unixtimestamp":1393609085},"track":{"name":"Brother Sport","mbid":"4c9b8cdb-3919-4536-933f-1567feed9a4e","artist":{"name":"Animal Collective","mbid":"0c751690-c784-4a4f-b1e4-c1de27d47581"}},"uncorrectedTrack":{"name":"Brother Sport","mbid":"4c9b8cdb-3919-4536-933f-1567feed9a4e","artist":{"name":"Animal Collective","mbid":"0c751690-c784-4a4f-b1e4-c1de27d47581"}},"album":{"name":"Merriweather Post Pavilion","mbid":"5fb66781-17d5-34c6-9ff0-eeba19d4e240","artist":{"name":"Animal Collective","mbid":"0c751690-c784-4a4f-b1e4-c1de27d47581"}},"application":"Grooveshark"},{"timestamp":{"iso":"2014-02-28T17:51:12","unixtimestamp":1393609872},"track":{"name":"Gobbledigook","mbid":"00c535fd-60fe-4c22-abd5-b52fd1b2a57c","artist":{"name":"Sigur Rós","mbid":"f6f2326f-6b25-4170-b89d-e235b25508e8"}},"uncorrectedTrack":{"name":"Gobbledigook","mbid":"00c535fd-60fe-4c22-abd5-b52fd1b2a57c","artist":{"name":"Sigur Rós","mbid":"f6f2326f-6b25-4170-b89d-e235b25508e8"}},"album":{"name":"med sud í eyrum vid spilum endalaust","artist":{"name":"Sigur Rós","mbid":"f6f2326f-6b25-4170-b89d-e235b25508e8"}},"application":"Grooveshark"},{"timestamp":{"iso":"2014-02-28T17:54:17","unixtimestamp":1393610057},"track":{"name":"Leaf House","mbid":"02d9e674-d025-40cf-ae87-c78989e42c94","artist":{"name":"Animal Collective","mbid":"0c751690-c784-4a4f-b1e4-c1de27d47581"}},"uncorrectedTrack":{"name":"Leaf House","mbid":"02d9e674-d025-40cf-ae87-c78989e42c94","artist":{"name":"Animal Collective","mbid":"0c751690-c784-4a4f-b1e4-c1de27d47581"}},"album":{"name":"Sung Tongs","mbid":"a23912f7-2bdb-36e1-9806-d63da139b40b","artist":{"name":"Animal Collective","mbid":"0c751690-c784-4a4f-b1e4-c1de27d47581"}},"application":"Grooveshark"},{"timestamp":{"iso":"2014-02-28T17:57:00","unixtimestamp":1393610220},"track":{"name":"Banshee Beat","mbid":"1b9eed6f-5762-40b3-848f-c2464fd6fe7e","artist":{"name":"Animal Collective","mbid":"0c751690-c784-4a4f-b1e4-c1de27d47581"}},"uncorrectedTrack":{"name":"Banshee Beat","mbid":"1b9eed6f-5762-40b3-848f-c2464fd6fe7e","artist":{"name":"Animal Collective","mbid":"0c751690-c784-4a4f-b1e4-c1de27d47581"}},"album":{"name":"Feels","mbid":"1ddb09aa-e6e7-3c50-9204-406bd0fadf4d","artist":{"name":"Animal Collective","mbid":"0c751690-c784-4a4f-b1e4-c1de27d47581"}},"application":"Grooveshark"},{"timestamp":{"iso":"2014-02-28T20:15:11","unixtimestamp":1393618511},"track":{"name":"For Reverend Green","mbid":"0144dfe5-8ece-4e66-9588-1eec2c21caf0","artist":{"name":"Animal Collective","mbid":"0c751690-c784-4a4f-b1e4-c1de27d47581"}},"uncorrectedTrack":{"name":"For Reverend Green","mbid":"0144dfe5-8ece-4e66-9588-1eec2c21caf0","artist":{"name":"Animal Collective","mbid":"0c751690-c784-4a4f-b1e4-c1de27d47581"}},"album":{"name":"Strawberry Jam","mbid":"0e48536b-7d95-3f89-955f-96579a716cba","artist":{"name":"Animal Collective","mbid":"0c751690-c784-4a4f-b1e4-c1de27d47581"}},"application":"Grooveshark"},{"timestamp":{"iso":"2014-02-28T20:21:46","unixtimestamp":1393618906},"track":{"name":"Brother Sport","mbid":"4c9b8cdb-3919-4536-933f-1567feed9a4e","artist":{"name":"Animal Collective","mbid":"0c751690-c784-4a4f-b1e4-c1de27d47581"}},"uncorrectedTrack":{"name":"Brother Sport","mbid":"4c9b8cdb-3919-4536-933f-1567feed9a4e","artist":{"name":"Animal Collective","mbid":"0c751690-c784-4a4f-b1e4-c1de27d47581"}},"album":{"name":"Merriweather Post Pavilion","mbid":"5fb66781-17d5-34c6-9ff0-eeba19d4e240","artist":{"name":"Animal Collective","mbid":"0c751690-c784-4a4f-b1e4-c1de27d47581"}},"application":"Grooveshark"},{"timestamp":{"iso":"2014-02-28T21:20:41","unixtimestamp":1393622441},"track":{"name":"Gobbledigook","mbid":"00c535fd-60fe-4c22-abd5-b52fd1b2a57c","artist":{"name":"Sigur Rós","mbid":"f6f2326f-6b25-4170-b89d-e235b25508e8"}},"uncorrectedTrack":{"name":"Gobbledigook","mbid":"00c535fd-60fe-4c22-abd5-b52fd1b2a57c","artist":{"name":"Sigur Rós","mbid":"f6f2326f-6b25-4170-b89d-e235b25508e8"}},"album":{"name":"med sud í eyrum vid spilum endalaust","artist":{"name":"Sigur Rós","mbid":"f6f2326f-6b25-4170-b89d-e235b25508e8"}},"application":"Grooveshark"},{"timestamp":{"iso":"2014-02-28T21:23:45","unixtimestamp":1393622625},"track":{"name":"Leaf House","mbid":"02d9e674-d025-40cf-ae87-c78989e42c94","artist":{"name":"Animal Collective","mbid":"0c751690-c784-4a4f-b1e4-c1de27d47581"}},"uncorrectedTrack":{"name":"Leaf House","mbid":"02d9e674-d025-40cf-ae87-c78989e42c94","artist":{"name":"Animal Collective","mbid":"0c751690-c784-4a4f-b1e4-c1de27d47581"}},"album":{"name":"Sung Tongs","mbid":"a23912f7-2bdb-36e1-9806-d63da139b40b","artist":{"name":"Animal Collective","mbid":"0c751690-c784-4a4f-b1e4-c1de27d47581"}},"application":"Grooveshark"},{"timestamp":{"iso":"2014-02-28T21:26:28","unixtimestamp":1393622788},"track":{"name":"Banshee Beat","mbid":"1b9eed6f-5762-40b3-848f-c2464fd6fe7e","artist":{"name":"Animal Collective","mbid":"0c751690-c784-4a4f-b1e4-c1de27d47581"}},"uncorrectedTrack":{"name":"Banshee Beat","mbid":"1b9eed6f-5762-40b3-848f-c2464fd6fe7e","artist":{"name":"Animal Collective","mbid":"0c751690-c784-4a4f-b1e4-c1de27d47581"}},"album":{"name":"Feels","mbid":"1ddb09aa-e6e7-3c50-9204-406bd0fadf4d","artist":{"name":"Animal Collective","mbid":"0c751690-c784-4a4f-b1e4-c1de27d47581"}},"application":"Grooveshark"},{"timestamp":{"iso":"2014-02-28T21:34:53","unixtimestamp":1393623293},"track":{"name":"For Reverend Green","mbid":"0144dfe5-8ece-4e66-9588-1eec2c21caf0","artist":{"name":"Animal Collective","mbid":"0c751690-c784-4a4f-b1e4-c1de27d47581"}},"uncorrectedTrack":{"name":"For Reverend Green","mbid":"0144dfe5-8ece-4e66-9588-1eec2c21caf0","artist":{"name":"Animal Collective","mbid":"0c751690-c784-4a4f-b1e4-c1de27d47581"}},"album":{"name":"Strawberry Jam","mbid":"0e48536b-7d95-3f89-955f-96579a716cba","artist":{"name":"Animal Collective","mbid":"0c751690-c784-4a4f-b1e4-c1de27d47581"}},"application":"Grooveshark"},{"timestamp":{"iso":"2014-02-28T21:41:28","unixtimestamp":1393623688},"track":{"name":"Brother Sport","mbid":"4c9b8cdb-3919-4536-933f-1567feed9a4e","artist":{"name":"Animal Collective","mbid":"0c751690-c784-4a4f-b1e4-c1de27d47581"}},"uncorrectedTrack":{"name":"Brother Sport","mbid":"4c9b8cdb-3919-4536-933f-1567feed9a4e","artist":{"name":"Animal Collective","mbid":"0c751690-c784-4a4f-b1e4-c1de27d47581"}},"album":{"name":"Merriweather Post Pavilion","mbid":"5fb66781-17d5-34c6-9ff0-eeba19d4e240","artist":{"name":"Animal Collective","mbid":"0c751690-c784-4a4f-b1e4-c1de27d47581"}},"application":"Grooveshark"}]