[{"timestamp":{"iso":"2014-10-03T23:34:13","unixtimestamp":1412379253},"track":{"name":"Constellations","mbid":"6c54aba9-518f-4cea-8035-96b0fa4989fb","artist":{"name":"Darwin Deez","mbid":"9946d737-38d1-4625-94ea-0cf1f8cce8be"}},"uncorrectedTrack":{"name":"Constellations","mbid":"6c54aba9-518f-4cea-8035-96b0fa4989fb","artist":{"name":"Darwin Deez","mbid":"9946d737-38d1-4625-94ea-0cf1f8cce8be"}},"album":{"name":"Darwin Deez","mbid":"42542170-fa86-4097-b473-f09a11162cde","artist":{"name":"Darwin Deez","mbid":"9946d737-38d1-4625-94ea-0cf1f8cce8be"}},"application":"Last.fm Scrobbler"},{"timestamp":{"iso":"2014-10-03T23:37:28","unixtimestamp":1412379448},"track":{"name":"Deep Sea Divers","mbid":"21df4625-c592-4548-8ee6-47056dbbedcf","artist":{"name":"Darwin Deez","mbid":"9946d737-38d1-4625-94ea-0cf1f8cce8be"}},"uncorrectedTrack":{"name":"Deep Sea Divers","mbid":"21df4625-c592-4548-8ee6-47056dbbedcf","artist":{"name":"Darwin Deez","mbid":"9946d737-38d1-4625-94ea-0cf1f8cce8be"}},"album":{"name":"Darwin Deez","mbid":"42542170-fa86-4097-b473-f09a11162cde","artist":{"name":"Darwin Deez","mbid":"9946d737-38d1-4625-94ea-0cf1f8cce8be"}},"application":"Last.fm Scrobbler"},{"timestamp":{"iso":"2014-10-03T23:41:07","unixtimestamp":1412379667},"track":{"name":"The City","mbid":"14affcc0-df9f-4b97-a54c-c065de742d64","artist":{"name":"Darwin Deez","mbid":"9946d737-38d1-4625-94ea-0cf1f8cce8be"}},"uncorrectedTrack":{"name":"The City","mbid":"14affcc0-df9f-4b97-a54c-c065de742d64","artist":{"name":"Darwin Deez","mbid":"9946d737-38d1-4625-94ea-0cf1f8cce8be"}},"album":{"name":"Darwin Deez","mbid":"42542170-fa86-4097-b473-f09a11162cde","artist":{"name":"Darwin Deez","mbid":"9946d737-38d1-4625-94ea-0cf1f8cce8be"}},"application":"Last.fm Scrobbler"},{"timestamp":{"iso":"2014-10-03T23:44:31","unixtimestamp":1412379871},"track":{"name":"DNA","mbid":"12dc5db7-c110-42b7-a7ea-558bfcd1833d","artist":{"name":"Darwin Deez","mbid":"9946d737-38d1-4625-94ea-0cf1f8cce8be"}},"uncorrectedTrack":{"name":"DNA","mbid":"12dc5db7-c110-42b7-a7ea-558bfcd1833d","artist":{"name":"Darwin Deez","mbid":"9946d737-38d1-4625-94ea-0cf1f8cce8be"}},"album":{"name":"Darwin Deez","mbid":"42542170-fa86-4097-b473-f09a11162cde","artist":{"name":"Darwin Deez","mbid":"9946d737-38d1-4625-94ea-0cf1f8cce8be"}},"application":"Last.fm Scrobbler"},{"timestamp":{"iso":"2014-10-03T23:47:23","unixtimestamp":1412380043},"track":{"name":"The Suicide Song","mbid":"0a353520-1de2-4271-b2d9-17da340206c8","artist":{"name":"Darwin Deez","mbid":"9946d737-38d1-4625-94ea-0cf1f8cce8be"}},"uncorrectedTrack":{"name":"The Suicide Song","mbid":"0a353520-1de2-4271-b2d9-17da340206c8","artist":{"name":"Darwin Deez","mbid":"9946d737-38d1-4625-94ea-0cf1f8cce8be"}},"album":{"name":"Darwin Deez","mbid":"42542170-fa86-4097-b473-f09a11162cde","artist":{"name":"Darwin Deez","mbid":"9946d737-38d1-4625-94ea-0cf1f8cce8be"}},"application":"Last.fm Scrobbler"},{"timestamp":{"iso":"2014-10-03T23:49:50","unixtimestamp":1412380190},"track":{"name":"Up in the Clouds","mbid":"00dd667e-adc2-48c7-a105-9de515505efe","artist":{"name":"Darwin Deez","mbid":"9946d737-38d1-4625-94ea-0cf1f8cce8be"}},"uncorrectedTrack":{"name":"Up in the Clouds","mbid":"00dd667e-adc2-48c7-a105-9de515505efe","artist":{"name":"Darwin Deez","mbid":"9946d737-38d1-4625-94ea-0cf1f8cce8be"}},"album":{"name":"Darwin Deez","mbid":"42542170-fa86-4097-b473-f09a11162cde","artist":{"name":"Darwin Deez","mbid":"9946d737-38d1-4625-94ea-0cf1f8cce8be"}},"application":"Last.fm Scrobbler"},{"timestamp":{"iso":"2014-10-03T23:53:23","unixtimestamp":1412380403},"track":{"name":"Bed Space","mbid":"8170a61b-4c1d-40b7-9ee9-be5f2e63fcaa","artist":{"name":"Darwin Deez","mbid":"9946d737-38d1-4625-94ea-0cf1f8cce8be"}},"uncorrectedTrack":{"name":"Bed Space","mbid":"8170a61b-4c1d-40b7-9ee9-be5f2e63fcaa","artist":{"name":"Darwin Deez","mbid":"9946d737-38d1-4625-94ea-0cf1f8cce8be"}},"album":{"name":"Darwin Deez","mbid":"42542170-fa86-4097-b473-f09a11162cde","artist":{"name":"Darwin Deez","mbid":"9946d737-38d1-4625-94ea-0cf1f8cce8be"}},"application":"Last.fm Scrobbler"},{"timestamp":{"iso":"2014-10-03T23:56:56","unixtimestamp":1412380616},"track":{"name":"The Bomb Song","mbid":"50d147bd-8cf0-4540-8344-f3c819682345","artist":{"name":"Darwin Deez","mbid":"9946d737-38d1-4625-94ea-0cf1f8cce8be"}},"uncorrectedTrack":{"name":"The Bomb Song","mbid":"50d147bd-8cf0-4540-8344-f3c819682345","artist":{"name":"Darwin Deez","mbid":"9946d737-38d1-4625-94ea-0cf1f8cce8be"}},"album":{"name":"Darwin Deez","mbid":"42542170-fa86-4097-b473-f09a11162cde","artist":{"name":"Darwin Deez","mbid":"9946d737-38d1-4625-94ea-0cf1f8cce8be"}},"application":"Last.fm Scrobbler"},{"timestamp":{"iso":"2014-10-04T00:00:44","unixtimestamp":1412380844},"track":{"name":"Radar Detector","mbid":"08d8f4e5-52ac-4c01-b997-0d47a600829c","artist":{"name":"Darwin Deez","mbid":"9946d737-38d1-4625-94ea-0cf1f8cce8be"}},"uncorrectedTrack":{"name":"Radar Detector","mbid":"08d8f4e5-52ac-4c01-b997-0d47a600829c","artist":{"name":"Darwin Deez","mbid":"9946d737-38d1-4625-94ea-0cf1f8cce8be"}},"album":{"name":"Darwin Deez","mbid":"42542170-fa86-4097-b473-f09a11162cde","artist":{"name":"Darwin Deez","mbid":"9946d737-38d1-4625-94ea-0cf1f8cce8be"}},"application":"Last.fm Scrobbler"},{"timestamp":{"iso":"2014-10-04T00:03:54","unixtimestamp":1412381034},"track":{"name":"Bad Day","mbid":"3c1101c1-8c14-4228-9ee8-bbf6352bcf72","artist":{"name":"Darwin Deez","mbid":"9946d737-38d1-4625-94ea-0cf1f8cce8be"}},"uncorrectedTrack":{"name":"Bad Day","mbid":"3c1101c1-8c14-4228-9ee8-bbf6352bcf72","artist":{"name":"Darwin Deez","mbid":"9946d737-38d1-4625-94ea-0cf1f8cce8be"}},"album":{"name":"Darwin Deez","mbid":"42542170-fa86-4097-b473-f09a11162cde","artist":{"name":"Darwin Deez","mbid":"9946d737-38d1-4625-94ea-0cf1f8cce8be"}},"application":"Last.fm Scrobbler"},{"timestamp":{"iso":"2014-10-04T00:07:01","unixtimestamp":1412381221},"track":{"name":"Lights On [Bonus Track]","artist":{"name":"Darwin Deez","mbid":"9946d737-38d1-4625-94ea-0cf1f8cce8be"}},"uncorrectedTrack":{"name":"Lights On [Bonus Track]","artist":{"name":"Darwin Deez","mbid":"9946d737-38d1-4625-94ea-0cf1f8cce8be"}},"album":{"name":"Darwin Deez","mbid":"42542170-fa86-4097-b473-f09a11162cde","artist":{"name":"Darwin Deez","mbid":"9946d737-38d1-4625-94ea-0cf1f8cce8be"}},"application":"Last.fm Scrobbler"},{"timestamp":{"iso":"2014-10-04T00:08:58","unixtimestamp":1412381338},"track":{"name":"The Coma Song [Bonus Track]","artist":{"name":"Darwin Deez","mbid":"9946d737-38d1-4625-94ea-0cf1f8cce8be"}},"uncorrectedTrack":{"name":"The Coma Song [Bonus Track]","artist":{"name":"Darwin Deez","mbid":"9946d737-38d1-4625-94ea-0cf1f8cce8be"}},"album":{"name":"Darwin Deez","mbid":"42542170-fa86-4097-b473-f09a11162cde","artist":{"name":"Darwin Deez","mbid":"9946d737-38d1-4625-94ea-0cf1f8cce8be"}},"application":"Last.fm Scrobbler"},{"timestamp":{"iso":"2014-10-04T00:12:03","unixtimestamp":1412381523},"track":{"name":"Who","mbid":"556f01bf-f6b5-49be-823d-4e52957df183","artist":{"name":"David Byrne \u0026 St. Vincent"}},"uncorrectedTrack":{"name":"Who","mbid":"556f01bf-f6b5-49be-823d-4e52957df183","artist":{"name":"David Byrne \u0026 St. Vincent"}},"album":{"name":"Love This Giant","mbid":"832dd87a-b246-4fd7-a153-fe3b592b774b","artist":{"name":"David Byrne \u0026 St. Vincent"}},"application":"Last.fm Scrobbler"},{"timestamp":{"iso":"2014-10-04T00:15:53","unixtimestamp":1412381753},"track":{"name":"Weekend in the Dust","mbid":"853273c4-5530-4717-89a7-0321365d13b6","artist":{"name":"David Byrne \u0026 St. Vincent"}},"uncorrectedTrack":{"name":"Weekend in the Dust","mbid":"853273c4-5530-4717-89a7-0321365d13b6","artist":{"name":"David Byrne \u0026 St. Vincent"}},"album":{"name":"Love This Giant","mbid":"832dd87a-b246-4fd7-a153-fe3b592b774b","artist":{"name":"David Byrne \u0026 St. Vincent"}},"application":"Last.fm Scrobbler"},{"timestamp":{"iso":"2014-10-04T00:19:00","unixtimestamp":1412381940},"track":{"name":"Dinner for Two","mbid":"23be03a7-79da-4ae1-abc5-e02da77689cd","artist":{"name":"David Byrne \u0026 St. Vincent"}},"uncorrectedTrack":{"name":"Dinner for Two","mbid":"23be03a7-79da-4ae1-abc5-e02da77689cd","artist":{"name":"David Byrne \u0026 St. Vincent"}},"album":{"name":"Love This Giant","mbid":"832dd87a-b246-4fd7-a153-fe3b592b774b","artist":{"name":"David Byrne \u0026 St. Vincent"}},"application":"Last.fm Scrobbler"},{"timestamp":{"iso":"2014-10-04T00:22:43","unixtimestamp":1412382163},"track":{"name":"Ice Age","mbid":"d7bcc474-a01c-49f7-92df-3b943747062a","artist":{"name":"David Byrne \u0026 St. Vincent"}},"uncorrectedTrack":{"name":"Ice Age","mbid":"d7bcc474-a01c-49f7-92df-3b943747062a","artist":{"name":"David Byrne \u0026 St. Vincent"}},"album":{"name":"Love This Giant","mbid":"832dd87a-b246-4fd7-a153-fe3b592b774b","artist":{"name":"David Byrne \u0026 St. Vincent"}},"application":"Last.fm Scrobbler"},{"timestamp":{"iso":"2014-10-04T00:25:57","unixtimestamp":1412382357},"track":{"name":"I Am an Ape","mbid":"cce83a8c-b232-442e-a7ae-e35d3beaeaa2","artist":{"name":"David Byrne \u0026 St. Vincent"}},"uncorrectedTrack":{"name":"I Am an Ape","mbid":"cce83a8c-b232-442e-a7ae-e35d3beaeaa2","artist":{"name":"David Byrne \u0026 St. Vincent"}},"album":{"name":"Love This Giant","mbid":"832dd87a-b246-4fd7-a153-fe3b592b774b","artist":{"name":"David Byrne \u0026 St. Vincent"}},"application":"Last.fm Scrobbler"},{"timestamp":{"iso":"2014-10-04T00:29:02","unixtimestamp":1412382542},"track":{"name":"The Forest Awakes","mbid":"a4d01f02-37bb-476d-aa34-7494f090d18c","artist":{"name":"David Byrne \u0026 St. Vincent"}},"uncorrectedTrack":{"name":"The Forest Awakes","mbid":"a4d01f02-37bb-476d-aa34-7494f090d18c","artist":{"name":"David Byrne \u0026 St. Vincent"}},"album":{"name":"Love This Giant","mbid":"832dd87a-b246-4fd7-a153-fe3b592b774b","artist":{"name":"David Byrne \u0026 St. Vincent"}},"application":"Last.fm Scrobbler"},{"timestamp":{"iso":"2014-10-04T00:33:55","unixtimestamp":1412382835},"track":{"name":"I Should Watch TV","mbid":"b117fdd7-da3d-45be-a686-0b6360ae70c9","artist":{"name":"David Byrne \u0026 St. Vincent"}},"uncorrectedTrack":{"name":"I Should Watch TV","mbid":"b117fdd7-da3d-45be-a686-0b6360ae70c9","artist":{"name":"David Byrne \u0026 St. Vincent"}},"album":{"name":"Love This Giant","mbid":"832dd87a-b246-4fd7-a153-fe3b592b774b","artist":{"name":"David Byrne \u0026 St. Vincent"}},"application":"Last.fm Scrobbler"},{"timestamp":{"iso":"2014-10-04T00:37:03","unixtimestamp":1412383023},"track":{"name":"Lazarus","mbid":"a30e066b-1840-437b-8b3b-877fb0a58a04","artist":{"name":"David Byrne \u0026 St. Vincent"}},"uncorrectedTrack":{"name":"Lazarus","mbid":"a30e066b-1840-437b-8b3b-877fb0a58a04","artist":{"name":"David Byrne \u0026 St. Vincent"}},"album":{"name":"Love This Giant","mbid":"832dd87a-b246-4fd7-a153-fe3b592b774b","artist":{"name":"David Byrne \u0026 St. Vincent"}},"application":"Last.fm Scrobbler"},{"timestamp":{"iso":"2014-10-04T00:40:17","unixtimestamp":1412383217},"track":{"name":"Optimist","mbid":"abf884b8-5b3d-4056-a8bd-0f973ddb5b5c","artist":{"name":"David Byrne \u0026 St. Vincent"}},"uncorrectedTrack":{"name":"Optimist","mbid":"abf884b8-5b3d-4056-a8bd-0f973ddb5b5c","artist":{"name":"David Byrne \u0026 St. Vincent"}},"album":{"name":"Love This Giant","mbid":"832dd87a-b246-4fd7-a153-fe3b592b774b","artist":{"name":"David Byrne \u0026 St. Vincent"}},"application":"Last.fm Scrobbler"},{"timestamp":{"iso":"2014-10-04T01:49:45","unixtimestamp":1412387385},"track":{"name":"Earthquake","mbid":"4cea59d9-8e05-4cdf-ab89-204670cb0bae","artist":{"name":"Deerhunter","mbid":"4f416ed7-dda2-45de-a6f1-b986e861cf4b"}},"uncorrectedTrack":{"name":"Earthquake","mbid":"4cea59d9-8e05-4cdf-ab89-204670cb0bae","artist":{"name":"Deerhunter","mbid":"4f416ed7-dda2-45de-a6f1-b986e861cf4b"}},"album":{"name":"Halcyon Digest","mbid":"0466b981-0b33-43dc-b849-3d889eab7cf0","artist":{"name":"Deerhunter","mbid":"4f416ed7-dda2-45de-a6f1-b986e861cf4b"}},"application":"Last.fm Scrobbler"},{"timestamp":{"iso":"2014-10-04T18:48:02","unixtimestamp":1412448482},"track":{"name":"All That You Give","mbid":"91247ee5-9e3d-401c-b5b2-8bf63c11ec71","artist":{"name":"The Cinematic Orchestra","mbid":"7c158ea8-c0aa-410e-bdc1-20bba9759577"}},"uncorrectedTrack":{"name":"All That You Give","mbid":"91247ee5-9e3d-401c-b5b2-8bf63c11ec71","artist":{"name":"The Cinematic Orchestra","mbid":"7c158ea8-c0aa-410e-bdc1-20bba9759577"}},"album":{"name":"Every Day","mbid":"44270faa-917a-4415-be27-d7f0aab94d52","artist":{"name":"The Cinematic Orchestra","mbid":"7c158ea8-c0aa-410e-bdc1-20bba9759577"}},"application":"Grooveshark"},{"timestamp":{"iso":"2014-10-04T18:54:08","unixtimestamp":1412448848},"track":{"name":"Cinematic Orchestra - Burn Out","artist":{"name":"The Cinematic Orchestra","mbid":"7c158ea8-c0aa-410e-bdc1-20bba9759577"}},"uncorrectedTrack":{"name":"Cinematic Orchestra - Burn Out","artist":{"name":"The Cinematic Orchestra","mbid":"7c158ea8-c0aa-410e-bdc1-20bba9759577"}},"album":{"name":"Every Day","mbid":"44270faa-917a-4415-be27-d7f0aab94d52","artist":{"name":"The Cinematic Orchestra","mbid":"7c158ea8-c0aa-410e-bdc1-20bba9759577"}},"application":"Grooveshark"},{"timestamp":{"iso":"2014-10-04T19:04:22","unixtimestamp":1412449462},"track":{"name":"Cinematic Orchestra - Flite","artist":{"name":"The Cinematic Orchestra","mbid":"7c158ea8-c0aa-410e-bdc1-20bba9759577"}},"uncorrectedTrack":{"name":"Cinematic Orchestra - Flite","artist":{"name":"The Cinematic Orchestra","mbid":"7c158ea8-c0aa-410e-bdc1-20bba9759577"}},"album":{"name":"Every Day","mbid":"44270faa-917a-4415-be27-d7f0aab94d52","artist":{"name":"The Cinematic Orchestra","mbid":"7c158ea8-c0aa-410e-bdc1-20bba9759577"}},"application":"Grooveshark"},{"timestamp":{"iso":"2014-10-04T19:10:58","unixtimestamp":1412449858},"track":{"name":"Evolution - The Cinematic Orchestra, Fontella Bass","artist":{"name":"The Cinematic Orchestra","mbid":"7c158ea8-c0aa-410e-bdc1-20bba9759577"}},"uncorrectedTrack":{"name":"Evolution - The Cinematic Orchestra, Fontella Bass","artist":{"name":"The Cinematic Orchestra","mbid":"7c158ea8-c0aa-410e-bdc1-20bba9759577"}},"album":{"name":"Every Day","mbid":"44270faa-917a-4415-be27-d7f0aab94d52","artist":{"name":"The Cinematic Orchestra","mbid":"7c158ea8-c0aa-410e-bdc1-20bba9759577"}},"application":"Grooveshark"},{"timestamp":{"iso":"2014-10-04T19:17:36","unixtimestamp":1412450256},"track":{"name":"Man With the Movie Camera","mbid":"2ff9c10a-76b8-4633-90cd-7d07b07270a7","artist":{"name":"The Cinematic Orchestra","mbid":"7c158ea8-c0aa-410e-bdc1-20bba9759577"}},"uncorrectedTrack":{"name":"Man With the Movie Camera","mbid":"2ff9c10a-76b8-4633-90cd-7d07b07270a7","artist":{"name":"The Cinematic Orchestra","mbid":"7c158ea8-c0aa-410e-bdc1-20bba9759577"}},"album":{"name":"Every Day","mbid":"44270faa-917a-4415-be27-d7f0aab94d52","artist":{"name":"The Cinematic Orchestra","mbid":"7c158ea8-c0aa-410e-bdc1-20bba9759577"}},"application":"Grooveshark"},{"timestamp":{"iso":"2014-10-04T19:26:46","unixtimestamp":1412450806},"track":{"name":"Cinematic Orchestra - Everyday","artist":{"name":"The Cinematic Orchestra","mbid":"7c158ea8-c0aa-410e-bdc1-20bba9759577"}},"uncorrectedTrack":{"name":"Cinematic Orchestra - Everyday","artist":{"name":"The Cinematic Orchestra","mbid":"7c158ea8-c0aa-410e-bdc1-20bba9759577"}},"album":{"name":"Every Day","mbid":"44270faa-917a-4415-be27-d7f0aab94d52","artist":{"name":"The Cinematic Orchestra","mbid":"7c158ea8-c0aa-410e-bdc1-20bba9759577"}},"application":"Grooveshark"},{"timestamp":{"iso":"2014-10-04T19:37:05","unixtimestamp":1412451425},"track":{"name":"Oregon (Japanese bonus track)","artist":{"name":"The Cinematic Orchestra","mbid":"7c158ea8-c0aa-410e-bdc1-20bba9759577"}},"uncorrectedTrack":{"name":"Oregon (Japanese bonus track)","artist":{"name":"The Cinematic Orchestra","mbid":"7c158ea8-c0aa-410e-bdc1-20bba9759577"}},"album":{"name":"Every Day","mbid":"44270faa-917a-4415-be27-d7f0aab94d52","artist":{"name":"The Cinematic Orchestra","mbid":"7c158ea8-c0aa-410e-bdc1-20bba9759577"}},"application":"Grooveshark"},{"timestamp":{"iso":"2014-10-04T19:41:17","unixtimestamp":1412451677},"track":{"name":"Horizon (feat. Niara Scarlett)","mbid":"7bdf3c32-b9fb-4a88-b996-bfcab2bf8438","artist":{"name":"The Cinematic Orchestra","mbid":"7c158ea8-c0aa-410e-bdc1-20bba9759577"}},"uncorrectedTrack":{"name":"Horizon (feat. Niara Scarlett)","mbid":"7bdf3c32-b9fb-4a88-b996-bfcab2bf8438","artist":{"name":"The Cinematic Orchestra","mbid":"7c158ea8-c0aa-410e-bdc1-20bba9759577"}},"album":{"name":"Every Day","mbid":"44270faa-917a-4415-be27-d7f0aab94d52","artist":{"name":"The Cinematic Orchestra","mbid":"7c158ea8-c0aa-410e-bdc1-20bba9759577"}},"application":"Grooveshark"},{"timestamp":{"iso":"2014-10-04T19:47:18","unixtimestamp":1412452038},"track":{"name":"To Build a Home","mbid":"863551b3-19fe-45d0-8a06-aff77f07c8cd","artist":{"name":"The Cinematic Orchestra","mbid":"7c158ea8-c0aa-410e-bdc1-20bba9759577"}},"uncorrectedTrack":{"name":"To Build a Home","mbid":"863551b3-19fe-45d0-8a06-aff77f07c8cd","artist":{"name":"The Cinematic Orchestra","mbid":"7c158ea8-c0aa-410e-bdc1-20bba9759577"}},"album":{"name":"Ma Fleur","mbid":"63ebd406-fd8c-4382-a4b8-08b5d205c2c3","artist":{"name":"The Cinematic Orchestra","mbid":"7c158ea8-c0aa-410e-bdc1-20bba9759577"}},"application":"Grooveshark"},{"timestamp":{"iso":"2014-10-04T19:53:28","unixtimestamp":1412452408},"track":{"name":"Time and Space","mbid":"2cc6550b-b89b-4c43-99f3-78c531e7af36","artist":{"name":"The Cinematic Orchestra","mbid":"7c158ea8-c0aa-410e-bdc1-20bba9759577"}},"uncorrectedTrack":{"name":"Time and Space","mbid":"2cc6550b-b89b-4c43-99f3-78c531e7af36","artist":{"name":"The Cinematic Orchestra","mbid":"7c158ea8-c0aa-410e-bdc1-20bba9759577"}},"album":{"name":"Ma Fleur","mbid":"63ebd406-fd8c-4382-a4b8-08b5d205c2c3","artist":{"name":"The Cinematic Orchestra","mbid":"7c158ea8-c0aa-410e-bdc1-20bba9759577"}},"application":"Grooveshark"},{"timestamp":{"iso":"2014-10-05T20:25:27","unixtimestamp":1412540727},"track":{"name":"\u0027Ulili E (vocal duet with David Kamakahi)","artist":{"name":"Dennis Kamakahi","mbid":"003f777f-98e1-4a55-9548-6ec52b7e624c"}},"uncorrectedTrack":{"name":"\u0027Ulili E (vocal duet with David Kamakahi)","artist":{"name":"Dennis Kamakahi","mbid":"003f777f-98e1-4a55-9548-6ec52b7e624c"}},"album":{"name":"The Descendants Soundtrack","artist":{"name":"Dennis Kamakahi","mbid":"003f777f-98e1-4a55-9548-6ec52b7e624c"}},"application":"Grooveshark"},{"timestamp":{"iso":"2014-10-05T20:29:46","unixtimestamp":1412540986},"track":{"name":"Auwe","artist":{"name":"Ray Kane","mbid":"bc5d09b3-7616-40db-ad8a-666d0ff4f6f0"}},"uncorrectedTrack":{"name":"Auwe","artist":{"name":"Ray Kane","mbid":"bc5d09b3-7616-40db-ad8a-666d0ff4f6f0"}},"album":{"name":"The Descendants Soundtrack","artist":{"name":"Ray Kane","mbid":"bc5d09b3-7616-40db-ad8a-666d0ff4f6f0"}},"application":"Grooveshark"},{"timestamp":{"iso":"2014-10-05T20:32:03","unixtimestamp":1412541123},"track":{"name":"Kalena Kai","mbid":"caec7279-165e-4fbb-88db-4adb6c28490e","artist":{"name":"Keola Beamer \u0026 George Winston"}},"uncorrectedTrack":{"name":"Kalena Kai","mbid":"caec7279-165e-4fbb-88db-4adb6c28490e","artist":{"name":"Keola Beamer \u0026 George Winston"}},"album":{"name":"The Descendants Soundtrack","artist":{"name":"Keola Beamer \u0026 George Winston"}},"application":"Grooveshark"},{"timestamp":{"iso":"2014-10-05T20:36:26","unixtimestamp":1412541386},"track":{"name":"Hawaiian Skies","mbid":"d04755d7-81eb-4213-8b8e-db40b8a73d8c","artist":{"name":"Jeff Peterson","mbid":"63a0734a-d0d7-4dd2-a0fc-cee59cb10b1a"}},"uncorrectedTrack":{"name":"Hawaiian Skies","mbid":"d04755d7-81eb-4213-8b8e-db40b8a73d8c","artist":{"name":"Jeff Peterson","mbid":"63a0734a-d0d7-4dd2-a0fc-cee59cb10b1a"}},"album":{"name":"The Descendants Soundtrack","artist":{"name":"Jeff Peterson","mbid":"63a0734a-d0d7-4dd2-a0fc-cee59cb10b1a"}},"application":"Grooveshark"},{"timestamp":{"iso":"2014-10-05T20:38:48","unixtimestamp":1412541528},"track":{"name":"He\u0027eia","artist":{"name":"gabby pahinui \u0026 sons of hawaii"}},"uncorrectedTrack":{"name":"He\u0027eia","artist":{"name":"gabby pahinui \u0026 sons of hawaii"}},"album":{"name":"The Descendants Soundtrack","artist":{"name":"gabby pahinui \u0026 sons of hawaii"}},"application":"Grooveshark"},{"timestamp":{"iso":"2014-10-05T20:41:32","unixtimestamp":1412541692},"track":{"name":"Hapuna Sunset","mbid":"4773ebe5-b924-4307-9500-eaf292b47c57","artist":{"name":"Charles Michael Brotman","mbid":"cc0cb035-90ae-4428-aff1-fe73327d0f96"}},"uncorrectedTrack":{"name":"Hapuna Sunset","mbid":"4773ebe5-b924-4307-9500-eaf292b47c57","artist":{"name":"Charles Michael Brotman","mbid":"cc0cb035-90ae-4428-aff1-fe73327d0f96"}},"album":{"name":"The Descendants Soundtrack","artist":{"name":"Charles Michael Brotman","mbid":"cc0cb035-90ae-4428-aff1-fe73327d0f96"}},"application":"Grooveshark"},{"timestamp":{"iso":"2014-10-05T20:45:24","unixtimestamp":1412541924},"track":{"name":"Ka Mele Oku\u0027u Puuwai (78rpm Version)","artist":{"name":"Sol Hoopii\u0027s Novelty Trio"}},"uncorrectedTrack":{"name":"Ka Mele Oku\u0027u Puuwai (78rpm Version)","artist":{"name":"Sol Hoopii\u0027s Novelty Trio"}},"album":{"name":"The Descendants Soundtrack","artist":{"name":"Sol Hoopii\u0027s Novelty Trio"}},"application":"Grooveshark"},{"timestamp":{"iso":"2014-10-05T20:48:40","unixtimestamp":1412542120},"track":{"name":"Mom","mbid":"0aee1dd4-a45f-4909-8c66-afe24460d738","artist":{"name":"Lena Machado","mbid":"ccb7c2de-29ba-4f4c-8c37-98ff16e14845"}},"uncorrectedTrack":{"name":"Mom","mbid":"0aee1dd4-a45f-4909-8c66-afe24460d738","artist":{"name":"Lena Machado","mbid":"ccb7c2de-29ba-4f4c-8c37-98ff16e14845"}},"album":{"name":"The Descendants Soundtrack","artist":{"name":"Lena Machado","mbid":"ccb7c2de-29ba-4f4c-8c37-98ff16e14845"}},"application":"Grooveshark"},{"timestamp":{"iso":"2014-10-05T20:51:34","unixtimestamp":1412542294},"track":{"name":"Palm Trees and Hawaiian Breeze","artist":{"name":"Hawaiian Music Party Squad"}},"uncorrectedTrack":{"name":"Palm Trees and Hawaiian Breeze","artist":{"name":"Hawaiian Music Party Squad"}},"album":{"name":"Hawaiian Luau Party Music: Traditional Music of Hawaii","artist":{"name":"Hawaiian Music Party Squad"}},"application":"Grooveshark"},{"timestamp":{"iso":"2014-10-05T20:54:03","unixtimestamp":1412542443},"track":{"name":"Spread A Little Aloha","artist":{"name":"Hawaiian"}},"uncorrectedTrack":{"name":"Spread A Little Aloha","artist":{"name":"Hawaiian"}},"album":{"name":"~","artist":{"name":"Hawaiian"}},"application":"Grooveshark"},{"timestamp":{"iso":"2014-10-05T20:58:08","unixtimestamp":1412542688},"track":{"name":"Israel Kamakawiwo\u0027ole - Somewhere Over The Rainbow-What A Wonderful World","artist":{"name":"Hawaiian"}},"uncorrectedTrack":{"name":"Israel Kamakawiwo\u0027ole - Somewhere Over The Rainbow-What A Wonderful World","artist":{"name":"Hawaiian"}},"album":{"name":"Facing the Future","artist":{"name":"Hawaiian"}},"application":"Grooveshark"},{"timestamp":{"iso":"2014-10-05T21:04:24","unixtimestamp":1412543064},"track":{"name":"\u0027Ulili E (vocal duet with David Kamakahi)","artist":{"name":"Dennis Kamakahi","mbid":"003f777f-98e1-4a55-9548-6ec52b7e624c"}},"uncorrectedTrack":{"name":"\u0027Ulili E (vocal duet with David Kamakahi)","artist":{"name":"Dennis Kamakahi","mbid":"003f777f-98e1-4a55-9548-6ec52b7e624c"}},"album":{"name":"The Descendants Soundtrack","artist":{"name":"Dennis Kamakahi","mbid":"003f777f-98e1-4a55-9548-6ec52b7e624c"}},"application":"Grooveshark"},{"timestamp":{"iso":"2014-10-05T21:08:43","unixtimestamp":1412543323},"track":{"name":"Auwe","artist":{"name":"Ray Kane","mbid":"bc5d09b3-7616-40db-ad8a-666d0ff4f6f0"}},"uncorrectedTrack":{"name":"Auwe","artist":{"name":"Ray Kane","mbid":"bc5d09b3-7616-40db-ad8a-666d0ff4f6f0"}},"album":{"name":"The Descendants Soundtrack","artist":{"name":"Ray Kane","mbid":"bc5d09b3-7616-40db-ad8a-666d0ff4f6f0"}},"application":"Grooveshark"},{"timestamp":{"iso":"2014-10-05T21:11:00","unixtimestamp":1412543460},"track":{"name":"Kalena Kai","mbid":"caec7279-165e-4fbb-88db-4adb6c28490e","artist":{"name":"Keola Beamer \u0026 George Winston"}},"uncorrectedTrack":{"name":"Kalena Kai","mbid":"caec7279-165e-4fbb-88db-4adb6c28490e","artist":{"name":"Keola Beamer \u0026 George Winston"}},"album":{"name":"The Descendants Soundtrack","artist":{"name":"Keola Beamer \u0026 George Winston"}},"application":"Grooveshark"},{"timestamp":{"iso":"2014-10-05T21:15:24","unixtimestamp":1412543724},"track":{"name":"Hawaiian Skies","mbid":"d04755d7-81eb-4213-8b8e-db40b8a73d8c","artist":{"name":"Jeff Peterson","mbid":"63a0734a-d0d7-4dd2-a0fc-cee59cb10b1a"}},"uncorrectedTrack":{"name":"Hawaiian Skies","mbid":"d04755d7-81eb-4213-8b8e-db40b8a73d8c","artist":{"name":"Jeff Peterson","mbid":"63a0734a-d0d7-4dd2-a0fc-cee59cb10b1a"}},"album":{"name":"The Descendants Soundtrack","artist":{"name":"Jeff Peterson","mbid":"63a0734a-d0d7-4dd2-a0fc-cee59cb10b1a"}},"application":"Grooveshark"},{"timestamp":{"iso":"2014-10-05T21:20:50","unixtimestamp":1412544050},"track":{"name":"Meu Destino (My Destiny)","artist":{"name":"Thievery Corporation","mbid":"a505bb48-ad65-4af4-ae47-29149715bff9"}},"uncorrectedTrack":{"name":"Meu Destino (My Destiny)","artist":{"name":"Thievery Corporation","mbid":"a505bb48-ad65-4af4-ae47-29149715bff9"}},"album":{"name":"The Richest Man in Babylon","mbid":"1770ef1b-d12b-4b23-b594-a3d471c3d600","artist":{"name":"Thievery Corporation","mbid":"a505bb48-ad65-4af4-ae47-29149715bff9"}},"application":"Grooveshark"},{"timestamp":{"iso":"2014-10-05T21:24:20","unixtimestamp":1412544260},"track":{"name":"Exilio (Exile)","mbid":"a189d44c-f4c7-428a-b46b-41465b07e8a8","artist":{"name":"Thievery Corporation","mbid":"a505bb48-ad65-4af4-ae47-29149715bff9"}},"uncorrectedTrack":{"name":"Exilio (Exile)","mbid":"a189d44c-f4c7-428a-b46b-41465b07e8a8","artist":{"name":"Thievery Corporation","mbid":"a505bb48-ad65-4af4-ae47-29149715bff9"}},"album":{"name":"The Richest Man in Babylon","mbid":"1770ef1b-d12b-4b23-b594-a3d471c3d600","artist":{"name":"Thievery Corporation","mbid":"a505bb48-ad65-4af4-ae47-29149715bff9"}},"application":"Grooveshark"},{"timestamp":{"iso":"2014-10-05T21:27:23","unixtimestamp":1412544443},"track":{"name":"Omid (Hope)","mbid":"87be499b-4615-44f9-93ba-c11d527dd533","artist":{"name":"Thievery Corporation","mbid":"a505bb48-ad65-4af4-ae47-29149715bff9"}},"uncorrectedTrack":{"name":"Omid (Hope)","mbid":"87be499b-4615-44f9-93ba-c11d527dd533","artist":{"name":"Thievery Corporation","mbid":"a505bb48-ad65-4af4-ae47-29149715bff9"}},"album":{"name":"The Richest Man in Babylon","mbid":"1770ef1b-d12b-4b23-b594-a3d471c3d600","artist":{"name":"Thievery Corporation","mbid":"a505bb48-ad65-4af4-ae47-29149715bff9"}},"application":"Grooveshark"},{"timestamp":{"iso":"2014-10-05T21:31:12","unixtimestamp":1412544672},"track":{"name":"The Richest Man in Babylon","mbid":"fa7a133b-c417-4b10-a2e0-1f2b5922acda","artist":{"name":"Thievery Corporation","mbid":"a505bb48-ad65-4af4-ae47-29149715bff9"}},"uncorrectedTrack":{"name":"The Richest Man in Babylon","mbid":"fa7a133b-c417-4b10-a2e0-1f2b5922acda","artist":{"name":"Thievery Corporation","mbid":"a505bb48-ad65-4af4-ae47-29149715bff9"}},"album":{"name":"The Richest Man in Babylon","mbid":"1770ef1b-d12b-4b23-b594-a3d471c3d600","artist":{"name":"Thievery Corporation","mbid":"a505bb48-ad65-4af4-ae47-29149715bff9"}},"application":"Grooveshark"},{"timestamp":{"iso":"2014-10-05T21:35:02","unixtimestamp":1412544902},"track":{"name":"Until The Morning (feat. Emilíana Torrini)","artist":{"name":"Thievery Corporation","mbid":"a505bb48-ad65-4af4-ae47-29149715bff9"}},"uncorrectedTrack":{"name":"Until The Morning (feat. Emilíana Torrini)","artist":{"name":"Thievery Corporation","mbid":"a505bb48-ad65-4af4-ae47-29149715bff9"}},"album":{"name":"The Richest Man in Babylon","mbid":"1770ef1b-d12b-4b23-b594-a3d471c3d600","artist":{"name":"Thievery Corporation","mbid":"a505bb48-ad65-4af4-ae47-29149715bff9"}},"application":"Grooveshark"},{"timestamp":{"iso":"2014-10-05T21:38:59","unixtimestamp":1412545139},"track":{"name":"The Mirror Conspiracy","mbid":"0384fc05-959e-488f-ad86-5c6fa0bd739b","artist":{"name":"Thievery Corporation","mbid":"a505bb48-ad65-4af4-ae47-29149715bff9"}},"uncorrectedTrack":{"name":"The Mirror Conspiracy","mbid":"0384fc05-959e-488f-ad86-5c6fa0bd739b","artist":{"name":"Thievery Corporation","mbid":"a505bb48-ad65-4af4-ae47-29149715bff9"}},"album":{"name":"The Mirror Conspiracy","mbid":"d8e7f1f0-0d17-47a7-8fcf-0e297adbae97","artist":{"name":"Thievery Corporation","mbid":"a505bb48-ad65-4af4-ae47-29149715bff9"}},"application":"Grooveshark"},{"timestamp":{"iso":"2014-10-05T21:42:44","unixtimestamp":1412545364},"track":{"name":"Bario Alto","mbid":"cdb077b2-5613-42a1-91ed-4041f22c7103","artist":{"name":"Thievery Corporation","mbid":"a505bb48-ad65-4af4-ae47-29149715bff9"}},"uncorrectedTrack":{"name":"Bario Alto","mbid":"cdb077b2-5613-42a1-91ed-4041f22c7103","artist":{"name":"Thievery Corporation","mbid":"a505bb48-ad65-4af4-ae47-29149715bff9"}},"album":{"name":"The Mirror Conspiracy","mbid":"d8e7f1f0-0d17-47a7-8fcf-0e297adbae97","artist":{"name":"Thievery Corporation","mbid":"a505bb48-ad65-4af4-ae47-29149715bff9"}},"application":"Grooveshark"},{"timestamp":{"iso":"2014-10-05T21:46:39","unixtimestamp":1412545599},"track":{"name":"Só Com Você","artist":{"name":"Thievery Corporation","mbid":"a505bb48-ad65-4af4-ae47-29149715bff9"}},"uncorrectedTrack":{"name":"Só Com Você","artist":{"name":"Thievery Corporation","mbid":"a505bb48-ad65-4af4-ae47-29149715bff9"}},"album":{"name":"The Mirror Conspiracy","mbid":"d8e7f1f0-0d17-47a7-8fcf-0e297adbae97","artist":{"name":"Thievery Corporation","mbid":"a505bb48-ad65-4af4-ae47-29149715bff9"}},"application":"Grooveshark"},{"timestamp":{"iso":"2014-10-05T21:49:26","unixtimestamp":1412545766},"track":{"name":"Samba Tranquille","mbid":"737be876-53ad-4fdd-b401-3807536b32eb","artist":{"name":"Thievery Corporation","mbid":"a505bb48-ad65-4af4-ae47-29149715bff9"}},"uncorrectedTrack":{"name":"Samba Tranquille","mbid":"737be876-53ad-4fdd-b401-3807536b32eb","artist":{"name":"Thievery Corporation","mbid":"a505bb48-ad65-4af4-ae47-29149715bff9"}},"album":{"name":"The Mirror Conspiracy","mbid":"d8e7f1f0-0d17-47a7-8fcf-0e297adbae97","artist":{"name":"Thievery Corporation","mbid":"a505bb48-ad65-4af4-ae47-29149715bff9"}},"application":"Grooveshark"},{"timestamp":{"iso":"2014-10-05T22:00:16","unixtimestamp":1412546416},"track":{"name":"So What","mbid":"a3df9955-c297-4174-89a2-e1330d73358d","artist":{"name":"Miles Davis","mbid":"561d854a-6a28-4aa7-8c99-323e6ce46c2a"}},"uncorrectedTrack":{"name":"So What","mbid":"a3df9955-c297-4174-89a2-e1330d73358d","artist":{"name":"Miles Davis","mbid":"561d854a-6a28-4aa7-8c99-323e6ce46c2a"}},"album":{"name":"Kind of Blue","mbid":"eef3606d-0843-370f-8ea9-73b949e8bdfc","artist":{"name":"Miles Davis","mbid":"561d854a-6a28-4aa7-8c99-323e6ce46c2a"}},"application":"Grooveshark"},{"timestamp":{"iso":"2014-10-05T22:09:41","unixtimestamp":1412546981},"track":{"name":"In the Mood","mbid":"877e3baa-3b32-498c-9584-23f5f93df6c2","artist":{"name":"Glenn Miller","mbid":"0e360ff3-cec8-4b29-b11d-76565053b1ed"}},"uncorrectedTrack":{"name":"In the Mood","mbid":"f753a981-0894-48ab-80ab-0403817419e9","artist":{"name":"Glen Miller","mbid":"37183a80-87ad-459d-9607-0e5be8ea540c"}},"album":{"name":"In the Glenn Miller Mood","artist":{"name":"Glen Miller","mbid":"37183a80-87ad-459d-9607-0e5be8ea540c"}},"application":"Grooveshark"},{"timestamp":{"iso":"2014-10-05T22:13:01","unixtimestamp":1412547181},"track":{"name":"Moanin\u0027","mbid":"e656cedc-ae1d-455b-a34a-ff96f12a8806","artist":{"name":"Charles Mingus","mbid":"447a0588-f20c-4e87-a377-60dba9a6e0c6"}},"uncorrectedTrack":{"name":"Moanin\u0027","mbid":"e656cedc-ae1d-455b-a34a-ff96f12a8806","artist":{"name":"Charles Mingus","mbid":"447a0588-f20c-4e87-a377-60dba9a6e0c6"}},"album":{"name":"The Very Best of Charles Mingus","mbid":"76989cec-520c-4c03-9bfe-d5c294b00ffd","artist":{"name":"Charles Mingus","mbid":"447a0588-f20c-4e87-a377-60dba9a6e0c6"}},"application":"Grooveshark"},{"timestamp":{"iso":"2014-10-05T22:21:03","unixtimestamp":1412547663},"track":{"name":"Let\u0027s Go Everywhere","artist":{"name":"Medeski, Martin and Wood"}},"uncorrectedTrack":{"name":"Let\u0027s Go Everywhere","mbid":"477bfac7-e686-4e53-a935-f0c830b79503","artist":{"name":"Medeski Martin and Wood","mbid":"6eed1ed9-ab02-45cd-a306-828bc1b98671"}},"album":{"name":"Let\u0027s Go Everywhere","mbid":"dc147da7-87f3-4374-8ed1-c42f13282324","artist":{"name":"Medeski Martin and Wood","mbid":"6eed1ed9-ab02-45cd-a306-828bc1b98671"}},"application":"Grooveshark"},{"timestamp":{"iso":"2014-10-05T22:24:36","unixtimestamp":1412547876},"track":{"name":"In the Middle","mbid":"509342e4-9713-4242-b4f2-e131584822f4","artist":{"name":"Marva Whitney","mbid":"9f2f2db6-8756-42d5-a05c-259866cad47b"}},"uncorrectedTrack":{"name":"In the Middle","mbid":"509342e4-9713-4242-b4f2-e131584822f4","artist":{"name":"Marva Whitney","mbid":"9f2f2db6-8756-42d5-a05c-259866cad47b"}},"album":{"name":"It\u0027s My Thing","mbid":"33e8a7a0-63e8-45a6-82de-ccaa20f94294","artist":{"name":"Marva Whitney","mbid":"9f2f2db6-8756-42d5-a05c-259866cad47b"}},"application":"Grooveshark"},{"timestamp":{"iso":"2014-10-09T19:10:47","unixtimestamp":1412881847},"track":{"name":"Lose Your Soul","mbid":"22eea410-3398-4c54-9d5a-913e5280da03","artist":{"name":"Dead Man\u0027s Bones","mbid":"b2c8ff02-6078-4e9a-b2d7-267451925394"}},"uncorrectedTrack":{"name":"Lose Your Soul","mbid":"22eea410-3398-4c54-9d5a-913e5280da03","artist":{"name":"Dead Man\u0027s Bones","mbid":"b2c8ff02-6078-4e9a-b2d7-267451925394"}},"album":{"name":"Waiting for Lightening to Strike","artist":{"name":"Dead Man\u0027s Bones","mbid":"b2c8ff02-6078-4e9a-b2d7-267451925394"}},"application":"Grooveshark"},{"timestamp":{"iso":"2014-10-09T19:19:20","unixtimestamp":1412882360},"track":{"name":"Can You Tell","mbid":"707be2af-4cb2-4f1b-9931-dbd6bf9bb17d","artist":{"name":"Ra Ra Riot","mbid":"d8f63b51-73e0-4f65-8bd3-bcfe6892fb0e"}},"uncorrectedTrack":{"name":"Can You Tell","mbid":"707be2af-4cb2-4f1b-9931-dbd6bf9bb17d","artist":{"name":"Ra Ra Riot","mbid":"d8f63b51-73e0-4f65-8bd3-bcfe6892fb0e"}},"album":{"name":"The Rhumb Line","mbid":"de65757f-bc8d-415b-89e0-298712b5f741","artist":{"name":"Ra Ra Riot","mbid":"d8f63b51-73e0-4f65-8bd3-bcfe6892fb0e"}},"application":"Grooveshark"},{"timestamp":{"iso":"2014-10-09T19:22:03","unixtimestamp":1412882523},"track":{"name":"Dying Is Fine","mbid":"2acd19cf-f0db-479b-bbae-60ed8c388532","artist":{"name":"Ra Ra Riot","mbid":"d8f63b51-73e0-4f65-8bd3-bcfe6892fb0e"}},"uncorrectedTrack":{"name":"Dying Is Fine","mbid":"2acd19cf-f0db-479b-bbae-60ed8c388532","artist":{"name":"Ra Ra Riot","mbid":"d8f63b51-73e0-4f65-8bd3-bcfe6892fb0e"}},"album":{"name":"The Rhumb Line","mbid":"de65757f-bc8d-415b-89e0-298712b5f741","artist":{"name":"Ra Ra Riot","mbid":"d8f63b51-73e0-4f65-8bd3-bcfe6892fb0e"}},"application":"Grooveshark"},{"timestamp":{"iso":"2014-10-09T19:25:55","unixtimestamp":1412882755},"track":{"name":"Paris","mbid":"1ddf58e8-375a-47fb-a902-993fc9efc9e7","artist":{"name":"Friendly Fires","mbid":"ef656595-bbe8-4386-8953-be8df9f54472"}},"uncorrectedTrack":{"name":"Paris","mbid":"1ddf58e8-375a-47fb-a902-993fc9efc9e7","artist":{"name":"Friendly Fires","mbid":"ef656595-bbe8-4386-8953-be8df9f54472"}},"album":{"name":"Friendly Fires","mbid":"3925b3dc-cea8-3ab1-baf6-808dfd5a9fb9","artist":{"name":"Friendly Fires","mbid":"ef656595-bbe8-4386-8953-be8df9f54472"}},"application":"Grooveshark"},{"timestamp":{"iso":"2014-10-09T19:29:50","unixtimestamp":1412882990},"track":{"name":"Jump in the Pool","mbid":"29c41705-9fe5-44a1-ae99-85d543d1dc6c","artist":{"name":"Friendly Fires","mbid":"ef656595-bbe8-4386-8953-be8df9f54472"}},"uncorrectedTrack":{"name":"Jump in the Pool","mbid":"29c41705-9fe5-44a1-ae99-85d543d1dc6c","artist":{"name":"Friendly Fires","mbid":"ef656595-bbe8-4386-8953-be8df9f54472"}},"album":{"name":"Friendly Fires","mbid":"3925b3dc-cea8-3ab1-baf6-808dfd5a9fb9","artist":{"name":"Friendly Fires","mbid":"ef656595-bbe8-4386-8953-be8df9f54472"}},"application":"Grooveshark"},{"timestamp":{"iso":"2014-10-09T19:34:27","unixtimestamp":1412883267},"track":{"name":"Can You Tell","mbid":"707be2af-4cb2-4f1b-9931-dbd6bf9bb17d","artist":{"name":"Ra Ra Riot","mbid":"d8f63b51-73e0-4f65-8bd3-bcfe6892fb0e"}},"uncorrectedTrack":{"name":"Can You Tell","mbid":"707be2af-4cb2-4f1b-9931-dbd6bf9bb17d","artist":{"name":"Ra Ra Riot","mbid":"d8f63b51-73e0-4f65-8bd3-bcfe6892fb0e"}},"album":{"name":"The Rhumb Line","mbid":"de65757f-bc8d-415b-89e0-298712b5f741","artist":{"name":"Ra Ra Riot","mbid":"d8f63b51-73e0-4f65-8bd3-bcfe6892fb0e"}},"application":"Grooveshark"},{"timestamp":{"iso":"2014-10-09T19:37:10","unixtimestamp":1412883430},"track":{"name":"Dying Is Fine","mbid":"2acd19cf-f0db-479b-bbae-60ed8c388532","artist":{"name":"Ra Ra Riot","mbid":"d8f63b51-73e0-4f65-8bd3-bcfe6892fb0e"}},"uncorrectedTrack":{"name":"Dying Is Fine","mbid":"2acd19cf-f0db-479b-bbae-60ed8c388532","artist":{"name":"Ra Ra Riot","mbid":"d8f63b51-73e0-4f65-8bd3-bcfe6892fb0e"}},"album":{"name":"The Rhumb Line","mbid":"de65757f-bc8d-415b-89e0-298712b5f741","artist":{"name":"Ra Ra Riot","mbid":"d8f63b51-73e0-4f65-8bd3-bcfe6892fb0e"}},"application":"Grooveshark"},{"timestamp":{"iso":"2014-10-09T19:41:02","unixtimestamp":1412883662},"track":{"name":"Paris","mbid":"1ddf58e8-375a-47fb-a902-993fc9efc9e7","artist":{"name":"Friendly Fires","mbid":"ef656595-bbe8-4386-8953-be8df9f54472"}},"uncorrectedTrack":{"name":"Paris","mbid":"1ddf58e8-375a-47fb-a902-993fc9efc9e7","artist":{"name":"Friendly Fires","mbid":"ef656595-bbe8-4386-8953-be8df9f54472"}},"album":{"name":"Friendly Fires","mbid":"3925b3dc-cea8-3ab1-baf6-808dfd5a9fb9","artist":{"name":"Friendly Fires","mbid":"ef656595-bbe8-4386-8953-be8df9f54472"}},"application":"Grooveshark"},{"timestamp":{"iso":"2014-10-09T19:44:57","unixtimestamp":1412883897},"track":{"name":"Jump in the Pool","mbid":"29c41705-9fe5-44a1-ae99-85d543d1dc6c","artist":{"name":"Friendly Fires","mbid":"ef656595-bbe8-4386-8953-be8df9f54472"}},"uncorrectedTrack":{"name":"Jump in the Pool","mbid":"29c41705-9fe5-44a1-ae99-85d543d1dc6c","artist":{"name":"Friendly Fires","mbid":"ef656595-bbe8-4386-8953-be8df9f54472"}},"album":{"name":"Friendly Fires","mbid":"3925b3dc-cea8-3ab1-baf6-808dfd5a9fb9","artist":{"name":"Friendly Fires","mbid":"ef656595-bbe8-4386-8953-be8df9f54472"}},"application":"Grooveshark"},{"timestamp":{"iso":"2014-10-09T19:58:28","unixtimestamp":1412884708},"track":{"name":"Deep in an ancient Hawaiian Forest","mbid":"90d1bf1b-1513-4be6-964b-90b431085e97","artist":{"name":"Makana","mbid":"9e7bd9cd-bd81-48f3-93e1-074c945f3f77"}},"uncorrectedTrack":{"name":"Deep in an ancient Hawaiian Forest","mbid":"90d1bf1b-1513-4be6-964b-90b431085e97","artist":{"name":"Makana","mbid":"9e7bd9cd-bd81-48f3-93e1-074c945f3f77"}},"album":{"name":"The Descendants Soundtrack","artist":{"name":"Makana","mbid":"9e7bd9cd-bd81-48f3-93e1-074c945f3f77"}},"application":"Grooveshark"},{"timestamp":{"iso":"2014-10-09T20:03:42","unixtimestamp":1412885022},"track":{"name":"\u0027Imi Au Ia \u0027Oe","mbid":"aafdbf52-9908-4d74-a448-5381aaa2a957","artist":{"name":"Keola Beamer","mbid":"7c557252-cf19-4055-a973-8d6f3c55deb1"}},"uncorrectedTrack":{"name":"\u0027Imi Au Ia \u0027Oe","mbid":"aafdbf52-9908-4d74-a448-5381aaa2a957","artist":{"name":"Keola Beamer","mbid":"7c557252-cf19-4055-a973-8d6f3c55deb1"}},"album":{"name":"The Descendants Soundtrack","artist":{"name":"Keola Beamer","mbid":"7c557252-cf19-4055-a973-8d6f3c55deb1"}},"application":"Grooveshark"},{"timestamp":{"iso":"2014-10-09T20:06:54","unixtimestamp":1412885214},"track":{"name":"\u0027Ulili E (vocal duet with David Kamakahi)","artist":{"name":"Dennis Kamakahi","mbid":"003f777f-98e1-4a55-9548-6ec52b7e624c"}},"uncorrectedTrack":{"name":"\u0027Ulili E (vocal duet with David Kamakahi)","artist":{"name":"Dennis Kamakahi","mbid":"003f777f-98e1-4a55-9548-6ec52b7e624c"}},"album":{"name":"The Descendants Soundtrack","artist":{"name":"Dennis Kamakahi","mbid":"003f777f-98e1-4a55-9548-6ec52b7e624c"}},"application":"Grooveshark"},{"timestamp":{"iso":"2014-10-09T20:11:12","unixtimestamp":1412885472},"track":{"name":"Auwe","artist":{"name":"Ray Kane","mbid":"bc5d09b3-7616-40db-ad8a-666d0ff4f6f0"}},"uncorrectedTrack":{"name":"Auwe","artist":{"name":"Ray Kane","mbid":"bc5d09b3-7616-40db-ad8a-666d0ff4f6f0"}},"album":{"name":"The Descendants Soundtrack","artist":{"name":"Ray Kane","mbid":"bc5d09b3-7616-40db-ad8a-666d0ff4f6f0"}},"application":"Grooveshark"},{"timestamp":{"iso":"2014-10-09T20:13:29","unixtimestamp":1412885609},"track":{"name":"Kalena Kai","mbid":"caec7279-165e-4fbb-88db-4adb6c28490e","artist":{"name":"Keola Beamer \u0026 George Winston"}},"uncorrectedTrack":{"name":"Kalena Kai","mbid":"caec7279-165e-4fbb-88db-4adb6c28490e","artist":{"name":"Keola Beamer \u0026 George Winston"}},"album":{"name":"The Descendants Soundtrack","artist":{"name":"Keola Beamer \u0026 George Winston"}},"application":"Grooveshark"},{"timestamp":{"iso":"2014-10-09T20:18:03","unixtimestamp":1412885883},"track":{"name":"He\u0027eia","artist":{"name":"gabby pahinui \u0026 sons of hawaii"}},"uncorrectedTrack":{"name":"He\u0027eia","artist":{"name":"gabby pahinui \u0026 sons of hawaii"}},"album":{"name":"The Descendants Soundtrack","artist":{"name":"gabby pahinui \u0026 sons of hawaii"}},"application":"Grooveshark"},{"timestamp":{"iso":"2014-10-11T17:29:27","unixtimestamp":1413048567},"track":{"name":"All That You Give","mbid":"91247ee5-9e3d-401c-b5b2-8bf63c11ec71","artist":{"name":"The Cinematic Orchestra","mbid":"7c158ea8-c0aa-410e-bdc1-20bba9759577"}},"uncorrectedTrack":{"name":"All That You Give","mbid":"91247ee5-9e3d-401c-b5b2-8bf63c11ec71","artist":{"name":"The Cinematic Orchestra","mbid":"7c158ea8-c0aa-410e-bdc1-20bba9759577"}},"album":{"name":"Every Day","mbid":"44270faa-917a-4415-be27-d7f0aab94d52","artist":{"name":"The Cinematic Orchestra","mbid":"7c158ea8-c0aa-410e-bdc1-20bba9759577"}},"application":"Grooveshark"},{"timestamp":{"iso":"2014-10-11T17:35:33","unixtimestamp":1413048933},"track":{"name":"Cinematic Orchestra - Burn Out","artist":{"name":"The Cinematic Orchestra","mbid":"7c158ea8-c0aa-410e-bdc1-20bba9759577"}},"uncorrectedTrack":{"name":"Cinematic Orchestra - Burn Out","artist":{"name":"The Cinematic Orchestra","mbid":"7c158ea8-c0aa-410e-bdc1-20bba9759577"}},"album":{"name":"Every Day","mbid":"44270faa-917a-4415-be27-d7f0aab94d52","artist":{"name":"The Cinematic Orchestra","mbid":"7c158ea8-c0aa-410e-bdc1-20bba9759577"}},"application":"Grooveshark"},{"timestamp":{"iso":"2014-10-11T17:49:10","unixtimestamp":1413049750},"track":{"name":"Cinematic Orchestra - Flite","artist":{"name":"The Cinematic Orchestra","mbid":"7c158ea8-c0aa-410e-bdc1-20bba9759577"}},"uncorrectedTrack":{"name":"Cinematic Orchestra - Flite","artist":{"name":"The Cinematic Orchestra","mbid":"7c158ea8-c0aa-410e-bdc1-20bba9759577"}},"album":{"name":"Every Day","mbid":"44270faa-917a-4415-be27-d7f0aab94d52","artist":{"name":"The Cinematic Orchestra","mbid":"7c158ea8-c0aa-410e-bdc1-20bba9759577"}},"application":"Grooveshark"},{"timestamp":{"iso":"2014-10-11T17:55:46","unixtimestamp":1413050146},"track":{"name":"Man With the Movie Camera","mbid":"2ff9c10a-76b8-4633-90cd-7d07b07270a7","artist":{"name":"The Cinematic Orchestra","mbid":"7c158ea8-c0aa-410e-bdc1-20bba9759577"}},"uncorrectedTrack":{"name":"Man With the Movie Camera","mbid":"2ff9c10a-76b8-4633-90cd-7d07b07270a7","artist":{"name":"The Cinematic Orchestra","mbid":"7c158ea8-c0aa-410e-bdc1-20bba9759577"}},"album":{"name":"Every Day","mbid":"44270faa-917a-4415-be27-d7f0aab94d52","artist":{"name":"The Cinematic Orchestra","mbid":"7c158ea8-c0aa-410e-bdc1-20bba9759577"}},"application":"Grooveshark"},{"timestamp":{"iso":"2014-10-11T18:04:56","unixtimestamp":1413050696},"track":{"name":"Cinematic Orchestra - Everyday","artist":{"name":"The Cinematic Orchestra","mbid":"7c158ea8-c0aa-410e-bdc1-20bba9759577"}},"uncorrectedTrack":{"name":"Cinematic Orchestra - Everyday","artist":{"name":"The Cinematic Orchestra","mbid":"7c158ea8-c0aa-410e-bdc1-20bba9759577"}},"album":{"name":"Every Day","mbid":"44270faa-917a-4415-be27-d7f0aab94d52","artist":{"name":"The Cinematic Orchestra","mbid":"7c158ea8-c0aa-410e-bdc1-20bba9759577"}},"application":"Grooveshark"},{"timestamp":{"iso":"2014-10-11T18:15:14","unixtimestamp":1413051314},"track":{"name":"Oregon (Japanese bonus track)","artist":{"name":"The Cinematic Orchestra","mbid":"7c158ea8-c0aa-410e-bdc1-20bba9759577"}},"uncorrectedTrack":{"name":"Oregon (Japanese bonus track)","artist":{"name":"The Cinematic Orchestra","mbid":"7c158ea8-c0aa-410e-bdc1-20bba9759577"}},"album":{"name":"Every Day","mbid":"44270faa-917a-4415-be27-d7f0aab94d52","artist":{"name":"The Cinematic Orchestra","mbid":"7c158ea8-c0aa-410e-bdc1-20bba9759577"}},"application":"Grooveshark"},{"timestamp":{"iso":"2014-10-11T18:19:26","unixtimestamp":1413051566},"track":{"name":"Horizon (feat. Niara Scarlett)","mbid":"7bdf3c32-b9fb-4a88-b996-bfcab2bf8438","artist":{"name":"The Cinematic Orchestra","mbid":"7c158ea8-c0aa-410e-bdc1-20bba9759577"}},"uncorrectedTrack":{"name":"Horizon (feat. Niara Scarlett)","mbid":"7bdf3c32-b9fb-4a88-b996-bfcab2bf8438","artist":{"name":"The Cinematic Orchestra","mbid":"7c158ea8-c0aa-410e-bdc1-20bba9759577"}},"album":{"name":"Every Day","mbid":"44270faa-917a-4415-be27-d7f0aab94d52","artist":{"name":"The Cinematic Orchestra","mbid":"7c158ea8-c0aa-410e-bdc1-20bba9759577"}},"application":"Grooveshark"},{"timestamp":{"iso":"2014-10-11T18:25:28","unixtimestamp":1413051928},"track":{"name":"To Build a Home","mbid":"863551b3-19fe-45d0-8a06-aff77f07c8cd","artist":{"name":"The Cinematic Orchestra","mbid":"7c158ea8-c0aa-410e-bdc1-20bba9759577"}},"uncorrectedTrack":{"name":"To Build a Home","mbid":"863551b3-19fe-45d0-8a06-aff77f07c8cd","artist":{"name":"The Cinematic Orchestra","mbid":"7c158ea8-c0aa-410e-bdc1-20bba9759577"}},"album":{"name":"Ma Fleur","mbid":"63ebd406-fd8c-4382-a4b8-08b5d205c2c3","artist":{"name":"The Cinematic Orchestra","mbid":"7c158ea8-c0aa-410e-bdc1-20bba9759577"}},"application":"Grooveshark"},{"timestamp":{"iso":"2014-10-11T18:31:37","unixtimestamp":1413052297},"track":{"name":"Time and Space","mbid":"2cc6550b-b89b-4c43-99f3-78c531e7af36","artist":{"name":"The Cinematic Orchestra","mbid":"7c158ea8-c0aa-410e-bdc1-20bba9759577"}},"uncorrectedTrack":{"name":"Time and Space","mbid":"2cc6550b-b89b-4c43-99f3-78c531e7af36","artist":{"name":"The Cinematic Orchestra","mbid":"7c158ea8-c0aa-410e-bdc1-20bba9759577"}},"album":{"name":"Ma Fleur","mbid":"63ebd406-fd8c-4382-a4b8-08b5d205c2c3","artist":{"name":"The Cinematic Orchestra","mbid":"7c158ea8-c0aa-410e-bdc1-20bba9759577"}},"application":"Grooveshark"},{"timestamp":{"iso":"2014-10-11T18:40:20","unixtimestamp":1413052820},"track":{"name":"Time \u0026 Space","mbid":"1c615861-b739-4fff-9037-ba1090446624","artist":{"name":"The Cinematic Orchestra","mbid":"7c158ea8-c0aa-410e-bdc1-20bba9759577"}},"uncorrectedTrack":{"name":"Time \u0026 Space","mbid":"1c615861-b739-4fff-9037-ba1090446624","artist":{"name":"The Cinematic Orchestra","mbid":"7c158ea8-c0aa-410e-bdc1-20bba9759577"}},"album":{"name":"Ma Fleur","mbid":"63ebd406-fd8c-4382-a4b8-08b5d205c2c3","artist":{"name":"The Cinematic Orchestra","mbid":"7c158ea8-c0aa-410e-bdc1-20bba9759577"}},"application":"Grooveshark"},{"timestamp":{"iso":"2014-10-11T18:49:03","unixtimestamp":1413053343},"track":{"name":"Bonus - Colours","artist":{"name":"The Cinematic Orchestra","mbid":"7c158ea8-c0aa-410e-bdc1-20bba9759577"}},"uncorrectedTrack":{"name":"Bonus - Colours","artist":{"name":"The Cinematic Orchestra","mbid":"7c158ea8-c0aa-410e-bdc1-20bba9759577"}},"album":{"name":"Ma Fleur","mbid":"63ebd406-fd8c-4382-a4b8-08b5d205c2c3","artist":{"name":"The Cinematic Orchestra","mbid":"7c158ea8-c0aa-410e-bdc1-20bba9759577"}},"application":"Grooveshark"},{"timestamp":{"iso":"2014-10-11T18:53:38","unixtimestamp":1413053618},"track":{"name":"Bonus - to Build a Home (Edit Ft Patrick Watson)Bonus - to Build a Home (Edit Ft Patrick Watson)","artist":{"name":"The Cinematic Orchestra","mbid":"7c158ea8-c0aa-410e-bdc1-20bba9759577"}},"uncorrectedTrack":{"name":"Bonus - to Build a Home (Edit Ft Patrick Watson)Bonus - to Build a Home (Edit Ft Patrick Watson)","artist":{"name":"The Cinematic Orchestra","mbid":"7c158ea8-c0aa-410e-bdc1-20bba9759577"}},"album":{"name":"Ma Fleur","mbid":"63ebd406-fd8c-4382-a4b8-08b5d205c2c3","artist":{"name":"The Cinematic Orchestra","mbid":"7c158ea8-c0aa-410e-bdc1-20bba9759577"}},"application":"Grooveshark"},{"timestamp":{"iso":"2014-10-15T18:13:02","unixtimestamp":1413396782},"track":{"name":"wele wele","mbid":"e76dcd55-523b-48aa-880f-462dddc7d0e0","artist":{"name":"Angélique Kidjo","mbid":"80fe34d0-6b4f-4ccd-81c3-281ab37f0451"}},"uncorrectedTrack":{"name":"wele wele","mbid":"e76dcd55-523b-48aa-880f-462dddc7d0e0","artist":{"name":"Angélique Kidjo","mbid":"80fe34d0-6b4f-4ccd-81c3-281ab37f0451"}},"album":{"name":"OST FIFA 07","artist":{"name":"Angélique Kidjo","mbid":"80fe34d0-6b4f-4ccd-81c3-281ab37f0451"}},"application":"Grooveshark"},{"timestamp":{"iso":"2014-10-15T18:15:13","unixtimestamp":1413396913},"track":{"name":"Mas Que Nada","artist":{"name":"Jorge Ben","mbid":"84548d0f-ab29-487a-9c00-f489cee4e1c7"}},"uncorrectedTrack":{"name":"Mas Que Nada","mbid":"e3172b45-6320-4814-9aeb-a0afdccfd730","artist":{"name":"Jorge Ben Jor","mbid":"02b429b7-5918-4b15-89f9-de22aaf45bde"}},"album":{"name":"Acústico MTV Vol.2 - Banda do Zé Pretinho","artist":{"name":"Jorge Ben Jor","mbid":"02b429b7-5918-4b15-89f9-de22aaf45bde"}},"application":"Grooveshark"},{"timestamp":{"iso":"2014-10-15T18:20:23","unixtimestamp":1413397223},"track":{"name":"Pilotes automatiques","mbid":"8a5c1b9e-e360-4b1b-b128-cff08b53e117","artist":{"name":"La Caution","mbid":"490fd221-c73f-4cfb-a50c-13ce2a6ca76d"}},"uncorrectedTrack":{"name":"Pilotes automatiques","mbid":"8a5c1b9e-e360-4b1b-b128-cff08b53e117","artist":{"name":"La Caution","mbid":"490fd221-c73f-4cfb-a50c-13ce2a6ca76d"}},"album":{"name":"Peines de maures","mbid":"b343d9c6-50df-4728-93a9-de78e426aa00","artist":{"name":"La Caution","mbid":"490fd221-c73f-4cfb-a50c-13ce2a6ca76d"}},"application":"Grooveshark"},{"timestamp":{"iso":"2014-10-19T06:43:18","unixtimestamp":1413700998},"track":{"name":"Ka Mele Oku\u0027u Puuwai (78rpm Version)","artist":{"name":"Sol Hoopii\u0027s Novelty Trio"}},"uncorrectedTrack":{"name":"Ka Mele Oku\u0027u Puuwai (78rpm Version)","artist":{"name":"Sol Hoopii\u0027s Novelty Trio"}},"album":{"name":"The Descendants Soundtrack","artist":{"name":"Sol Hoopii\u0027s Novelty Trio"}},"application":"Grooveshark"},{"timestamp":{"iso":"2014-10-19T06:47:07","unixtimestamp":1413701227},"track":{"name":"Spread A Little Aloha","artist":{"name":"Hawaiian"}},"uncorrectedTrack":{"name":"Spread A Little Aloha","artist":{"name":"Hawaiian"}},"album":{"name":"~","artist":{"name":"Hawaiian"}},"application":"Grooveshark"},{"timestamp":{"iso":"2014-10-20T00:12:36","unixtimestamp":1413763956},"track":{"name":"Ka Mele Oku\u0027u Puuwai (78rpm Version)","artist":{"name":"Sol Hoopii\u0027s Novelty Trio"}},"uncorrectedTrack":{"name":"Ka Mele Oku\u0027u Puuwai (78rpm Version)","artist":{"name":"Sol Hoopii\u0027s Novelty Trio"}},"album":{"name":"The Descendants Soundtrack","artist":{"name":"Sol Hoopii\u0027s Novelty Trio"}},"application":"Grooveshark"},{"timestamp":{"iso":"2014-10-20T00:17:04","unixtimestamp":1413764224},"track":{"name":"He\u0027eia","artist":{"name":"gabby pahinui \u0026 sons of hawaii"}},"uncorrectedTrack":{"name":"He\u0027eia","artist":{"name":"gabby pahinui \u0026 sons of hawaii"}},"album":{"name":"The Descendants Soundtrack","artist":{"name":"gabby pahinui \u0026 sons of hawaii"}},"application":"Grooveshark"},{"timestamp":{"iso":"2014-10-22T17:48:42","unixtimestamp":1414000122},"track":{"name":"FM Tan Sexy","mbid":"cf9f332a-9161-4193-86a5-60f233256c87","artist":{"name":"El Guincho","mbid":"7e57d8a2-e6eb-48dd-8e50-ff7eaa412ccb"}},"uncorrectedTrack":{"name":"FM Tan Sexy","mbid":"cf9f332a-9161-4193-86a5-60f233256c87","artist":{"name":"El Guincho","mbid":"7e57d8a2-e6eb-48dd-8e50-ff7eaa412ccb"}},"album":{"name":"Pop Negro","mbid":"d1155ca2-d814-4f17-9426-743189f8d853","artist":{"name":"El Guincho","mbid":"7e57d8a2-e6eb-48dd-8e50-ff7eaa412ccb"}},"application":"Grooveshark"},{"timestamp":{"iso":"2014-10-22T18:14:43","unixtimestamp":1414001683},"track":{"name":"Bombay","mbid":"a83b7d8c-0a85-47b5-a09f-2d198327e341","artist":{"name":"El Guincho","mbid":"7e57d8a2-e6eb-48dd-8e50-ff7eaa412ccb"}},"uncorrectedTrack":{"name":"Bombay","mbid":"a83b7d8c-0a85-47b5-a09f-2d198327e341","artist":{"name":"El Guincho","mbid":"7e57d8a2-e6eb-48dd-8e50-ff7eaa412ccb"}},"album":{"name":"Pop Negro","mbid":"d1155ca2-d814-4f17-9426-743189f8d853","artist":{"name":"El Guincho","mbid":"7e57d8a2-e6eb-48dd-8e50-ff7eaa412ccb"}},"application":"Grooveshark"},{"timestamp":{"iso":"2014-10-22T18:22:04","unixtimestamp":1414002124},"track":{"name":"Novias","mbid":"b4de7318-5e65-450c-baf2-d1cfac5e4b78","artist":{"name":"El Guincho","mbid":"7e57d8a2-e6eb-48dd-8e50-ff7eaa412ccb"}},"uncorrectedTrack":{"name":"Novias","mbid":"b4de7318-5e65-450c-baf2-d1cfac5e4b78","artist":{"name":"El Guincho","mbid":"7e57d8a2-e6eb-48dd-8e50-ff7eaa412ccb"}},"album":{"name":"Pop Negro","mbid":"d1155ca2-d814-4f17-9426-743189f8d853","artist":{"name":"El Guincho","mbid":"7e57d8a2-e6eb-48dd-8e50-ff7eaa412ccb"}},"application":"Grooveshark"},{"timestamp":{"iso":"2014-10-23T00:08:42","unixtimestamp":1414022922},"track":{"name":"Novias","mbid":"b4de7318-5e65-450c-baf2-d1cfac5e4b78","artist":{"name":"El Guincho","mbid":"7e57d8a2-e6eb-48dd-8e50-ff7eaa412ccb"}},"uncorrectedTrack":{"name":"Novias","mbid":"b4de7318-5e65-450c-baf2-d1cfac5e4b78","artist":{"name":"El Guincho","mbid":"7e57d8a2-e6eb-48dd-8e50-ff7eaa412ccb"}},"album":{"name":"Pop Negro","mbid":"d1155ca2-d814-4f17-9426-743189f8d853","artist":{"name":"El Guincho","mbid":"7e57d8a2-e6eb-48dd-8e50-ff7eaa412ccb"}},"application":"Grooveshark"},{"timestamp":{"iso":"2014-10-25T21:59:50","unixtimestamp":1414274390},"track":{"name":"All That You Give","mbid":"91247ee5-9e3d-401c-b5b2-8bf63c11ec71","artist":{"name":"The Cinematic Orchestra","mbid":"7c158ea8-c0aa-410e-bdc1-20bba9759577"}},"uncorrectedTrack":{"name":"All That You Give","mbid":"91247ee5-9e3d-401c-b5b2-8bf63c11ec71","artist":{"name":"The Cinematic Orchestra","mbid":"7c158ea8-c0aa-410e-bdc1-20bba9759577"}},"album":{"name":"Every Day","mbid":"44270faa-917a-4415-be27-d7f0aab94d52","artist":{"name":"The Cinematic Orchestra","mbid":"7c158ea8-c0aa-410e-bdc1-20bba9759577"}},"application":"Grooveshark"},{"timestamp":{"iso":"2014-10-25T22:05:56","unixtimestamp":1414274756},"track":{"name":"Cinematic Orchestra - Burn Out","artist":{"name":"The Cinematic Orchestra","mbid":"7c158ea8-c0aa-410e-bdc1-20bba9759577"}},"uncorrectedTrack":{"name":"Cinematic Orchestra - Burn Out","artist":{"name":"The Cinematic Orchestra","mbid":"7c158ea8-c0aa-410e-bdc1-20bba9759577"}},"album":{"name":"Every Day","mbid":"44270faa-917a-4415-be27-d7f0aab94d52","artist":{"name":"The Cinematic Orchestra","mbid":"7c158ea8-c0aa-410e-bdc1-20bba9759577"}},"application":"Grooveshark"},{"timestamp":{"iso":"2014-10-25T22:16:10","unixtimestamp":1414275370},"track":{"name":"Cinematic Orchestra - Flite","artist":{"name":"The Cinematic Orchestra","mbid":"7c158ea8-c0aa-410e-bdc1-20bba9759577"}},"uncorrectedTrack":{"name":"Cinematic Orchestra - Flite","artist":{"name":"The Cinematic Orchestra","mbid":"7c158ea8-c0aa-410e-bdc1-20bba9759577"}},"album":{"name":"Every Day","mbid":"44270faa-917a-4415-be27-d7f0aab94d52","artist":{"name":"The Cinematic Orchestra","mbid":"7c158ea8-c0aa-410e-bdc1-20bba9759577"}},"application":"Grooveshark"},{"timestamp":{"iso":"2014-10-25T22:22:45","unixtimestamp":1414275765},"track":{"name":"Man With the Movie Camera","mbid":"2ff9c10a-76b8-4633-90cd-7d07b07270a7","artist":{"name":"The Cinematic Orchestra","mbid":"7c158ea8-c0aa-410e-bdc1-20bba9759577"}},"uncorrectedTrack":{"name":"Man With the Movie Camera","mbid":"2ff9c10a-76b8-4633-90cd-7d07b07270a7","artist":{"name":"The Cinematic Orchestra","mbid":"7c158ea8-c0aa-410e-bdc1-20bba9759577"}},"album":{"name":"Every Day","mbid":"44270faa-917a-4415-be27-d7f0aab94d52","artist":{"name":"The Cinematic Orchestra","mbid":"7c158ea8-c0aa-410e-bdc1-20bba9759577"}},"application":"Grooveshark"},{"timestamp":{"iso":"2014-10-25T22:31:56","unixtimestamp":1414276316},"track":{"name":"Cinematic Orchestra - Everyday","artist":{"name":"The Cinematic Orchestra","mbid":"7c158ea8-c0aa-410e-bdc1-20bba9759577"}},"uncorrectedTrack":{"name":"Cinematic Orchestra - Everyday","artist":{"name":"The Cinematic Orchestra","mbid":"7c158ea8-c0aa-410e-bdc1-20bba9759577"}},"album":{"name":"Every Day","mbid":"44270faa-917a-4415-be27-d7f0aab94d52","artist":{"name":"The Cinematic Orchestra","mbid":"7c158ea8-c0aa-410e-bdc1-20bba9759577"}},"application":"Grooveshark"},{"timestamp":{"iso":"2014-10-25T22:42:14","unixtimestamp":1414276934},"track":{"name":"Oregon (Japanese bonus track)","artist":{"name":"The Cinematic Orchestra","mbid":"7c158ea8-c0aa-410e-bdc1-20bba9759577"}},"uncorrectedTrack":{"name":"Oregon (Japanese bonus track)","artist":{"name":"The Cinematic Orchestra","mbid":"7c158ea8-c0aa-410e-bdc1-20bba9759577"}},"album":{"name":"Every Day","mbid":"44270faa-917a-4415-be27-d7f0aab94d52","artist":{"name":"The Cinematic Orchestra","mbid":"7c158ea8-c0aa-410e-bdc1-20bba9759577"}},"application":"Grooveshark"},{"timestamp":{"iso":"2014-10-25T22:46:26","unixtimestamp":1414277186},"track":{"name":"Horizon (feat. Niara Scarlett)","mbid":"7bdf3c32-b9fb-4a88-b996-bfcab2bf8438","artist":{"name":"The Cinematic Orchestra","mbid":"7c158ea8-c0aa-410e-bdc1-20bba9759577"}},"uncorrectedTrack":{"name":"Horizon (feat. Niara Scarlett)","mbid":"7bdf3c32-b9fb-4a88-b996-bfcab2bf8438","artist":{"name":"The Cinematic Orchestra","mbid":"7c158ea8-c0aa-410e-bdc1-20bba9759577"}},"album":{"name":"Every Day","mbid":"44270faa-917a-4415-be27-d7f0aab94d52","artist":{"name":"The Cinematic Orchestra","mbid":"7c158ea8-c0aa-410e-bdc1-20bba9759577"}},"application":"Grooveshark"},{"timestamp":{"iso":"2014-10-25T22:52:28","unixtimestamp":1414277548},"track":{"name":"To Build a Home","mbid":"863551b3-19fe-45d0-8a06-aff77f07c8cd","artist":{"name":"The Cinematic Orchestra","mbid":"7c158ea8-c0aa-410e-bdc1-20bba9759577"}},"uncorrectedTrack":{"name":"To Build a Home","mbid":"863551b3-19fe-45d0-8a06-aff77f07c8cd","artist":{"name":"The Cinematic Orchestra","mbid":"7c158ea8-c0aa-410e-bdc1-20bba9759577"}},"album":{"name":"Ma Fleur","mbid":"63ebd406-fd8c-4382-a4b8-08b5d205c2c3","artist":{"name":"The Cinematic Orchestra","mbid":"7c158ea8-c0aa-410e-bdc1-20bba9759577"}},"application":"Grooveshark"},{"timestamp":{"iso":"2014-10-25T22:58:37","unixtimestamp":1414277917},"track":{"name":"Time and Space","mbid":"2cc6550b-b89b-4c43-99f3-78c531e7af36","artist":{"name":"The Cinematic Orchestra","mbid":"7c158ea8-c0aa-410e-bdc1-20bba9759577"}},"uncorrectedTrack":{"name":"Time and Space","mbid":"2cc6550b-b89b-4c43-99f3-78c531e7af36","artist":{"name":"The Cinematic Orchestra","mbid":"7c158ea8-c0aa-410e-bdc1-20bba9759577"}},"album":{"name":"Ma Fleur","mbid":"63ebd406-fd8c-4382-a4b8-08b5d205c2c3","artist":{"name":"The Cinematic Orchestra","mbid":"7c158ea8-c0aa-410e-bdc1-20bba9759577"}},"application":"Grooveshark"},{"timestamp":{"iso":"2014-10-27T17:39:27","unixtimestamp":1414431567},"track":{"name":"Meu Destino (My Destiny)","artist":{"name":"Thievery Corporation","mbid":"a505bb48-ad65-4af4-ae47-29149715bff9"}},"uncorrectedTrack":{"name":"Meu Destino (My Destiny)","artist":{"name":"Thievery Corporation","mbid":"a505bb48-ad65-4af4-ae47-29149715bff9"}},"album":{"name":"The Richest Man in Babylon","mbid":"1770ef1b-d12b-4b23-b594-a3d471c3d600","artist":{"name":"Thievery Corporation","mbid":"a505bb48-ad65-4af4-ae47-29149715bff9"}},"application":"Grooveshark"},{"timestamp":{"iso":"2014-10-27T17:42:57","unixtimestamp":1414431777},"track":{"name":"Exilio (Exile)","mbid":"a189d44c-f4c7-428a-b46b-41465b07e8a8","artist":{"name":"Thievery Corporation","mbid":"a505bb48-ad65-4af4-ae47-29149715bff9"}},"uncorrectedTrack":{"name":"Exilio (Exile)","mbid":"a189d44c-f4c7-428a-b46b-41465b07e8a8","artist":{"name":"Thievery Corporation","mbid":"a505bb48-ad65-4af4-ae47-29149715bff9"}},"album":{"name":"The Richest Man in Babylon","mbid":"1770ef1b-d12b-4b23-b594-a3d471c3d600","artist":{"name":"Thievery Corporation","mbid":"a505bb48-ad65-4af4-ae47-29149715bff9"}},"application":"Grooveshark"},{"timestamp":{"iso":"2014-10-27T17:51:16","unixtimestamp":1414432276},"track":{"name":"Omid (Hope)","mbid":"87be499b-4615-44f9-93ba-c11d527dd533","artist":{"name":"Thievery Corporation","mbid":"a505bb48-ad65-4af4-ae47-29149715bff9"}},"uncorrectedTrack":{"name":"Omid (Hope)","mbid":"87be499b-4615-44f9-93ba-c11d527dd533","artist":{"name":"Thievery Corporation","mbid":"a505bb48-ad65-4af4-ae47-29149715bff9"}},"album":{"name":"The Richest Man in Babylon","mbid":"1770ef1b-d12b-4b23-b594-a3d471c3d600","artist":{"name":"Thievery Corporation","mbid":"a505bb48-ad65-4af4-ae47-29149715bff9"}},"application":"Grooveshark"},{"timestamp":{"iso":"2014-10-27T17:55:05","unixtimestamp":1414432505},"track":{"name":"The Richest Man in Babylon","mbid":"fa7a133b-c417-4b10-a2e0-1f2b5922acda","artist":{"name":"Thievery Corporation","mbid":"a505bb48-ad65-4af4-ae47-29149715bff9"}},"uncorrectedTrack":{"name":"The Richest Man in Babylon","mbid":"fa7a133b-c417-4b10-a2e0-1f2b5922acda","artist":{"name":"Thievery Corporation","mbid":"a505bb48-ad65-4af4-ae47-29149715bff9"}},"album":{"name":"The Richest Man in Babylon","mbid":"1770ef1b-d12b-4b23-b594-a3d471c3d600","artist":{"name":"Thievery Corporation","mbid":"a505bb48-ad65-4af4-ae47-29149715bff9"}},"application":"Grooveshark"},{"timestamp":{"iso":"2014-10-27T17:58:55","unixtimestamp":1414432735},"track":{"name":"Until The Morning (feat. Emilíana Torrini)","artist":{"name":"Thievery Corporation","mbid":"a505bb48-ad65-4af4-ae47-29149715bff9"}},"uncorrectedTrack":{"name":"Until The Morning (feat. Emilíana Torrini)","artist":{"name":"Thievery Corporation","mbid":"a505bb48-ad65-4af4-ae47-29149715bff9"}},"album":{"name":"The Richest Man in Babylon","mbid":"1770ef1b-d12b-4b23-b594-a3d471c3d600","artist":{"name":"Thievery Corporation","mbid":"a505bb48-ad65-4af4-ae47-29149715bff9"}},"application":"Grooveshark"},{"timestamp":{"iso":"2014-10-27T18:02:52","unixtimestamp":1414432972},"track":{"name":"The Mirror Conspiracy","mbid":"0384fc05-959e-488f-ad86-5c6fa0bd739b","artist":{"name":"Thievery Corporation","mbid":"a505bb48-ad65-4af4-ae47-29149715bff9"}},"uncorrectedTrack":{"name":"The Mirror Conspiracy","mbid":"0384fc05-959e-488f-ad86-5c6fa0bd739b","artist":{"name":"Thievery Corporation","mbid":"a505bb48-ad65-4af4-ae47-29149715bff9"}},"album":{"name":"The Mirror Conspiracy","mbid":"d8e7f1f0-0d17-47a7-8fcf-0e297adbae97","artist":{"name":"Thievery Corporation","mbid":"a505bb48-ad65-4af4-ae47-29149715bff9"}},"application":"Grooveshark"},{"timestamp":{"iso":"2014-10-27T18:06:37","unixtimestamp":1414433197},"track":{"name":"Bario Alto","mbid":"cdb077b2-5613-42a1-91ed-4041f22c7103","artist":{"name":"Thievery Corporation","mbid":"a505bb48-ad65-4af4-ae47-29149715bff9"}},"uncorrectedTrack":{"name":"Bario Alto","mbid":"cdb077b2-5613-42a1-91ed-4041f22c7103","artist":{"name":"Thievery Corporation","mbid":"a505bb48-ad65-4af4-ae47-29149715bff9"}},"album":{"name":"The Mirror Conspiracy","mbid":"d8e7f1f0-0d17-47a7-8fcf-0e297adbae97","artist":{"name":"Thievery Corporation","mbid":"a505bb48-ad65-4af4-ae47-29149715bff9"}},"application":"Grooveshark"},{"timestamp":{"iso":"2014-10-27T18:10:32","unixtimestamp":1414433432},"track":{"name":"Só Com Você","artist":{"name":"Thievery Corporation","mbid":"a505bb48-ad65-4af4-ae47-29149715bff9"}},"uncorrectedTrack":{"name":"Só Com Você","artist":{"name":"Thievery Corporation","mbid":"a505bb48-ad65-4af4-ae47-29149715bff9"}},"album":{"name":"The Mirror Conspiracy","mbid":"d8e7f1f0-0d17-47a7-8fcf-0e297adbae97","artist":{"name":"Thievery Corporation","mbid":"a505bb48-ad65-4af4-ae47-29149715bff9"}},"application":"Grooveshark"},{"timestamp":{"iso":"2014-10-27T18:13:19","unixtimestamp":1414433599},"track":{"name":"Samba Tranquille","mbid":"737be876-53ad-4fdd-b401-3807536b32eb","artist":{"name":"Thievery Corporation","mbid":"a505bb48-ad65-4af4-ae47-29149715bff9"}},"uncorrectedTrack":{"name":"Samba Tranquille","mbid":"737be876-53ad-4fdd-b401-3807536b32eb","artist":{"name":"Thievery Corporation","mbid":"a505bb48-ad65-4af4-ae47-29149715bff9"}},"album":{"name":"The Mirror Conspiracy","mbid":"d8e7f1f0-0d17-47a7-8fcf-0e297adbae97","artist":{"name":"Thievery Corporation","mbid":"a505bb48-ad65-4af4-ae47-29149715bff9"}},"application":"Grooveshark"},{"timestamp":{"iso":"2014-10-27T18:29:48","unixtimestamp":1414434588},"track":{"name":"Someone Great","mbid":"5a6c9abc-2104-45ed-b4d7-db0f870e26df","artist":{"name":"LCD Soundsystem","mbid":"2aaf7396-6ab8-40f3-9776-a41c42c8e26b"}},"uncorrectedTrack":{"name":"Someone Great","mbid":"5a6c9abc-2104-45ed-b4d7-db0f870e26df","artist":{"name":"LCD Soundsystem","mbid":"2aaf7396-6ab8-40f3-9776-a41c42c8e26b"}},"album":{"name":"Sound Of Silver","mbid":"7461ca27-65e8-4106-a75e-de068dc3a619","artist":{"name":"LCD Soundsystem","mbid":"2aaf7396-6ab8-40f3-9776-a41c42c8e26b"}},"application":"Grooveshark"},{"timestamp":{"iso":"2014-10-27T18:38:15","unixtimestamp":1414435095},"track":{"name":"Dance Yrself Clean","mbid":"14ccd58d-c7aa-4b7e-b456-9700c2261f85","artist":{"name":"LCD Soundsystem","mbid":"2aaf7396-6ab8-40f3-9776-a41c42c8e26b"}},"uncorrectedTrack":{"name":"Dance Yrself Clean","mbid":"14ccd58d-c7aa-4b7e-b456-9700c2261f85","artist":{"name":"LCD Soundsystem","mbid":"2aaf7396-6ab8-40f3-9776-a41c42c8e26b"}},"album":{"name":"This Is Happening Deluxe Edition","artist":{"name":"LCD Soundsystem","mbid":"2aaf7396-6ab8-40f3-9776-a41c42c8e26b"}},"application":"Grooveshark"},{"timestamp":{"iso":"2014-10-27T18:59:42","unixtimestamp":1414436382},"track":{"name":"Recurring","mbid":"8a20b745-f1a2-4d6a-8be9-849d9c5cef23","artist":{"name":"Bonobo","mbid":"6f7dea51-1d02-4be1-b138-92078518350c"}},"uncorrectedTrack":{"name":"Recurring","mbid":"8a20b745-f1a2-4d6a-8be9-849d9c5cef23","artist":{"name":"Bonobo","mbid":"6f7dea51-1d02-4be1-b138-92078518350c"}},"application":"FoxyScrobbler"},{"timestamp":{"iso":"2014-10-27T19:05:39","unixtimestamp":1414436739},"track":{"name":"Meu Destino (My Destiny)","artist":{"name":"Thievery Corporation","mbid":"a505bb48-ad65-4af4-ae47-29149715bff9"}},"uncorrectedTrack":{"name":"Meu Destino (My Destiny)","artist":{"name":"Thievery Corporation","mbid":"a505bb48-ad65-4af4-ae47-29149715bff9"}},"album":{"name":"The Richest Man in Babylon","mbid":"1770ef1b-d12b-4b23-b594-a3d471c3d600","artist":{"name":"Thievery Corporation","mbid":"a505bb48-ad65-4af4-ae47-29149715bff9"}},"application":"Grooveshark"},{"timestamp":{"iso":"2014-10-27T19:09:09","unixtimestamp":1414436949},"track":{"name":"Exilio (Exile)","mbid":"a189d44c-f4c7-428a-b46b-41465b07e8a8","artist":{"name":"Thievery Corporation","mbid":"a505bb48-ad65-4af4-ae47-29149715bff9"}},"uncorrectedTrack":{"name":"Exilio (Exile)","mbid":"a189d44c-f4c7-428a-b46b-41465b07e8a8","artist":{"name":"Thievery Corporation","mbid":"a505bb48-ad65-4af4-ae47-29149715bff9"}},"album":{"name":"The Richest Man in Babylon","mbid":"1770ef1b-d12b-4b23-b594-a3d471c3d600","artist":{"name":"Thievery Corporation","mbid":"a505bb48-ad65-4af4-ae47-29149715bff9"}},"application":"Grooveshark"},{"timestamp":{"iso":"2014-10-27T19:12:12","unixtimestamp":1414437132},"track":{"name":"Omid (Hope)","mbid":"87be499b-4615-44f9-93ba-c11d527dd533","artist":{"name":"Thievery Corporation","mbid":"a505bb48-ad65-4af4-ae47-29149715bff9"}},"uncorrectedTrack":{"name":"Omid (Hope)","mbid":"87be499b-4615-44f9-93ba-c11d527dd533","artist":{"name":"Thievery Corporation","mbid":"a505bb48-ad65-4af4-ae47-29149715bff9"}},"album":{"name":"The Richest Man in Babylon","mbid":"1770ef1b-d12b-4b23-b594-a3d471c3d600","artist":{"name":"Thievery Corporation","mbid":"a505bb48-ad65-4af4-ae47-29149715bff9"}},"application":"Grooveshark"},{"timestamp":{"iso":"2014-10-27T19:16:00","unixtimestamp":1414437360},"track":{"name":"The Richest Man in Babylon","mbid":"fa7a133b-c417-4b10-a2e0-1f2b5922acda","artist":{"name":"Thievery Corporation","mbid":"a505bb48-ad65-4af4-ae47-29149715bff9"}},"uncorrectedTrack":{"name":"The Richest Man in Babylon","mbid":"fa7a133b-c417-4b10-a2e0-1f2b5922acda","artist":{"name":"Thievery Corporation","mbid":"a505bb48-ad65-4af4-ae47-29149715bff9"}},"album":{"name":"The Richest Man in Babylon","mbid":"1770ef1b-d12b-4b23-b594-a3d471c3d600","artist":{"name":"Thievery Corporation","mbid":"a505bb48-ad65-4af4-ae47-29149715bff9"}},"application":"Grooveshark"},{"timestamp":{"iso":"2014-10-27T19:19:51","unixtimestamp":1414437591},"track":{"name":"Until The Morning (feat. Emilíana Torrini)","artist":{"name":"Thievery Corporation","mbid":"a505bb48-ad65-4af4-ae47-29149715bff9"}},"uncorrectedTrack":{"name":"Until The Morning (feat. Emilíana Torrini)","artist":{"name":"Thievery Corporation","mbid":"a505bb48-ad65-4af4-ae47-29149715bff9"}},"album":{"name":"The Richest Man in Babylon","mbid":"1770ef1b-d12b-4b23-b594-a3d471c3d600","artist":{"name":"Thievery Corporation","mbid":"a505bb48-ad65-4af4-ae47-29149715bff9"}},"application":"Grooveshark"},{"timestamp":{"iso":"2014-10-27T19:23:48","unixtimestamp":1414437828},"track":{"name":"The Mirror Conspiracy","mbid":"0384fc05-959e-488f-ad86-5c6fa0bd739b","artist":{"name":"Thievery Corporation","mbid":"a505bb48-ad65-4af4-ae47-29149715bff9"}},"uncorrectedTrack":{"name":"The Mirror Conspiracy","mbid":"0384fc05-959e-488f-ad86-5c6fa0bd739b","artist":{"name":"Thievery Corporation","mbid":"a505bb48-ad65-4af4-ae47-29149715bff9"}},"album":{"name":"The Mirror Conspiracy","mbid":"d8e7f1f0-0d17-47a7-8fcf-0e297adbae97","artist":{"name":"Thievery Corporation","mbid":"a505bb48-ad65-4af4-ae47-29149715bff9"}},"application":"Grooveshark"},{"timestamp":{"iso":"2014-10-27T21:41:04","unixtimestamp":1414446064},"track":{"name":"I Won\u0027t Let You Down","mbid":"7b95a618-c194-45bb-90f5-c9fc96659a2b","artist":{"name":"OK Go","mbid":"e132d370-2a59-4437-8610-756df28a5a02"}},"uncorrectedTrack":{"name":"I Won\u0027t Let You Down","mbid":"7b95a618-c194-45bb-90f5-c9fc96659a2b","artist":{"name":"OK Go","mbid":"e132d370-2a59-4437-8610-756df28a5a02"}},"application":"FoxyScrobbler"},{"timestamp":{"iso":"2014-10-28T06:31:24","unixtimestamp":1414477884},"track":{"name":"Diplomat\u0027s Son (Amex UNSTAGED)","artist":{"name":"Vampire Weekend","mbid":"af37c51c-0790-4a29-b995-456f98a6b8c9"}},"uncorrectedTrack":{"name":"Diplomat\u0027s Son (Amex UNSTAGED)","artist":{"name":"Vampire Weekend","mbid":"af37c51c-0790-4a29-b995-456f98a6b8c9"}},"application":"FoxyScrobbler"},{"timestamp":{"iso":"2014-10-29T00:31:44","unixtimestamp":1414542704},"track":{"name":"The Underdog","mbid":"197671c5-c2ab-4e8a-8acf-3686d9cf4b71","artist":{"name":"Spoon","mbid":"0db1ad0b-3ac1-4425-b10a-3142e795895c"}},"uncorrectedTrack":{"name":"The Underdog","mbid":"197671c5-c2ab-4e8a-8acf-3686d9cf4b71","artist":{"name":"Spoon","mbid":"0db1ad0b-3ac1-4425-b10a-3142e795895c"}},"application":"FoxyScrobbler"},{"timestamp":{"iso":"2014-10-29T00:41:57","unixtimestamp":1414543317},"track":{"name":"Don\u0027t You Evah","mbid":"934f3de4-7132-4e33-8e8a-11974392ce25","artist":{"name":"Spoon","mbid":"0db1ad0b-3ac1-4425-b10a-3142e795895c"}},"uncorrectedTrack":{"name":"Don\u0027t You Evah","mbid":"934f3de4-7132-4e33-8e8a-11974392ce25","artist":{"name":"Spoon","mbid":"0db1ad0b-3ac1-4425-b10a-3142e795895c"}},"application":"FoxyScrobbler"},{"timestamp":{"iso":"2014-10-29T06:33:57","unixtimestamp":1414564437},"track":{"name":"Alone in Kyoto","mbid":"4044ad32-2ac5-4f95-afee-4379656b64f8","artist":{"name":"Air","mbid":"018dcc90-b1a2-400a-a96e-64b6a101f009"}},"uncorrectedTrack":{"name":"Alone in Kyoto","mbid":"4044ad32-2ac5-4f95-afee-4379656b64f8","artist":{"name":"Air","mbid":"018dcc90-b1a2-400a-a96e-64b6a101f009"}},"application":"FoxyScrobbler"}]