[{"timestamp":{"iso":"2014-06-04T15:58:09","unixtimestamp":1401897489},"track":{"name":"wele wele","mbid":"e76dcd55-523b-48aa-880f-462dddc7d0e0","artist":{"name":"Angélique Kidjo","mbid":"80fe34d0-6b4f-4ccd-81c3-281ab37f0451"}},"uncorrectedTrack":{"name":"wele wele","mbid":"e76dcd55-523b-48aa-880f-462dddc7d0e0","artist":{"name":"Angélique Kidjo","mbid":"80fe34d0-6b4f-4ccd-81c3-281ab37f0451"}},"album":{"name":"OST FIFA 07","artist":{"name":"Angélique Kidjo","mbid":"80fe34d0-6b4f-4ccd-81c3-281ab37f0451"}},"application":"Grooveshark"},{"timestamp":{"iso":"2014-06-04T16:00:20","unixtimestamp":1401897620},"track":{"name":"Mas Que Nada","artist":{"name":"Jorge Ben","mbid":"84548d0f-ab29-487a-9c00-f489cee4e1c7"}},"uncorrectedTrack":{"name":"Mas Que Nada","mbid":"e3172b45-6320-4814-9aeb-a0afdccfd730","artist":{"name":"Jorge Ben Jor","mbid":"02b429b7-5918-4b15-89f9-de22aaf45bde"}},"album":{"name":"Acústico MTV Vol.2 - Banda do Zé Pretinho","artist":{"name":"Jorge Ben Jor","mbid":"02b429b7-5918-4b15-89f9-de22aaf45bde"}},"application":"Grooveshark"},{"timestamp":{"iso":"2014-06-04T16:23:22","unixtimestamp":1401899002},"track":{"name":"Thé à la menthe","artist":{"name":"La Caution","mbid":"490fd221-c73f-4cfb-a50c-13ce2a6ca76d"}},"uncorrectedTrack":{"name":"Thé à la menthe","artist":{"name":"La Caution","mbid":"490fd221-c73f-4cfb-a50c-13ce2a6ca76d"}},"album":{"name":"Peines de maures","mbid":"b343d9c6-50df-4728-93a9-de78e426aa00","artist":{"name":"La Caution","mbid":"490fd221-c73f-4cfb-a50c-13ce2a6ca76d"}},"application":"Grooveshark"},{"timestamp":{"iso":"2014-06-04T16:27:01","unixtimestamp":1401899221},"track":{"name":"Pilotes automatiques","mbid":"8a5c1b9e-e360-4b1b-b128-cff08b53e117","artist":{"name":"La Caution","mbid":"490fd221-c73f-4cfb-a50c-13ce2a6ca76d"}},"uncorrectedTrack":{"name":"Pilotes automatiques","mbid":"8a5c1b9e-e360-4b1b-b128-cff08b53e117","artist":{"name":"La Caution","mbid":"490fd221-c73f-4cfb-a50c-13ce2a6ca76d"}},"album":{"name":"Peines de maures","mbid":"b343d9c6-50df-4728-93a9-de78e426aa00","artist":{"name":"La Caution","mbid":"490fd221-c73f-4cfb-a50c-13ce2a6ca76d"}},"application":"Grooveshark"},{"timestamp":{"iso":"2014-06-05T15:09:09","unixtimestamp":1401980949},"track":{"name":"02 - Kavithai Gundar Feat","artist":{"name":"Yogi B, Emcee Jesz \u0026 Kanan"}},"uncorrectedTrack":{"name":"02 - Kavithai Gundar Feat","artist":{"name":"Yogi B, Emcee Jesz \u0026 Kanan"}},"album":{"name":"Kavithai Gundar","artist":{"name":"Yogi B, Emcee Jesz \u0026 Kanan"}},"application":"Grooveshark"},{"timestamp":{"iso":"2014-06-05T15:10:14","unixtimestamp":1401981014},"track":{"name":"Madai Thiranthu","artist":{"name":"Yogi-B \u0026 Natchatra feat. Lock Up \u0027Guna\u0027"}},"uncorrectedTrack":{"name":"Madai Thiranthu","artist":{"name":"Yogi-B \u0026 Natchatra feat. Lock Up \u0027Guna\u0027"}},"album":{"name":"Vallavan","artist":{"name":"Yogi-B \u0026 Natchatra feat. Lock Up \u0027Guna\u0027"}},"application":"Grooveshark"},{"timestamp":{"iso":"2014-06-05T15:18:01","unixtimestamp":1401981481},"track":{"name":"Fly Me to Brazil","mbid":"4ff0481f-60d7-472f-981b-2126d1d19595","artist":{"name":"The Pinker Tones","mbid":"0b2e9bf1-a93d-4c6a-90c4-396d61706fd3"}},"uncorrectedTrack":{"name":"Fly Me to Brazil","mbid":"4ff0481f-60d7-472f-981b-2126d1d19595","artist":{"name":"The Pinker Tones","mbid":"0b2e9bf1-a93d-4c6a-90c4-396d61706fd3"}},"album":{"name":"The BCN Connection","mbid":"c1d04b7b-f05d-4a9a-bef6-3612f2221b99","artist":{"name":"The Pinker Tones","mbid":"0b2e9bf1-a93d-4c6a-90c4-396d61706fd3"}},"application":"Grooveshark"},{"timestamp":{"iso":"2014-06-05T15:21:22","unixtimestamp":1401981682},"track":{"name":"Efêmera","mbid":"d9266b07-3a79-47c1-9629-93bcb448462e","artist":{"name":"Tulipa Ruiz","mbid":"883cbd06-7ed2-4c5f-a5c0-8ea7792b4655"}},"uncorrectedTrack":{"name":"Efêmera","mbid":"d9266b07-3a79-47c1-9629-93bcb448462e","artist":{"name":"Tulipa Ruiz","mbid":"883cbd06-7ed2-4c5f-a5c0-8ea7792b4655"}},"album":{"name":"Efêmera","mbid":"389f3aa9-f22e-4af4-aef2-2e70b1d5227b","artist":{"name":"Tulipa Ruiz","mbid":"883cbd06-7ed2-4c5f-a5c0-8ea7792b4655"}},"application":"Grooveshark"},{"timestamp":{"iso":"2014-06-05T17:09:29","unixtimestamp":1401988169},"track":{"name":"Chewing Gum Fraise (avec Omnikrom)","artist":{"name":"Numéro#","mbid":"49ca6eb9-207b-44d0-9f51-affa8b061037"}},"uncorrectedTrack":{"name":"Chewing Gum Fraise (avec Omnikrom)","artist":{"name":"Numéro#","mbid":"49ca6eb9-207b-44d0-9f51-affa8b061037"}},"album":{"name":"L\u0027Idéologie Des Stars","mbid":"493bcb62-ee93-4e61-bf8b-65d1bb22da84","artist":{"name":"Numéro#","mbid":"49ca6eb9-207b-44d0-9f51-affa8b061037"}},"application":"Grooveshark"},{"timestamp":{"iso":"2014-06-05T17:21:36","unixtimestamp":1401988896},"track":{"name":"wele wele","mbid":"e76dcd55-523b-48aa-880f-462dddc7d0e0","artist":{"name":"Angélique Kidjo","mbid":"80fe34d0-6b4f-4ccd-81c3-281ab37f0451"}},"uncorrectedTrack":{"name":"wele wele","mbid":"e76dcd55-523b-48aa-880f-462dddc7d0e0","artist":{"name":"Angélique Kidjo","mbid":"80fe34d0-6b4f-4ccd-81c3-281ab37f0451"}},"album":{"name":"OST FIFA 07","artist":{"name":"Angélique Kidjo","mbid":"80fe34d0-6b4f-4ccd-81c3-281ab37f0451"}},"application":"Grooveshark"},{"timestamp":{"iso":"2014-06-05T17:23:47","unixtimestamp":1401989027},"track":{"name":"Mas Que Nada","artist":{"name":"Jorge Ben","mbid":"84548d0f-ab29-487a-9c00-f489cee4e1c7"}},"uncorrectedTrack":{"name":"Mas Que Nada","mbid":"e3172b45-6320-4814-9aeb-a0afdccfd730","artist":{"name":"Jorge Ben Jor","mbid":"02b429b7-5918-4b15-89f9-de22aaf45bde"}},"album":{"name":"Acústico MTV Vol.2 - Banda do Zé Pretinho","artist":{"name":"Jorge Ben Jor","mbid":"02b429b7-5918-4b15-89f9-de22aaf45bde"}},"application":"Grooveshark"},{"timestamp":{"iso":"2014-06-05T17:28:58","unixtimestamp":1401989338},"track":{"name":"Pilotes automatiques","mbid":"8a5c1b9e-e360-4b1b-b128-cff08b53e117","artist":{"name":"La Caution","mbid":"490fd221-c73f-4cfb-a50c-13ce2a6ca76d"}},"uncorrectedTrack":{"name":"Pilotes automatiques","mbid":"8a5c1b9e-e360-4b1b-b128-cff08b53e117","artist":{"name":"La Caution","mbid":"490fd221-c73f-4cfb-a50c-13ce2a6ca76d"}},"album":{"name":"Peines de maures","mbid":"b343d9c6-50df-4728-93a9-de78e426aa00","artist":{"name":"La Caution","mbid":"490fd221-c73f-4cfb-a50c-13ce2a6ca76d"}},"application":"Grooveshark"},{"timestamp":{"iso":"2014-06-05T17:32:23","unixtimestamp":1401989543},"track":{"name":"Thé à la menthe","artist":{"name":"La Caution","mbid":"490fd221-c73f-4cfb-a50c-13ce2a6ca76d"}},"uncorrectedTrack":{"name":"Thé à la menthe","artist":{"name":"La Caution","mbid":"490fd221-c73f-4cfb-a50c-13ce2a6ca76d"}},"album":{"name":"Peines de maures","mbid":"b343d9c6-50df-4728-93a9-de78e426aa00","artist":{"name":"La Caution","mbid":"490fd221-c73f-4cfb-a50c-13ce2a6ca76d"}},"application":"Grooveshark"},{"timestamp":{"iso":"2014-06-05T17:36:08","unixtimestamp":1401989768},"track":{"name":"Madai Thiranthu","artist":{"name":"Yogi-B \u0026 Natchatra feat. Lock Up \u0027Guna\u0027"}},"uncorrectedTrack":{"name":"Madai Thiranthu","artist":{"name":"Yogi-B \u0026 Natchatra feat. Lock Up \u0027Guna\u0027"}},"album":{"name":"Vallavan","artist":{"name":"Yogi-B \u0026 Natchatra feat. Lock Up \u0027Guna\u0027"}},"application":"Grooveshark"},{"timestamp":{"iso":"2014-06-05T17:41:56","unixtimestamp":1401990116},"track":{"name":"Fly Me to Brazil","mbid":"4ff0481f-60d7-472f-981b-2126d1d19595","artist":{"name":"The Pinker Tones","mbid":"0b2e9bf1-a93d-4c6a-90c4-396d61706fd3"}},"uncorrectedTrack":{"name":"Fly Me to Brazil","mbid":"4ff0481f-60d7-472f-981b-2126d1d19595","artist":{"name":"The Pinker Tones","mbid":"0b2e9bf1-a93d-4c6a-90c4-396d61706fd3"}},"album":{"name":"The BCN Connection","mbid":"c1d04b7b-f05d-4a9a-bef6-3612f2221b99","artist":{"name":"The Pinker Tones","mbid":"0b2e9bf1-a93d-4c6a-90c4-396d61706fd3"}},"application":"Grooveshark"},{"timestamp":{"iso":"2014-06-05T17:45:16","unixtimestamp":1401990316},"track":{"name":"Efêmera","mbid":"d9266b07-3a79-47c1-9629-93bcb448462e","artist":{"name":"Tulipa Ruiz","mbid":"883cbd06-7ed2-4c5f-a5c0-8ea7792b4655"}},"uncorrectedTrack":{"name":"Efêmera","mbid":"d9266b07-3a79-47c1-9629-93bcb448462e","artist":{"name":"Tulipa Ruiz","mbid":"883cbd06-7ed2-4c5f-a5c0-8ea7792b4655"}},"album":{"name":"Efêmera","mbid":"389f3aa9-f22e-4af4-aef2-2e70b1d5227b","artist":{"name":"Tulipa Ruiz","mbid":"883cbd06-7ed2-4c5f-a5c0-8ea7792b4655"}},"application":"Grooveshark"},{"timestamp":{"iso":"2014-06-05T17:49:01","unixtimestamp":1401990541},"track":{"name":"Chewing Gum Fraise (avec Omnikrom)","artist":{"name":"Numéro#","mbid":"49ca6eb9-207b-44d0-9f51-affa8b061037"}},"uncorrectedTrack":{"name":"Chewing Gum Fraise (avec Omnikrom)","artist":{"name":"Numéro#","mbid":"49ca6eb9-207b-44d0-9f51-affa8b061037"}},"album":{"name":"L\u0027Idéologie Des Stars","mbid":"493bcb62-ee93-4e61-bf8b-65d1bb22da84","artist":{"name":"Numéro#","mbid":"49ca6eb9-207b-44d0-9f51-affa8b061037"}},"application":"Grooveshark"},{"timestamp":{"iso":"2014-06-05T17:52:25","unixtimestamp":1401990745},"track":{"name":"Majeurs à l\u0027index","mbid":"b0437226-9ba7-4b3d-802e-86fb590e38d6","artist":{"name":"La Caution","mbid":"490fd221-c73f-4cfb-a50c-13ce2a6ca76d"}},"uncorrectedTrack":{"name":"Majeurs À L\u0027index","artist":{"name":"La Caution","mbid":"490fd221-c73f-4cfb-a50c-13ce2a6ca76d"}},"album":{"name":"Peines de maures","mbid":"b343d9c6-50df-4728-93a9-de78e426aa00","artist":{"name":"La Caution","mbid":"490fd221-c73f-4cfb-a50c-13ce2a6ca76d"}},"application":"Grooveshark"},{"timestamp":{"iso":"2014-06-05T19:13:09","unixtimestamp":1401995589},"track":{"name":"Efêmera","mbid":"d9266b07-3a79-47c1-9629-93bcb448462e","artist":{"name":"Tulipa Ruiz","mbid":"883cbd06-7ed2-4c5f-a5c0-8ea7792b4655"}},"uncorrectedTrack":{"name":"Efêmera","mbid":"d9266b07-3a79-47c1-9629-93bcb448462e","artist":{"name":"Tulipa Ruiz","mbid":"883cbd06-7ed2-4c5f-a5c0-8ea7792b4655"}},"album":{"name":"Efêmera","mbid":"389f3aa9-f22e-4af4-aef2-2e70b1d5227b","artist":{"name":"Tulipa Ruiz","mbid":"883cbd06-7ed2-4c5f-a5c0-8ea7792b4655"}},"application":"Grooveshark"},{"timestamp":{"iso":"2014-06-05T19:16:54","unixtimestamp":1401995814},"track":{"name":"Chewing Gum Fraise (avec Omnikrom)","artist":{"name":"Numéro#","mbid":"49ca6eb9-207b-44d0-9f51-affa8b061037"}},"uncorrectedTrack":{"name":"Chewing Gum Fraise (avec Omnikrom)","artist":{"name":"Numéro#","mbid":"49ca6eb9-207b-44d0-9f51-affa8b061037"}},"album":{"name":"L\u0027Idéologie Des Stars","mbid":"493bcb62-ee93-4e61-bf8b-65d1bb22da84","artist":{"name":"Numéro#","mbid":"49ca6eb9-207b-44d0-9f51-affa8b061037"}},"application":"Grooveshark"},{"timestamp":{"iso":"2014-06-05T19:20:02","unixtimestamp":1401996002},"track":{"name":"Ligne de mire","mbid":"2d669557-c182-49a7-b976-9a4e82c1b1d4","artist":{"name":"La Caution","mbid":"490fd221-c73f-4cfb-a50c-13ce2a6ca76d"}},"uncorrectedTrack":{"name":"Ligne de mire","mbid":"2d669557-c182-49a7-b976-9a4e82c1b1d4","artist":{"name":"La Caution","mbid":"490fd221-c73f-4cfb-a50c-13ce2a6ca76d"}},"album":{"name":"Peines de maures","mbid":"b343d9c6-50df-4728-93a9-de78e426aa00","artist":{"name":"La Caution","mbid":"490fd221-c73f-4cfb-a50c-13ce2a6ca76d"}},"application":"Grooveshark"},{"timestamp":{"iso":"2014-06-05T19:24:07","unixtimestamp":1401996247},"track":{"name":"Majeurs à l\u0027index","mbid":"b0437226-9ba7-4b3d-802e-86fb590e38d6","artist":{"name":"La Caution","mbid":"490fd221-c73f-4cfb-a50c-13ce2a6ca76d"}},"uncorrectedTrack":{"name":"Majeurs À L\u0027index","artist":{"name":"La Caution","mbid":"490fd221-c73f-4cfb-a50c-13ce2a6ca76d"}},"album":{"name":"Peines de maures","mbid":"b343d9c6-50df-4728-93a9-de78e426aa00","artist":{"name":"La Caution","mbid":"490fd221-c73f-4cfb-a50c-13ce2a6ca76d"}},"application":"Grooveshark"},{"timestamp":{"iso":"2014-06-05T19:46:44","unixtimestamp":1401997604},"track":{"name":"Never Give Your Heart Away","artist":{"name":"Carlton \u0026 The Shoes"}},"uncorrectedTrack":{"name":"Never Give Your Heart Away","artist":{"name":"Carlton \u0026 The Shoes"}},"album":{"name":"MIXOTHEQUE SAD ROCKSTEADY VOL. 1","artist":{"name":"Carlton \u0026 The Shoes"}},"application":"Grooveshark"},{"timestamp":{"iso":"2014-06-05T19:49:54","unixtimestamp":1401997794},"track":{"name":"Love Me Forever","artist":{"name":"Carlton \u0026 The Shoes"}},"uncorrectedTrack":{"name":"Love Me Forever","artist":{"name":"Carlton \u0026 The Shoes"}},"album":{"name":"Best Of Studio One, Vol 2 (Full Up)","artist":{"name":"Carlton \u0026 The Shoes"}},"application":"Grooveshark"},{"timestamp":{"iso":"2014-06-05T20:12:46","unixtimestamp":1401999166},"track":{"name":"Never Give Your Heart Away","artist":{"name":"Carlton \u0026 The Shoes"}},"uncorrectedTrack":{"name":"Never Give Your Heart Away","artist":{"name":"Carlton \u0026 The Shoes"}},"album":{"name":"MIXOTHEQUE SAD ROCKSTEADY VOL. 1","artist":{"name":"Carlton \u0026 The Shoes"}},"application":"Grooveshark"},{"timestamp":{"iso":"2014-06-05T20:15:56","unixtimestamp":1401999356},"track":{"name":"Love Me Forever","artist":{"name":"Carlton \u0026 The Shoes"}},"uncorrectedTrack":{"name":"Love Me Forever","artist":{"name":"Carlton \u0026 The Shoes"}},"album":{"name":"Best Of Studio One, Vol 2 (Full Up)","artist":{"name":"Carlton \u0026 The Shoes"}},"application":"Grooveshark"},{"timestamp":{"iso":"2014-06-05T20:19:53","unixtimestamp":1401999593},"track":{"name":"Soloman","mbid":"22ca7fdd-a85b-41ef-9a6c-b95fba83366e","artist":{"name":"Lyn Taitt \u0026 The Jets","mbid":"3f47ebd3-2895-4483-bb9a-aa9cc0256bb4"}},"uncorrectedTrack":{"name":"Soloman","mbid":"22ca7fdd-a85b-41ef-9a6c-b95fba83366e","artist":{"name":"Lyn Taitt \u0026 The Jets","mbid":"3f47ebd3-2895-4483-bb9a-aa9cc0256bb4"}},"album":{"name":"Hold Me Tight: Anthology 65-73","mbid":"686cdd3f-2f8b-4968-977b-dcf36fe1845f","artist":{"name":"Lyn Taitt \u0026 The Jets","mbid":"3f47ebd3-2895-4483-bb9a-aa9cc0256bb4"}},"application":"Grooveshark"},{"timestamp":{"iso":"2014-06-05T20:22:46","unixtimestamp":1401999766},"track":{"name":"Copper Girl","mbid":"474ad6d5-9e34-4ce0-b177-0cb45927210b","artist":{"name":"The Maytones","mbid":"c908a9c4-cde6-4f9b-8601-584e4cb37200"}},"uncorrectedTrack":{"name":"Copper Girl","mbid":"474ad6d5-9e34-4ce0-b177-0cb45927210b","artist":{"name":"The Maytones","mbid":"c908a9c4-cde6-4f9b-8601-584e4cb37200"}},"album":{"name":"Brown Girl in the Ring","mbid":"8c7dd304-0954-445e-a8ea-6529b099d4b9","artist":{"name":"The Maytones","mbid":"c908a9c4-cde6-4f9b-8601-584e4cb37200"}},"application":"Grooveshark"},{"timestamp":{"iso":"2014-06-05T20:25:04","unixtimestamp":1401999904},"track":{"name":"Sufferer","mbid":"12b0691c-a16b-468b-ae2c-96ab4e47b58b","artist":{"name":"The Kingstonians","mbid":"ed877ee1-dddc-4fe3-9aa7-4a3486a45ead"}},"uncorrectedTrack":{"name":"Sufferer","mbid":"12b0691c-a16b-468b-ae2c-96ab4e47b58b","artist":{"name":"The Kingstonians","mbid":"ed877ee1-dddc-4fe3-9aa7-4a3486a45ead"}},"album":{"name":"Sufferer","mbid":"0b00900f-7759-4b71-91b7-50e4d543d1bc","artist":{"name":"The Kingstonians","mbid":"ed877ee1-dddc-4fe3-9aa7-4a3486a45ead"}},"application":"Grooveshark"},{"timestamp":{"iso":"2014-06-05T20:28:33","unixtimestamp":1402000113},"track":{"name":"Soul Shack","mbid":"3439e635-d0b8-40ff-a9cc-091fd6254200","artist":{"name":"Lennie Hibbert","mbid":"4062c824-e095-44da-ad73-67e418df23aa"}},"uncorrectedTrack":{"name":"Soul Shack","mbid":"3439e635-d0b8-40ff-a9cc-091fd6254200","artist":{"name":"Lennie Hibbert","mbid":"4062c824-e095-44da-ad73-67e418df23aa"}},"album":{"name":"Creation","mbid":"6251f2fe-f4c3-4986-bca2-6cc32ec6b458","artist":{"name":"Lennie Hibbert","mbid":"4062c824-e095-44da-ad73-67e418df23aa"}},"application":"Grooveshark"},{"timestamp":{"iso":"2014-06-05T20:31:42","unixtimestamp":1402000302},"track":{"name":"Blessings of Love","mbid":"30eda4f3-e5ea-42eb-bf84-ee640bd75695","artist":{"name":"Alton Ellis \u0026 The Flames","mbid":"b2311269-4bf1-4fe6-95a9-6426a4f3d738"}},"uncorrectedTrack":{"name":"Blessings of Love","mbid":"30eda4f3-e5ea-42eb-bf84-ee640bd75695","artist":{"name":"Alton Ellis \u0026 The Flames","mbid":"b2311269-4bf1-4fe6-95a9-6426a4f3d738"}},"album":{"name":"Old Skool Ska - An Anthology (Disc 1)","artist":{"name":"Alton Ellis \u0026 The Flames","mbid":"b2311269-4bf1-4fe6-95a9-6426a4f3d738"}},"application":"Grooveshark"},{"timestamp":{"iso":"2014-06-05T20:34:10","unixtimestamp":1402000450},"track":{"name":"Tribute to the President","mbid":"5abb2648-0113-41a5-baa9-e017e75c588c","artist":{"name":"Bongo Herman","mbid":"983b63c3-06c7-4d33-864e-916ad0fce63f"}},"uncorrectedTrack":{"name":"Tribute to the President","mbid":"5abb2648-0113-41a5-baa9-e017e75c588c","artist":{"name":"Bongo Herman","mbid":"983b63c3-06c7-4d33-864e-916ad0fce63f"}},"album":{"name":"Trojan Box Set: Nyahbinghi","artist":{"name":"Bongo Herman","mbid":"983b63c3-06c7-4d33-864e-916ad0fce63f"}},"application":"Grooveshark"},{"timestamp":{"iso":"2014-06-05T20:37:49","unixtimestamp":1402000669},"track":{"name":"Pressure and Slide","mbid":"714aea2e-c89b-4c68-854c-6345a090b2ca","artist":{"name":"Lyn Taitt \u0026 The Jets","mbid":"3f47ebd3-2895-4483-bb9a-aa9cc0256bb4"}},"uncorrectedTrack":{"name":"Pressure and Slide","mbid":"714aea2e-c89b-4c68-854c-6345a090b2ca","artist":{"name":"Lyn Taitt \u0026 The Jets","mbid":"3f47ebd3-2895-4483-bb9a-aa9cc0256bb4"}},"album":{"name":"Hold Me Tight: Anthology 65-73","mbid":"686cdd3f-2f8b-4968-977b-dcf36fe1845f","artist":{"name":"Lyn Taitt \u0026 The Jets","mbid":"3f47ebd3-2895-4483-bb9a-aa9cc0256bb4"}},"application":"Grooveshark"},{"timestamp":{"iso":"2014-06-05T20:40:22","unixtimestamp":1402000822},"track":{"name":"Hold Me","mbid":"929fdc4f-8bf3-4b07-8e27-efdd1e35759c","artist":{"name":"Terry Ganzie","mbid":"130eba3e-b7ed-419f-9525-845aab63488e"}},"uncorrectedTrack":{"name":"Hold Me","mbid":"929fdc4f-8bf3-4b07-8e27-efdd1e35759c","artist":{"name":"Terry Ganzie","mbid":"130eba3e-b7ed-419f-9525-845aab63488e"}},"album":{"name":"Team Up","mbid":"a048c71f-d880-4a1c-9606-8e97dd63b7cb","artist":{"name":"Terry Ganzie","mbid":"130eba3e-b7ed-419f-9525-845aab63488e"}},"application":"Grooveshark"},{"timestamp":{"iso":"2014-06-05T20:44:00","unixtimestamp":1402001040},"track":{"name":"Paranoid Circle","mbid":"60d934a1-a5ac-448c-9902-978683c3ad18","artist":{"name":"Tena Stelin"}},"uncorrectedTrack":{"name":"Paranoid Circle","mbid":"60d934a1-a5ac-448c-9902-978683c3ad18","artist":{"name":"Tena Stelin"}},"album":{"name":"Sacred Songs","mbid":"15e981f8-22ad-4fa2-a14e-caecd7dc4e57","artist":{"name":"Tena Stelin"}},"application":"Grooveshark"},{"timestamp":{"iso":"2014-06-05T20:47:52","unixtimestamp":1402001272},"track":{"name":"No Salvation Until","mbid":"4af03a0d-357e-42ff-b13e-8d92c1ce0284","artist":{"name":"Kiddus I","mbid":"90eb2af2-79af-4e72-ad60-985753ce689d"}},"uncorrectedTrack":{"name":"No Salvation Until","mbid":"4af03a0d-357e-42ff-b13e-8d92c1ce0284","artist":{"name":"Kiddus I","mbid":"90eb2af2-79af-4e72-ad60-985753ce689d"}},"album":{"name":"Inna de Yard","mbid":"2af95ad5-d839-48ea-911c-e672cfa01fc4","artist":{"name":"Kiddus I","mbid":"90eb2af2-79af-4e72-ad60-985753ce689d"}},"application":"Grooveshark"},{"timestamp":{"iso":"2014-06-13T04:52:40","unixtimestamp":1402635160},"track":{"name":"30/63 Cloud Atlas","artist":{"name":"David Mitchell","mbid":"2856c865-c3fb-4334-8eea-9a19d0e97788"}},"uncorrectedTrack":{"name":"30/63 Cloud Atlas","artist":{"name":"David Mitchell","mbid":"2856c865-c3fb-4334-8eea-9a19d0e97788"}},"album":{"name":"Cloud Atlas","artist":{"name":"David Mitchell","mbid":"2856c865-c3fb-4334-8eea-9a19d0e97788"}},"application":"Last.fm Scrobbler"},{"timestamp":{"iso":"2014-06-13T04:52:41","unixtimestamp":1402635161},"track":{"name":"30/63 Cloud Atlas","artist":{"name":"David Mitchell","mbid":"2856c865-c3fb-4334-8eea-9a19d0e97788"}},"uncorrectedTrack":{"name":"30/63 Cloud Atlas","artist":{"name":"David Mitchell","mbid":"2856c865-c3fb-4334-8eea-9a19d0e97788"}},"album":{"name":"Cloud Atlas","artist":{"name":"David Mitchell","mbid":"2856c865-c3fb-4334-8eea-9a19d0e97788"}},"application":"Last.fm Scrobbler"},{"timestamp":{"iso":"2014-06-13T04:52:42","unixtimestamp":1402635162},"track":{"name":"30/63 Cloud Atlas","artist":{"name":"David Mitchell","mbid":"2856c865-c3fb-4334-8eea-9a19d0e97788"}},"uncorrectedTrack":{"name":"30/63 Cloud Atlas","artist":{"name":"David Mitchell","mbid":"2856c865-c3fb-4334-8eea-9a19d0e97788"}},"album":{"name":"Cloud Atlas","artist":{"name":"David Mitchell","mbid":"2856c865-c3fb-4334-8eea-9a19d0e97788"}},"application":"Last.fm Scrobbler"},{"timestamp":{"iso":"2014-06-15T08:34:37","unixtimestamp":1402821277},"track":{"name":"45/63 Cloud Atlas","artist":{"name":"David Mitchell","mbid":"2856c865-c3fb-4334-8eea-9a19d0e97788"}},"uncorrectedTrack":{"name":"45/63 Cloud Atlas","artist":{"name":"David Mitchell","mbid":"2856c865-c3fb-4334-8eea-9a19d0e97788"}},"album":{"name":"Cloud Atlas","artist":{"name":"David Mitchell","mbid":"2856c865-c3fb-4334-8eea-9a19d0e97788"}},"application":"Last.fm Scrobbler"},{"timestamp":{"iso":"2014-06-16T04:40:48","unixtimestamp":1402893648},"track":{"name":"31/63 Cloud Atlas","artist":{"name":"David Mitchell","mbid":"2856c865-c3fb-4334-8eea-9a19d0e97788"}},"uncorrectedTrack":{"name":"31/63 Cloud Atlas","artist":{"name":"David Mitchell","mbid":"2856c865-c3fb-4334-8eea-9a19d0e97788"}},"album":{"name":"Cloud Atlas","artist":{"name":"David Mitchell","mbid":"2856c865-c3fb-4334-8eea-9a19d0e97788"}},"application":"Last.fm Scrobbler"},{"timestamp":{"iso":"2014-06-16T04:40:49","unixtimestamp":1402893649},"track":{"name":"31/63 Cloud Atlas","artist":{"name":"David Mitchell","mbid":"2856c865-c3fb-4334-8eea-9a19d0e97788"}},"uncorrectedTrack":{"name":"31/63 Cloud Atlas","artist":{"name":"David Mitchell","mbid":"2856c865-c3fb-4334-8eea-9a19d0e97788"}},"album":{"name":"Cloud Atlas","artist":{"name":"David Mitchell","mbid":"2856c865-c3fb-4334-8eea-9a19d0e97788"}},"application":"Last.fm Scrobbler"},{"timestamp":{"iso":"2014-06-16T04:40:50","unixtimestamp":1402893650},"track":{"name":"31/63 Cloud Atlas","artist":{"name":"David Mitchell","mbid":"2856c865-c3fb-4334-8eea-9a19d0e97788"}},"uncorrectedTrack":{"name":"31/63 Cloud Atlas","artist":{"name":"David Mitchell","mbid":"2856c865-c3fb-4334-8eea-9a19d0e97788"}},"album":{"name":"Cloud Atlas","artist":{"name":"David Mitchell","mbid":"2856c865-c3fb-4334-8eea-9a19d0e97788"}},"application":"Last.fm Scrobbler"},{"timestamp":{"iso":"2014-06-16T04:40:51","unixtimestamp":1402893651},"track":{"name":"31/63 Cloud Atlas","artist":{"name":"David Mitchell","mbid":"2856c865-c3fb-4334-8eea-9a19d0e97788"}},"uncorrectedTrack":{"name":"31/63 Cloud Atlas","artist":{"name":"David Mitchell","mbid":"2856c865-c3fb-4334-8eea-9a19d0e97788"}},"album":{"name":"Cloud Atlas","artist":{"name":"David Mitchell","mbid":"2856c865-c3fb-4334-8eea-9a19d0e97788"}},"application":"Last.fm Scrobbler"},{"timestamp":{"iso":"2014-06-16T13:59:23","unixtimestamp":1402927163},"track":{"name":"32/63 Cloud Atlas","artist":{"name":"David Mitchell","mbid":"2856c865-c3fb-4334-8eea-9a19d0e97788"}},"uncorrectedTrack":{"name":"32/63 Cloud Atlas","artist":{"name":"David Mitchell","mbid":"2856c865-c3fb-4334-8eea-9a19d0e97788"}},"album":{"name":"Cloud Atlas","artist":{"name":"David Mitchell","mbid":"2856c865-c3fb-4334-8eea-9a19d0e97788"}},"application":"Last.fm Scrobbler"},{"timestamp":{"iso":"2014-06-16T13:59:24","unixtimestamp":1402927164},"track":{"name":"32/63 Cloud Atlas","artist":{"name":"David Mitchell","mbid":"2856c865-c3fb-4334-8eea-9a19d0e97788"}},"uncorrectedTrack":{"name":"32/63 Cloud Atlas","artist":{"name":"David Mitchell","mbid":"2856c865-c3fb-4334-8eea-9a19d0e97788"}},"album":{"name":"Cloud Atlas","artist":{"name":"David Mitchell","mbid":"2856c865-c3fb-4334-8eea-9a19d0e97788"}},"application":"Last.fm Scrobbler"},{"timestamp":{"iso":"2014-06-16T13:59:25","unixtimestamp":1402927165},"track":{"name":"32/63 Cloud Atlas","artist":{"name":"David Mitchell","mbid":"2856c865-c3fb-4334-8eea-9a19d0e97788"}},"uncorrectedTrack":{"name":"32/63 Cloud Atlas","artist":{"name":"David Mitchell","mbid":"2856c865-c3fb-4334-8eea-9a19d0e97788"}},"album":{"name":"Cloud Atlas","artist":{"name":"David Mitchell","mbid":"2856c865-c3fb-4334-8eea-9a19d0e97788"}},"application":"Last.fm Scrobbler"},{"timestamp":{"iso":"2014-06-16T13:59:26","unixtimestamp":1402927166},"track":{"name":"32/63 Cloud Atlas","artist":{"name":"David Mitchell","mbid":"2856c865-c3fb-4334-8eea-9a19d0e97788"}},"uncorrectedTrack":{"name":"32/63 Cloud Atlas","artist":{"name":"David Mitchell","mbid":"2856c865-c3fb-4334-8eea-9a19d0e97788"}},"album":{"name":"Cloud Atlas","artist":{"name":"David Mitchell","mbid":"2856c865-c3fb-4334-8eea-9a19d0e97788"}},"application":"Last.fm Scrobbler"},{"timestamp":{"iso":"2014-06-16T13:59:27","unixtimestamp":1402927167},"track":{"name":"32/63 Cloud Atlas","artist":{"name":"David Mitchell","mbid":"2856c865-c3fb-4334-8eea-9a19d0e97788"}},"uncorrectedTrack":{"name":"32/63 Cloud Atlas","artist":{"name":"David Mitchell","mbid":"2856c865-c3fb-4334-8eea-9a19d0e97788"}},"album":{"name":"Cloud Atlas","artist":{"name":"David Mitchell","mbid":"2856c865-c3fb-4334-8eea-9a19d0e97788"}},"application":"Last.fm Scrobbler"},{"timestamp":{"iso":"2014-06-16T16:06:00","unixtimestamp":1402934760},"track":{"name":"33/63 Cloud Atlas","artist":{"name":"David Mitchell","mbid":"2856c865-c3fb-4334-8eea-9a19d0e97788"}},"uncorrectedTrack":{"name":"33/63 Cloud Atlas","artist":{"name":"David Mitchell","mbid":"2856c865-c3fb-4334-8eea-9a19d0e97788"}},"album":{"name":"Cloud Atlas","artist":{"name":"David Mitchell","mbid":"2856c865-c3fb-4334-8eea-9a19d0e97788"}},"application":"Last.fm Scrobbler"},{"timestamp":{"iso":"2014-06-16T16:06:01","unixtimestamp":1402934761},"track":{"name":"33/63 Cloud Atlas","artist":{"name":"David Mitchell","mbid":"2856c865-c3fb-4334-8eea-9a19d0e97788"}},"uncorrectedTrack":{"name":"33/63 Cloud Atlas","artist":{"name":"David Mitchell","mbid":"2856c865-c3fb-4334-8eea-9a19d0e97788"}},"album":{"name":"Cloud Atlas","artist":{"name":"David Mitchell","mbid":"2856c865-c3fb-4334-8eea-9a19d0e97788"}},"application":"Last.fm Scrobbler"},{"timestamp":{"iso":"2014-06-16T16:06:02","unixtimestamp":1402934762},"track":{"name":"33/63 Cloud Atlas","artist":{"name":"David Mitchell","mbid":"2856c865-c3fb-4334-8eea-9a19d0e97788"}},"uncorrectedTrack":{"name":"33/63 Cloud Atlas","artist":{"name":"David Mitchell","mbid":"2856c865-c3fb-4334-8eea-9a19d0e97788"}},"album":{"name":"Cloud Atlas","artist":{"name":"David Mitchell","mbid":"2856c865-c3fb-4334-8eea-9a19d0e97788"}},"application":"Last.fm Scrobbler"},{"timestamp":{"iso":"2014-06-16T18:09:05","unixtimestamp":1402942145},"track":{"name":"34/63 Cloud Atlas","artist":{"name":"David Mitchell","mbid":"2856c865-c3fb-4334-8eea-9a19d0e97788"}},"uncorrectedTrack":{"name":"34/63 Cloud Atlas","artist":{"name":"David Mitchell","mbid":"2856c865-c3fb-4334-8eea-9a19d0e97788"}},"album":{"name":"Cloud Atlas","artist":{"name":"David Mitchell","mbid":"2856c865-c3fb-4334-8eea-9a19d0e97788"}},"application":"Last.fm Scrobbler"},{"timestamp":{"iso":"2014-06-16T18:09:06","unixtimestamp":1402942146},"track":{"name":"34/63 Cloud Atlas","artist":{"name":"David Mitchell","mbid":"2856c865-c3fb-4334-8eea-9a19d0e97788"}},"uncorrectedTrack":{"name":"34/63 Cloud Atlas","artist":{"name":"David Mitchell","mbid":"2856c865-c3fb-4334-8eea-9a19d0e97788"}},"album":{"name":"Cloud Atlas","artist":{"name":"David Mitchell","mbid":"2856c865-c3fb-4334-8eea-9a19d0e97788"}},"application":"Last.fm Scrobbler"},{"timestamp":{"iso":"2014-06-16T18:28:18","unixtimestamp":1402943298},"track":{"name":"35/63 Cloud Atlas","artist":{"name":"David Mitchell","mbid":"2856c865-c3fb-4334-8eea-9a19d0e97788"}},"uncorrectedTrack":{"name":"35/63 Cloud Atlas","artist":{"name":"David Mitchell","mbid":"2856c865-c3fb-4334-8eea-9a19d0e97788"}},"album":{"name":"Cloud Atlas","artist":{"name":"David Mitchell","mbid":"2856c865-c3fb-4334-8eea-9a19d0e97788"}},"application":"Last.fm Scrobbler"},{"timestamp":{"iso":"2014-06-16T18:28:19","unixtimestamp":1402943299},"track":{"name":"35/63 Cloud Atlas","artist":{"name":"David Mitchell","mbid":"2856c865-c3fb-4334-8eea-9a19d0e97788"}},"uncorrectedTrack":{"name":"35/63 Cloud Atlas","artist":{"name":"David Mitchell","mbid":"2856c865-c3fb-4334-8eea-9a19d0e97788"}},"album":{"name":"Cloud Atlas","artist":{"name":"David Mitchell","mbid":"2856c865-c3fb-4334-8eea-9a19d0e97788"}},"application":"Last.fm Scrobbler"},{"timestamp":{"iso":"2014-06-16T19:28:51","unixtimestamp":1402946931},"track":{"name":"36/63 Cloud Atlas","artist":{"name":"David Mitchell","mbid":"2856c865-c3fb-4334-8eea-9a19d0e97788"}},"uncorrectedTrack":{"name":"36/63 Cloud Atlas","artist":{"name":"David Mitchell","mbid":"2856c865-c3fb-4334-8eea-9a19d0e97788"}},"album":{"name":"Cloud Atlas","artist":{"name":"David Mitchell","mbid":"2856c865-c3fb-4334-8eea-9a19d0e97788"}},"application":"Last.fm Scrobbler"},{"timestamp":{"iso":"2014-06-16T19:28:52","unixtimestamp":1402946932},"track":{"name":"36/63 Cloud Atlas","artist":{"name":"David Mitchell","mbid":"2856c865-c3fb-4334-8eea-9a19d0e97788"}},"uncorrectedTrack":{"name":"36/63 Cloud Atlas","artist":{"name":"David Mitchell","mbid":"2856c865-c3fb-4334-8eea-9a19d0e97788"}},"album":{"name":"Cloud Atlas","artist":{"name":"David Mitchell","mbid":"2856c865-c3fb-4334-8eea-9a19d0e97788"}},"application":"Last.fm Scrobbler"},{"timestamp":{"iso":"2014-06-16T19:46:42","unixtimestamp":1402948002},"track":{"name":"37/63 Cloud Atlas","artist":{"name":"David Mitchell","mbid":"2856c865-c3fb-4334-8eea-9a19d0e97788"}},"uncorrectedTrack":{"name":"37/63 Cloud Atlas","artist":{"name":"David Mitchell","mbid":"2856c865-c3fb-4334-8eea-9a19d0e97788"}},"album":{"name":"Cloud Atlas","artist":{"name":"David Mitchell","mbid":"2856c865-c3fb-4334-8eea-9a19d0e97788"}},"application":"Last.fm Scrobbler"},{"timestamp":{"iso":"2014-06-16T19:46:43","unixtimestamp":1402948003},"track":{"name":"37/63 Cloud Atlas","artist":{"name":"David Mitchell","mbid":"2856c865-c3fb-4334-8eea-9a19d0e97788"}},"uncorrectedTrack":{"name":"37/63 Cloud Atlas","artist":{"name":"David Mitchell","mbid":"2856c865-c3fb-4334-8eea-9a19d0e97788"}},"album":{"name":"Cloud Atlas","artist":{"name":"David Mitchell","mbid":"2856c865-c3fb-4334-8eea-9a19d0e97788"}},"application":"Last.fm Scrobbler"},{"timestamp":{"iso":"2014-06-16T20:10:22","unixtimestamp":1402949422},"track":{"name":"38/63 Cloud Atlas","artist":{"name":"David Mitchell","mbid":"2856c865-c3fb-4334-8eea-9a19d0e97788"}},"uncorrectedTrack":{"name":"38/63 Cloud Atlas","artist":{"name":"David Mitchell","mbid":"2856c865-c3fb-4334-8eea-9a19d0e97788"}},"album":{"name":"Cloud Atlas","artist":{"name":"David Mitchell","mbid":"2856c865-c3fb-4334-8eea-9a19d0e97788"}},"application":"Last.fm Scrobbler"},{"timestamp":{"iso":"2014-06-16T20:10:23","unixtimestamp":1402949423},"track":{"name":"38/63 Cloud Atlas","artist":{"name":"David Mitchell","mbid":"2856c865-c3fb-4334-8eea-9a19d0e97788"}},"uncorrectedTrack":{"name":"38/63 Cloud Atlas","artist":{"name":"David Mitchell","mbid":"2856c865-c3fb-4334-8eea-9a19d0e97788"}},"album":{"name":"Cloud Atlas","artist":{"name":"David Mitchell","mbid":"2856c865-c3fb-4334-8eea-9a19d0e97788"}},"application":"Last.fm Scrobbler"},{"timestamp":{"iso":"2014-06-16T23:42:55","unixtimestamp":1402962175},"track":{"name":"39/63 Cloud Atlas","artist":{"name":"David Mitchell","mbid":"2856c865-c3fb-4334-8eea-9a19d0e97788"}},"uncorrectedTrack":{"name":"39/63 Cloud Atlas","artist":{"name":"David Mitchell","mbid":"2856c865-c3fb-4334-8eea-9a19d0e97788"}},"album":{"name":"Cloud Atlas","artist":{"name":"David Mitchell","mbid":"2856c865-c3fb-4334-8eea-9a19d0e97788"}},"application":"Last.fm Scrobbler"},{"timestamp":{"iso":"2014-06-16T23:42:56","unixtimestamp":1402962176},"track":{"name":"39/63 Cloud Atlas","artist":{"name":"David Mitchell","mbid":"2856c865-c3fb-4334-8eea-9a19d0e97788"}},"uncorrectedTrack":{"name":"39/63 Cloud Atlas","artist":{"name":"David Mitchell","mbid":"2856c865-c3fb-4334-8eea-9a19d0e97788"}},"album":{"name":"Cloud Atlas","artist":{"name":"David Mitchell","mbid":"2856c865-c3fb-4334-8eea-9a19d0e97788"}},"application":"Last.fm Scrobbler"},{"timestamp":{"iso":"2014-06-16T23:42:57","unixtimestamp":1402962177},"track":{"name":"39/63 Cloud Atlas","artist":{"name":"David Mitchell","mbid":"2856c865-c3fb-4334-8eea-9a19d0e97788"}},"uncorrectedTrack":{"name":"39/63 Cloud Atlas","artist":{"name":"David Mitchell","mbid":"2856c865-c3fb-4334-8eea-9a19d0e97788"}},"album":{"name":"Cloud Atlas","artist":{"name":"David Mitchell","mbid":"2856c865-c3fb-4334-8eea-9a19d0e97788"}},"application":"Last.fm Scrobbler"},{"timestamp":{"iso":"2014-06-16T23:57:50","unixtimestamp":1402963070},"track":{"name":"40/63 Cloud Atlas","artist":{"name":"David Mitchell","mbid":"2856c865-c3fb-4334-8eea-9a19d0e97788"}},"uncorrectedTrack":{"name":"40/63 Cloud Atlas","artist":{"name":"David Mitchell","mbid":"2856c865-c3fb-4334-8eea-9a19d0e97788"}},"album":{"name":"Cloud Atlas","artist":{"name":"David Mitchell","mbid":"2856c865-c3fb-4334-8eea-9a19d0e97788"}},"application":"Last.fm Scrobbler"},{"timestamp":{"iso":"2014-06-16T23:57:51","unixtimestamp":1402963071},"track":{"name":"40/63 Cloud Atlas","artist":{"name":"David Mitchell","mbid":"2856c865-c3fb-4334-8eea-9a19d0e97788"}},"uncorrectedTrack":{"name":"40/63 Cloud Atlas","artist":{"name":"David Mitchell","mbid":"2856c865-c3fb-4334-8eea-9a19d0e97788"}},"album":{"name":"Cloud Atlas","artist":{"name":"David Mitchell","mbid":"2856c865-c3fb-4334-8eea-9a19d0e97788"}},"application":"Last.fm Scrobbler"},{"timestamp":{"iso":"2014-06-17T05:18:03","unixtimestamp":1402982283},"track":{"name":"41/63 Cloud Atlas","artist":{"name":"David Mitchell","mbid":"2856c865-c3fb-4334-8eea-9a19d0e97788"}},"uncorrectedTrack":{"name":"41/63 Cloud Atlas","artist":{"name":"David Mitchell","mbid":"2856c865-c3fb-4334-8eea-9a19d0e97788"}},"album":{"name":"Cloud Atlas","artist":{"name":"David Mitchell","mbid":"2856c865-c3fb-4334-8eea-9a19d0e97788"}},"application":"Last.fm Scrobbler"},{"timestamp":{"iso":"2014-06-17T05:18:04","unixtimestamp":1402982284},"track":{"name":"41/63 Cloud Atlas","artist":{"name":"David Mitchell","mbid":"2856c865-c3fb-4334-8eea-9a19d0e97788"}},"uncorrectedTrack":{"name":"41/63 Cloud Atlas","artist":{"name":"David Mitchell","mbid":"2856c865-c3fb-4334-8eea-9a19d0e97788"}},"album":{"name":"Cloud Atlas","artist":{"name":"David Mitchell","mbid":"2856c865-c3fb-4334-8eea-9a19d0e97788"}},"application":"Last.fm Scrobbler"},{"timestamp":{"iso":"2014-06-17T14:00:13","unixtimestamp":1403013613},"track":{"name":"42/63 Cloud Atlas","artist":{"name":"David Mitchell","mbid":"2856c865-c3fb-4334-8eea-9a19d0e97788"}},"uncorrectedTrack":{"name":"42/63 Cloud Atlas","artist":{"name":"David Mitchell","mbid":"2856c865-c3fb-4334-8eea-9a19d0e97788"}},"album":{"name":"Cloud Atlas","artist":{"name":"David Mitchell","mbid":"2856c865-c3fb-4334-8eea-9a19d0e97788"}},"application":"Last.fm Scrobbler"},{"timestamp":{"iso":"2014-06-17T14:00:14","unixtimestamp":1403013614},"track":{"name":"42/63 Cloud Atlas","artist":{"name":"David Mitchell","mbid":"2856c865-c3fb-4334-8eea-9a19d0e97788"}},"uncorrectedTrack":{"name":"42/63 Cloud Atlas","artist":{"name":"David Mitchell","mbid":"2856c865-c3fb-4334-8eea-9a19d0e97788"}},"album":{"name":"Cloud Atlas","artist":{"name":"David Mitchell","mbid":"2856c865-c3fb-4334-8eea-9a19d0e97788"}},"application":"Last.fm Scrobbler"},{"timestamp":{"iso":"2014-06-17T14:00:15","unixtimestamp":1403013615},"track":{"name":"42/63 Cloud Atlas","artist":{"name":"David Mitchell","mbid":"2856c865-c3fb-4334-8eea-9a19d0e97788"}},"uncorrectedTrack":{"name":"42/63 Cloud Atlas","artist":{"name":"David Mitchell","mbid":"2856c865-c3fb-4334-8eea-9a19d0e97788"}},"album":{"name":"Cloud Atlas","artist":{"name":"David Mitchell","mbid":"2856c865-c3fb-4334-8eea-9a19d0e97788"}},"application":"Last.fm Scrobbler"},{"timestamp":{"iso":"2014-06-17T14:00:16","unixtimestamp":1403013616},"track":{"name":"42/63 Cloud Atlas","artist":{"name":"David Mitchell","mbid":"2856c865-c3fb-4334-8eea-9a19d0e97788"}},"uncorrectedTrack":{"name":"42/63 Cloud Atlas","artist":{"name":"David Mitchell","mbid":"2856c865-c3fb-4334-8eea-9a19d0e97788"}},"album":{"name":"Cloud Atlas","artist":{"name":"David Mitchell","mbid":"2856c865-c3fb-4334-8eea-9a19d0e97788"}},"application":"Last.fm Scrobbler"},{"timestamp":{"iso":"2014-06-17T16:33:50","unixtimestamp":1403022830},"track":{"name":"43/63 Cloud Atlas","artist":{"name":"David Mitchell","mbid":"2856c865-c3fb-4334-8eea-9a19d0e97788"}},"uncorrectedTrack":{"name":"43/63 Cloud Atlas","artist":{"name":"David Mitchell","mbid":"2856c865-c3fb-4334-8eea-9a19d0e97788"}},"album":{"name":"Cloud Atlas","artist":{"name":"David Mitchell","mbid":"2856c865-c3fb-4334-8eea-9a19d0e97788"}},"application":"Last.fm Scrobbler"},{"timestamp":{"iso":"2014-06-17T16:33:51","unixtimestamp":1403022831},"track":{"name":"43/63 Cloud Atlas","artist":{"name":"David Mitchell","mbid":"2856c865-c3fb-4334-8eea-9a19d0e97788"}},"uncorrectedTrack":{"name":"43/63 Cloud Atlas","artist":{"name":"David Mitchell","mbid":"2856c865-c3fb-4334-8eea-9a19d0e97788"}},"album":{"name":"Cloud Atlas","artist":{"name":"David Mitchell","mbid":"2856c865-c3fb-4334-8eea-9a19d0e97788"}},"application":"Last.fm Scrobbler"},{"timestamp":{"iso":"2014-06-18T00:23:54","unixtimestamp":1403051034},"track":{"name":"44/63 Cloud Atlas","artist":{"name":"David Mitchell","mbid":"2856c865-c3fb-4334-8eea-9a19d0e97788"}},"uncorrectedTrack":{"name":"44/63 Cloud Atlas","artist":{"name":"David Mitchell","mbid":"2856c865-c3fb-4334-8eea-9a19d0e97788"}},"album":{"name":"Cloud Atlas","artist":{"name":"David Mitchell","mbid":"2856c865-c3fb-4334-8eea-9a19d0e97788"}},"application":"Last.fm Scrobbler"},{"timestamp":{"iso":"2014-06-18T00:23:55","unixtimestamp":1403051035},"track":{"name":"44/63 Cloud Atlas","artist":{"name":"David Mitchell","mbid":"2856c865-c3fb-4334-8eea-9a19d0e97788"}},"uncorrectedTrack":{"name":"44/63 Cloud Atlas","artist":{"name":"David Mitchell","mbid":"2856c865-c3fb-4334-8eea-9a19d0e97788"}},"album":{"name":"Cloud Atlas","artist":{"name":"David Mitchell","mbid":"2856c865-c3fb-4334-8eea-9a19d0e97788"}},"application":"Last.fm Scrobbler"},{"timestamp":{"iso":"2014-06-18T03:19:03","unixtimestamp":1403061543},"track":{"name":"45/63 Cloud Atlas","artist":{"name":"David Mitchell","mbid":"2856c865-c3fb-4334-8eea-9a19d0e97788"}},"uncorrectedTrack":{"name":"45/63 Cloud Atlas","artist":{"name":"David Mitchell","mbid":"2856c865-c3fb-4334-8eea-9a19d0e97788"}},"album":{"name":"Cloud Atlas","artist":{"name":"David Mitchell","mbid":"2856c865-c3fb-4334-8eea-9a19d0e97788"}},"application":"Last.fm Scrobbler"},{"timestamp":{"iso":"2014-06-18T03:25:53","unixtimestamp":1403061953},"track":{"name":"46/63 Cloud Atlas","artist":{"name":"David Mitchell","mbid":"2856c865-c3fb-4334-8eea-9a19d0e97788"}},"uncorrectedTrack":{"name":"46/63 Cloud Atlas","artist":{"name":"David Mitchell","mbid":"2856c865-c3fb-4334-8eea-9a19d0e97788"}},"album":{"name":"Cloud Atlas","artist":{"name":"David Mitchell","mbid":"2856c865-c3fb-4334-8eea-9a19d0e97788"}},"application":"Last.fm Scrobbler"},{"timestamp":{"iso":"2014-06-18T14:17:33","unixtimestamp":1403101053},"track":{"name":"46/63 Cloud Atlas","artist":{"name":"David Mitchell","mbid":"2856c865-c3fb-4334-8eea-9a19d0e97788"}},"uncorrectedTrack":{"name":"46/63 Cloud Atlas","artist":{"name":"David Mitchell","mbid":"2856c865-c3fb-4334-8eea-9a19d0e97788"}},"album":{"name":"Cloud Atlas","artist":{"name":"David Mitchell","mbid":"2856c865-c3fb-4334-8eea-9a19d0e97788"}},"application":"Last.fm Scrobbler"},{"timestamp":{"iso":"2014-06-18T14:17:34","unixtimestamp":1403101054},"track":{"name":"46/63 Cloud Atlas","artist":{"name":"David Mitchell","mbid":"2856c865-c3fb-4334-8eea-9a19d0e97788"}},"uncorrectedTrack":{"name":"46/63 Cloud Atlas","artist":{"name":"David Mitchell","mbid":"2856c865-c3fb-4334-8eea-9a19d0e97788"}},"album":{"name":"Cloud Atlas","artist":{"name":"David Mitchell","mbid":"2856c865-c3fb-4334-8eea-9a19d0e97788"}},"application":"Last.fm Scrobbler"},{"timestamp":{"iso":"2014-06-18T14:37:15","unixtimestamp":1403102235},"track":{"name":"47/63 Cloud Atlas","artist":{"name":"David Mitchell","mbid":"2856c865-c3fb-4334-8eea-9a19d0e97788"}},"uncorrectedTrack":{"name":"47/63 Cloud Atlas","artist":{"name":"David Mitchell","mbid":"2856c865-c3fb-4334-8eea-9a19d0e97788"}},"album":{"name":"Cloud Atlas","artist":{"name":"David Mitchell","mbid":"2856c865-c3fb-4334-8eea-9a19d0e97788"}},"application":"Last.fm Scrobbler"},{"timestamp":{"iso":"2014-06-18T22:33:54","unixtimestamp":1403130834},"track":{"name":"48/63 Cloud Atlas","artist":{"name":"David Mitchell","mbid":"2856c865-c3fb-4334-8eea-9a19d0e97788"}},"uncorrectedTrack":{"name":"48/63 Cloud Atlas","artist":{"name":"David Mitchell","mbid":"2856c865-c3fb-4334-8eea-9a19d0e97788"}},"album":{"name":"Cloud Atlas","artist":{"name":"David Mitchell","mbid":"2856c865-c3fb-4334-8eea-9a19d0e97788"}},"application":"Last.fm Scrobbler"},{"timestamp":{"iso":"2014-06-18T23:27:21","unixtimestamp":1403134041},"track":{"name":"49/63 Cloud Atlas","artist":{"name":"David Mitchell","mbid":"2856c865-c3fb-4334-8eea-9a19d0e97788"}},"uncorrectedTrack":{"name":"49/63 Cloud Atlas","artist":{"name":"David Mitchell","mbid":"2856c865-c3fb-4334-8eea-9a19d0e97788"}},"album":{"name":"Cloud Atlas","artist":{"name":"David Mitchell","mbid":"2856c865-c3fb-4334-8eea-9a19d0e97788"}},"application":"Last.fm Scrobbler"},{"timestamp":{"iso":"2014-06-18T23:58:50","unixtimestamp":1403135930},"track":{"name":"51/63 Cloud Atlas","artist":{"name":"David Mitchell","mbid":"2856c865-c3fb-4334-8eea-9a19d0e97788"}},"uncorrectedTrack":{"name":"51/63 Cloud Atlas","artist":{"name":"David Mitchell","mbid":"2856c865-c3fb-4334-8eea-9a19d0e97788"}},"album":{"name":"Cloud Atlas","artist":{"name":"David Mitchell","mbid":"2856c865-c3fb-4334-8eea-9a19d0e97788"}},"application":"Last.fm Scrobbler"},{"timestamp":{"iso":"2014-06-19T00:17:18","unixtimestamp":1403137038},"track":{"name":"52/63 Cloud Atlas","artist":{"name":"David Mitchell","mbid":"2856c865-c3fb-4334-8eea-9a19d0e97788"}},"uncorrectedTrack":{"name":"52/63 Cloud Atlas","artist":{"name":"David Mitchell","mbid":"2856c865-c3fb-4334-8eea-9a19d0e97788"}},"album":{"name":"Cloud Atlas","artist":{"name":"David Mitchell","mbid":"2856c865-c3fb-4334-8eea-9a19d0e97788"}},"application":"Last.fm Scrobbler"},{"timestamp":{"iso":"2014-06-19T00:37:32","unixtimestamp":1403138252},"track":{"name":"53/63 Cloud Atlas","artist":{"name":"David Mitchell","mbid":"2856c865-c3fb-4334-8eea-9a19d0e97788"}},"uncorrectedTrack":{"name":"53/63 Cloud Atlas","artist":{"name":"David Mitchell","mbid":"2856c865-c3fb-4334-8eea-9a19d0e97788"}},"album":{"name":"Cloud Atlas","artist":{"name":"David Mitchell","mbid":"2856c865-c3fb-4334-8eea-9a19d0e97788"}},"application":"Last.fm Scrobbler"},{"timestamp":{"iso":"2014-06-19T00:56:45","unixtimestamp":1403139405},"track":{"name":"54/63 Cloud Atlas","artist":{"name":"David Mitchell","mbid":"2856c865-c3fb-4334-8eea-9a19d0e97788"}},"uncorrectedTrack":{"name":"54/63 Cloud Atlas","artist":{"name":"David Mitchell","mbid":"2856c865-c3fb-4334-8eea-9a19d0e97788"}},"album":{"name":"Cloud Atlas","artist":{"name":"David Mitchell","mbid":"2856c865-c3fb-4334-8eea-9a19d0e97788"}},"application":"Last.fm Scrobbler"},{"timestamp":{"iso":"2014-06-19T01:15:06","unixtimestamp":1403140506},"track":{"name":"55/63 Cloud Atlas","artist":{"name":"David Mitchell","mbid":"2856c865-c3fb-4334-8eea-9a19d0e97788"}},"uncorrectedTrack":{"name":"55/63 Cloud Atlas","artist":{"name":"David Mitchell","mbid":"2856c865-c3fb-4334-8eea-9a19d0e97788"}},"album":{"name":"Cloud Atlas","artist":{"name":"David Mitchell","mbid":"2856c865-c3fb-4334-8eea-9a19d0e97788"}},"application":"Last.fm Scrobbler"},{"timestamp":{"iso":"2014-06-19T01:33:32","unixtimestamp":1403141612},"track":{"name":"56/63 Cloud Atlas","artist":{"name":"David Mitchell","mbid":"2856c865-c3fb-4334-8eea-9a19d0e97788"}},"uncorrectedTrack":{"name":"56/63 Cloud Atlas","artist":{"name":"David Mitchell","mbid":"2856c865-c3fb-4334-8eea-9a19d0e97788"}},"album":{"name":"Cloud Atlas","artist":{"name":"David Mitchell","mbid":"2856c865-c3fb-4334-8eea-9a19d0e97788"}},"application":"Last.fm Scrobbler"},{"timestamp":{"iso":"2014-06-19T02:49:08","unixtimestamp":1403146148},"track":{"name":"57/63 Cloud Atlas","artist":{"name":"David Mitchell","mbid":"2856c865-c3fb-4334-8eea-9a19d0e97788"}},"uncorrectedTrack":{"name":"57/63 Cloud Atlas","artist":{"name":"David Mitchell","mbid":"2856c865-c3fb-4334-8eea-9a19d0e97788"}},"album":{"name":"Cloud Atlas","artist":{"name":"David Mitchell","mbid":"2856c865-c3fb-4334-8eea-9a19d0e97788"}},"application":"Last.fm Scrobbler"},{"timestamp":{"iso":"2014-06-19T04:23:58","unixtimestamp":1403151838},"track":{"name":"58/63 Cloud Atlas","artist":{"name":"David Mitchell","mbid":"2856c865-c3fb-4334-8eea-9a19d0e97788"}},"uncorrectedTrack":{"name":"58/63 Cloud Atlas","artist":{"name":"David Mitchell","mbid":"2856c865-c3fb-4334-8eea-9a19d0e97788"}},"album":{"name":"Cloud Atlas","artist":{"name":"David Mitchell","mbid":"2856c865-c3fb-4334-8eea-9a19d0e97788"}},"application":"Last.fm Scrobbler"},{"timestamp":{"iso":"2014-06-19T04:44:11","unixtimestamp":1403153051},"track":{"name":"59/63 Cloud Atlas","artist":{"name":"David Mitchell","mbid":"2856c865-c3fb-4334-8eea-9a19d0e97788"}},"uncorrectedTrack":{"name":"59/63 Cloud Atlas","artist":{"name":"David Mitchell","mbid":"2856c865-c3fb-4334-8eea-9a19d0e97788"}},"album":{"name":"Cloud Atlas","artist":{"name":"David Mitchell","mbid":"2856c865-c3fb-4334-8eea-9a19d0e97788"}},"application":"Last.fm Scrobbler"},{"timestamp":{"iso":"2014-06-19T05:07:26","unixtimestamp":1403154446},"track":{"name":"60/63 Cloud Atlas","artist":{"name":"David Mitchell","mbid":"2856c865-c3fb-4334-8eea-9a19d0e97788"}},"uncorrectedTrack":{"name":"60/63 Cloud Atlas","artist":{"name":"David Mitchell","mbid":"2856c865-c3fb-4334-8eea-9a19d0e97788"}},"album":{"name":"Cloud Atlas","artist":{"name":"David Mitchell","mbid":"2856c865-c3fb-4334-8eea-9a19d0e97788"}},"application":"Last.fm Scrobbler"},{"timestamp":{"iso":"2014-06-19T05:26:34","unixtimestamp":1403155594},"track":{"name":"61/63 Cloud Atlas","artist":{"name":"David Mitchell","mbid":"2856c865-c3fb-4334-8eea-9a19d0e97788"}},"uncorrectedTrack":{"name":"61/63 Cloud Atlas","artist":{"name":"David Mitchell","mbid":"2856c865-c3fb-4334-8eea-9a19d0e97788"}},"album":{"name":"Cloud Atlas","artist":{"name":"David Mitchell","mbid":"2856c865-c3fb-4334-8eea-9a19d0e97788"}},"application":"Last.fm Scrobbler"},{"timestamp":{"iso":"2014-06-19T05:45:52","unixtimestamp":1403156752},"track":{"name":"62/63 Cloud Atlas","artist":{"name":"David Mitchell","mbid":"2856c865-c3fb-4334-8eea-9a19d0e97788"}},"uncorrectedTrack":{"name":"62/63 Cloud Atlas","artist":{"name":"David Mitchell","mbid":"2856c865-c3fb-4334-8eea-9a19d0e97788"}},"album":{"name":"Cloud Atlas","artist":{"name":"David Mitchell","mbid":"2856c865-c3fb-4334-8eea-9a19d0e97788"}},"application":"Last.fm Scrobbler"},{"timestamp":{"iso":"2014-06-19T13:53:07","unixtimestamp":1403185987},"track":{"name":"60/63 Cloud Atlas","artist":{"name":"David Mitchell","mbid":"2856c865-c3fb-4334-8eea-9a19d0e97788"}},"uncorrectedTrack":{"name":"60/63 Cloud Atlas","artist":{"name":"David Mitchell","mbid":"2856c865-c3fb-4334-8eea-9a19d0e97788"}},"album":{"name":"Cloud Atlas","artist":{"name":"David Mitchell","mbid":"2856c865-c3fb-4334-8eea-9a19d0e97788"}},"application":"Last.fm Scrobbler"},{"timestamp":{"iso":"2014-06-19T14:17:29","unixtimestamp":1403187449},"track":{"name":"61/63 Cloud Atlas","artist":{"name":"David Mitchell","mbid":"2856c865-c3fb-4334-8eea-9a19d0e97788"}},"uncorrectedTrack":{"name":"61/63 Cloud Atlas","artist":{"name":"David Mitchell","mbid":"2856c865-c3fb-4334-8eea-9a19d0e97788"}},"album":{"name":"Cloud Atlas","artist":{"name":"David Mitchell","mbid":"2856c865-c3fb-4334-8eea-9a19d0e97788"}},"application":"Last.fm Scrobbler"},{"timestamp":{"iso":"2014-06-19T14:36:42","unixtimestamp":1403188602},"track":{"name":"62/63 Cloud Atlas","artist":{"name":"David Mitchell","mbid":"2856c865-c3fb-4334-8eea-9a19d0e97788"}},"uncorrectedTrack":{"name":"62/63 Cloud Atlas","artist":{"name":"David Mitchell","mbid":"2856c865-c3fb-4334-8eea-9a19d0e97788"}},"album":{"name":"Cloud Atlas","artist":{"name":"David Mitchell","mbid":"2856c865-c3fb-4334-8eea-9a19d0e97788"}},"application":"Last.fm Scrobbler"},{"timestamp":{"iso":"2014-06-19T15:02:35","unixtimestamp":1403190155},"track":{"name":"63/63 Cloud Atlas","artist":{"name":"David Mitchell","mbid":"2856c865-c3fb-4334-8eea-9a19d0e97788"}},"uncorrectedTrack":{"name":"63/63 Cloud Atlas","artist":{"name":"David Mitchell","mbid":"2856c865-c3fb-4334-8eea-9a19d0e97788"}},"album":{"name":"Cloud Atlas","artist":{"name":"David Mitchell","mbid":"2856c865-c3fb-4334-8eea-9a19d0e97788"}},"application":"Last.fm Scrobbler"},{"timestamp":{"iso":"2014-06-19T15:29:20","unixtimestamp":1403191760},"track":{"name":"First Among Equals 1A","artist":{"name":"Jeffrey Archer","mbid":"5e569ca1-8e26-44e3-b308-feea8281441e"}},"uncorrectedTrack":{"name":"First Among Equals 1A","artist":{"name":"Jeffrey Archer","mbid":"5e569ca1-8e26-44e3-b308-feea8281441e"}},"album":{"name":"First Among Equals","artist":{"name":"Jeffrey Archer","mbid":"5e569ca1-8e26-44e3-b308-feea8281441e"}},"application":"Last.fm Scrobbler"},{"timestamp":{"iso":"2014-06-19T17:26:53","unixtimestamp":1403198813},"track":{"name":"First Among Equals 1B","artist":{"name":"Jeffrey Archer","mbid":"5e569ca1-8e26-44e3-b308-feea8281441e"}},"uncorrectedTrack":{"name":"First Among Equals 1B","artist":{"name":"Jeffrey Archer","mbid":"5e569ca1-8e26-44e3-b308-feea8281441e"}},"album":{"name":"First Among Equals","artist":{"name":"Jeffrey Archer","mbid":"5e569ca1-8e26-44e3-b308-feea8281441e"}},"application":"Last.fm Scrobbler"},{"timestamp":{"iso":"2014-06-20T18:17:51","unixtimestamp":1403288271},"track":{"name":"Novias","mbid":"b4de7318-5e65-450c-baf2-d1cfac5e4b78","artist":{"name":"El Guincho","mbid":"7e57d8a2-e6eb-48dd-8e50-ff7eaa412ccb"}},"uncorrectedTrack":{"name":"Novias","mbid":"b4de7318-5e65-450c-baf2-d1cfac5e4b78","artist":{"name":"El Guincho","mbid":"7e57d8a2-e6eb-48dd-8e50-ff7eaa412ccb"}},"album":{"name":"Pop Negro","mbid":"d1155ca2-d814-4f17-9426-743189f8d853","artist":{"name":"El Guincho","mbid":"7e57d8a2-e6eb-48dd-8e50-ff7eaa412ccb"}},"application":"Grooveshark"},{"timestamp":{"iso":"2014-06-20T18:40:49","unixtimestamp":1403289649},"track":{"name":"FM Tan Sexy","mbid":"cf9f332a-9161-4193-86a5-60f233256c87","artist":{"name":"El Guincho","mbid":"7e57d8a2-e6eb-48dd-8e50-ff7eaa412ccb"}},"uncorrectedTrack":{"name":"FM Tan Sexy","mbid":"cf9f332a-9161-4193-86a5-60f233256c87","artist":{"name":"El Guincho","mbid":"7e57d8a2-e6eb-48dd-8e50-ff7eaa412ccb"}},"album":{"name":"Pop Negro","mbid":"d1155ca2-d814-4f17-9426-743189f8d853","artist":{"name":"El Guincho","mbid":"7e57d8a2-e6eb-48dd-8e50-ff7eaa412ccb"}},"application":"Grooveshark"},{"timestamp":{"iso":"2014-06-20T18:48:44","unixtimestamp":1403290124},"track":{"name":"All That You Give","mbid":"91247ee5-9e3d-401c-b5b2-8bf63c11ec71","artist":{"name":"The Cinematic Orchestra","mbid":"7c158ea8-c0aa-410e-bdc1-20bba9759577"}},"uncorrectedTrack":{"name":"All That You Give","mbid":"91247ee5-9e3d-401c-b5b2-8bf63c11ec71","artist":{"name":"The Cinematic Orchestra","mbid":"7c158ea8-c0aa-410e-bdc1-20bba9759577"}},"album":{"name":"Every Day","mbid":"44270faa-917a-4415-be27-d7f0aab94d52","artist":{"name":"The Cinematic Orchestra","mbid":"7c158ea8-c0aa-410e-bdc1-20bba9759577"}},"application":"Grooveshark"},{"timestamp":{"iso":"2014-06-20T18:54:50","unixtimestamp":1403290490},"track":{"name":"Cinematic Orchestra - Burn Out","artist":{"name":"The Cinematic Orchestra","mbid":"7c158ea8-c0aa-410e-bdc1-20bba9759577"}},"uncorrectedTrack":{"name":"Cinematic Orchestra - Burn Out","artist":{"name":"The Cinematic Orchestra","mbid":"7c158ea8-c0aa-410e-bdc1-20bba9759577"}},"album":{"name":"Every Day","mbid":"44270faa-917a-4415-be27-d7f0aab94d52","artist":{"name":"The Cinematic Orchestra","mbid":"7c158ea8-c0aa-410e-bdc1-20bba9759577"}},"application":"Grooveshark"},{"timestamp":{"iso":"2014-06-20T19:05:04","unixtimestamp":1403291104},"track":{"name":"Cinematic Orchestra - Flite","artist":{"name":"The Cinematic Orchestra","mbid":"7c158ea8-c0aa-410e-bdc1-20bba9759577"}},"uncorrectedTrack":{"name":"Cinematic Orchestra - Flite","artist":{"name":"The Cinematic Orchestra","mbid":"7c158ea8-c0aa-410e-bdc1-20bba9759577"}},"album":{"name":"Every Day","mbid":"44270faa-917a-4415-be27-d7f0aab94d52","artist":{"name":"The Cinematic Orchestra","mbid":"7c158ea8-c0aa-410e-bdc1-20bba9759577"}},"application":"Grooveshark"},{"timestamp":{"iso":"2014-06-20T19:11:40","unixtimestamp":1403291500},"track":{"name":"Evolution - The Cinematic Orchestra, Fontella Bass","artist":{"name":"The Cinematic Orchestra","mbid":"7c158ea8-c0aa-410e-bdc1-20bba9759577"}},"uncorrectedTrack":{"name":"Evolution - The Cinematic Orchestra, Fontella Bass","artist":{"name":"The Cinematic Orchestra","mbid":"7c158ea8-c0aa-410e-bdc1-20bba9759577"}},"album":{"name":"Every Day","mbid":"44270faa-917a-4415-be27-d7f0aab94d52","artist":{"name":"The Cinematic Orchestra","mbid":"7c158ea8-c0aa-410e-bdc1-20bba9759577"}},"application":"Grooveshark"},{"timestamp":{"iso":"2014-06-20T19:18:19","unixtimestamp":1403291899},"track":{"name":"Man With the Movie Camera","mbid":"2ff9c10a-76b8-4633-90cd-7d07b07270a7","artist":{"name":"The Cinematic Orchestra","mbid":"7c158ea8-c0aa-410e-bdc1-20bba9759577"}},"uncorrectedTrack":{"name":"Man With the Movie Camera","mbid":"2ff9c10a-76b8-4633-90cd-7d07b07270a7","artist":{"name":"The Cinematic Orchestra","mbid":"7c158ea8-c0aa-410e-bdc1-20bba9759577"}},"album":{"name":"Every Day","mbid":"44270faa-917a-4415-be27-d7f0aab94d52","artist":{"name":"The Cinematic Orchestra","mbid":"7c158ea8-c0aa-410e-bdc1-20bba9759577"}},"application":"Grooveshark"},{"timestamp":{"iso":"2014-06-20T19:27:29","unixtimestamp":1403292449},"track":{"name":"Cinematic Orchestra - Everyday","artist":{"name":"The Cinematic Orchestra","mbid":"7c158ea8-c0aa-410e-bdc1-20bba9759577"}},"uncorrectedTrack":{"name":"Cinematic Orchestra - Everyday","artist":{"name":"The Cinematic Orchestra","mbid":"7c158ea8-c0aa-410e-bdc1-20bba9759577"}},"album":{"name":"Every Day","mbid":"44270faa-917a-4415-be27-d7f0aab94d52","artist":{"name":"The Cinematic Orchestra","mbid":"7c158ea8-c0aa-410e-bdc1-20bba9759577"}},"application":"Grooveshark"},{"timestamp":{"iso":"2014-06-20T19:37:48","unixtimestamp":1403293068},"track":{"name":"Oregon (Japanese bonus track)","artist":{"name":"The Cinematic Orchestra","mbid":"7c158ea8-c0aa-410e-bdc1-20bba9759577"}},"uncorrectedTrack":{"name":"Oregon (Japanese bonus track)","artist":{"name":"The Cinematic Orchestra","mbid":"7c158ea8-c0aa-410e-bdc1-20bba9759577"}},"album":{"name":"Every Day","mbid":"44270faa-917a-4415-be27-d7f0aab94d52","artist":{"name":"The Cinematic Orchestra","mbid":"7c158ea8-c0aa-410e-bdc1-20bba9759577"}},"application":"Grooveshark"},{"timestamp":{"iso":"2014-06-20T19:41:59","unixtimestamp":1403293319},"track":{"name":"Horizon (feat. Niara Scarlett)","mbid":"7bdf3c32-b9fb-4a88-b996-bfcab2bf8438","artist":{"name":"The Cinematic Orchestra","mbid":"7c158ea8-c0aa-410e-bdc1-20bba9759577"}},"uncorrectedTrack":{"name":"Horizon (feat. Niara Scarlett)","mbid":"7bdf3c32-b9fb-4a88-b996-bfcab2bf8438","artist":{"name":"The Cinematic Orchestra","mbid":"7c158ea8-c0aa-410e-bdc1-20bba9759577"}},"album":{"name":"Every Day","mbid":"44270faa-917a-4415-be27-d7f0aab94d52","artist":{"name":"The Cinematic Orchestra","mbid":"7c158ea8-c0aa-410e-bdc1-20bba9759577"}},"application":"Grooveshark"},{"timestamp":{"iso":"2014-06-20T19:46:44","unixtimestamp":1403293604},"track":{"name":"All That You Give (Dr Rockit R","artist":{"name":"The Cinematic Orchestra","mbid":"7c158ea8-c0aa-410e-bdc1-20bba9759577"}},"uncorrectedTrack":{"name":"All That You Give (Dr Rockit R","artist":{"name":"The Cinematic Orchestra","mbid":"7c158ea8-c0aa-410e-bdc1-20bba9759577"}},"album":{"name":"Every Day","mbid":"44270faa-917a-4415-be27-d7f0aab94d52","artist":{"name":"The Cinematic Orchestra","mbid":"7c158ea8-c0aa-410e-bdc1-20bba9759577"}},"application":"Grooveshark"},{"timestamp":{"iso":"2014-06-20T19:48:03","unixtimestamp":1403293683},"track":{"name":"To Build a Home","mbid":"863551b3-19fe-45d0-8a06-aff77f07c8cd","artist":{"name":"The Cinematic Orchestra","mbid":"7c158ea8-c0aa-410e-bdc1-20bba9759577"}},"uncorrectedTrack":{"name":"To Build a Home","mbid":"863551b3-19fe-45d0-8a06-aff77f07c8cd","artist":{"name":"The Cinematic Orchestra","mbid":"7c158ea8-c0aa-410e-bdc1-20bba9759577"}},"album":{"name":"Ma Fleur","mbid":"63ebd406-fd8c-4382-a4b8-08b5d205c2c3","artist":{"name":"The Cinematic Orchestra","mbid":"7c158ea8-c0aa-410e-bdc1-20bba9759577"}},"application":"Grooveshark"},{"timestamp":{"iso":"2014-06-20T19:54:13","unixtimestamp":1403294053},"track":{"name":"Time and Space","mbid":"2cc6550b-b89b-4c43-99f3-78c531e7af36","artist":{"name":"The Cinematic Orchestra","mbid":"7c158ea8-c0aa-410e-bdc1-20bba9759577"}},"uncorrectedTrack":{"name":"Time and Space","mbid":"2cc6550b-b89b-4c43-99f3-78c531e7af36","artist":{"name":"The Cinematic Orchestra","mbid":"7c158ea8-c0aa-410e-bdc1-20bba9759577"}},"album":{"name":"Ma Fleur","mbid":"63ebd406-fd8c-4382-a4b8-08b5d205c2c3","artist":{"name":"The Cinematic Orchestra","mbid":"7c158ea8-c0aa-410e-bdc1-20bba9759577"}},"application":"Grooveshark"},{"timestamp":{"iso":"2014-06-20T20:02:55","unixtimestamp":1403294575},"track":{"name":"Time \u0026 Space","mbid":"1c615861-b739-4fff-9037-ba1090446624","artist":{"name":"The Cinematic Orchestra","mbid":"7c158ea8-c0aa-410e-bdc1-20bba9759577"}},"uncorrectedTrack":{"name":"Time \u0026 Space","mbid":"1c615861-b739-4fff-9037-ba1090446624","artist":{"name":"The Cinematic Orchestra","mbid":"7c158ea8-c0aa-410e-bdc1-20bba9759577"}},"album":{"name":"Ma Fleur","mbid":"63ebd406-fd8c-4382-a4b8-08b5d205c2c3","artist":{"name":"The Cinematic Orchestra","mbid":"7c158ea8-c0aa-410e-bdc1-20bba9759577"}},"application":"Grooveshark"},{"timestamp":{"iso":"2014-06-20T20:11:39","unixtimestamp":1403295099},"track":{"name":"Bonus - Colours","artist":{"name":"The Cinematic Orchestra","mbid":"7c158ea8-c0aa-410e-bdc1-20bba9759577"}},"uncorrectedTrack":{"name":"Bonus - Colours","artist":{"name":"The Cinematic Orchestra","mbid":"7c158ea8-c0aa-410e-bdc1-20bba9759577"}},"album":{"name":"Ma Fleur","mbid":"63ebd406-fd8c-4382-a4b8-08b5d205c2c3","artist":{"name":"The Cinematic Orchestra","mbid":"7c158ea8-c0aa-410e-bdc1-20bba9759577"}},"application":"Grooveshark"},{"timestamp":{"iso":"2014-06-20T20:15:58","unixtimestamp":1403295358},"track":{"name":"Bonus - to Build a Home (Edit Ft Patrick Watson)Bonus - to Build a Home (Edit Ft Patrick Watson)","artist":{"name":"The Cinematic Orchestra","mbid":"7c158ea8-c0aa-410e-bdc1-20bba9759577"}},"uncorrectedTrack":{"name":"Bonus - to Build a Home (Edit Ft Patrick Watson)Bonus - to Build a Home (Edit Ft Patrick Watson)","artist":{"name":"The Cinematic Orchestra","mbid":"7c158ea8-c0aa-410e-bdc1-20bba9759577"}},"album":{"name":"Ma Fleur","mbid":"63ebd406-fd8c-4382-a4b8-08b5d205c2c3","artist":{"name":"The Cinematic Orchestra","mbid":"7c158ea8-c0aa-410e-bdc1-20bba9759577"}},"application":"Grooveshark"},{"timestamp":{"iso":"2014-06-20T20:19:47","unixtimestamp":1403295587},"track":{"name":"Count Me Out","mbid":"306501ac-1c23-474f-84df-03588e322e0f","artist":{"name":"Zero 7","mbid":"c23b637b-97c6-41eb-8ef6-6c724efc80a8"}},"uncorrectedTrack":{"name":"Count Me Out","mbid":"306501ac-1c23-474f-84df-03588e322e0f","artist":{"name":"Zero 7","mbid":"c23b637b-97c6-41eb-8ef6-6c724efc80a8"}},"album":{"name":"Yeah Ghost","mbid":"a5aa0407-d38b-4c61-aa8b-31ed759a79df","artist":{"name":"Zero 7","mbid":"c23b637b-97c6-41eb-8ef6-6c724efc80a8"}},"application":"Grooveshark"},{"timestamp":{"iso":"2014-06-20T20:20:23","unixtimestamp":1403295623},"track":{"name":"Mr McGee","mbid":"ab2d5080-c654-431b-9ccc-0023b4424109","artist":{"name":"Zero 7","mbid":"c23b637b-97c6-41eb-8ef6-6c724efc80a8"}},"uncorrectedTrack":{"name":"Mr McGee","mbid":"ab2d5080-c654-431b-9ccc-0023b4424109","artist":{"name":"Zero 7","mbid":"c23b637b-97c6-41eb-8ef6-6c724efc80a8"}},"album":{"name":"Yeah Ghost","mbid":"a5aa0407-d38b-4c61-aa8b-31ed759a79df","artist":{"name":"Zero 7","mbid":"c23b637b-97c6-41eb-8ef6-6c724efc80a8"}},"application":"Grooveshark"},{"timestamp":{"iso":"2014-06-20T20:24:43","unixtimestamp":1403295883},"track":{"name":"Swing","mbid":"6fbaf0dc-9cf2-40ee-948c-79e472619c32","artist":{"name":"Zero 7","mbid":"c23b637b-97c6-41eb-8ef6-6c724efc80a8"}},"uncorrectedTrack":{"name":"Swing","mbid":"6fbaf0dc-9cf2-40ee-948c-79e472619c32","artist":{"name":"Zero 7","mbid":"c23b637b-97c6-41eb-8ef6-6c724efc80a8"}},"album":{"name":"Yeah Ghost","mbid":"a5aa0407-d38b-4c61-aa8b-31ed759a79df","artist":{"name":"Zero 7","mbid":"c23b637b-97c6-41eb-8ef6-6c724efc80a8"}},"application":"Grooveshark"},{"timestamp":{"iso":"2014-06-22T06:56:10","unixtimestamp":1403420170},"track":{"name":"Burial","mbid":"e27db911-aa78-4c05-b66b-8d1a3269e6b1","artist":{"name":"Miike Snow","mbid":"753a1564-aaef-4d39-bc68-4a8d5e328cf7"}},"uncorrectedTrack":{"name":"Burial","mbid":"e27db911-aa78-4c05-b66b-8d1a3269e6b1","artist":{"name":"Miike Snow","mbid":"753a1564-aaef-4d39-bc68-4a8d5e328cf7"}},"album":{"name":"Miike Snow","mbid":"8b4dca38-3931-40be-baeb-aa24ea75a7c0","artist":{"name":"Miike Snow","mbid":"753a1564-aaef-4d39-bc68-4a8d5e328cf7"}},"application":"Last.fm Scrobbler"},{"timestamp":{"iso":"2014-06-22T07:00:32","unixtimestamp":1403420432},"track":{"name":"Silvia","mbid":"040f097e-d571-4e35-9c21-f847f78bb109","artist":{"name":"Miike Snow","mbid":"753a1564-aaef-4d39-bc68-4a8d5e328cf7"}},"uncorrectedTrack":{"name":"Silvia","mbid":"040f097e-d571-4e35-9c21-f847f78bb109","artist":{"name":"Miike Snow","mbid":"753a1564-aaef-4d39-bc68-4a8d5e328cf7"}},"album":{"name":"Miike Snow","mbid":"8b4dca38-3931-40be-baeb-aa24ea75a7c0","artist":{"name":"Miike Snow","mbid":"753a1564-aaef-4d39-bc68-4a8d5e328cf7"}},"application":"Last.fm Scrobbler"},{"timestamp":{"iso":"2014-06-24T01:59:10","unixtimestamp":1403575150},"track":{"name":"Song for No One","mbid":"306b5a0e-34d3-4d38-a82d-0cb7ace9cad3","artist":{"name":"Miike Snow","mbid":"753a1564-aaef-4d39-bc68-4a8d5e328cf7"}},"uncorrectedTrack":{"name":"Song for No One","mbid":"306b5a0e-34d3-4d38-a82d-0cb7ace9cad3","artist":{"name":"Miike Snow","mbid":"753a1564-aaef-4d39-bc68-4a8d5e328cf7"}},"album":{"name":"Miike Snow","mbid":"8b4dca38-3931-40be-baeb-aa24ea75a7c0","artist":{"name":"Miike Snow","mbid":"753a1564-aaef-4d39-bc68-4a8d5e328cf7"}},"application":"Last.fm Scrobbler"},{"timestamp":{"iso":"2014-06-24T02:03:19","unixtimestamp":1403575399},"track":{"name":"Black \u0026 Blue","mbid":"19501d18-5f0d-40ff-89ac-e7472ec843f4","artist":{"name":"Miike Snow","mbid":"753a1564-aaef-4d39-bc68-4a8d5e328cf7"}},"uncorrectedTrack":{"name":"Black \u0026 Blue","mbid":"19501d18-5f0d-40ff-89ac-e7472ec843f4","artist":{"name":"Miike Snow","mbid":"753a1564-aaef-4d39-bc68-4a8d5e328cf7"}},"album":{"name":"Miike Snow","mbid":"8b4dca38-3931-40be-baeb-aa24ea75a7c0","artist":{"name":"Miike Snow","mbid":"753a1564-aaef-4d39-bc68-4a8d5e328cf7"}},"application":"Last.fm Scrobbler"},{"timestamp":{"iso":"2014-06-24T02:06:58","unixtimestamp":1403575618},"track":{"name":"Sans Soleil","mbid":"da5324f5-962b-4974-9d6b-33fa1582a53c","artist":{"name":"Miike Snow","mbid":"753a1564-aaef-4d39-bc68-4a8d5e328cf7"}},"uncorrectedTrack":{"name":"Sans Soleil","mbid":"da5324f5-962b-4974-9d6b-33fa1582a53c","artist":{"name":"Miike Snow","mbid":"753a1564-aaef-4d39-bc68-4a8d5e328cf7"}},"album":{"name":"Miike Snow","mbid":"8b4dca38-3931-40be-baeb-aa24ea75a7c0","artist":{"name":"Miike Snow","mbid":"753a1564-aaef-4d39-bc68-4a8d5e328cf7"}},"application":"Last.fm Scrobbler"},{"timestamp":{"iso":"2014-06-24T02:11:25","unixtimestamp":1403575885},"track":{"name":"A Horse Is Not A Home","mbid":"0b5a6de6-7fb3-4745-b7f3-b08218d304e6","artist":{"name":"Miike Snow","mbid":"753a1564-aaef-4d39-bc68-4a8d5e328cf7"}},"uncorrectedTrack":{"name":"A Horse Is Not A Home","mbid":"0b5a6de6-7fb3-4745-b7f3-b08218d304e6","artist":{"name":"Miike Snow","mbid":"753a1564-aaef-4d39-bc68-4a8d5e328cf7"}},"album":{"name":"Miike Snow","mbid":"8b4dca38-3931-40be-baeb-aa24ea75a7c0","artist":{"name":"Miike Snow","mbid":"753a1564-aaef-4d39-bc68-4a8d5e328cf7"}},"application":"Last.fm Scrobbler"},{"timestamp":{"iso":"2014-06-24T02:13:44","unixtimestamp":1403576024},"track":{"name":"Cult Logic","mbid":"6d701d77-dafd-448b-80d9-f8b2d8c5498e","artist":{"name":"Miike Snow","mbid":"753a1564-aaef-4d39-bc68-4a8d5e328cf7"}},"uncorrectedTrack":{"name":"Cult Logic","mbid":"6d701d77-dafd-448b-80d9-f8b2d8c5498e","artist":{"name":"Miike Snow","mbid":"753a1564-aaef-4d39-bc68-4a8d5e328cf7"}},"album":{"name":"Miike Snow","mbid":"8b4dca38-3931-40be-baeb-aa24ea75a7c0","artist":{"name":"Miike Snow","mbid":"753a1564-aaef-4d39-bc68-4a8d5e328cf7"}},"application":"Last.fm Scrobbler"},{"timestamp":{"iso":"2014-06-24T02:17:40","unixtimestamp":1403576260},"track":{"name":"Plastic Jungle","mbid":"2bb2e0ec-4512-4c87-87fd-0cfc22821ce5","artist":{"name":"Miike Snow","mbid":"753a1564-aaef-4d39-bc68-4a8d5e328cf7"}},"uncorrectedTrack":{"name":"Plastic Jungle","mbid":"2bb2e0ec-4512-4c87-87fd-0cfc22821ce5","artist":{"name":"Miike Snow","mbid":"753a1564-aaef-4d39-bc68-4a8d5e328cf7"}},"album":{"name":"Miike Snow","mbid":"8b4dca38-3931-40be-baeb-aa24ea75a7c0","artist":{"name":"Miike Snow","mbid":"753a1564-aaef-4d39-bc68-4a8d5e328cf7"}},"application":"Last.fm Scrobbler"},{"timestamp":{"iso":"2014-06-24T02:21:34","unixtimestamp":1403576494},"track":{"name":"In Search Of","mbid":"01b76d10-5579-4b49-9712-f92d2085c0cd","artist":{"name":"Miike Snow","mbid":"753a1564-aaef-4d39-bc68-4a8d5e328cf7"}},"uncorrectedTrack":{"name":"In Search Of","mbid":"01b76d10-5579-4b49-9712-f92d2085c0cd","artist":{"name":"Miike Snow","mbid":"753a1564-aaef-4d39-bc68-4a8d5e328cf7"}},"album":{"name":"Miike Snow","mbid":"8b4dca38-3931-40be-baeb-aa24ea75a7c0","artist":{"name":"Miike Snow","mbid":"753a1564-aaef-4d39-bc68-4a8d5e328cf7"}},"application":"Last.fm Scrobbler"},{"timestamp":{"iso":"2014-06-24T02:30:20","unixtimestamp":1403577020},"track":{"name":"Black Swan","mbid":"46f3b61d-1589-4459-ae23-113be357c97a","artist":{"name":"Thom Yorke","mbid":"8ed2e0b3-aa4c-4e13-bec3-dc7393ed4d6b"}},"uncorrectedTrack":{"name":"Black Swan","mbid":"46f3b61d-1589-4459-ae23-113be357c97a","artist":{"name":"Thom Yorke","mbid":"8ed2e0b3-aa4c-4e13-bec3-dc7393ed4d6b"}},"album":{"name":"The Eraser","mbid":"886506d7-3411-3c35-81eb-e91e27e0b9f4","artist":{"name":"Thom Yorke","mbid":"8ed2e0b3-aa4c-4e13-bec3-dc7393ed4d6b"}},"application":"Last.fm Scrobbler"},{"timestamp":{"iso":"2014-06-24T02:36:01","unixtimestamp":1403577361},"track":{"name":"Good Old Bill","mbid":"275c1452-9970-4a37-8639-a5abe95b4877","artist":{"name":"The Maccabees","mbid":"83b86967-6b1a-4ca8-9cf0-c7cfe047ef3f"}},"uncorrectedTrack":{"name":"Good Old Bill","artist":{"name":"Maccabees, The"}},"album":{"name":"Colour It In","mbid":"1239e881-1cca-4be6-b738-ce843bf213b9","artist":{"name":"The Maccabees","mbid":"83b86967-6b1a-4ca8-9cf0-c7cfe047ef3f"}},"application":"Last.fm Scrobbler"},{"timestamp":{"iso":"2014-06-24T02:38:13","unixtimestamp":1403577493},"track":{"name":"X-Ray","mbid":"95cbc9dd-abc9-4f6d-a0f2-3576f16d49f0","artist":{"name":"The Maccabees","mbid":"83b86967-6b1a-4ca8-9cf0-c7cfe047ef3f"}},"uncorrectedTrack":{"name":"X-Ray","artist":{"name":"Maccabees, The"}},"album":{"name":"Colour It In","mbid":"1239e881-1cca-4be6-b738-ce843bf213b9","artist":{"name":"The Maccabees","mbid":"83b86967-6b1a-4ca8-9cf0-c7cfe047ef3f"}},"application":"Last.fm Scrobbler"},{"timestamp":{"iso":"2014-06-24T02:41:28","unixtimestamp":1403577688},"track":{"name":"All In Your Rows","mbid":"342fdab9-e0bc-4fb8-9d2c-524f0e39a490","artist":{"name":"The Maccabees","mbid":"83b86967-6b1a-4ca8-9cf0-c7cfe047ef3f"}},"uncorrectedTrack":{"name":"All In Your Rows","artist":{"name":"Maccabees, The"}},"album":{"name":"Colour It In","mbid":"1239e881-1cca-4be6-b738-ce843bf213b9","artist":{"name":"The Maccabees","mbid":"83b86967-6b1a-4ca8-9cf0-c7cfe047ef3f"}},"application":"Last.fm Scrobbler"},{"timestamp":{"iso":"2014-06-24T02:44:04","unixtimestamp":1403577844},"track":{"name":"Latchmere","mbid":"1cd804b3-0008-4458-b3e2-bfaa8829a14e","artist":{"name":"The Maccabees","mbid":"83b86967-6b1a-4ca8-9cf0-c7cfe047ef3f"}},"uncorrectedTrack":{"name":"Latchmere","artist":{"name":"Maccabees, The"}},"album":{"name":"Colour It In","mbid":"1239e881-1cca-4be6-b738-ce843bf213b9","artist":{"name":"The Maccabees","mbid":"83b86967-6b1a-4ca8-9cf0-c7cfe047ef3f"}},"application":"Last.fm Scrobbler"},{"timestamp":{"iso":"2014-06-24T02:47:06","unixtimestamp":1403578026},"track":{"name":"About Your Dress","mbid":"0d8fc1f6-15b9-42ad-9e3e-ec5be7766e32","artist":{"name":"The Maccabees","mbid":"83b86967-6b1a-4ca8-9cf0-c7cfe047ef3f"}},"uncorrectedTrack":{"name":"About Your Dress","artist":{"name":"Maccabees, The"}},"album":{"name":"Colour It In","mbid":"1239e881-1cca-4be6-b738-ce843bf213b9","artist":{"name":"The Maccabees","mbid":"83b86967-6b1a-4ca8-9cf0-c7cfe047ef3f"}},"application":"Last.fm Scrobbler"},{"timestamp":{"iso":"2014-06-24T21:38:21","unixtimestamp":1403645901},"track":{"name":"Cousins","mbid":"c17a17ab-920b-48bb-873c-04827e72c9bf","artist":{"name":"Vampire Weekend","mbid":"af37c51c-0790-4a29-b995-456f98a6b8c9"}},"uncorrectedTrack":{"name":"Cousins","mbid":"c17a17ab-920b-48bb-873c-04827e72c9bf","artist":{"name":"Vampire Weekend","mbid":"af37c51c-0790-4a29-b995-456f98a6b8c9"}},"album":{"name":"Contra","mbid":"6a37f216-01ce-4102-ae19-d3546925cc24","artist":{"name":"Vampire Weekend","mbid":"af37c51c-0790-4a29-b995-456f98a6b8c9"}},"application":"Last.fm Scrobbler"},{"timestamp":{"iso":"2014-06-24T21:43:07","unixtimestamp":1403646187},"track":{"name":"Giving up the Gun","mbid":"fb46ee06-4ded-4b0c-862f-4e2b226d9430","artist":{"name":"Vampire Weekend","mbid":"af37c51c-0790-4a29-b995-456f98a6b8c9"}},"uncorrectedTrack":{"name":"Giving up the Gun","mbid":"fb46ee06-4ded-4b0c-862f-4e2b226d9430","artist":{"name":"Vampire Weekend","mbid":"af37c51c-0790-4a29-b995-456f98a6b8c9"}},"album":{"name":"Contra","mbid":"6a37f216-01ce-4102-ae19-d3546925cc24","artist":{"name":"Vampire Weekend","mbid":"af37c51c-0790-4a29-b995-456f98a6b8c9"}},"application":"Last.fm Scrobbler"},{"timestamp":{"iso":"2014-06-24T21:47:29","unixtimestamp":1403646449},"track":{"name":"Step","mbid":"507ecc4d-e166-41e5-a833-3378f189dba8","artist":{"name":"Vampire Weekend","mbid":"af37c51c-0790-4a29-b995-456f98a6b8c9"}},"uncorrectedTrack":{"name":"Step","mbid":"507ecc4d-e166-41e5-a833-3378f189dba8","artist":{"name":"Vampire Weekend","mbid":"af37c51c-0790-4a29-b995-456f98a6b8c9"}},"album":{"name":"Modern Vampires of the City","mbid":"24b6a96d-93d7-474e-a70d-c00ef4cc27a8","artist":{"name":"Vampire Weekend","mbid":"af37c51c-0790-4a29-b995-456f98a6b8c9"}},"application":"Last.fm Scrobbler"},{"timestamp":{"iso":"2014-06-24T21:50:09","unixtimestamp":1403646609},"track":{"name":"Diane Young","mbid":"f71a7804-e21d-4b5c-927b-21909970b4cb","artist":{"name":"Vampire Weekend","mbid":"af37c51c-0790-4a29-b995-456f98a6b8c9"}},"uncorrectedTrack":{"name":"Diane Young","mbid":"f71a7804-e21d-4b5c-927b-21909970b4cb","artist":{"name":"Vampire Weekend","mbid":"af37c51c-0790-4a29-b995-456f98a6b8c9"}},"album":{"name":"Modern Vampires of the City","mbid":"24b6a96d-93d7-474e-a70d-c00ef4cc27a8","artist":{"name":"Vampire Weekend","mbid":"af37c51c-0790-4a29-b995-456f98a6b8c9"}},"application":"Last.fm Scrobbler"},{"timestamp":{"iso":"2014-06-24T21:53:42","unixtimestamp":1403646822},"track":{"name":"Don\u0027t Lie","artist":{"name":"Vampire Weekend","mbid":"af37c51c-0790-4a29-b995-456f98a6b8c9"}},"uncorrectedTrack":{"name":"Don\u0027t Lie","artist":{"name":"Vampire Weekend","mbid":"af37c51c-0790-4a29-b995-456f98a6b8c9"}},"album":{"name":"Modern Vampires of the City","mbid":"24b6a96d-93d7-474e-a70d-c00ef4cc27a8","artist":{"name":"Vampire Weekend","mbid":"af37c51c-0790-4a29-b995-456f98a6b8c9"}},"application":"Last.fm Scrobbler"},{"timestamp":{"iso":"2014-06-24T21:57:40","unixtimestamp":1403647060},"track":{"name":"Hannah Hunt","mbid":"0c6104c5-6669-480f-a534-96dadc3f462f","artist":{"name":"Vampire Weekend","mbid":"af37c51c-0790-4a29-b995-456f98a6b8c9"}},"uncorrectedTrack":{"name":"Hannah Hunt","mbid":"0c6104c5-6669-480f-a534-96dadc3f462f","artist":{"name":"Vampire Weekend","mbid":"af37c51c-0790-4a29-b995-456f98a6b8c9"}},"album":{"name":"Modern Vampires of the City","mbid":"24b6a96d-93d7-474e-a70d-c00ef4cc27a8","artist":{"name":"Vampire Weekend","mbid":"af37c51c-0790-4a29-b995-456f98a6b8c9"}},"application":"Last.fm Scrobbler"},{"timestamp":{"iso":"2014-06-24T22:03:06","unixtimestamp":1403647386},"track":{"name":"Ya Hey","mbid":"dfa0c984-371d-4fdd-89ba-4aea668605db","artist":{"name":"Vampire Weekend","mbid":"af37c51c-0790-4a29-b995-456f98a6b8c9"}},"uncorrectedTrack":{"name":"Ya Hey","mbid":"dfa0c984-371d-4fdd-89ba-4aea668605db","artist":{"name":"Vampire Weekend","mbid":"af37c51c-0790-4a29-b995-456f98a6b8c9"}},"album":{"name":"Modern Vampires of the City","mbid":"24b6a96d-93d7-474e-a70d-c00ef4cc27a8","artist":{"name":"Vampire Weekend","mbid":"af37c51c-0790-4a29-b995-456f98a6b8c9"}},"application":"Last.fm Scrobbler"},{"timestamp":{"iso":"2014-06-24T22:06:00","unixtimestamp":1403647560},"track":{"name":"Good Old Bill","mbid":"275c1452-9970-4a37-8639-a5abe95b4877","artist":{"name":"The Maccabees","mbid":"83b86967-6b1a-4ca8-9cf0-c7cfe047ef3f"}},"uncorrectedTrack":{"name":"Good Old Bill","artist":{"name":"Maccabees, The"}},"album":{"name":"Colour It In","mbid":"1239e881-1cca-4be6-b738-ce843bf213b9","artist":{"name":"The Maccabees","mbid":"83b86967-6b1a-4ca8-9cf0-c7cfe047ef3f"}},"application":"Last.fm Scrobbler"},{"timestamp":{"iso":"2014-06-24T22:09:37","unixtimestamp":1403647777},"track":{"name":"Latchmere","mbid":"1cd804b3-0008-4458-b3e2-bfaa8829a14e","artist":{"name":"The Maccabees","mbid":"83b86967-6b1a-4ca8-9cf0-c7cfe047ef3f"}},"uncorrectedTrack":{"name":"Latchmere","artist":{"name":"Maccabees, The"}},"album":{"name":"Colour It In","mbid":"1239e881-1cca-4be6-b738-ce843bf213b9","artist":{"name":"The Maccabees","mbid":"83b86967-6b1a-4ca8-9cf0-c7cfe047ef3f"}},"application":"Last.fm Scrobbler"},{"timestamp":{"iso":"2014-06-24T22:14:13","unixtimestamp":1403648053},"track":{"name":"Everlasting Light","mbid":"4d596504-e897-430f-a4eb-01bac3d5b8b7","artist":{"name":"The Black Keys","mbid":"d15721d8-56b4-453d-b506-fc915b14cba2"}},"uncorrectedTrack":{"name":"Everlasting Light","mbid":"4d596504-e897-430f-a4eb-01bac3d5b8b7","artist":{"name":"The Black Keys","mbid":"d15721d8-56b4-453d-b506-fc915b14cba2"}},"album":{"name":"Brothers","mbid":"710a1e4f-7207-4b06-82e1-96f926c9076f","artist":{"name":"The Black Keys","mbid":"d15721d8-56b4-453d-b506-fc915b14cba2"}},"application":"Last.fm Scrobbler"},{"timestamp":{"iso":"2014-06-24T22:17:31","unixtimestamp":1403648251},"track":{"name":"Next Girl","mbid":"0c74a83c-82c5-4870-a24d-a78419e78132","artist":{"name":"The Black Keys","mbid":"d15721d8-56b4-453d-b506-fc915b14cba2"}},"uncorrectedTrack":{"name":"Next Girl","mbid":"0c74a83c-82c5-4870-a24d-a78419e78132","artist":{"name":"The Black Keys","mbid":"d15721d8-56b4-453d-b506-fc915b14cba2"}},"album":{"name":"Brothers","mbid":"710a1e4f-7207-4b06-82e1-96f926c9076f","artist":{"name":"The Black Keys","mbid":"d15721d8-56b4-453d-b506-fc915b14cba2"}},"application":"Last.fm Scrobbler"},{"timestamp":{"iso":"2014-06-24T22:21:02","unixtimestamp":1403648462},"track":{"name":"Tighten Up","mbid":"cce899ad-8837-4623-b510-322f72bcf424","artist":{"name":"The Black Keys","mbid":"d15721d8-56b4-453d-b506-fc915b14cba2"}},"uncorrectedTrack":{"name":"Tighten Up","mbid":"cce899ad-8837-4623-b510-322f72bcf424","artist":{"name":"The Black Keys","mbid":"d15721d8-56b4-453d-b506-fc915b14cba2"}},"album":{"name":"Brothers","mbid":"710a1e4f-7207-4b06-82e1-96f926c9076f","artist":{"name":"The Black Keys","mbid":"d15721d8-56b4-453d-b506-fc915b14cba2"}},"application":"Last.fm Scrobbler"},{"timestamp":{"iso":"2014-06-24T22:24:14","unixtimestamp":1403648654},"track":{"name":"Howlin’ For You","mbid":"60e57bf9-a9b0-4703-b314-83bf6017dccb","artist":{"name":"The Black Keys","mbid":"d15721d8-56b4-453d-b506-fc915b14cba2"}},"uncorrectedTrack":{"name":"Howlin’ For You","mbid":"60e57bf9-a9b0-4703-b314-83bf6017dccb","artist":{"name":"The Black Keys","mbid":"d15721d8-56b4-453d-b506-fc915b14cba2"}},"album":{"name":"Brothers","mbid":"710a1e4f-7207-4b06-82e1-96f926c9076f","artist":{"name":"The Black Keys","mbid":"d15721d8-56b4-453d-b506-fc915b14cba2"}},"application":"Last.fm Scrobbler"},{"timestamp":{"iso":"2014-06-24T23:28:07","unixtimestamp":1403652487},"track":{"name":"The Man in the Hut, Part 1","mbid":"9f5f1098-92e4-4d0d-b714-fd269b14044f","artist":{"name":"David Sedaris","mbid":"8a7a9cd3-8c3c-4d7f-8959-0f25fd0702ee"}},"uncorrectedTrack":{"name":"The Man in the Hut, Part 1","mbid":"9f5f1098-92e4-4d0d-b714-fd269b14044f","artist":{"name":"David Sedaris","mbid":"8a7a9cd3-8c3c-4d7f-8959-0f25fd0702ee"}},"album":{"name":"When Your Are Engulfed In Flames","artist":{"name":"David Sedaris","mbid":"8a7a9cd3-8c3c-4d7f-8959-0f25fd0702ee"}},"application":"Last.fm Scrobbler"},{"timestamp":{"iso":"2014-06-24T23:36:33","unixtimestamp":1403652993},"track":{"name":"The Smoking Section, Part 1","mbid":"834affb3-bfba-4db4-b7f9-2ec9b88dfc34","artist":{"name":"David Sedaris","mbid":"8a7a9cd3-8c3c-4d7f-8959-0f25fd0702ee"}},"uncorrectedTrack":{"name":"The Smoking Section, Part 1","mbid":"834affb3-bfba-4db4-b7f9-2ec9b88dfc34","artist":{"name":"David Sedaris","mbid":"8a7a9cd3-8c3c-4d7f-8959-0f25fd0702ee"}},"album":{"name":"When Your Are Engulfed In Flames","artist":{"name":"David Sedaris","mbid":"8a7a9cd3-8c3c-4d7f-8959-0f25fd0702ee"}},"application":"Last.fm Scrobbler"},{"timestamp":{"iso":"2014-06-24T23:42:07","unixtimestamp":1403653327},"track":{"name":"The Smoking Section, Part 2","mbid":"4d571bd4-8e98-4190-ac80-ab7bad339c50","artist":{"name":"David Sedaris","mbid":"8a7a9cd3-8c3c-4d7f-8959-0f25fd0702ee"}},"uncorrectedTrack":{"name":"The Smoking Section, Part 2","mbid":"4d571bd4-8e98-4190-ac80-ab7bad339c50","artist":{"name":"David Sedaris","mbid":"8a7a9cd3-8c3c-4d7f-8959-0f25fd0702ee"}},"album":{"name":"When Your Are Engulfed In Flames","artist":{"name":"David Sedaris","mbid":"8a7a9cd3-8c3c-4d7f-8959-0f25fd0702ee"}},"application":"Last.fm Scrobbler"},{"timestamp":{"iso":"2014-06-24T23:45:47","unixtimestamp":1403653547},"track":{"name":"The Smoking Section, Part 3","mbid":"e9a0dba5-51c9-4364-a0be-d1411d065ae3","artist":{"name":"David Sedaris","mbid":"8a7a9cd3-8c3c-4d7f-8959-0f25fd0702ee"}},"uncorrectedTrack":{"name":"The Smoking Section, Part 3","mbid":"e9a0dba5-51c9-4364-a0be-d1411d065ae3","artist":{"name":"David Sedaris","mbid":"8a7a9cd3-8c3c-4d7f-8959-0f25fd0702ee"}},"album":{"name":"When Your Are Engulfed In Flames","artist":{"name":"David Sedaris","mbid":"8a7a9cd3-8c3c-4d7f-8959-0f25fd0702ee"}},"application":"Last.fm Scrobbler"},{"timestamp":{"iso":"2014-06-24T23:50:25","unixtimestamp":1403653825},"track":{"name":"The Smoking Section, Part 4","mbid":"dd0a1b09-2958-4eff-816b-5df78d930121","artist":{"name":"David Sedaris","mbid":"8a7a9cd3-8c3c-4d7f-8959-0f25fd0702ee"}},"uncorrectedTrack":{"name":"The Smoking Section, Part 4","mbid":"dd0a1b09-2958-4eff-816b-5df78d930121","artist":{"name":"David Sedaris","mbid":"8a7a9cd3-8c3c-4d7f-8959-0f25fd0702ee"}},"album":{"name":"When Your Are Engulfed In Flames","artist":{"name":"David Sedaris","mbid":"8a7a9cd3-8c3c-4d7f-8959-0f25fd0702ee"}},"application":"Last.fm Scrobbler"},{"timestamp":{"iso":"2014-06-24T23:56:01","unixtimestamp":1403654161},"track":{"name":"The Smoking Section, Part 5","mbid":"51edc467-f569-4b1f-8240-f8a1da114cb5","artist":{"name":"David Sedaris","mbid":"8a7a9cd3-8c3c-4d7f-8959-0f25fd0702ee"}},"uncorrectedTrack":{"name":"The Smoking Section, Part 5","mbid":"51edc467-f569-4b1f-8240-f8a1da114cb5","artist":{"name":"David Sedaris","mbid":"8a7a9cd3-8c3c-4d7f-8959-0f25fd0702ee"}},"album":{"name":"When Your Are Engulfed In Flames","artist":{"name":"David Sedaris","mbid":"8a7a9cd3-8c3c-4d7f-8959-0f25fd0702ee"}},"application":"Last.fm Scrobbler"},{"timestamp":{"iso":"2014-06-25T00:02:57","unixtimestamp":1403654577},"track":{"name":"The Smoking Section, Part 6","mbid":"8df6396f-e740-4d8c-af42-c647867ad91f","artist":{"name":"David Sedaris","mbid":"8a7a9cd3-8c3c-4d7f-8959-0f25fd0702ee"}},"uncorrectedTrack":{"name":"The Smoking Section, Part 6","mbid":"8df6396f-e740-4d8c-af42-c647867ad91f","artist":{"name":"David Sedaris","mbid":"8a7a9cd3-8c3c-4d7f-8959-0f25fd0702ee"}},"album":{"name":"When Your Are Engulfed In Flames","artist":{"name":"David Sedaris","mbid":"8a7a9cd3-8c3c-4d7f-8959-0f25fd0702ee"}},"application":"Last.fm Scrobbler"},{"timestamp":{"iso":"2014-06-25T00:08:20","unixtimestamp":1403654900},"track":{"name":"The Smoking Section, Part 7","mbid":"bd340859-4191-4d75-bdab-de8772a45fb1","artist":{"name":"David Sedaris","mbid":"8a7a9cd3-8c3c-4d7f-8959-0f25fd0702ee"}},"uncorrectedTrack":{"name":"The Smoking Section, Part 7","mbid":"bd340859-4191-4d75-bdab-de8772a45fb1","artist":{"name":"David Sedaris","mbid":"8a7a9cd3-8c3c-4d7f-8959-0f25fd0702ee"}},"album":{"name":"When Your Are Engulfed In Flames","artist":{"name":"David Sedaris","mbid":"8a7a9cd3-8c3c-4d7f-8959-0f25fd0702ee"}},"application":"Last.fm Scrobbler"},{"timestamp":{"iso":"2014-06-25T02:01:25","unixtimestamp":1403661685},"track":{"name":"Don\u0027t Forget To Breathe","mbid":"09ef5e2b-88a4-4e90-aa92-59e15fffaa9d","artist":{"name":"Bitter:Sweet","mbid":"dcebc476-b53c-42ee-9251-f946a4c3cea2"}},"uncorrectedTrack":{"name":"Don\u0027t Forget To Breathe","mbid":"09ef5e2b-88a4-4e90-aa92-59e15fffaa9d","artist":{"name":"Bitter:Sweet","mbid":"dcebc476-b53c-42ee-9251-f946a4c3cea2"}},"album":{"name":"The Mating Game","mbid":"3ed59779-9253-4a57-8386-cceb340ec665","artist":{"name":"Bitter:Sweet","mbid":"dcebc476-b53c-42ee-9251-f946a4c3cea2"}},"application":"Last.fm Scrobbler"},{"timestamp":{"iso":"2014-06-25T02:04:39","unixtimestamp":1403661879},"track":{"name":"The Mating Game","mbid":"0438d250-51c9-48e2-a99b-9e3eb1bb7b49","artist":{"name":"Bitter:Sweet","mbid":"dcebc476-b53c-42ee-9251-f946a4c3cea2"}},"uncorrectedTrack":{"name":"The Mating Game","mbid":"0438d250-51c9-48e2-a99b-9e3eb1bb7b49","artist":{"name":"Bitter:Sweet","mbid":"dcebc476-b53c-42ee-9251-f946a4c3cea2"}},"album":{"name":"The Mating Game","mbid":"3ed59779-9253-4a57-8386-cceb340ec665","artist":{"name":"Bitter:Sweet","mbid":"dcebc476-b53c-42ee-9251-f946a4c3cea2"}},"application":"Last.fm Scrobbler"},{"timestamp":{"iso":"2014-06-25T02:08:03","unixtimestamp":1403662083},"track":{"name":"Overdue","mbid":"7fcfa0fe-53ef-4e8c-bee8-1af8eb081ce5","artist":{"name":"Bitter:Sweet","mbid":"dcebc476-b53c-42ee-9251-f946a4c3cea2"}},"uncorrectedTrack":{"name":"Overdue","mbid":"7fcfa0fe-53ef-4e8c-bee8-1af8eb081ce5","artist":{"name":"Bitter:Sweet","mbid":"dcebc476-b53c-42ee-9251-f946a4c3cea2"}},"album":{"name":"The Mating Game","mbid":"3ed59779-9253-4a57-8386-cceb340ec665","artist":{"name":"Bitter:Sweet","mbid":"dcebc476-b53c-42ee-9251-f946a4c3cea2"}},"application":"Last.fm Scrobbler"},{"timestamp":{"iso":"2014-06-25T02:11:38","unixtimestamp":1403662298},"track":{"name":"Heaven","mbid":"0699aa85-d262-419e-94e3-8d1005c425c4","artist":{"name":"Bitter:Sweet","mbid":"dcebc476-b53c-42ee-9251-f946a4c3cea2"}},"uncorrectedTrack":{"name":"Heaven","mbid":"0699aa85-d262-419e-94e3-8d1005c425c4","artist":{"name":"Bitter:Sweet","mbid":"dcebc476-b53c-42ee-9251-f946a4c3cea2"}},"album":{"name":"The Mating Game","mbid":"3ed59779-9253-4a57-8386-cceb340ec665","artist":{"name":"Bitter:Sweet","mbid":"dcebc476-b53c-42ee-9251-f946a4c3cea2"}},"application":"Last.fm Scrobbler"},{"timestamp":{"iso":"2014-06-25T02:15:26","unixtimestamp":1403662526},"track":{"name":"Bittersweet Faith","mbid":"40a599dc-7a0f-49cd-b850-bc0fc7984a76","artist":{"name":"Bitter:Sweet","mbid":"dcebc476-b53c-42ee-9251-f946a4c3cea2"}},"uncorrectedTrack":{"name":"Bittersweet Faith","mbid":"40a599dc-7a0f-49cd-b850-bc0fc7984a76","artist":{"name":"Bitter:Sweet","mbid":"dcebc476-b53c-42ee-9251-f946a4c3cea2"}},"album":{"name":"The Mating Game","mbid":"3ed59779-9253-4a57-8386-cceb340ec665","artist":{"name":"Bitter:Sweet","mbid":"dcebc476-b53c-42ee-9251-f946a4c3cea2"}},"application":"Last.fm Scrobbler"},{"timestamp":{"iso":"2014-06-25T02:19:45","unixtimestamp":1403662785},"track":{"name":"Moving Forward","mbid":"f5ddd9c5-2aca-4e47-ae1e-9ebd1f08376d","artist":{"name":"Bitter:Sweet","mbid":"dcebc476-b53c-42ee-9251-f946a4c3cea2"}},"uncorrectedTrack":{"name":"Moving Forward","mbid":"f5ddd9c5-2aca-4e47-ae1e-9ebd1f08376d","artist":{"name":"Bitter:Sweet","mbid":"dcebc476-b53c-42ee-9251-f946a4c3cea2"}},"album":{"name":"The Mating Game","mbid":"3ed59779-9253-4a57-8386-cceb340ec665","artist":{"name":"Bitter:Sweet","mbid":"dcebc476-b53c-42ee-9251-f946a4c3cea2"}},"application":"Last.fm Scrobbler"},{"timestamp":{"iso":"2014-06-25T02:23:22","unixtimestamp":1403663002},"track":{"name":"Moody","mbid":"cf52c31c-5cd5-4c82-95f0-c9b7bf84e791","artist":{"name":"Bitter:Sweet","mbid":"dcebc476-b53c-42ee-9251-f946a4c3cea2"}},"uncorrectedTrack":{"name":"Moody","mbid":"cf52c31c-5cd5-4c82-95f0-c9b7bf84e791","artist":{"name":"Bitter:Sweet","mbid":"dcebc476-b53c-42ee-9251-f946a4c3cea2"}},"album":{"name":"The Mating Game","mbid":"3ed59779-9253-4a57-8386-cceb340ec665","artist":{"name":"Bitter:Sweet","mbid":"dcebc476-b53c-42ee-9251-f946a4c3cea2"}},"application":"Last.fm Scrobbler"},{"timestamp":{"iso":"2014-06-25T02:26:01","unixtimestamp":1403663161},"track":{"name":"Dirty Laundry","mbid":"124d5f38-b487-4251-bbcc-4e30c2e07ef7","artist":{"name":"Bitter:Sweet","mbid":"dcebc476-b53c-42ee-9251-f946a4c3cea2"}},"uncorrectedTrack":{"name":"Dirty Laundry","mbid":"124d5f38-b487-4251-bbcc-4e30c2e07ef7","artist":{"name":"Bitter:Sweet","mbid":"dcebc476-b53c-42ee-9251-f946a4c3cea2"}},"album":{"name":"The Mating Game","mbid":"3ed59779-9253-4a57-8386-cceb340ec665","artist":{"name":"Bitter:Sweet","mbid":"dcebc476-b53c-42ee-9251-f946a4c3cea2"}},"application":"Last.fm Scrobbler"},{"timestamp":{"iso":"2014-06-25T02:29:22","unixtimestamp":1403663362},"track":{"name":"Our Remains","mbid":"3016b85a-c30b-40da-8389-04def7e8c191","artist":{"name":"Bitter:Sweet","mbid":"dcebc476-b53c-42ee-9251-f946a4c3cea2"}},"uncorrectedTrack":{"name":"Our Remains","mbid":"3016b85a-c30b-40da-8389-04def7e8c191","artist":{"name":"Bitter:Sweet","mbid":"dcebc476-b53c-42ee-9251-f946a4c3cea2"}},"album":{"name":"The Mating Game","mbid":"3ed59779-9253-4a57-8386-cceb340ec665","artist":{"name":"Bitter:Sweet","mbid":"dcebc476-b53c-42ee-9251-f946a4c3cea2"}},"application":"Last.fm Scrobbler"},{"timestamp":{"iso":"2014-06-25T02:32:56","unixtimestamp":1403663576},"track":{"name":"Salty Air","mbid":"1f4b0862-2f61-4f6a-9252-f62d8af67029","artist":{"name":"Bitter:Sweet","mbid":"dcebc476-b53c-42ee-9251-f946a4c3cea2"}},"uncorrectedTrack":{"name":"Salty Air","mbid":"1f4b0862-2f61-4f6a-9252-f62d8af67029","artist":{"name":"Bitter:Sweet","mbid":"dcebc476-b53c-42ee-9251-f946a4c3cea2"}},"album":{"name":"The Mating Game","mbid":"3ed59779-9253-4a57-8386-cceb340ec665","artist":{"name":"Bitter:Sweet","mbid":"dcebc476-b53c-42ee-9251-f946a4c3cea2"}},"application":"Last.fm Scrobbler"},{"timestamp":{"iso":"2014-06-25T02:35:59","unixtimestamp":1403663759},"track":{"name":"Take 2 Blue","mbid":"f2103184-1bde-4030-a777-b174762a27a0","artist":{"name":"Bitter:Sweet","mbid":"dcebc476-b53c-42ee-9251-f946a4c3cea2"}},"uncorrectedTrack":{"name":"Take 2 Blue","mbid":"f2103184-1bde-4030-a777-b174762a27a0","artist":{"name":"Bitter:Sweet","mbid":"dcebc476-b53c-42ee-9251-f946a4c3cea2"}},"album":{"name":"The Mating Game","mbid":"3ed59779-9253-4a57-8386-cceb340ec665","artist":{"name":"Bitter:Sweet","mbid":"dcebc476-b53c-42ee-9251-f946a4c3cea2"}},"application":"Last.fm Scrobbler"},{"timestamp":{"iso":"2014-06-25T02:44:34","unixtimestamp":1403664274},"track":{"name":"Don\u0027t Forget To Breathe","mbid":"09ef5e2b-88a4-4e90-aa92-59e15fffaa9d","artist":{"name":"Bitter:Sweet","mbid":"dcebc476-b53c-42ee-9251-f946a4c3cea2"}},"uncorrectedTrack":{"name":"Don\u0027t Forget To Breathe","mbid":"09ef5e2b-88a4-4e90-aa92-59e15fffaa9d","artist":{"name":"Bitter:Sweet","mbid":"dcebc476-b53c-42ee-9251-f946a4c3cea2"}},"album":{"name":"The Mating Game","mbid":"3ed59779-9253-4a57-8386-cceb340ec665","artist":{"name":"Bitter:Sweet","mbid":"dcebc476-b53c-42ee-9251-f946a4c3cea2"}},"application":"Last.fm Scrobbler"},{"timestamp":{"iso":"2014-06-25T02:47:50","unixtimestamp":1403664470},"track":{"name":"The Mating Game","mbid":"0438d250-51c9-48e2-a99b-9e3eb1bb7b49","artist":{"name":"Bitter:Sweet","mbid":"dcebc476-b53c-42ee-9251-f946a4c3cea2"}},"uncorrectedTrack":{"name":"The Mating Game","mbid":"0438d250-51c9-48e2-a99b-9e3eb1bb7b49","artist":{"name":"Bitter:Sweet","mbid":"dcebc476-b53c-42ee-9251-f946a4c3cea2"}},"album":{"name":"The Mating Game","mbid":"3ed59779-9253-4a57-8386-cceb340ec665","artist":{"name":"Bitter:Sweet","mbid":"dcebc476-b53c-42ee-9251-f946a4c3cea2"}},"application":"Last.fm Scrobbler"},{"timestamp":{"iso":"2014-06-25T02:51:54","unixtimestamp":1403664714},"track":{"name":"Heaven","mbid":"0699aa85-d262-419e-94e3-8d1005c425c4","artist":{"name":"Bitter:Sweet","mbid":"dcebc476-b53c-42ee-9251-f946a4c3cea2"}},"uncorrectedTrack":{"name":"Heaven","mbid":"0699aa85-d262-419e-94e3-8d1005c425c4","artist":{"name":"Bitter:Sweet","mbid":"dcebc476-b53c-42ee-9251-f946a4c3cea2"}},"album":{"name":"The Mating Game","mbid":"3ed59779-9253-4a57-8386-cceb340ec665","artist":{"name":"Bitter:Sweet","mbid":"dcebc476-b53c-42ee-9251-f946a4c3cea2"}},"application":"Last.fm Scrobbler"},{"timestamp":{"iso":"2014-06-25T02:55:42","unixtimestamp":1403664942},"track":{"name":"Bittersweet Faith","mbid":"40a599dc-7a0f-49cd-b850-bc0fc7984a76","artist":{"name":"Bitter:Sweet","mbid":"dcebc476-b53c-42ee-9251-f946a4c3cea2"}},"uncorrectedTrack":{"name":"Bittersweet Faith","mbid":"40a599dc-7a0f-49cd-b850-bc0fc7984a76","artist":{"name":"Bitter:Sweet","mbid":"dcebc476-b53c-42ee-9251-f946a4c3cea2"}},"album":{"name":"The Mating Game","mbid":"3ed59779-9253-4a57-8386-cceb340ec665","artist":{"name":"Bitter:Sweet","mbid":"dcebc476-b53c-42ee-9251-f946a4c3cea2"}},"application":"Last.fm Scrobbler"},{"timestamp":{"iso":"2014-06-25T03:00:46","unixtimestamp":1403665246},"track":{"name":"Only This Moment","mbid":"26d1ce07-8e1d-43e5-a0c3-2aac7d465ca5","artist":{"name":"Röyksopp","mbid":"1c70a3fc-fa3c-4be1-8b55-c3192db8a884"}},"uncorrectedTrack":{"name":"Only This Moment","artist":{"name":"royksopp"}},"album":{"name":"The Understanding","mbid":"1880cff6-6189-4433-a9a4-03822c1c2046","artist":{"name":"Röyksopp","mbid":"1c70a3fc-fa3c-4be1-8b55-c3192db8a884"}},"application":"Last.fm Scrobbler"},{"timestamp":{"iso":"2014-06-25T03:05:18","unixtimestamp":1403665518},"track":{"name":"Remind Me","mbid":"69d358be-1068-4891-8b7d-67db1af1a92e","artist":{"name":"Röyksopp","mbid":"1c70a3fc-fa3c-4be1-8b55-c3192db8a884"}},"uncorrectedTrack":{"name":"Remind Me","mbid":"69d358be-1068-4891-8b7d-67db1af1a92e","artist":{"name":"Röyksopp","mbid":"1c70a3fc-fa3c-4be1-8b55-c3192db8a884"}},"album":{"name":"Melody A.M.","mbid":"75ae802b-c8b6-4563-bded-24bff5fe7cf7","artist":{"name":"Röyksopp","mbid":"1c70a3fc-fa3c-4be1-8b55-c3192db8a884"}},"application":"Last.fm Scrobbler"},{"timestamp":{"iso":"2014-06-25T03:08:58","unixtimestamp":1403665738},"track":{"name":"She\u0027s So","mbid":"48fa2f6c-39b0-41e4-aef2-bab1ca4c3c7a","artist":{"name":"Röyksopp","mbid":"1c70a3fc-fa3c-4be1-8b55-c3192db8a884"}},"uncorrectedTrack":{"name":"She\u0027s So","mbid":"48fa2f6c-39b0-41e4-aef2-bab1ca4c3c7a","artist":{"name":"Röyksopp","mbid":"1c70a3fc-fa3c-4be1-8b55-c3192db8a884"}},"album":{"name":"Melody A.M.","mbid":"75ae802b-c8b6-4563-bded-24bff5fe7cf7","artist":{"name":"Röyksopp","mbid":"1c70a3fc-fa3c-4be1-8b55-c3192db8a884"}},"application":"Last.fm Scrobbler"},{"timestamp":{"iso":"2014-06-25T03:14:21","unixtimestamp":1403666061},"track":{"name":"40 Years Back/Come","artist":{"name":"Röyksopp","mbid":"1c70a3fc-fa3c-4be1-8b55-c3192db8a884"}},"uncorrectedTrack":{"name":"40 Years Back/Come","artist":{"name":"Röyksopp","mbid":"1c70a3fc-fa3c-4be1-8b55-c3192db8a884"}},"album":{"name":"Melody A.M.","mbid":"75ae802b-c8b6-4563-bded-24bff5fe7cf7","artist":{"name":"Röyksopp","mbid":"1c70a3fc-fa3c-4be1-8b55-c3192db8a884"}},"application":"Last.fm Scrobbler"},{"timestamp":{"iso":"2014-06-25T03:19:07","unixtimestamp":1403666347},"track":{"name":"Triumphant","mbid":"0fbab9fd-5241-4783-a1a0-d0cffbd50ae1","artist":{"name":"Röyksopp","mbid":"1c70a3fc-fa3c-4be1-8b55-c3192db8a884"}},"uncorrectedTrack":{"name":"Triumphant","artist":{"name":"royksopp"}},"album":{"name":"The Understanding","mbid":"1880cff6-6189-4433-a9a4-03822c1c2046","artist":{"name":"Röyksopp","mbid":"1c70a3fc-fa3c-4be1-8b55-c3192db8a884"}},"application":"Last.fm Scrobbler"},{"timestamp":{"iso":"2014-06-25T03:23:28","unixtimestamp":1403666608},"track":{"name":"Only This Moment","mbid":"26d1ce07-8e1d-43e5-a0c3-2aac7d465ca5","artist":{"name":"Röyksopp","mbid":"1c70a3fc-fa3c-4be1-8b55-c3192db8a884"}},"uncorrectedTrack":{"name":"Only This Moment","artist":{"name":"royksopp"}},"album":{"name":"The Understanding","mbid":"1880cff6-6189-4433-a9a4-03822c1c2046","artist":{"name":"Röyksopp","mbid":"1c70a3fc-fa3c-4be1-8b55-c3192db8a884"}},"application":"Last.fm Scrobbler"},{"timestamp":{"iso":"2014-06-25T03:30:21","unixtimestamp":1403667021},"track":{"name":"If I Ever Feel Better (Origin","artist":{"name":"Phoenix","mbid":"02f4c1ff-65e0-4412-8e8b-6239b0faecb5"}},"uncorrectedTrack":{"name":"If I Ever Feel Better (Origin","artist":{"name":"Phoenix","mbid":"02f4c1ff-65e0-4412-8e8b-6239b0faecb5"}},"album":{"name":"United","mbid":"714d92af-7538-48cb-ad06-a6ef645c515a","artist":{"name":"Phoenix","mbid":"02f4c1ff-65e0-4412-8e8b-6239b0faecb5"}},"application":"Last.fm Scrobbler"},{"timestamp":{"iso":"2014-06-25T03:34:27","unixtimestamp":1403667267},"track":{"name":"Remind Me","mbid":"69d358be-1068-4891-8b7d-67db1af1a92e","artist":{"name":"Röyksopp","mbid":"1c70a3fc-fa3c-4be1-8b55-c3192db8a884"}},"uncorrectedTrack":{"name":"Remind Me","mbid":"69d358be-1068-4891-8b7d-67db1af1a92e","artist":{"name":"Röyksopp","mbid":"1c70a3fc-fa3c-4be1-8b55-c3192db8a884"}},"album":{"name":"Melody A.M.","mbid":"75ae802b-c8b6-4563-bded-24bff5fe7cf7","artist":{"name":"Röyksopp","mbid":"1c70a3fc-fa3c-4be1-8b55-c3192db8a884"}},"application":"Last.fm Scrobbler"},{"timestamp":{"iso":"2014-06-25T03:38:06","unixtimestamp":1403667486},"track":{"name":"Only This Moment","mbid":"26d1ce07-8e1d-43e5-a0c3-2aac7d465ca5","artist":{"name":"Röyksopp","mbid":"1c70a3fc-fa3c-4be1-8b55-c3192db8a884"}},"uncorrectedTrack":{"name":"Only This Moment","artist":{"name":"royksopp"}},"album":{"name":"The Understanding","mbid":"1880cff6-6189-4433-a9a4-03822c1c2046","artist":{"name":"Röyksopp","mbid":"1c70a3fc-fa3c-4be1-8b55-c3192db8a884"}},"application":"Last.fm Scrobbler"},{"timestamp":{"iso":"2014-06-25T03:46:44","unixtimestamp":1403668004},"track":{"name":"Bluish","mbid":"596ae034-8a18-4541-bd8b-ece7ca29c29b","artist":{"name":"Animal Collective","mbid":"0c751690-c784-4a4f-b1e4-c1de27d47581"}},"uncorrectedTrack":{"name":"Bluish","mbid":"596ae034-8a18-4541-bd8b-ece7ca29c29b","artist":{"name":"Animal Collective","mbid":"0c751690-c784-4a4f-b1e4-c1de27d47581"}},"album":{"name":"Merriweather Post Pavilion","mbid":"5fb66781-17d5-34c6-9ff0-eeba19d4e240","artist":{"name":"Animal Collective","mbid":"0c751690-c784-4a4f-b1e4-c1de27d47581"}},"application":"Last.fm Scrobbler"},{"timestamp":{"iso":"2014-06-26T22:12:54","unixtimestamp":1403820774},"track":{"name":"Novias","mbid":"b4de7318-5e65-450c-baf2-d1cfac5e4b78","artist":{"name":"El Guincho","mbid":"7e57d8a2-e6eb-48dd-8e50-ff7eaa412ccb"}},"uncorrectedTrack":{"name":"Novias","mbid":"b4de7318-5e65-450c-baf2-d1cfac5e4b78","artist":{"name":"El Guincho","mbid":"7e57d8a2-e6eb-48dd-8e50-ff7eaa412ccb"}},"album":{"name":"Pop Negro","mbid":"d1155ca2-d814-4f17-9426-743189f8d853","artist":{"name":"El Guincho","mbid":"7e57d8a2-e6eb-48dd-8e50-ff7eaa412ccb"}},"application":"Grooveshark"},{"timestamp":{"iso":"2014-06-26T22:16:50","unixtimestamp":1403821010},"track":{"name":"Jakov\u0027s Suite","mbid":"1aaa1bbb-4fd6-4905-a1df-c3add322e4d7","artist":{"name":"Tapes \u0027n Tapes","mbid":"a83ec79e-bcbf-4872-92e5-8c7ca1bb8ff2"}},"uncorrectedTrack":{"name":"Jakov\u0027s Suite","mbid":"1aaa1bbb-4fd6-4905-a1df-c3add322e4d7","artist":{"name":"Tapes \u0027n Tapes","mbid":"a83ec79e-bcbf-4872-92e5-8c7ca1bb8ff2"}},"album":{"name":"The Loon","mbid":"4d39aa4c-e4d1-3884-b8f6-9fbbe267f094","artist":{"name":"Tapes \u0027n Tapes","mbid":"a83ec79e-bcbf-4872-92e5-8c7ca1bb8ff2"}},"application":"Grooveshark"},{"timestamp":{"iso":"2014-06-26T22:26:57","unixtimestamp":1403821617},"track":{"name":"Jakov\u0027s Suite","mbid":"1aaa1bbb-4fd6-4905-a1df-c3add322e4d7","artist":{"name":"Tapes \u0027n Tapes","mbid":"a83ec79e-bcbf-4872-92e5-8c7ca1bb8ff2"}},"uncorrectedTrack":{"name":"Jakov\u0027s Suite","mbid":"1aaa1bbb-4fd6-4905-a1df-c3add322e4d7","artist":{"name":"Tapes \u0027n Tapes","mbid":"a83ec79e-bcbf-4872-92e5-8c7ca1bb8ff2"}},"album":{"name":"The Loon","mbid":"4d39aa4c-e4d1-3884-b8f6-9fbbe267f094","artist":{"name":"Tapes \u0027n Tapes","mbid":"a83ec79e-bcbf-4872-92e5-8c7ca1bb8ff2"}},"application":"Grooveshark"},{"timestamp":{"iso":"2014-06-30T14:16:15","unixtimestamp":1404137775},"track":{"name":"Reverse Skydiving","mbid":"10f33fbe-70c6-418e-a892-9e27da99addb","artist":{"name":"Hot Natured feat. Anabel Englund"}},"uncorrectedTrack":{"name":"Reverse Skydiving","mbid":"10f33fbe-70c6-418e-a892-9e27da99addb","artist":{"name":"Hot Natured feat. Anabel Englund"}},"album":{"name":"hot natured","artist":{"name":"Hot Natured feat. Anabel Englund"}},"application":"Grooveshark"}]