[{"timestamp":{"iso":"2009-09-01T06:41:16","unixtimestamp":1251787276},"track":{"name":"Mon amant de Saint-Jean","artist":{"name":"Lucienne Delyle","mbid":"82e0bc9c-2cf4-403d-939c-1d8c00767170"}},"uncorrectedTrack":{"name":"Mon amant de Saint-Jean","artist":{"name":"Lucienne Delyle","mbid":"82e0bc9c-2cf4-403d-939c-1d8c00767170"}},"album":{"name":"Les Temps Des Guinguettes","artist":{"name":"Mistinguett","mbid":"56f20419-8b60-43b6-815f-15db46905de5"}}},{"timestamp":{"iso":"2009-09-01T06:56:52","unixtimestamp":1251788212},"track":{"name":"Spring","mbid":"41798b68-02c4-44d7-b2af-0f048c66f2d9","artist":{"name":"Antonio Vivaldi","mbid":"ad79836d-9849-44df-8789-180bbc823f3c"}},"uncorrectedTrack":{"name":"Spring","mbid":"41798b68-02c4-44d7-b2af-0f048c66f2d9","artist":{"name":"Antonio Vivaldi","mbid":"ad79836d-9849-44df-8789-180bbc823f3c"}},"album":{"name":"Tranquillity: The Seasons","mbid":"0d845af4-0942-462b-8ed7-f8a94b3fe934","artist":{"name":"Antonio Vivaldi","mbid":"ad79836d-9849-44df-8789-180bbc823f3c"}}},{"timestamp":{"iso":"2009-09-01T07:00:28","unixtimestamp":1251788428},"track":{"name":"Lei Toi","mbid":"05cb5f15-f07a-4a51-8420-3b11763463d5","artist":{"name":"Mitsoura","mbid":"1abc3af4-2ea0-446e-83de-b8444a64d3f4"}},"uncorrectedTrack":{"name":"Lei Toi","mbid":"05cb5f15-f07a-4a51-8420-3b11763463d5","artist":{"name":"Mitsoura","mbid":"1abc3af4-2ea0-446e-83de-b8444a64d3f4"}},"album":{"name":"Mitsoura","mbid":"26ab8ec0-f514-3f23-bd60-d10766fb3980","artist":{"name":"Mitsoura","mbid":"1abc3af4-2ea0-446e-83de-b8444a64d3f4"}}},{"timestamp":{"iso":"2009-09-01T07:04:11","unixtimestamp":1251788651},"track":{"name":"La Java Au Clair De Lune","artist":{"name":"Suzy Solidor","mbid":"62e19456-7e4f-422d-ab10-d4888887e73c"}},"uncorrectedTrack":{"name":"La Java Au Clair De Lune","artist":{"name":"Suzy Solidor","mbid":"62e19456-7e4f-422d-ab10-d4888887e73c"}},"album":{"name":"Trésors Chansons Françaises","mbid":"03733fe5-e8f5-4130-89a7-a8d7c448ad7f","artist":{"name":"Various Artists","mbid":"023671ff-b1ad-4133-a4f3-aadaaadfd2e0"}}},{"timestamp":{"iso":"2009-09-01T07:07:01","unixtimestamp":1251788821},"track":{"name":"Leftovers","mbid":"31b8d1b6-c51c-463b-930c-fbaed21735f2","artist":{"name":"Johnny Flynn","mbid":"ce19a7e1-8c47-4dc6-9492-ef907ddc6514"}},"uncorrectedTrack":{"name":"Leftovers","mbid":"31b8d1b6-c51c-463b-930c-fbaed21735f2","artist":{"name":"Johnny Flynn","mbid":"ce19a7e1-8c47-4dc6-9492-ef907ddc6514"}},"album":{"name":"A Larum","mbid":"ddaba7fc-4134-4508-b4bf-e64c273b5fdb","artist":{"name":"Johnny Flynn","mbid":"ce19a7e1-8c47-4dc6-9492-ef907ddc6514"}}},{"timestamp":{"iso":"2009-09-01T07:11:20","unixtimestamp":1251789080},"track":{"name":"Sza Tele Zsav","mbid":"2d5a8214-0a70-403b-90e6-929af147d9af","artist":{"name":"Ando Drom","mbid":"b3a63b9b-fb36-4022-8a92-da1cf08214cc"}},"uncorrectedTrack":{"name":"Sza Tele Zsav","mbid":"2d5a8214-0a70-403b-90e6-929af147d9af","artist":{"name":"Ando Drom","mbid":"b3a63b9b-fb36-4022-8a92-da1cf08214cc"}},"album":{"name":"Phari Mamo","mbid":"7ce084cb-ec3c-460d-b41f-62a4f112f691","artist":{"name":"Ando Drom","mbid":"b3a63b9b-fb36-4022-8a92-da1cf08214cc"}}},{"timestamp":{"iso":"2009-09-01T07:16:27","unixtimestamp":1251789387},"track":{"name":"Monsieur Carnaval","artist":{"name":"Georges Guetary"}},"uncorrectedTrack":{"name":"Monsieur Carnaval","artist":{"name":"Georges Guetary"}},"album":{"name":"Essentiel 2","artist":{"name":"Georges Guetary"}}},{"timestamp":{"iso":"2009-09-01T07:19:26","unixtimestamp":1251789566},"track":{"name":"Canon","mbid":"4cebbe45-f186-49d3-9186-447c340d4714","artist":{"name":"Johann Pachelbel","mbid":"2251b277-2dfb-4cf1-83f3-27e29f902440"}},"uncorrectedTrack":{"name":"Canon","mbid":"4cebbe45-f186-49d3-9186-447c340d4714","artist":{"name":"Johann Pachelbel","mbid":"2251b277-2dfb-4cf1-83f3-27e29f902440"}},"album":{"name":"Baroque Favourites","artist":{"name":"Johann Pachelbel","mbid":"2251b277-2dfb-4cf1-83f3-27e29f902440"}}},{"timestamp":{"iso":"2009-09-01T07:24:13","unixtimestamp":1251789853},"track":{"name":"Kamionos kút","mbid":"a4ba622a-27db-4220-b61d-b65983892f45","artist":{"name":"Besh O Drom","mbid":"4f91e2f8-f0e4-4e12-b6f6-fafbd381b9cf"}},"uncorrectedTrack":{"name":"Kamionos kút","mbid":"a4ba622a-27db-4220-b61d-b65983892f45","artist":{"name":"Besh O Drom","mbid":"4f91e2f8-f0e4-4e12-b6f6-fafbd381b9cf"}}},{"timestamp":{"iso":"2009-09-01T07:28:48","unixtimestamp":1251790128},"track":{"name":"Petit Papa Noel","mbid":"0b8207f7-c633-406c-a921-b1f2ac2efaa6","artist":{"name":"Tino Rossi","mbid":"0403d4fb-cc81-48ff-9c98-9d995b48d73b"}},"uncorrectedTrack":{"name":"Petit Papa Noel","mbid":"0b8207f7-c633-406c-a921-b1f2ac2efaa6","artist":{"name":"Tino Rossi","mbid":"0403d4fb-cc81-48ff-9c98-9d995b48d73b"}},"album":{"name":"40 titres d\u0027or","mbid":"08fb1bdf-1424-43ef-81d8-871355cf6bfd","artist":{"name":"Tino Rossi","mbid":"0403d4fb-cc81-48ff-9c98-9d995b48d73b"}}},{"timestamp":{"iso":"2009-09-01T07:32:44","unixtimestamp":1251790364},"track":{"name":"Chez Moi","mbid":"0fe40ee5-bc92-4030-9b40-69e12fda27a9","artist":{"name":"Serge Lama","mbid":"1b44ad31-811f-4c6f-b821-f96133fab1ca"}},"uncorrectedTrack":{"name":"Chez Moi","mbid":"0fe40ee5-bc92-4030-9b40-69e12fda27a9","artist":{"name":"Serge Lama","mbid":"1b44ad31-811f-4c6f-b821-f96133fab1ca"}},"album":{"name":"L\u0027Ami","mbid":"4b208381-f351-493f-9c87-12c1f1c1a377","artist":{"name":"Serge Lama","mbid":"1b44ad31-811f-4c6f-b821-f96133fab1ca"}}},{"timestamp":{"iso":"2009-09-01T07:35:34","unixtimestamp":1251790534},"track":{"name":"For Our Elegant Caste","mbid":"0959b8b4-5568-4d8e-8f6f-a292e6ebf0cb","artist":{"name":"of Montreal","mbid":"8475297d-fb78-4630-8d74-9b87b6bb7cc8"}},"uncorrectedTrack":{"name":"For Our Elegant Caste","mbid":"0959b8b4-5568-4d8e-8f6f-a292e6ebf0cb","artist":{"name":"of Montreal","mbid":"8475297d-fb78-4630-8d74-9b87b6bb7cc8"}}},{"timestamp":{"iso":"2009-09-01T07:38:11","unixtimestamp":1251790691},"track":{"name":"Jocasta","mbid":"19f3f126-9791-4795-87cf-81c9cc0cdc7f","artist":{"name":"Noah and the Whale","mbid":"917bc621-ad02-477d-9308-a0304c5f9727"}},"uncorrectedTrack":{"name":"Jocasta","mbid":"19f3f126-9791-4795-87cf-81c9cc0cdc7f","artist":{"name":"Noah and the Whale","mbid":"917bc621-ad02-477d-9308-a0304c5f9727"}},"album":{"name":"Five Years Time/Jocasta","artist":{"name":"Noah and the Whale","mbid":"917bc621-ad02-477d-9308-a0304c5f9727"}}},{"timestamp":{"iso":"2009-09-01T07:41:03","unixtimestamp":1251790863},"track":{"name":"Clair de lune","mbid":"8bf270c0-2147-4452-a0fd-becb80de80f2","artist":{"name":"Claude Debussy","mbid":"be50643c-0377-4968-b48c-47e06b2e2a3b"}},"uncorrectedTrack":{"name":"Clair de lune","mbid":"8bf270c0-2147-4452-a0fd-becb80de80f2","artist":{"name":"Claude Debussy","mbid":"be50643c-0377-4968-b48c-47e06b2e2a3b"}},"album":{"name":"Klavierwerke: Clair de Lune","artist":{"name":"Claude Debussy","mbid":"be50643c-0377-4968-b48c-47e06b2e2a3b"}}},{"timestamp":{"iso":"2009-09-01T07:47:35","unixtimestamp":1251791255},"track":{"name":"Photographs Are Not Memories","mbid":"5ef99ab5-47a7-4e2e-a782-3a736688098c","artist":{"name":"Victor Bermon","mbid":"a0d2f52f-cb51-4b1e-b4e7-ab5a50783b64"}},"uncorrectedTrack":{"name":"Photographs Are Not Memories","mbid":"5ef99ab5-47a7-4e2e-a782-3a736688098c","artist":{"name":"Victor Bermon","mbid":"a0d2f52f-cb51-4b1e-b4e7-ab5a50783b64"}}},{"timestamp":{"iso":"2009-09-01T07:51:28","unixtimestamp":1251791488},"track":{"name":"Spoitoresa","artist":{"name":"Mahala Raï Banda"}},"uncorrectedTrack":{"name":"Spoitoresa","artist":{"name":"Mahala Raï Banda"}},"album":{"name":"Mahala Raï Banda","artist":{"name":"Mahala Raï Banda"}}},{"timestamp":{"iso":"2009-09-01T07:56:26","unixtimestamp":1251791786},"track":{"name":"Cloud Whereabouts","mbid":"8591c322-562d-473e-b36d-4b452a20fd89","artist":{"name":"Fourcolor","mbid":"35ecde03-e81c-478b-9c58-bf2b5bef7a0a"}},"uncorrectedTrack":{"name":"Cloud Whereabouts","mbid":"8591c322-562d-473e-b36d-4b452a20fd89","artist":{"name":"Fourcolor","mbid":"35ecde03-e81c-478b-9c58-bf2b5bef7a0a"}},"album":{"name":"Air Curtain","mbid":"0716ad51-36b3-45f4-ba1c-d085235fdb58","artist":{"name":"Fourcolor","mbid":"35ecde03-e81c-478b-9c58-bf2b5bef7a0a"}}},{"timestamp":{"iso":"2009-09-01T08:03:45","unixtimestamp":1251792225},"track":{"name":"Alla Polacca","artist":{"name":"Carl Maria von Weber","mbid":"c2d17829-1424-435b-9386-c77d3a920abe"}},"uncorrectedTrack":{"name":"Alla Polacca","artist":{"name":"Carl Maria von Weber","mbid":"c2d17829-1424-435b-9386-c77d3a920abe"}},"album":{"name":"WEBER: Clarinet Concertos Nos. 1 and 2","artist":{"name":"Carl Maria von Weber","mbid":"c2d17829-1424-435b-9386-c77d3a920abe"}}},{"timestamp":{"iso":"2009-09-01T08:10:43","unixtimestamp":1251792643},"track":{"name":"Hunting Bears","mbid":"b5dd28ac-0a1e-45cb-b4ad-a9aefe7ee167","artist":{"name":"Radiohead","mbid":"a74b1b7f-71a5-4011-9441-d0b5e4122711"}},"uncorrectedTrack":{"name":"Hunting Bears","mbid":"b5dd28ac-0a1e-45cb-b4ad-a9aefe7ee167","artist":{"name":"Radiohead","mbid":"a74b1b7f-71a5-4011-9441-d0b5e4122711"}},"album":{"name":"Amnesiac","mbid":"8fdf5ccd-98d2-3283-a6c3-498871addaf6","artist":{"name":"Radiohead","mbid":"a74b1b7f-71a5-4011-9441-d0b5e4122711"}}},{"timestamp":{"iso":"2009-09-01T08:12:51","unixtimestamp":1251792771},"track":{"name":"A Dead Yellow Carpet","mbid":"230c1cbf-0e39-481f-a530-0195c4a6ba49","artist":{"name":"Taylor Deupree","mbid":"dab5cf68-b079-4f84-bb1a-888600cbf4db"}},"uncorrectedTrack":{"name":"A Dead Yellow Carpet","mbid":"230c1cbf-0e39-481f-a530-0195c4a6ba49","artist":{"name":"Taylor Deupree","mbid":"dab5cf68-b079-4f84-bb1a-888600cbf4db"}}},{"timestamp":{"iso":"2009-09-01T08:21:30","unixtimestamp":1251793290},"track":{"name":"Burning","mbid":"0a73cc35-d391-47ab-93b1-8b852346cec2","artist":{"name":"The Whitest Boy Alive","mbid":"f83781c8-64f9-4657-85bd-51f74d195cfd"}},"uncorrectedTrack":{"name":"Burning","mbid":"0a73cc35-d391-47ab-93b1-8b852346cec2","artist":{"name":"The Whitest Boy Alive","mbid":"f83781c8-64f9-4657-85bd-51f74d195cfd"}},"album":{"name":"Dreams","mbid":"b92cdc4d-84e7-3673-87d2-c833966515e7","artist":{"name":"The Whitest Boy Alive","mbid":"f83781c8-64f9-4657-85bd-51f74d195cfd"}}},{"timestamp":{"iso":"2009-09-01T08:24:37","unixtimestamp":1251793477},"track":{"name":"Adagio","mbid":"48f9b571-e659-446c-b41d-6b5aceadb27f","artist":{"name":"Luigi Boccherini","mbid":"1436d469-1324-49d2-9f60-6de144cfe2fe"}},"uncorrectedTrack":{"name":"Adagio","mbid":"48f9b571-e659-446c-b41d-6b5aceadb27f","artist":{"name":"Luigi Boccherini","mbid":"1436d469-1324-49d2-9f60-6de144cfe2fe"}},"album":{"name":"Stabat Mater \u0026 Quartet in G Minor","mbid":"8b472a2a-fc82-40a9-b24d-31637ea6e38d","artist":{"name":"Luigi Boccherini","mbid":"1436d469-1324-49d2-9f60-6de144cfe2fe"}}},{"timestamp":{"iso":"2009-09-01T08:30:38","unixtimestamp":1251793838},"track":{"name":"Le vieil amant","mbid":"2d63605b-ef49-4d4e-9bd3-f876b0cc45d7","artist":{"name":"Émilie Simon","mbid":"01252145-c9e8-4de5-a480-9b2bed05450a"}},"uncorrectedTrack":{"name":"Le Vieil Amant","artist":{"name":"Emilie Simon"}},"album":{"name":"The Flower Book","artist":{"name":"Emilie Simon"}}},{"timestamp":{"iso":"2009-09-01T08:36:21","unixtimestamp":1251794181},"track":{"name":"La javanaise","mbid":"206e0178-09b3-4c0e-9860-a50002cf8c40","artist":{"name":"Juliette Gréco","mbid":"2be50b6a-6cec-4339-a052-6080aa1d212e"}},"uncorrectedTrack":{"name":"La javanaise","mbid":"206e0178-09b3-4c0e-9860-a50002cf8c40","artist":{"name":"Juliette Gréco","mbid":"2be50b6a-6cec-4339-a052-6080aa1d212e"}},"album":{"name":"Je Suis Comme Je Suis","mbid":"4fdf775b-0f0b-4eb3-a764-ad8eae1d76b6","artist":{"name":"Juliette Gréco","mbid":"2be50b6a-6cec-4339-a052-6080aa1d212e"}}},{"timestamp":{"iso":"2009-09-01T17:02:52","unixtimestamp":1251824572},"track":{"name":"The Fight","artist":{"name":"Sergei Prokofiev"}},"uncorrectedTrack":{"name":"The Fight","artist":{"name":"Sergei Prokofiev"}},"album":{"name":"Romeo and Juliet","mbid":"da9f42e3-e332-457d-95b0-f2843e211b98","artist":{"name":"Sergei Prokofiev"}}},{"timestamp":{"iso":"2009-09-01T17:05:33","unixtimestamp":1251824733},"track":{"name":"Sea Plains","mbid":"09d6e9d9-3a2a-4c50-8652-3de0e9f0d262","artist":{"name":"Willits + Sakamoto"}},"uncorrectedTrack":{"name":"Sea Plains","mbid":"09d6e9d9-3a2a-4c50-8652-3de0e9f0d262","artist":{"name":"Willits + Sakamoto"}}},{"timestamp":{"iso":"2009-09-01T17:10:32","unixtimestamp":1251825032},"track":{"name":"Granmon","mbid":"2e03fc80-4a95-4889-b099-619c25684086","artist":{"name":"Detektivbyrån","mbid":"0f716769-a803-44a5-bb5c-cd9d563716dd"}},"uncorrectedTrack":{"name":"Granmon","mbid":"2e03fc80-4a95-4889-b099-619c25684086","artist":{"name":"Detektivbyrån","mbid":"0f716769-a803-44a5-bb5c-cd9d563716dd"}},"album":{"name":"Hemvägen","artist":{"name":"Detektivbyrån","mbid":"0f716769-a803-44a5-bb5c-cd9d563716dd"}}},{"timestamp":{"iso":"2009-09-01T17:12:59","unixtimestamp":1251825179},"track":{"name":"Fake Palindromes","mbid":"39113bcf-8bec-426d-a4af-16626bb3ecb2","artist":{"name":"Andrew Bird","mbid":"081b133e-ce74-42ba-92c1-c18234acb532"}},"uncorrectedTrack":{"name":"Fake Palindromes","mbid":"39113bcf-8bec-426d-a4af-16626bb3ecb2","artist":{"name":"Andrew Bird","mbid":"081b133e-ce74-42ba-92c1-c18234acb532"}},"album":{"name":"The Mysterious Production of Eggs","mbid":"14ef3f91-7994-44a5-a55d-60f512ed7641","artist":{"name":"Andrew Bird","mbid":"081b133e-ce74-42ba-92c1-c18234acb532"}}},{"timestamp":{"iso":"2009-09-01T17:17:06","unixtimestamp":1251825426},"track":{"name":"Pigalle","mbid":"41d29856-05b0-46dc-9ee5-90b0a83931cf","artist":{"name":"Georges Ulmer","mbid":"836ad164-ec00-4652-89d3-e34353627f63"}},"uncorrectedTrack":{"name":"Pigalle","mbid":"41d29856-05b0-46dc-9ee5-90b0a83931cf","artist":{"name":"Georges Ulmer","mbid":"836ad164-ec00-4652-89d3-e34353627f63"}},"album":{"name":"The Very Best Of The French Chanson II","artist":{"name":"Édith Piaf","mbid":"4f8ef4a3-40fa-46b5-8773-97686a8424f4"}}},{"timestamp":{"iso":"2009-09-01T17:20:13","unixtimestamp":1251825613},"track":{"name":"The Toreadors Prelude To Act 1","artist":{"name":"Georges Bizet","mbid":"9bd20e6a-b41d-4983-a5b6-c0ff849fa235"}},"uncorrectedTrack":{"name":"The Toreadors Prelude To Act 1","artist":{"name":"Georges Bizet","mbid":"9bd20e6a-b41d-4983-a5b6-c0ff849fa235"}},"album":{"name":"101 Famous Classical Masterpieces Volume 5","artist":{"name":"Georges Bizet","mbid":"9bd20e6a-b41d-4983-a5b6-c0ff849fa235"}}},{"timestamp":{"iso":"2009-09-01T17:22:50","unixtimestamp":1251825770},"track":{"name":"Lilacs","artist":{"name":"Sergei Rachmaninoff"}},"uncorrectedTrack":{"name":"Lilacs","artist":{"name":"Sergei Rachmaninoff"}},"album":{"name":"RACHMANINOV: Piano Transcriptions and Arrangements","artist":{"name":"Sergei Rachmaninoff"}}},{"timestamp":{"iso":"2009-09-01T17:25:19","unixtimestamp":1251825919},"track":{"name":"The Man I Love","mbid":"6792094d-7c1b-431c-993d-6c481ea0bd86","artist":{"name":"Teddy Wilson","mbid":"2e89725a-ac85-414c-b3b2-70f0a82fae9a"}},"uncorrectedTrack":{"name":"The Man I Love","mbid":"6792094d-7c1b-431c-993d-6c481ea0bd86","artist":{"name":"Teddy Wilson","mbid":"2e89725a-ac85-414c-b3b2-70f0a82fae9a"}},"album":{"name":"Jumpin\u0027 for Joy","artist":{"name":"Teddy Wilson","mbid":"2e89725a-ac85-414c-b3b2-70f0a82fae9a"}}},{"timestamp":{"iso":"2009-09-01T17:43:29","unixtimestamp":1251827009},"track":{"name":"La Noyée","mbid":"0b883adc-4878-4269-92ae-bfeb97b5a568","artist":{"name":"Yann Tiersen","mbid":"12d432a3-feb0-49b1-a107-d20751880764"}},"uncorrectedTrack":{"name":"La Noyée","mbid":"0b883adc-4878-4269-92ae-bfeb97b5a568","artist":{"name":"Yann Tiersen","mbid":"12d432a3-feb0-49b1-a107-d20751880764"}},"album":{"name":"Le Fabuleux Destin d\u0027Amélie Poulain","artist":{"name":"Various Artists","mbid":"023671ff-b1ad-4133-a4f3-aadaaadfd2e0"}}},{"timestamp":{"iso":"2009-09-01T17:46:33","unixtimestamp":1251827193},"track":{"name":"A Bed Of Ferns","mbid":"89c514f4-1b05-45b5-8c35-7bf2eb3a0c6f","artist":{"name":"Michael Nyman","mbid":"575aaa0e-1956-4cfa-a8e1-a431af32d1a2"}},"uncorrectedTrack":{"name":"A Bed Of Ferns","mbid":"89c514f4-1b05-45b5-8c35-7bf2eb3a0c6f","artist":{"name":"Michael Nyman","mbid":"575aaa0e-1956-4cfa-a8e1-a431af32d1a2"}},"album":{"name":"The Piano","mbid":"4bf88b0f-9999-4a7f-b4be-cd7f9e2a8599","artist":{"name":"Michael Nyman","mbid":"575aaa0e-1956-4cfa-a8e1-a431af32d1a2"}}},{"timestamp":{"iso":"2009-09-01T17:48:02","unixtimestamp":1251827282},"track":{"name":"3326","mbid":"80f0c7b4-2dc4-49b9-a718-1f3543e369c0","artist":{"name":"Ólafur Arnalds","mbid":"0ebdf343-c489-4293-af55-0be1029003fe"}},"uncorrectedTrack":{"name":"3326","mbid":"80f0c7b4-2dc4-49b9-a718-1f3543e369c0","artist":{"name":"Ólafur Arnalds","mbid":"0ebdf343-c489-4293-af55-0be1029003fe"}},"album":{"name":"Eulogy for Evolution","mbid":"1b3091de-3b57-45de-892d-d49ddec37fe0","artist":{"name":"Ólafur Arnalds","mbid":"0ebdf343-c489-4293-af55-0be1029003fe"}}},{"timestamp":{"iso":"2009-09-01T17:51:48","unixtimestamp":1251827508},"track":{"name":"I\u0027m Going To Make A Cake","mbid":"8ce2e283-3bdd-432c-a850-3b5b398f136f","artist":{"name":"Philip Glass","mbid":"45908599-e061-434f-a900-dd2df7931beb"}},"uncorrectedTrack":{"name":"I\u0027m Going To Make A Cake","mbid":"8ce2e283-3bdd-432c-a850-3b5b398f136f","artist":{"name":"Philip Glass","mbid":"45908599-e061-434f-a900-dd2df7931beb"}},"album":{"name":"The Hours","mbid":"1eae087e-bf9d-4ba7-87b6-08c890743f97","artist":{"name":"Philip Glass","mbid":"45908599-e061-434f-a900-dd2df7931beb"}}},{"timestamp":{"iso":"2009-09-01T17:55:59","unixtimestamp":1251827759},"track":{"name":"Main Titles","mbid":"acf179de-ebe2-485b-8301-c0b24f88472c","artist":{"name":"Danny Elfman","mbid":"5b24fbab-c58f-4c37-a59d-ab232e2d98c4"}},"uncorrectedTrack":{"name":"Main Titles","mbid":"acf179de-ebe2-485b-8301-c0b24f88472c","artist":{"name":"Danny Elfman","mbid":"5b24fbab-c58f-4c37-a59d-ab232e2d98c4"}},"album":{"name":"Charlie and the Chocolate Factory","mbid":"8683a064-f090-4101-96b2-484928df56b6","artist":{"name":"Danny Elfman","mbid":"5b24fbab-c58f-4c37-a59d-ab232e2d98c4"}}},{"timestamp":{"iso":"2009-09-01T18:00:03","unixtimestamp":1251828003},"track":{"name":"Life in the Rain","mbid":"2f883b37-31f8-43bb-bd67-1c816bbb7e67","artist":{"name":"Quantic","mbid":"f1560407-8826-4ec9-b78f-e0c3fa3ea4f5"}},"uncorrectedTrack":{"name":"Life in the Rain","mbid":"2f883b37-31f8-43bb-bd67-1c816bbb7e67","artist":{"name":"Quantic","mbid":"f1560407-8826-4ec9-b78f-e0c3fa3ea4f5"}},"album":{"name":"The 5th Exotic","mbid":"5cbf9bb5-6b4d-4b4e-843e-0db79f8f3a58","artist":{"name":"Quantic","mbid":"f1560407-8826-4ec9-b78f-e0c3fa3ea4f5"}}},{"timestamp":{"iso":"2009-09-01T18:06:44","unixtimestamp":1251828404},"track":{"name":"Leisure Lakes","mbid":"ddca550e-eedd-4569-961e-16868f6aac1f","artist":{"name":"Super Numeri","mbid":"86961ecf-e6b8-4806-91fa-fbd4e1567596"}},"uncorrectedTrack":{"name":"Leisure Lakes","mbid":"ddca550e-eedd-4569-961e-16868f6aac1f","artist":{"name":"Super Numeri","mbid":"86961ecf-e6b8-4806-91fa-fbd4e1567596"}},"album":{"name":"Great Aviaries","mbid":"cab2e3fb-5437-4a0b-8c98-d629c7f743bb","artist":{"name":"Super Numeri","mbid":"86961ecf-e6b8-4806-91fa-fbd4e1567596"}}},{"timestamp":{"iso":"2009-09-05T06:50:30","unixtimestamp":1252133430},"track":{"name":"In The Silence Of The Night, Op. 4, No. 3","artist":{"name":"Sergei Rachmaninoff"}},"uncorrectedTrack":{"name":"In The Silence Of The Night, Op. 4, No. 3","artist":{"name":"Sergei Rachmaninoff"}},"album":{"name":"Tourel, Jennie: A Vocal Portrait (1946-1952)","artist":{"name":"Various Artists","mbid":"023671ff-b1ad-4133-a4f3-aadaaadfd2e0"}}},{"timestamp":{"iso":"2009-09-05T06:55:26","unixtimestamp":1252133726},"track":{"name":"Hungarian Dance No. 5","mbid":"001bf2b0-1e89-49ac-9a64-b6c50a0717cf","artist":{"name":"Johannes Brahms","mbid":"3b287562-daec-4318-a2e8-b40343be699c"}},"uncorrectedTrack":{"name":"Hungarian Dance No. 5","mbid":"001bf2b0-1e89-49ac-9a64-b6c50a0717cf","artist":{"name":"Johannes Brahms","mbid":"3b287562-daec-4318-a2e8-b40343be699c"}},"album":{"name":"101 Famous Classical Masterpieces Volume 5","artist":{"name":"Johannes Brahms","mbid":"3b287562-daec-4318-a2e8-b40343be699c"}}},{"timestamp":{"iso":"2009-09-05T06:57:48","unixtimestamp":1252133868},"track":{"name":"Piano Concerto No.2 in F (2nd Movement) {26}","artist":{"name":"Dmitri Shostakovich"}},"uncorrectedTrack":{"name":"Piano Concerto No.2 in F (2nd Movement) {26}","artist":{"name":"Dmitri Shostakovich"}},"album":{"name":"Hall Of Fame 2000","artist":{"name":"Dmitri Shostakovich"}}},{"timestamp":{"iso":"2009-09-05T07:09:12","unixtimestamp":1252134552},"track":{"name":"Vers la flamme, Op. 72","artist":{"name":"Alexander Scriabin"}},"uncorrectedTrack":{"name":"Vers la flamme, Op. 72","artist":{"name":"Alexander Scriabin"}},"album":{"name":"SCRIABIN: Piano Sonatas, Vol.  2","artist":{"name":"Alexander Scriabin"}}},{"timestamp":{"iso":"2009-09-05T07:14:45","unixtimestamp":1252134885},"track":{"name":"Sonata For Cello And Piano","artist":{"name":"César Franck","mbid":"178a8a2f-ae1c-4b03-a41b-77d2cb8eb0c8"}},"uncorrectedTrack":{"name":"Sonata For Cello And Piano","artist":{"name":"César Franck","mbid":"178a8a2f-ae1c-4b03-a41b-77d2cb8eb0c8"}},"album":{"name":"The Love","artist":{"name":"César Franck","mbid":"178a8a2f-ae1c-4b03-a41b-77d2cb8eb0c8"}}},{"timestamp":{"iso":"2009-09-08T20:27:01","unixtimestamp":1252441621},"track":{"name":"Stop Running Away","artist":{"name":"Télépopmusik","mbid":"265f242e-cf4e-4fbe-a3fe-43112387172f"}},"uncorrectedTrack":{"name":"Stop Running Away","artist":{"name":"Télépopmusik","mbid":"265f242e-cf4e-4fbe-a3fe-43112387172f"}}},{"timestamp":{"iso":"2009-09-08T20:29:44","unixtimestamp":1252441784},"track":{"name":"Beautiful (7\" Canny Mix)","mbid":"7fa67b38-8fc7-4f8c-a696-d1e8f83ed509","artist":{"name":"Mandalay","mbid":"d66acd16-1a3e-449d-88e6-02ffbc55a264"}},"uncorrectedTrack":{"name":"Beautiful (7\" Canny Mix)","mbid":"7fa67b38-8fc7-4f8c-a696-d1e8f83ed509","artist":{"name":"Mandalay","mbid":"d66acd16-1a3e-449d-88e6-02ffbc55a264"}},"album":{"name":"Dream Café","mbid":"f1d18bd7-b591-481f-b939-c820766b3ddf","artist":{"name":"Various Artists","mbid":"023671ff-b1ad-4133-a4f3-aadaaadfd2e0"}}},{"timestamp":{"iso":"2009-09-08T20:34:26","unixtimestamp":1252442066},"track":{"name":"Facing East","mbid":"a59da49f-b531-433b-89c7-79e15ae9511d","artist":{"name":"Thievery Corporation","mbid":"a505bb48-ad65-4af4-ae47-29149715bff9"}},"uncorrectedTrack":{"name":"Facing East","mbid":"a59da49f-b531-433b-89c7-79e15ae9511d","artist":{"name":"Thievery Corporation","mbid":"a505bb48-ad65-4af4-ae47-29149715bff9"}},"album":{"name":"The Richest Man in Babylon","mbid":"1770ef1b-d12b-4b23-b594-a3d471c3d600","artist":{"name":"Thievery Corporation","mbid":"a505bb48-ad65-4af4-ae47-29149715bff9"}}},{"timestamp":{"iso":"2009-09-08T20:43:17","unixtimestamp":1252442597},"track":{"name":"Vaporous","mbid":"060d6c19-3c6a-4dac-b482-a20624653538","artist":{"name":"Elsiane","mbid":"5f602a69-a025-405e-9336-29f9e8d713d3"}},"uncorrectedTrack":{"name":"Vaporous","mbid":"060d6c19-3c6a-4dac-b482-a20624653538","artist":{"name":"Elsiane","mbid":"5f602a69-a025-405e-9336-29f9e8d713d3"}},"album":{"name":"Hybrid","mbid":"fc4ffa73-60d6-4987-8a81-dcedf13ffbaa","artist":{"name":"Elsiane","mbid":"5f602a69-a025-405e-9336-29f9e8d713d3"}}},{"timestamp":{"iso":"2009-09-08T20:47:03","unixtimestamp":1252442823},"track":{"name":"Talisman","mbid":"048401d2-ef01-4e8c-867a-ea9e461e8775","artist":{"name":"Air","mbid":"018dcc90-b1a2-400a-a96e-64b6a101f009"}},"uncorrectedTrack":{"name":"Talisman","mbid":"048401d2-ef01-4e8c-867a-ea9e461e8775","artist":{"name":"Air","mbid":"018dcc90-b1a2-400a-a96e-64b6a101f009"}},"album":{"name":"Moon Safari","mbid":"66c2ceb8-d369-4d8c-b702-490838855977","artist":{"name":"Air","mbid":"018dcc90-b1a2-400a-a96e-64b6a101f009"}}},{"timestamp":{"iso":"2009-09-14T04:13:11","unixtimestamp":1252901591},"track":{"name":"Finer Feelings","mbid":"39de5e1a-1849-4097-bee6-9651a98e765e","artist":{"name":"Spoon","mbid":"0db1ad0b-3ac1-4425-b10a-3142e795895c"}},"uncorrectedTrack":{"name":"Finer Feelings","mbid":"39de5e1a-1849-4097-bee6-9651a98e765e","artist":{"name":"Spoon","mbid":"0db1ad0b-3ac1-4425-b10a-3142e795895c"}},"album":{"name":"Ga Ga Ga Ga Ga","mbid":"186a9789-75f5-43fb-9bc5-170476769a27","artist":{"name":"Spoon","mbid":"0db1ad0b-3ac1-4425-b10a-3142e795895c"}}},{"timestamp":{"iso":"2009-09-14T04:18:11","unixtimestamp":1252901891},"track":{"name":"Available","mbid":"cd7cb460-095c-4145-881d-6279f31f7c52","artist":{"name":"The National","mbid":"664c3e0e-42d8-48c1-b209-1efca19c0325"}},"uncorrectedTrack":{"name":"Available","mbid":"cd7cb460-095c-4145-881d-6279f31f7c52","artist":{"name":"The National","mbid":"664c3e0e-42d8-48c1-b209-1efca19c0325"}},"album":{"name":"Sad Songs for Dirty Lovers","mbid":"0b2ec7c8-f1d4-456e-99b3-5421ca2e45c4","artist":{"name":"The National","mbid":"664c3e0e-42d8-48c1-b209-1efca19c0325"}}},{"timestamp":{"iso":"2009-09-14T04:24:31","unixtimestamp":1252902271},"track":{"name":"One Percent of One","artist":{"name":"Stephen Malkmus and the Jicks","mbid":"98e4bf9e-9e33-4f07-9962-f7c1c2d773ba"}},"uncorrectedTrack":{"name":"One Percent of One","artist":{"name":"Stephen Malkmus and the Jicks","mbid":"98e4bf9e-9e33-4f07-9962-f7c1c2d773ba"}},"album":{"name":"Pig Lib","mbid":"0c5f99da-3386-41aa-b28e-7bde860dad04","artist":{"name":"Stephen Malkmus and the Jicks","mbid":"98e4bf9e-9e33-4f07-9962-f7c1c2d773ba"}}},{"timestamp":{"iso":"2009-09-14T04:34:24","unixtimestamp":1252902864},"track":{"name":"The Heartbreak Rides","mbid":"c803841b-e9d4-42f9-b194-ad7364b2a0f8","artist":{"name":"A.C. Newman"}},"uncorrectedTrack":{"name":"The Heartbreak Rides","mbid":"c803841b-e9d4-42f9-b194-ad7364b2a0f8","artist":{"name":"A.C. Newman"}}},{"timestamp":{"iso":"2009-09-14T04:43:08","unixtimestamp":1252903388},"track":{"name":"Hotel Arizona","mbid":"01ba243f-09b5-4ae4-8e3e-b5f7c12da192","artist":{"name":"Wilco","mbid":"9e53f84d-ef44-4c16-9677-5fd4d78cbd7d"}},"uncorrectedTrack":{"name":"Hotel Arizona","mbid":"01ba243f-09b5-4ae4-8e3e-b5f7c12da192","artist":{"name":"Wilco","mbid":"9e53f84d-ef44-4c16-9677-5fd4d78cbd7d"}},"album":{"name":"Being There (disc 1)","artist":{"name":"Wilco","mbid":"9e53f84d-ef44-4c16-9677-5fd4d78cbd7d"}}},{"timestamp":{"iso":"2009-09-14T04:46:53","unixtimestamp":1252903613},"track":{"name":"While We Go Dancing","mbid":"24697767-05c2-4072-9eba-7e526c22dfe3","artist":{"name":"White Rabbits","mbid":"d794450f-e4a8-43f6-9883-12bb67874119"}},"uncorrectedTrack":{"name":"While We Go Dancing","mbid":"24697767-05c2-4072-9eba-7e526c22dfe3","artist":{"name":"White Rabbits","mbid":"d794450f-e4a8-43f6-9883-12bb67874119"}},"album":{"name":"Fort Nightly","mbid":"23144a0b-c6bf-49a6-987c-98b5463df119","artist":{"name":"White Rabbits","mbid":"d794450f-e4a8-43f6-9883-12bb67874119"}}},{"timestamp":{"iso":"2009-09-14T04:54:03","unixtimestamp":1252904043},"track":{"name":"Satin in a Coffin","mbid":"28e150bc-582b-4a49-9a53-dd763861bff2","artist":{"name":"Modest Mouse","mbid":"a96ac800-bfcb-412a-8a63-0a98df600700"}},"uncorrectedTrack":{"name":"Satin in a Coffin","mbid":"28e150bc-582b-4a49-9a53-dd763861bff2","artist":{"name":"Modest Mouse","mbid":"a96ac800-bfcb-412a-8a63-0a98df600700"}},"album":{"name":"Good News For People Who Love Bad News","mbid":"10a503f6-265a-4850-93bd-78b18fc6e6b8","artist":{"name":"Modest Mouse","mbid":"a96ac800-bfcb-412a-8a63-0a98df600700"}}},{"timestamp":{"iso":"2009-09-14T04:59:36","unixtimestamp":1252904376},"track":{"name":"Australia","mbid":"4f701878-706b-43dc-aebf-7556c52097bc","artist":{"name":"The Shins","mbid":"6c8b9855-ba8b-48f9-ac1d-42167f7f7b18"}},"uncorrectedTrack":{"name":"Australia","mbid":"4f701878-706b-43dc-aebf-7556c52097bc","artist":{"name":"The Shins","mbid":"6c8b9855-ba8b-48f9-ac1d-42167f7f7b18"}},"album":{"name":"Wincing the Night Away","mbid":"a0d42921-c7aa-42ef-a63d-3a23ca203ddf","artist":{"name":"The Shins","mbid":"6c8b9855-ba8b-48f9-ac1d-42167f7f7b18"}}},{"timestamp":{"iso":"2009-09-14T07:48:15","unixtimestamp":1252914495},"track":{"name":"Berceuse","mbid":"2e5321b5-55f3-4099-93a7-0dc5fa177a86","artist":{"name":"Frédéric Chopin"}},"uncorrectedTrack":{"name":"Berceuse","mbid":"2e5321b5-55f3-4099-93a7-0dc5fa177a86","artist":{"name":"Frédéric Chopin"}},"album":{"name":"The Chopin Collection: The Impromptus, Others","artist":{"name":"Frédéric Chopin"}}},{"timestamp":{"iso":"2009-09-14T07:53:10","unixtimestamp":1252914790},"track":{"name":"Träumerei","mbid":"a9238367-f1c7-42ed-be38-704a6cfedc30","artist":{"name":"Robert Schumann","mbid":"3cd3882c-00f8-4362-a0c2-ad89ed248533"}},"uncorrectedTrack":{"name":"Trumerei","artist":{"name":"Robert Schumann","mbid":"3cd3882c-00f8-4362-a0c2-ad89ed248533"}},"album":{"name":"Dreams of Classics","artist":{"name":"Robert Schumann","mbid":"3cd3882c-00f8-4362-a0c2-ad89ed248533"}}},{"timestamp":{"iso":"2009-09-14T07:55:59","unixtimestamp":1252914959},"track":{"name":"J Finale-Andante","artist":{"name":"Johannes Brahms","mbid":"3b287562-daec-4318-a2e8-b40343be699c"}},"uncorrectedTrack":{"name":"J Finale-Andante","artist":{"name":"Johannes Brahms","mbid":"3b287562-daec-4318-a2e8-b40343be699c"}},"album":{"name":"Haydn Variations Op 56a","artist":{"name":"Johannes Brahms","mbid":"3b287562-daec-4318-a2e8-b40343be699c"}}},{"timestamp":{"iso":"2009-09-20T06:37:17","unixtimestamp":1253428637},"track":{"name":"Golden Brown","mbid":"0cda5ff4-c7d6-4f71-a5df-09a29351f95d","artist":{"name":"The Stranglers","mbid":"a96d82a0-cdca-40bf-b4c8-3d7ec178d85b"}},"uncorrectedTrack":{"name":"Golden Brown","mbid":"0cda5ff4-c7d6-4f71-a5df-09a29351f95d","artist":{"name":"The Stranglers","mbid":"a96d82a0-cdca-40bf-b4c8-3d7ec178d85b"}},"album":{"name":"Greatest Hits 1977-1990","artist":{"name":"The Stranglers","mbid":"a96d82a0-cdca-40bf-b4c8-3d7ec178d85b"}}},{"timestamp":{"iso":"2009-09-20T06:41:53","unixtimestamp":1253428913},"track":{"name":"Trishika","mbid":"6f685c7b-6358-4e1c-a852-ba36b992d25f","artist":{"name":"Télépopmusik","mbid":"265f242e-cf4e-4fbe-a3fe-43112387172f"}},"uncorrectedTrack":{"name":"Trishika","mbid":"6f685c7b-6358-4e1c-a852-ba36b992d25f","artist":{"name":"Télépopmusik","mbid":"265f242e-cf4e-4fbe-a3fe-43112387172f"}},"album":{"name":"Genetic World","mbid":"971b0a06-b8bc-4886-8e3c-82ad97ad83c9","artist":{"name":"Télépopmusik","mbid":"265f242e-cf4e-4fbe-a3fe-43112387172f"}}},{"timestamp":{"iso":"2009-09-20T06:47:56","unixtimestamp":1253429276},"track":{"name":"On My Balcony","mbid":"b52fe4a0-554c-43dd-b7d5-a3cd2ef16790","artist":{"name":"Flunk","mbid":"101e0102-841f-4858-972b-edf716ee67c9"}},"uncorrectedTrack":{"name":"On My Balcony","mbid":"b52fe4a0-554c-43dd-b7d5-a3cd2ef16790","artist":{"name":"Flunk","mbid":"101e0102-841f-4858-972b-edf716ee67c9"}},"album":{"name":"Morning Star","mbid":"03ed734c-a547-4c89-a45a-4a47b701c026","artist":{"name":"Flunk","mbid":"101e0102-841f-4858-972b-edf716ee67c9"}}},{"timestamp":{"iso":"2009-09-20T06:51:14","unixtimestamp":1253429474},"track":{"name":"Give It Away","mbid":"54da8e06-ca9d-4ab9-8c77-b013b8249ab0","artist":{"name":"Zero 7","mbid":"c23b637b-97c6-41eb-8ef6-6c724efc80a8"}},"uncorrectedTrack":{"name":"Give It Away","mbid":"54da8e06-ca9d-4ab9-8c77-b013b8249ab0","artist":{"name":"Zero 7","mbid":"c23b637b-97c6-41eb-8ef6-6c724efc80a8"}},"album":{"name":"Simple Things","mbid":"4aff6cd0-3f72-4630-991a-3e7371e5393e","artist":{"name":"Zero 7","mbid":"c23b637b-97c6-41eb-8ef6-6c724efc80a8"}}}]