[{"timestamp":{"iso":"2013-07-01T15:52:45","unixtimestamp":1372693965},"track":{"name":"Stay the Same","mbid":"ef255283-adb9-4464-9e27-09e11ae6cb73","artist":{"name":"Bonobo","mbid":"6f7dea51-1d02-4be1-b138-92078518350c"}},"uncorrectedTrack":{"name":"Stay the Same","mbid":"ef255283-adb9-4464-9e27-09e11ae6cb73","artist":{"name":"Bonobo","mbid":"6f7dea51-1d02-4be1-b138-92078518350c"}},"album":{"name":"Black Sands","mbid":"6b575427-f110-4c22-bdeb-89620f534da2","artist":{"name":"Bonobo","mbid":"6f7dea51-1d02-4be1-b138-92078518350c"}},"application":"Grooveshark"},{"timestamp":{"iso":"2013-07-01T16:14:21","unixtimestamp":1372695261},"track":{"name":"The Past Before My Eyes","artist":{"name":"OST","mbid":"1763c989-433f-46b5-9cda-a216cb0d2e15"}},"uncorrectedTrack":{"name":"The Past Before My Eyes","artist":{"name":"OST","mbid":"1763c989-433f-46b5-9cda-a216cb0d2e15"}},"album":{"name":"Departures - Volume 1","artist":{"name":"OST","mbid":"1763c989-433f-46b5-9cda-a216cb0d2e15"}},"application":"Grooveshark"},{"timestamp":{"iso":"2013-07-01T16:21:07","unixtimestamp":1372695667},"track":{"name":"Azuri","artist":{"name":"OST","mbid":"1763c989-433f-46b5-9cda-a216cb0d2e15"}},"uncorrectedTrack":{"name":"Azuri","artist":{"name":"OST","mbid":"1763c989-433f-46b5-9cda-a216cb0d2e15"}},"album":{"name":"Departures - Volume 1","artist":{"name":"OST","mbid":"1763c989-433f-46b5-9cda-a216cb0d2e15"}},"application":"Grooveshark"},{"timestamp":{"iso":"2013-07-01T16:37:07","unixtimestamp":1372696627},"track":{"name":"Alternation","mbid":"0f1af780-1ed6-4e20-8d11-da462ca94703","artist":{"name":"Midwest Product","mbid":"0ce8de4d-8aa0-4093-b84f-66a18096f18e"}},"uncorrectedTrack":{"name":"Alternator","artist":{"name":"Midwest Product","mbid":"0ce8de4d-8aa0-4093-b84f-66a18096f18e"}},"album":{"name":"Specifics","mbid":"406ec6f6-a62e-4261-a7cd-6c87f1124eee","artist":{"name":"Midwest Product","mbid":"0ce8de4d-8aa0-4093-b84f-66a18096f18e"}},"application":"Grooveshark"},{"timestamp":{"iso":"2013-07-01T17:50:57","unixtimestamp":1372701057},"track":{"name":"Symphony No 9 in D minor, 1st Movement, Allegro ma non troppo, un poco maestoso","artist":{"name":"Ludwig van Beethoven","mbid":"1f9df192-a621-4f54-8850-2c5373b7eac9"}},"uncorrectedTrack":{"name":"Symphony No 9 in D minor, 1st Movement, Allegro ma non troppo, un poco maestoso","artist":{"name":"Beethoven","mbid":"b160e4df-52f8-4487-8375-e8fc7de4970b"}},"album":{"name":"9 symphonies","artist":{"name":"Beethoven","mbid":"b160e4df-52f8-4487-8375-e8fc7de4970b"}},"application":"Grooveshark"},{"timestamp":{"iso":"2013-07-01T18:14:53","unixtimestamp":1372702493},"track":{"name":"Molto vivace - Presto - Molto vivace","artist":{"name":"Ludwig van Beethoven","mbid":"1f9df192-a621-4f54-8850-2c5373b7eac9"}},"uncorrectedTrack":{"name":"Molto vivace - presto - molto vivace","artist":{"name":"Beethoven","mbid":"b160e4df-52f8-4487-8375-e8fc7de4970b"}},"album":{"name":"Symphony no. 9","artist":{"name":"Beethoven","mbid":"b160e4df-52f8-4487-8375-e8fc7de4970b"}},"application":"Grooveshark"},{"timestamp":{"iso":"2013-07-01T18:37:00","unixtimestamp":1372703820},"track":{"name":"Sonata in g minor for flute, harp \u0026 cello","mbid":"92896ad5-6c1b-4701-bd86-1b6de457f629","artist":{"name":"Johann Sebastian Bach","mbid":"24f1766e-9635-4d58-a4d4-9413f9f98a4c"}},"uncorrectedTrack":{"name":"Sonata in G minor for Flute, Harp \u0026 Cello","artist":{"name":"Bach","mbid":"9cefb3f2-763c-47a3-bc1e-86f1f35206f0"}},"album":{"name":"Bach for Breakfast","artist":{"name":"Bach","mbid":"9cefb3f2-763c-47a3-bc1e-86f1f35206f0"}},"application":"Grooveshark"},{"timestamp":{"iso":"2013-07-01T18:41:59","unixtimestamp":1372704119},"track":{"name":"Piano Sonata No 14","artist":{"name":"Ludwig van Beethoven","mbid":"1f9df192-a621-4f54-8850-2c5373b7eac9"}},"uncorrectedTrack":{"name":"Piano Sonata No 14","artist":{"name":"Beethoven","mbid":"b160e4df-52f8-4487-8375-e8fc7de4970b"}},"album":{"name":"Moonlight Sonata","artist":{"name":"Beethoven","mbid":"b160e4df-52f8-4487-8375-e8fc7de4970b"}},"application":"Grooveshark"},{"timestamp":{"iso":"2013-07-01T18:48:20","unixtimestamp":1372704500},"track":{"name":"Cello Sonata No. 1 in F Major - 2 Allegro","artist":{"name":"Ludwig van Beethoven","mbid":"1f9df192-a621-4f54-8850-2c5373b7eac9"}},"uncorrectedTrack":{"name":"Cello Sonata No. 1 in F Major - 2 Allegro","artist":{"name":"Ludwig van Beethoven","mbid":"1f9df192-a621-4f54-8850-2c5373b7eac9"}},"album":{"name":"Cello Sonata No. 2 in G Minor ( L. Harrel - Ashkenasy )","artist":{"name":"Ludwig van Beethoven","mbid":"1f9df192-a621-4f54-8850-2c5373b7eac9"}},"application":"Grooveshark"},{"timestamp":{"iso":"2013-07-01T19:23:13","unixtimestamp":1372706593},"track":{"name":"The Past Before My Eyes","artist":{"name":"OST","mbid":"1763c989-433f-46b5-9cda-a216cb0d2e15"}},"uncorrectedTrack":{"name":"The Past Before My Eyes","artist":{"name":"OST","mbid":"1763c989-433f-46b5-9cda-a216cb0d2e15"}},"album":{"name":"Departures - Volume 1","artist":{"name":"OST","mbid":"1763c989-433f-46b5-9cda-a216cb0d2e15"}},"application":"Grooveshark"},{"timestamp":{"iso":"2013-07-01T19:26:26","unixtimestamp":1372706786},"track":{"name":"Alternation","mbid":"0f1af780-1ed6-4e20-8d11-da462ca94703","artist":{"name":"Midwest Product","mbid":"0ce8de4d-8aa0-4093-b84f-66a18096f18e"}},"uncorrectedTrack":{"name":"Alternator","artist":{"name":"Midwest Product","mbid":"0ce8de4d-8aa0-4093-b84f-66a18096f18e"}},"album":{"name":"Specifics","mbid":"406ec6f6-a62e-4261-a7cd-6c87f1124eee","artist":{"name":"Midwest Product","mbid":"0ce8de4d-8aa0-4093-b84f-66a18096f18e"}},"application":"Grooveshark"},{"timestamp":{"iso":"2013-07-01T19:32:17","unixtimestamp":1372707137},"track":{"name":"The Past Before My Eyes","artist":{"name":"OST","mbid":"1763c989-433f-46b5-9cda-a216cb0d2e15"}},"uncorrectedTrack":{"name":"The Past Before My Eyes","artist":{"name":"OST","mbid":"1763c989-433f-46b5-9cda-a216cb0d2e15"}},"album":{"name":"Departures - Volume 1","artist":{"name":"OST","mbid":"1763c989-433f-46b5-9cda-a216cb0d2e15"}},"application":"Grooveshark"},{"timestamp":{"iso":"2013-07-01T19:35:26","unixtimestamp":1372707326},"track":{"name":"Sigur Boom","artist":{"name":"OST","mbid":"1763c989-433f-46b5-9cda-a216cb0d2e15"}},"uncorrectedTrack":{"name":"Sigur Boom","artist":{"name":"OST","mbid":"1763c989-433f-46b5-9cda-a216cb0d2e15"}},"album":{"name":"Departures - Volume 1","artist":{"name":"OST","mbid":"1763c989-433f-46b5-9cda-a216cb0d2e15"}},"application":"Grooveshark"},{"timestamp":{"iso":"2013-07-01T19:38:37","unixtimestamp":1372707517},"track":{"name":"Lightest Blue","artist":{"name":"OST","mbid":"1763c989-433f-46b5-9cda-a216cb0d2e15"}},"uncorrectedTrack":{"name":"Lightest Blue","artist":{"name":"OST","mbid":"1763c989-433f-46b5-9cda-a216cb0d2e15"}},"album":{"name":"Departures - Volume 1","artist":{"name":"OST","mbid":"1763c989-433f-46b5-9cda-a216cb0d2e15"}},"application":"Grooveshark"},{"timestamp":{"iso":"2013-07-01T19:42:02","unixtimestamp":1372707722},"track":{"name":"Open Shores","artist":{"name":"OST","mbid":"1763c989-433f-46b5-9cda-a216cb0d2e15"}},"uncorrectedTrack":{"name":"Open Shores","artist":{"name":"OST","mbid":"1763c989-433f-46b5-9cda-a216cb0d2e15"}},"album":{"name":"Departures - Volume 1","artist":{"name":"OST","mbid":"1763c989-433f-46b5-9cda-a216cb0d2e15"}},"application":"Grooveshark"},{"timestamp":{"iso":"2013-07-01T19:44:15","unixtimestamp":1372707855},"track":{"name":"Prolong","artist":{"name":"OST","mbid":"1763c989-433f-46b5-9cda-a216cb0d2e15"}},"uncorrectedTrack":{"name":"Prolong","artist":{"name":"OST","mbid":"1763c989-433f-46b5-9cda-a216cb0d2e15"}},"album":{"name":"Departures - Volume 1","artist":{"name":"OST","mbid":"1763c989-433f-46b5-9cda-a216cb0d2e15"}},"application":"Grooveshark"},{"timestamp":{"iso":"2013-07-01T19:48:00","unixtimestamp":1372708080},"track":{"name":"Julio","artist":{"name":"OST","mbid":"1763c989-433f-46b5-9cda-a216cb0d2e15"}},"uncorrectedTrack":{"name":"Julio","artist":{"name":"OST","mbid":"1763c989-433f-46b5-9cda-a216cb0d2e15"}},"album":{"name":"Departures - Volume 1","artist":{"name":"OST","mbid":"1763c989-433f-46b5-9cda-a216cb0d2e15"}},"application":"Grooveshark"},{"timestamp":{"iso":"2013-07-01T19:50:14","unixtimestamp":1372708214},"track":{"name":"Trails","artist":{"name":"OST","mbid":"1763c989-433f-46b5-9cda-a216cb0d2e15"}},"uncorrectedTrack":{"name":"Trails","artist":{"name":"OST","mbid":"1763c989-433f-46b5-9cda-a216cb0d2e15"}},"album":{"name":"Departures - Volume 1","artist":{"name":"OST","mbid":"1763c989-433f-46b5-9cda-a216cb0d2e15"}},"application":"Grooveshark"},{"timestamp":{"iso":"2013-07-01T19:53:06","unixtimestamp":1372708386},"track":{"name":"Armies of Air","artist":{"name":"OST","mbid":"1763c989-433f-46b5-9cda-a216cb0d2e15"}},"uncorrectedTrack":{"name":"Armies of Air","artist":{"name":"OST","mbid":"1763c989-433f-46b5-9cda-a216cb0d2e15"}},"album":{"name":"Departures - Volume 1","artist":{"name":"OST","mbid":"1763c989-433f-46b5-9cda-a216cb0d2e15"}},"application":"Grooveshark"},{"timestamp":{"iso":"2013-07-01T19:57:00","unixtimestamp":1372708620},"track":{"name":"So It Seems","artist":{"name":"OST","mbid":"1763c989-433f-46b5-9cda-a216cb0d2e15"}},"uncorrectedTrack":{"name":"So It Seems","artist":{"name":"OST","mbid":"1763c989-433f-46b5-9cda-a216cb0d2e15"}},"album":{"name":"Departures - Volume 1","artist":{"name":"OST","mbid":"1763c989-433f-46b5-9cda-a216cb0d2e15"}},"application":"Grooveshark"},{"timestamp":{"iso":"2013-07-01T19:57:36","unixtimestamp":1372708656},"track":{"name":"Donna","artist":{"name":"OST","mbid":"1763c989-433f-46b5-9cda-a216cb0d2e15"}},"uncorrectedTrack":{"name":"Donna","artist":{"name":"OST","mbid":"1763c989-433f-46b5-9cda-a216cb0d2e15"}},"album":{"name":"Departures - Volume 1","artist":{"name":"OST","mbid":"1763c989-433f-46b5-9cda-a216cb0d2e15"}},"application":"Grooveshark"},{"timestamp":{"iso":"2013-07-01T19:59:48","unixtimestamp":1372708788},"track":{"name":"Rain Theory","artist":{"name":"OST","mbid":"1763c989-433f-46b5-9cda-a216cb0d2e15"}},"uncorrectedTrack":{"name":"Rain Theory","artist":{"name":"OST","mbid":"1763c989-433f-46b5-9cda-a216cb0d2e15"}},"album":{"name":"Departures - Volume 1","artist":{"name":"OST","mbid":"1763c989-433f-46b5-9cda-a216cb0d2e15"}},"application":"Grooveshark"},{"timestamp":{"iso":"2013-07-01T20:03:46","unixtimestamp":1372709026},"track":{"name":"Get On With It","artist":{"name":"OST","mbid":"1763c989-433f-46b5-9cda-a216cb0d2e15"}},"uncorrectedTrack":{"name":"Get On With It","artist":{"name":"OST","mbid":"1763c989-433f-46b5-9cda-a216cb0d2e15"}},"album":{"name":"Departures - Volume 1","artist":{"name":"OST","mbid":"1763c989-433f-46b5-9cda-a216cb0d2e15"}},"application":"Grooveshark"},{"timestamp":{"iso":"2013-07-01T20:08:19","unixtimestamp":1372709299},"track":{"name":"Conspiring With Light","artist":{"name":"OST","mbid":"1763c989-433f-46b5-9cda-a216cb0d2e15"}},"uncorrectedTrack":{"name":"Conspiring With Light","artist":{"name":"OST","mbid":"1763c989-433f-46b5-9cda-a216cb0d2e15"}},"album":{"name":"Departures - Volume 1","artist":{"name":"OST","mbid":"1763c989-433f-46b5-9cda-a216cb0d2e15"}},"application":"Grooveshark"},{"timestamp":{"iso":"2013-07-01T20:13:29","unixtimestamp":1372709609},"track":{"name":"April","artist":{"name":"OST","mbid":"1763c989-433f-46b5-9cda-a216cb0d2e15"}},"uncorrectedTrack":{"name":"April","artist":{"name":"OST","mbid":"1763c989-433f-46b5-9cda-a216cb0d2e15"}},"album":{"name":"Departures - Volume 1","artist":{"name":"OST","mbid":"1763c989-433f-46b5-9cda-a216cb0d2e15"}},"application":"Grooveshark"},{"timestamp":{"iso":"2013-07-01T20:18:00","unixtimestamp":1372709880},"track":{"name":"Azuri","artist":{"name":"OST","mbid":"1763c989-433f-46b5-9cda-a216cb0d2e15"}},"uncorrectedTrack":{"name":"Azuri","artist":{"name":"OST","mbid":"1763c989-433f-46b5-9cda-a216cb0d2e15"}},"album":{"name":"Departures - Volume 1","artist":{"name":"OST","mbid":"1763c989-433f-46b5-9cda-a216cb0d2e15"}},"application":"Grooveshark"},{"timestamp":{"iso":"2013-07-01T20:21:25","unixtimestamp":1372710085},"track":{"name":"Abstracts and Air Pressure","artist":{"name":"OST","mbid":"1763c989-433f-46b5-9cda-a216cb0d2e15"}},"uncorrectedTrack":{"name":"Abstracts and Air Pressure","artist":{"name":"OST","mbid":"1763c989-433f-46b5-9cda-a216cb0d2e15"}},"album":{"name":"Departures - Volume 1","artist":{"name":"OST","mbid":"1763c989-433f-46b5-9cda-a216cb0d2e15"}},"application":"Grooveshark"},{"timestamp":{"iso":"2013-07-01T20:24:08","unixtimestamp":1372710248},"track":{"name":"Main Titles","artist":{"name":"OST","mbid":"1763c989-433f-46b5-9cda-a216cb0d2e15"}},"uncorrectedTrack":{"name":"Main Titles","artist":{"name":"OST","mbid":"1763c989-433f-46b5-9cda-a216cb0d2e15"}},"album":{"name":"Departures - Volume 1","artist":{"name":"OST","mbid":"1763c989-433f-46b5-9cda-a216cb0d2e15"}},"application":"Grooveshark"},{"timestamp":{"iso":"2013-07-01T20:24:44","unixtimestamp":1372710284},"track":{"name":"29 Palms","mbid":"afd5e8e1-f19a-4263-9be4-836063a0d4f2","artist":{"name":"Glen Porter","mbid":"7454165a-d7e4-4138-b326-2473e5a1ef3b"}},"uncorrectedTrack":{"name":"29 Palms","mbid":"afd5e8e1-f19a-4263-9be4-836063a0d4f2","artist":{"name":"Glen Porter","mbid":"7454165a-d7e4-4138-b326-2473e5a1ef3b"}},"album":{"name":"Blessed by a Young Death","mbid":"1e350090-3f3c-4031-81c2-1c01548c5411","artist":{"name":"Glen Porter","mbid":"7454165a-d7e4-4138-b326-2473e5a1ef3b"}},"application":"Grooveshark"},{"timestamp":{"iso":"2013-07-01T20:28:45","unixtimestamp":1372710525},"track":{"name":"Transient","mbid":"7fc96a9f-d16f-48e0-acb4-a1fc17b832c2","artist":{"name":"Glen Porter","mbid":"7454165a-d7e4-4138-b326-2473e5a1ef3b"}},"uncorrectedTrack":{"name":"Transient","mbid":"7fc96a9f-d16f-48e0-acb4-a1fc17b832c2","artist":{"name":"Glen Porter","mbid":"7454165a-d7e4-4138-b326-2473e5a1ef3b"}},"album":{"name":"Blessed by a Young Death","mbid":"1e350090-3f3c-4031-81c2-1c01548c5411","artist":{"name":"Glen Porter","mbid":"7454165a-d7e4-4138-b326-2473e5a1ef3b"}},"application":"Grooveshark"},{"timestamp":{"iso":"2013-07-01T20:31:54","unixtimestamp":1372710714},"track":{"name":"Forgive Me Part 1","artist":{"name":"Glen Porter","mbid":"7454165a-d7e4-4138-b326-2473e5a1ef3b"}},"uncorrectedTrack":{"name":"Forgive Me Part 1","artist":{"name":"Glen Porter","mbid":"7454165a-d7e4-4138-b326-2473e5a1ef3b"}},"album":{"name":"Blessed by a Young Death","mbid":"1e350090-3f3c-4031-81c2-1c01548c5411","artist":{"name":"Glen Porter","mbid":"7454165a-d7e4-4138-b326-2473e5a1ef3b"}},"application":"Grooveshark"},{"timestamp":{"iso":"2013-07-01T20:34:28","unixtimestamp":1372710868},"track":{"name":"Sunset","mbid":"7e2cde57-6a22-4202-b12e-71e5461c55a5","artist":{"name":"Glen Porter","mbid":"7454165a-d7e4-4138-b326-2473e5a1ef3b"}},"uncorrectedTrack":{"name":"Sunset","mbid":"7e2cde57-6a22-4202-b12e-71e5461c55a5","artist":{"name":"Glen Porter","mbid":"7454165a-d7e4-4138-b326-2473e5a1ef3b"}},"album":{"name":"Blessed by a Young Death","mbid":"1e350090-3f3c-4031-81c2-1c01548c5411","artist":{"name":"Glen Porter","mbid":"7454165a-d7e4-4138-b326-2473e5a1ef3b"}},"application":"Grooveshark"},{"timestamp":{"iso":"2013-07-01T20:37:29","unixtimestamp":1372711049},"track":{"name":"Slowburn","mbid":"6e5b54e4-1ed3-4921-8263-a0289c232862","artist":{"name":"Glen Porter","mbid":"7454165a-d7e4-4138-b326-2473e5a1ef3b"}},"uncorrectedTrack":{"name":"Slowburn","mbid":"6e5b54e4-1ed3-4921-8263-a0289c232862","artist":{"name":"Glen Porter","mbid":"7454165a-d7e4-4138-b326-2473e5a1ef3b"}},"album":{"name":"Blessed by a Young Death","mbid":"1e350090-3f3c-4031-81c2-1c01548c5411","artist":{"name":"Glen Porter","mbid":"7454165a-d7e4-4138-b326-2473e5a1ef3b"}},"application":"Grooveshark"},{"timestamp":{"iso":"2013-07-01T20:41:19","unixtimestamp":1372711279},"track":{"name":"I Sat Alone","mbid":"6a720925-3834-425a-a949-94b238c34cf5","artist":{"name":"Glen Porter","mbid":"7454165a-d7e4-4138-b326-2473e5a1ef3b"}},"uncorrectedTrack":{"name":"I Sat Alone","mbid":"6a720925-3834-425a-a949-94b238c34cf5","artist":{"name":"Glen Porter","mbid":"7454165a-d7e4-4138-b326-2473e5a1ef3b"}},"album":{"name":"Blessed by a Young Death","mbid":"1e350090-3f3c-4031-81c2-1c01548c5411","artist":{"name":"Glen Porter","mbid":"7454165a-d7e4-4138-b326-2473e5a1ef3b"}},"application":"Grooveshark"},{"timestamp":{"iso":"2013-07-01T20:44:14","unixtimestamp":1372711454},"track":{"name":"Forgive Me, Part 2","mbid":"33047638-96a2-4356-a12b-38813fc54ba8","artist":{"name":"Glen Porter","mbid":"7454165a-d7e4-4138-b326-2473e5a1ef3b"}},"uncorrectedTrack":{"name":"Forgive Me Part 2","artist":{"name":"Glen Porter","mbid":"7454165a-d7e4-4138-b326-2473e5a1ef3b"}},"album":{"name":"Blessed by a Young Death","mbid":"1e350090-3f3c-4031-81c2-1c01548c5411","artist":{"name":"Glen Porter","mbid":"7454165a-d7e4-4138-b326-2473e5a1ef3b"}},"application":"Grooveshark"},{"timestamp":{"iso":"2013-07-01T20:46:27","unixtimestamp":1372711587},"track":{"name":"Awrldofmkblv","mbid":"5bfa5817-2917-447c-ae9f-ca6d7e35098e","artist":{"name":"Glen Porter","mbid":"7454165a-d7e4-4138-b326-2473e5a1ef3b"}},"uncorrectedTrack":{"name":"Awrldofmkblv","mbid":"5bfa5817-2917-447c-ae9f-ca6d7e35098e","artist":{"name":"Glen Porter","mbid":"7454165a-d7e4-4138-b326-2473e5a1ef3b"}},"album":{"name":"Blessed by a Young Death","mbid":"1e350090-3f3c-4031-81c2-1c01548c5411","artist":{"name":"Glen Porter","mbid":"7454165a-d7e4-4138-b326-2473e5a1ef3b"}},"application":"Grooveshark"},{"timestamp":{"iso":"2013-07-01T20:49:28","unixtimestamp":1372711768},"track":{"name":"And Death of","mbid":"9f8ed439-89f3-434b-89b8-9f8c0d5929e0","artist":{"name":"Glen Porter","mbid":"7454165a-d7e4-4138-b326-2473e5a1ef3b"}},"uncorrectedTrack":{"name":"And Death of","mbid":"9f8ed439-89f3-434b-89b8-9f8c0d5929e0","artist":{"name":"Glen Porter","mbid":"7454165a-d7e4-4138-b326-2473e5a1ef3b"}},"album":{"name":"Blessed by a Young Death","mbid":"1e350090-3f3c-4031-81c2-1c01548c5411","artist":{"name":"Glen Porter","mbid":"7454165a-d7e4-4138-b326-2473e5a1ef3b"}},"application":"Grooveshark"},{"timestamp":{"iso":"2013-07-01T20:53:27","unixtimestamp":1372712007},"track":{"name":"Nach Deutschland","mbid":"576eeab2-fe83-4497-8578-03f11a097a2b","artist":{"name":"John Powell","mbid":"0214a285-589c-4ead-ae13-feab602d8004"}},"uncorrectedTrack":{"name":"Nach Deutschland","mbid":"576eeab2-fe83-4497-8578-03f11a097a2b","artist":{"name":"John Powell","mbid":"0214a285-589c-4ead-ae13-feab602d8004"}},"album":{"name":"The Bourne Supremacy","mbid":"f5356f8a-a089-3814-8f1f-cec5c126f03e","artist":{"name":"John Powell","mbid":"0214a285-589c-4ead-ae13-feab602d8004"}},"application":"Grooveshark"},{"timestamp":{"iso":"2013-07-01T20:56:07","unixtimestamp":1372712167},"track":{"name":"Something Glue","mbid":"a29d1988-6aed-4dac-912f-c492239f4830","artist":{"name":"Glen Porter","mbid":"7454165a-d7e4-4138-b326-2473e5a1ef3b"}},"uncorrectedTrack":{"name":"Something Glue","mbid":"a29d1988-6aed-4dac-912f-c492239f4830","artist":{"name":"Glen Porter","mbid":"7454165a-d7e4-4138-b326-2473e5a1ef3b"}},"album":{"name":"Blessed by a Young Death","mbid":"1e350090-3f3c-4031-81c2-1c01548c5411","artist":{"name":"Glen Porter","mbid":"7454165a-d7e4-4138-b326-2473e5a1ef3b"}},"application":"Grooveshark"},{"timestamp":{"iso":"2013-07-01T21:01:49","unixtimestamp":1372712509},"track":{"name":"5AM","mbid":"816d80a4-b1ff-4b3b-a97e-55cc11f7457a","artist":{"name":"Glen Porter","mbid":"7454165a-d7e4-4138-b326-2473e5a1ef3b"}},"uncorrectedTrack":{"name":"5AM","mbid":"816d80a4-b1ff-4b3b-a97e-55cc11f7457a","artist":{"name":"Glen Porter","mbid":"7454165a-d7e4-4138-b326-2473e5a1ef3b"}},"album":{"name":"Falling Down","mbid":"f97efeba-fe82-4a62-a4bb-283e4d4e97e2","artist":{"name":"Glen Porter","mbid":"7454165a-d7e4-4138-b326-2473e5a1ef3b"}},"application":"Grooveshark"},{"timestamp":{"iso":"2013-07-01T21:04:32","unixtimestamp":1372712672},"track":{"name":"Alternation","mbid":"0f1af780-1ed6-4e20-8d11-da462ca94703","artist":{"name":"Midwest Product","mbid":"0ce8de4d-8aa0-4093-b84f-66a18096f18e"}},"uncorrectedTrack":{"name":"Alternator","artist":{"name":"Midwest Product","mbid":"0ce8de4d-8aa0-4093-b84f-66a18096f18e"}},"album":{"name":"Specifics","mbid":"406ec6f6-a62e-4261-a7cd-6c87f1124eee","artist":{"name":"Midwest Product","mbid":"0ce8de4d-8aa0-4093-b84f-66a18096f18e"}},"application":"Grooveshark"},{"timestamp":{"iso":"2013-07-01T21:09:52","unixtimestamp":1372712992},"track":{"name":"Jetstream","artist":{"name":"Lusine"}},"uncorrectedTrack":{"name":"Jetstream","artist":{"name":"L\u0027Usine","mbid":"24ee4021-50ac-4285-b76e-860082d0d731"}},"album":{"name":"Language Barrier","artist":{"name":"L\u0027Usine","mbid":"24ee4021-50ac-4285-b76e-860082d0d731"}},"application":"Grooveshark"},{"timestamp":{"iso":"2013-07-08T21:35:29","unixtimestamp":1373319329},"track":{"name":"Cortina","mbid":"454765c4-cc69-4a06-8c2c-af6e4687dd1d","artist":{"name":"Bonobo","mbid":"6f7dea51-1d02-4be1-b138-92078518350c"}},"uncorrectedTrack":{"name":"Cortina","mbid":"454765c4-cc69-4a06-8c2c-af6e4687dd1d","artist":{"name":"Bonobo","mbid":"6f7dea51-1d02-4be1-b138-92078518350c"}},"album":{"name":"Hostile","mbid":"47a61c1b-2b2f-4e55-baee-85034d9c879e","artist":{"name":"Bonobo","mbid":"6f7dea51-1d02-4be1-b138-92078518350c"}},"application":"Grooveshark"},{"timestamp":{"iso":"2013-07-08T21:41:59","unixtimestamp":1373319719},"track":{"name":"Kiara","mbid":"da17946e-5e74-4c02-a474-6cd8e321b96a","artist":{"name":"Bonobo","mbid":"6f7dea51-1d02-4be1-b138-92078518350c"}},"uncorrectedTrack":{"name":"Kiara","mbid":"da17946e-5e74-4c02-a474-6cd8e321b96a","artist":{"name":"Bonobo","mbid":"6f7dea51-1d02-4be1-b138-92078518350c"}},"album":{"name":"Black Sands","mbid":"6b575427-f110-4c22-bdeb-89620f534da2","artist":{"name":"Bonobo","mbid":"6f7dea51-1d02-4be1-b138-92078518350c"}},"application":"Grooveshark"},{"timestamp":{"iso":"2013-07-08T21:42:37","unixtimestamp":1373319757},"track":{"name":"Cirrus","mbid":"7b209a2c-e9b5-4fce-8105-75c18a869152","artist":{"name":"Bonobo","mbid":"6f7dea51-1d02-4be1-b138-92078518350c"}},"uncorrectedTrack":{"name":"Cirrus","mbid":"7b209a2c-e9b5-4fce-8105-75c18a869152","artist":{"name":"Bonobo","mbid":"6f7dea51-1d02-4be1-b138-92078518350c"}},"album":{"name":"The North Borders.","artist":{"name":"Bonobo","mbid":"6f7dea51-1d02-4be1-b138-92078518350c"}},"application":"Grooveshark"},{"timestamp":{"iso":"2013-07-08T21:48:30","unixtimestamp":1373320110},"track":{"name":"Emkay","mbid":"4b6b0286-e45a-4182-ad5f-bb67850a1da7","artist":{"name":"Bonobo","mbid":"6f7dea51-1d02-4be1-b138-92078518350c"}},"uncorrectedTrack":{"name":"Emkay","mbid":"4b6b0286-e45a-4182-ad5f-bb67850a1da7","artist":{"name":"Bonobo","mbid":"6f7dea51-1d02-4be1-b138-92078518350c"}},"album":{"name":"The North Borders.","artist":{"name":"Bonobo","mbid":"6f7dea51-1d02-4be1-b138-92078518350c"}},"application":"Grooveshark"},{"timestamp":{"iso":"2013-07-08T21:53:55","unixtimestamp":1373320435},"track":{"name":"Heaven for the Sinner (ft. Erykah Badu)","artist":{"name":"Bonobo","mbid":"6f7dea51-1d02-4be1-b138-92078518350c"}},"uncorrectedTrack":{"name":"Heaven for the Sinner (ft. Erykah Badu)","artist":{"name":"Bonobo","mbid":"6f7dea51-1d02-4be1-b138-92078518350c"}},"album":{"name":"The North Borders.","artist":{"name":"Bonobo","mbid":"6f7dea51-1d02-4be1-b138-92078518350c"}},"application":"Grooveshark"},{"timestamp":{"iso":"2013-07-08T21:58:06","unixtimestamp":1373320686},"track":{"name":"Sapphire","mbid":"c184fc0c-7c4f-4c17-b5f3-d0fa10d305a5","artist":{"name":"Bonobo","mbid":"6f7dea51-1d02-4be1-b138-92078518350c"}},"uncorrectedTrack":{"name":"Sapphire","mbid":"c184fc0c-7c4f-4c17-b5f3-d0fa10d305a5","artist":{"name":"Bonobo","mbid":"6f7dea51-1d02-4be1-b138-92078518350c"}},"album":{"name":"The North Borders.","artist":{"name":"Bonobo","mbid":"6f7dea51-1d02-4be1-b138-92078518350c"}},"application":"Grooveshark"},{"timestamp":{"iso":"2013-07-08T22:02:54","unixtimestamp":1373320974},"track":{"name":"Jets","mbid":"8e2c56e2-bf16-414e-b75d-3191bbe53fb8","artist":{"name":"Bonobo","mbid":"6f7dea51-1d02-4be1-b138-92078518350c"}},"uncorrectedTrack":{"name":"Jets","mbid":"8e2c56e2-bf16-414e-b75d-3191bbe53fb8","artist":{"name":"Bonobo","mbid":"6f7dea51-1d02-4be1-b138-92078518350c"}},"album":{"name":"The North Borders.","artist":{"name":"Bonobo","mbid":"6f7dea51-1d02-4be1-b138-92078518350c"}},"application":"Grooveshark"},{"timestamp":{"iso":"2013-07-09T16:24:18","unixtimestamp":1373387058},"track":{"name":"Novias","mbid":"b4de7318-5e65-450c-baf2-d1cfac5e4b78","artist":{"name":"El Guincho","mbid":"7e57d8a2-e6eb-48dd-8e50-ff7eaa412ccb"}},"uncorrectedTrack":{"name":"Novias","mbid":"b4de7318-5e65-450c-baf2-d1cfac5e4b78","artist":{"name":"El Guincho","mbid":"7e57d8a2-e6eb-48dd-8e50-ff7eaa412ccb"}},"album":{"name":"Pop Negro","mbid":"d1155ca2-d814-4f17-9426-743189f8d853","artist":{"name":"El Guincho","mbid":"7e57d8a2-e6eb-48dd-8e50-ff7eaa412ccb"}},"application":"Grooveshark"},{"timestamp":{"iso":"2013-07-09T19:02:19","unixtimestamp":1373396539},"track":{"name":"Africa","mbid":"4c545ea9-6680-4d32-823a-8608f1ccbb6e","artist":{"name":"Toto","mbid":"aab5c954-cabe-432e-899e-1c4f99757327"}},"uncorrectedTrack":{"name":"Africa","mbid":"4c545ea9-6680-4d32-823a-8608f1ccbb6e","artist":{"name":"Toto","mbid":"aab5c954-cabe-432e-899e-1c4f99757327"}},"album":{"name":"The Essential Toto","mbid":"7ab2a47f-ffb3-4d73-b33d-0e0395aacf6b","artist":{"name":"Toto","mbid":"aab5c954-cabe-432e-899e-1c4f99757327"}},"application":"Grooveshark"},{"timestamp":{"iso":"2013-07-09T19:06:43","unixtimestamp":1373396803},"track":{"name":"Under African Skies","mbid":"f1daac1a-c8d3-4385-a08a-9df2638aa023","artist":{"name":"Paul Simon","mbid":"05517043-ff78-4988-9c22-88c68588ebb9"}},"uncorrectedTrack":{"name":"Under African Skies","mbid":"f1daac1a-c8d3-4385-a08a-9df2638aa023","artist":{"name":"Paul Simon","mbid":"05517043-ff78-4988-9c22-88c68588ebb9"}},"album":{"name":"Graceland","mbid":"69a1c637-5cd3-40cd-9af0-bb10fcc0d8c8","artist":{"name":"Paul Simon","mbid":"05517043-ff78-4988-9c22-88c68588ebb9"}},"application":"Grooveshark"},{"timestamp":{"iso":"2013-07-09T19:13:43","unixtimestamp":1373397223},"track":{"name":"Over My Head","mbid":"1484013b-b92a-4e68-902a-38d0f24d0bcd","artist":{"name":"Fleetwood Mac","mbid":"43202220-c6d1-4399-a2d2-0c4f8de0a65a"}},"uncorrectedTrack":{"name":"Over My Head","mbid":"1484013b-b92a-4e68-902a-38d0f24d0bcd","artist":{"name":"Fleetwood Mac","mbid":"43202220-c6d1-4399-a2d2-0c4f8de0a65a"}},"album":{"name":"25 Years: The Chain","mbid":"2177c44a-d5d1-4c69-b871-67c490f528ae","artist":{"name":"Fleetwood Mac","mbid":"43202220-c6d1-4399-a2d2-0c4f8de0a65a"}},"application":"Grooveshark"},{"timestamp":{"iso":"2013-07-09T19:17:20","unixtimestamp":1373397440},"track":{"name":"Amanda","mbid":"04e4c83a-44a6-4c5d-b3ab-9bbf83431ed9","artist":{"name":"Boston","mbid":"02a5c0c6-46a6-44d3-8005-912ad742b6fa"}},"uncorrectedTrack":{"name":"Amanda","mbid":"04e4c83a-44a6-4c5d-b3ab-9bbf83431ed9","artist":{"name":"Boston","mbid":"02a5c0c6-46a6-44d3-8005-912ad742b6fa"}},"album":{"name":"Greatest Hits","mbid":"11036817-9300-4280-a2ba-8c78a9c260de","artist":{"name":"Boston","mbid":"02a5c0c6-46a6-44d3-8005-912ad742b6fa"}},"application":"Grooveshark"},{"timestamp":{"iso":"2013-07-09T19:21:36","unixtimestamp":1373397696},"track":{"name":"Club Tropicana","mbid":"de04306b-26c9-4e2e-81f9-14672ccbd603","artist":{"name":"Wham!","mbid":"d570bb31-b9ca-45a4-a2d9-11b186d9c159"}},"uncorrectedTrack":{"name":"Club Tropicana","mbid":"de04306b-26c9-4e2e-81f9-14672ccbd603","artist":{"name":"Wham!","mbid":"d570bb31-b9ca-45a4-a2d9-11b186d9c159"}},"album":{"name":"The Final","mbid":"70bddb4e-8dec-4a5b-aa9a-745c859a1a8b","artist":{"name":"Wham!","mbid":"d570bb31-b9ca-45a4-a2d9-11b186d9c159"}},"application":"Grooveshark"},{"timestamp":{"iso":"2013-07-09T19:26:04","unixtimestamp":1373397964},"track":{"name":"Skyline Pigeon (Piano Version)","mbid":"22a5a94a-172e-4dbb-88a0-61227f2653f6","artist":{"name":"Elton John","mbid":"334c2c2c-2ae3-4b69-8f38-167d07f83d25"}},"uncorrectedTrack":{"name":"Skyline Pigeon (Piano Version)","mbid":"22a5a94a-172e-4dbb-88a0-61227f2653f6","artist":{"name":"Elton John","mbid":"334c2c2c-2ae3-4b69-8f38-167d07f83d25"}},"album":{"name":"Don\u0027t Shoot Me I\u0027m Only The Piano Player","mbid":"1c209603-0a3e-4935-891b-27474d4e3663","artist":{"name":"Elton John","mbid":"334c2c2c-2ae3-4b69-8f38-167d07f83d25"}},"application":"Grooveshark"},{"timestamp":{"iso":"2013-07-09T19:29:59","unixtimestamp":1373398199},"track":{"name":"Shooz","mbid":"46e6ac4a-4a8f-49b3-8a53-40b53e5ab59a","artist":{"name":"Styx","mbid":"835a6d9c-fea0-4a71-ae52-9c4da946433a"}},"uncorrectedTrack":{"name":"Shooz","mbid":"46e6ac4a-4a8f-49b3-8a53-40b53e5ab59a","artist":{"name":"Styx","mbid":"835a6d9c-fea0-4a71-ae52-9c4da946433a"}},"album":{"name":"Come Sail Away: The Styx Anthology","mbid":"197d36f1-55eb-43dd-9eac-114cebbbf304","artist":{"name":"Styx","mbid":"835a6d9c-fea0-4a71-ae52-9c4da946433a"}},"application":"Grooveshark"},{"timestamp":{"iso":"2013-07-09T19:32:36","unixtimestamp":1373398356},"track":{"name":"The Box","mbid":"77d81b0a-44c9-4850-bb17-5223e3f21cbe","artist":{"name":"Toto","mbid":"aab5c954-cabe-432e-899e-1c4f99757327"}},"uncorrectedTrack":{"name":"The Box","mbid":"77d81b0a-44c9-4850-bb17-5223e3f21cbe","artist":{"name":"Toto","mbid":"aab5c954-cabe-432e-899e-1c4f99757327"}},"album":{"name":"Dune","mbid":"4c19e8c5-a405-4e46-8388-7c005fbd6875","artist":{"name":"Toto","mbid":"aab5c954-cabe-432e-899e-1c4f99757327"}},"application":"Grooveshark"},{"timestamp":{"iso":"2013-07-09T19:35:14","unixtimestamp":1373398514},"track":{"name":"Closing My Eyes","mbid":"0068b017-c3e6-4bef-8948-8c3d5e7e171b","artist":{"name":"Fleetwood Mac","mbid":"43202220-c6d1-4399-a2d2-0c4f8de0a65a"}},"uncorrectedTrack":{"name":"Closing My Eyes","mbid":"0068b017-c3e6-4bef-8948-8c3d5e7e171b","artist":{"name":"Fleetwood Mac","mbid":"43202220-c6d1-4399-a2d2-0c4f8de0a65a"}},"album":{"name":"Then Play On","mbid":"07c71ef6-b60b-4fd2-af24-f44e4ae27bdf","artist":{"name":"Fleetwood Mac","mbid":"43202220-c6d1-4399-a2d2-0c4f8de0a65a"}},"application":"Grooveshark"},{"timestamp":{"iso":"2013-07-09T19:37:34","unixtimestamp":1373398654},"track":{"name":"Handyman","artist":{"name":"James Taylor","mbid":"0217fabf-0e84-4c36-b197-f1b6e1263506"}},"uncorrectedTrack":{"name":"Handyman","artist":{"name":"James Taylor","mbid":"0217fabf-0e84-4c36-b197-f1b6e1263506"}},"album":{"name":"JT","mbid":"381f0b3a-21d8-4f78-ac31-c145137628ff","artist":{"name":"James Taylor","mbid":"0217fabf-0e84-4c36-b197-f1b6e1263506"}},"application":"Grooveshark"},{"timestamp":{"iso":"2013-07-09T19:40:15","unixtimestamp":1373398815},"track":{"name":"I\u0027ve Seen All Good People","mbid":"b6595d7b-88d9-401a-ae95-121057930352","artist":{"name":"Yes","mbid":"8353f93f-163e-48c2-bb75-9f18987a3d46"}},"uncorrectedTrack":{"name":"Ive Seen All Good People","artist":{"name":"Yes","mbid":"8353f93f-163e-48c2-bb75-9f18987a3d46"}},"album":{"name":"The Yes Album","mbid":"482bfb0a-4b39-33d3-9c6e-63ba4b3c86f9","artist":{"name":"Yes","mbid":"8353f93f-163e-48c2-bb75-9f18987a3d46"}},"application":"Grooveshark"},{"timestamp":{"iso":"2013-07-09T19:47:12","unixtimestamp":1373399232},"track":{"name":"Isn\u0027t It Quiet and Cold?","mbid":"644bb4f6-3400-4054-964a-da6d782ebeaf","artist":{"name":"Gentle Giant","mbid":"f795c501-1c41-4be2-bc2a-875eba75aa31"}},"uncorrectedTrack":{"name":"Isn\u0027t It Quiet and Cold?","mbid":"644bb4f6-3400-4054-964a-da6d782ebeaf","artist":{"name":"Gentle Giant","mbid":"f795c501-1c41-4be2-bc2a-875eba75aa31"}},"album":{"name":"Gentle Giant","mbid":"0fd77e6e-5bf1-4c01-b435-f54567417d82","artist":{"name":"Gentle Giant","mbid":"f795c501-1c41-4be2-bc2a-875eba75aa31"}},"application":"Grooveshark"},{"timestamp":{"iso":"2013-07-09T19:51:28","unixtimestamp":1373399488},"track":{"name":"On Days Like These","artist":{"name":"Matt Monro","mbid":"2ed3c679-dfdc-457b-bc4f-036b28969b65"}},"uncorrectedTrack":{"name":"On Days Like These","artist":{"name":"Matt Monroe"}},"album":{"name":"The Italian Job","artist":{"name":"Matt Monroe"}},"application":"Grooveshark"},{"timestamp":{"iso":"2013-07-09T19:55:09","unixtimestamp":1373399709},"track":{"name":"Lorraine","mbid":"219dd69d-698b-46bf-85d9-97045b413937","artist":{"name":"Toto","mbid":"aab5c954-cabe-432e-899e-1c4f99757327"}},"uncorrectedTrack":{"name":"Lorraine","mbid":"219dd69d-698b-46bf-85d9-97045b413937","artist":{"name":"Toto","mbid":"aab5c954-cabe-432e-899e-1c4f99757327"}},"album":{"name":"Hydra","mbid":"3661893b-ab9f-4c63-9aa3-00de052f2089","artist":{"name":"Toto","mbid":"aab5c954-cabe-432e-899e-1c4f99757327"}},"application":"Grooveshark"},{"timestamp":{"iso":"2013-07-09T19:59:56","unixtimestamp":1373399996},"track":{"name":"Smokin\u0027","mbid":"cc79d606-bfcf-4520-af66-6c1138257d30","artist":{"name":"Boston","mbid":"02a5c0c6-46a6-44d3-8005-912ad742b6fa"}},"uncorrectedTrack":{"name":"Smokin\u0027","mbid":"cc79d606-bfcf-4520-af66-6c1138257d30","artist":{"name":"Boston","mbid":"02a5c0c6-46a6-44d3-8005-912ad742b6fa"}},"album":{"name":"King Biscuit Flower Hour 1977","mbid":"4ee68404-2bd3-4a63-85e7-4aea1fe4cc9b","artist":{"name":"Boston","mbid":"02a5c0c6-46a6-44d3-8005-912ad742b6fa"}},"application":"Grooveshark"},{"timestamp":{"iso":"2013-07-09T20:02:18","unixtimestamp":1373400138},"track":{"name":"La Villa Strangiato","mbid":"49717c0f-8620-44db-8add-35c1f6513bf3","artist":{"name":"Rush","mbid":"059afdf5-77e8-4e51-90f5-453b623232ec"}},"uncorrectedTrack":{"name":"La Villa Strangiato","mbid":"49717c0f-8620-44db-8add-35c1f6513bf3","artist":{"name":"Rush","mbid":"059afdf5-77e8-4e51-90f5-453b623232ec"}},"album":{"name":"Exit...Stage Left","artist":{"name":"Rush","mbid":"059afdf5-77e8-4e51-90f5-453b623232ec"}},"application":"Grooveshark"},{"timestamp":{"iso":"2013-07-09T20:03:07","unixtimestamp":1373400187},"track":{"name":"Tar Hani","mbid":"47a8bd76-3a4e-4b28-b319-711c7d88a32c","artist":{"name":"Bombino","mbid":"d7613e57-4383-454a-8b26-b1e7c28cb740"}},"uncorrectedTrack":{"name":"Tar Hani","mbid":"47a8bd76-3a4e-4b28-b319-711c7d88a32c","artist":{"name":"Bombino","mbid":"d7613e57-4383-454a-8b26-b1e7c28cb740"}},"album":{"name":"Agadez","mbid":"9df50b41-a30f-47ba-8348-11332b6d5691","artist":{"name":"Bombino","mbid":"d7613e57-4383-454a-8b26-b1e7c28cb740"}},"application":"Grooveshark"},{"timestamp":{"iso":"2013-07-09T22:02:48","unixtimestamp":1373407368},"track":{"name":"Novias","mbid":"b4de7318-5e65-450c-baf2-d1cfac5e4b78","artist":{"name":"El Guincho","mbid":"7e57d8a2-e6eb-48dd-8e50-ff7eaa412ccb"}},"uncorrectedTrack":{"name":"Novias","mbid":"b4de7318-5e65-450c-baf2-d1cfac5e4b78","artist":{"name":"El Guincho","mbid":"7e57d8a2-e6eb-48dd-8e50-ff7eaa412ccb"}},"album":{"name":"Pop Negro","mbid":"d1155ca2-d814-4f17-9426-743189f8d853","artist":{"name":"El Guincho","mbid":"7e57d8a2-e6eb-48dd-8e50-ff7eaa412ccb"}},"application":"Grooveshark"},{"timestamp":{"iso":"2013-07-09T22:16:18","unixtimestamp":1373408178},"track":{"name":"Amanda","mbid":"04e4c83a-44a6-4c5d-b3ab-9bbf83431ed9","artist":{"name":"Boston","mbid":"02a5c0c6-46a6-44d3-8005-912ad742b6fa"}},"uncorrectedTrack":{"name":"Amanda","mbid":"04e4c83a-44a6-4c5d-b3ab-9bbf83431ed9","artist":{"name":"Boston","mbid":"02a5c0c6-46a6-44d3-8005-912ad742b6fa"}},"album":{"name":"Greatest Hits","mbid":"11036817-9300-4280-a2ba-8c78a9c260de","artist":{"name":"Boston","mbid":"02a5c0c6-46a6-44d3-8005-912ad742b6fa"}},"application":"Grooveshark"},{"timestamp":{"iso":"2013-07-09T22:20:47","unixtimestamp":1373408447},"track":{"name":"Under African Skies","mbid":"f1daac1a-c8d3-4385-a08a-9df2638aa023","artist":{"name":"Paul Simon","mbid":"05517043-ff78-4988-9c22-88c68588ebb9"}},"uncorrectedTrack":{"name":"Under African Skies","mbid":"f1daac1a-c8d3-4385-a08a-9df2638aa023","artist":{"name":"Paul Simon","mbid":"05517043-ff78-4988-9c22-88c68588ebb9"}},"album":{"name":"Graceland","mbid":"69a1c637-5cd3-40cd-9af0-bb10fcc0d8c8","artist":{"name":"Paul Simon","mbid":"05517043-ff78-4988-9c22-88c68588ebb9"}},"application":"Grooveshark"},{"timestamp":{"iso":"2013-07-10T18:45:10","unixtimestamp":1373481910},"track":{"name":"Cirrus","mbid":"7b209a2c-e9b5-4fce-8105-75c18a869152","artist":{"name":"Bonobo","mbid":"6f7dea51-1d02-4be1-b138-92078518350c"}},"uncorrectedTrack":{"name":"Cirrus","mbid":"7b209a2c-e9b5-4fce-8105-75c18a869152","artist":{"name":"Bonobo","mbid":"6f7dea51-1d02-4be1-b138-92078518350c"}},"album":{"name":"The North Borders.","artist":{"name":"Bonobo","mbid":"6f7dea51-1d02-4be1-b138-92078518350c"}},"application":"Grooveshark"},{"timestamp":{"iso":"2013-07-10T18:48:21","unixtimestamp":1373482101},"track":{"name":"Under African Skies","mbid":"f1daac1a-c8d3-4385-a08a-9df2638aa023","artist":{"name":"Paul Simon","mbid":"05517043-ff78-4988-9c22-88c68588ebb9"}},"uncorrectedTrack":{"name":"Under African Skies","mbid":"f1daac1a-c8d3-4385-a08a-9df2638aa023","artist":{"name":"Paul Simon","mbid":"05517043-ff78-4988-9c22-88c68588ebb9"}},"album":{"name":"Graceland","mbid":"69a1c637-5cd3-40cd-9af0-bb10fcc0d8c8","artist":{"name":"Paul Simon","mbid":"05517043-ff78-4988-9c22-88c68588ebb9"}},"application":"Grooveshark"},{"timestamp":{"iso":"2013-07-10T18:51:59","unixtimestamp":1373482319},"track":{"name":"Africa","mbid":"4c545ea9-6680-4d32-823a-8608f1ccbb6e","artist":{"name":"Toto","mbid":"aab5c954-cabe-432e-899e-1c4f99757327"}},"uncorrectedTrack":{"name":"Africa","mbid":"4c545ea9-6680-4d32-823a-8608f1ccbb6e","artist":{"name":"Toto","mbid":"aab5c954-cabe-432e-899e-1c4f99757327"}},"album":{"name":"The Essential Toto","mbid":"7ab2a47f-ffb3-4d73-b33d-0e0395aacf6b","artist":{"name":"Toto","mbid":"aab5c954-cabe-432e-899e-1c4f99757327"}},"application":"Grooveshark"},{"timestamp":{"iso":"2013-07-10T18:56:23","unixtimestamp":1373482583},"track":{"name":"Truth Don Die","artist":{"name":"Fela Kuti","mbid":"6514cffa-fbe0-4965-ad88-e998ead8a82a"}},"uncorrectedTrack":{"name":"Truth Don Die","artist":{"name":"Fela Kuti","mbid":"6514cffa-fbe0-4965-ad88-e998ead8a82a"}},"album":{"name":"Fela Kuti","artist":{"name":"Fela Kuti","mbid":"6514cffa-fbe0-4965-ad88-e998ead8a82a"}},"application":"Grooveshark"},{"timestamp":{"iso":"2013-07-10T19:02:35","unixtimestamp":1373482955},"track":{"name":"Silver Springs","mbid":"3ff72b94-beb7-471d-93c5-2327071ce1c8","artist":{"name":"Fleetwood Mac","mbid":"43202220-c6d1-4399-a2d2-0c4f8de0a65a"}},"uncorrectedTrack":{"name":"Silver Springs","mbid":"3ff72b94-beb7-471d-93c5-2327071ce1c8","artist":{"name":"Fleetwood Mac","mbid":"43202220-c6d1-4399-a2d2-0c4f8de0a65a"}},"album":{"name":"25 Years: The Chain","mbid":"2177c44a-d5d1-4c69-b871-67c490f528ae","artist":{"name":"Fleetwood Mac","mbid":"43202220-c6d1-4399-a2d2-0c4f8de0a65a"}},"application":"Grooveshark"},{"timestamp":{"iso":"2013-07-10T19:04:10","unixtimestamp":1373483050},"track":{"name":"Africa","mbid":"4c545ea9-6680-4d32-823a-8608f1ccbb6e","artist":{"name":"Toto","mbid":"aab5c954-cabe-432e-899e-1c4f99757327"}},"uncorrectedTrack":{"name":"Africa","mbid":"4c545ea9-6680-4d32-823a-8608f1ccbb6e","artist":{"name":"Toto","mbid":"aab5c954-cabe-432e-899e-1c4f99757327"}},"album":{"name":"The Essential Toto","mbid":"7ab2a47f-ffb3-4d73-b33d-0e0395aacf6b","artist":{"name":"Toto","mbid":"aab5c954-cabe-432e-899e-1c4f99757327"}},"application":"Grooveshark"},{"timestamp":{"iso":"2013-07-10T19:05:26","unixtimestamp":1373483126},"track":{"name":"Jesus Is the Only Answer","artist":{"name":"Béla Fleck and the Flecktones","mbid":"5143fb36-d09d-4439-bc70-ab4ca8dc27d2"}},"uncorrectedTrack":{"name":"Jesus Is the Only Answer","artist":{"name":"Béla Fleck and the Flecktones","mbid":"5143fb36-d09d-4439-bc70-ab4ca8dc27d2"}},"album":{"name":"Throw Down Your Heart - africa sessions: Tales From the Acoustic Planet Vol. 3","artist":{"name":"Béla Fleck and the Flecktones","mbid":"5143fb36-d09d-4439-bc70-ab4ca8dc27d2"}},"application":"Grooveshark"},{"timestamp":{"iso":"2013-07-10T19:08:51","unixtimestamp":1373483331},"track":{"name":"Africa","mbid":"4c545ea9-6680-4d32-823a-8608f1ccbb6e","artist":{"name":"Toto","mbid":"aab5c954-cabe-432e-899e-1c4f99757327"}},"uncorrectedTrack":{"name":"Africa","mbid":"4c545ea9-6680-4d32-823a-8608f1ccbb6e","artist":{"name":"Toto","mbid":"aab5c954-cabe-432e-899e-1c4f99757327"}},"album":{"name":"The Essential Toto","mbid":"7ab2a47f-ffb3-4d73-b33d-0e0395aacf6b","artist":{"name":"Toto","mbid":"aab5c954-cabe-432e-899e-1c4f99757327"}},"application":"Grooveshark"},{"timestamp":{"iso":"2013-07-10T19:13:14","unixtimestamp":1373483594},"track":{"name":"Truth Don Die","artist":{"name":"Fela Kuti","mbid":"6514cffa-fbe0-4965-ad88-e998ead8a82a"}},"uncorrectedTrack":{"name":"Truth Don Die","artist":{"name":"Fela Kuti","mbid":"6514cffa-fbe0-4965-ad88-e998ead8a82a"}},"album":{"name":"Fela Kuti","artist":{"name":"Fela Kuti","mbid":"6514cffa-fbe0-4965-ad88-e998ead8a82a"}},"application":"Grooveshark"},{"timestamp":{"iso":"2013-07-10T19:19:27","unixtimestamp":1373483967},"track":{"name":"Silver Springs","mbid":"3ff72b94-beb7-471d-93c5-2327071ce1c8","artist":{"name":"Fleetwood Mac","mbid":"43202220-c6d1-4399-a2d2-0c4f8de0a65a"}},"uncorrectedTrack":{"name":"Silver Springs","mbid":"3ff72b94-beb7-471d-93c5-2327071ce1c8","artist":{"name":"Fleetwood Mac","mbid":"43202220-c6d1-4399-a2d2-0c4f8de0a65a"}},"album":{"name":"25 Years: The Chain","mbid":"2177c44a-d5d1-4c69-b871-67c490f528ae","artist":{"name":"Fleetwood Mac","mbid":"43202220-c6d1-4399-a2d2-0c4f8de0a65a"}},"application":"Grooveshark"},{"timestamp":{"iso":"2013-07-10T19:23:56","unixtimestamp":1373484236},"track":{"name":"School Is Out","artist":{"name":"Cat Stevens"}},"uncorrectedTrack":{"name":"School Is Out","artist":{"name":"Cat Stevens"}},"album":{"name":"On The Road To Find Out","mbid":"155a88a3-c754-4343-91ab-d6bf7f2fb99d","artist":{"name":"Cat Stevens"}},"application":"Grooveshark"},{"timestamp":{"iso":"2013-07-10T19:26:56","unixtimestamp":1373484416},"track":{"name":"Freedom","mbid":"960d31a2-e433-4537-97b4-305cec59b7d2","artist":{"name":"Wham!","mbid":"d570bb31-b9ca-45a4-a2d9-11b186d9c159"}},"uncorrectedTrack":{"name":"Freedom","mbid":"960d31a2-e433-4537-97b4-305cec59b7d2","artist":{"name":"Wham!","mbid":"d570bb31-b9ca-45a4-a2d9-11b186d9c159"}},"album":{"name":"The Final","mbid":"70bddb4e-8dec-4a5b-aa9a-745c859a1a8b","artist":{"name":"Wham!","mbid":"d570bb31-b9ca-45a4-a2d9-11b186d9c159"}},"application":"Grooveshark"},{"timestamp":{"iso":"2013-07-10T19:27:49","unixtimestamp":1373484469},"track":{"name":"On Days Like These","artist":{"name":"Matt Monro","mbid":"2ed3c679-dfdc-457b-bc4f-036b28969b65"}},"uncorrectedTrack":{"name":"On Days Like These","artist":{"name":"Matt Monroe"}},"album":{"name":"The Italian Job","artist":{"name":"Matt Monroe"}},"application":"Grooveshark"},{"timestamp":{"iso":"2013-07-10T19:31:30","unixtimestamp":1373484690},"track":{"name":"Opposite People","mbid":"e7e3e209-0ebe-4d6f-bc75-0f1b8d281576","artist":{"name":"Fela Kuti","mbid":"6514cffa-fbe0-4965-ad88-e998ead8a82a"}},"uncorrectedTrack":{"name":"Opposite People","mbid":"e7e3e209-0ebe-4d6f-bc75-0f1b8d281576","artist":{"name":"Fela Kuti","mbid":"6514cffa-fbe0-4965-ad88-e998ead8a82a"}},"album":{"name":"Opposite People","mbid":"dc1b0006-5fe0-442d-ba35-743963bdc495","artist":{"name":"Fela Kuti","mbid":"6514cffa-fbe0-4965-ad88-e998ead8a82a"}},"application":"Grooveshark"},{"timestamp":{"iso":"2013-07-10T19:48:09","unixtimestamp":1373485689},"track":{"name":"Takin\u0027 It Back","mbid":"82d15f94-33e9-404c-a532-bfab4a5557e5","artist":{"name":"Toto","mbid":"aab5c954-cabe-432e-899e-1c4f99757327"}},"uncorrectedTrack":{"name":"Takin\u0027 It Back","mbid":"82d15f94-33e9-404c-a532-bfab4a5557e5","artist":{"name":"Toto","mbid":"aab5c954-cabe-432e-899e-1c4f99757327"}},"album":{"name":"Toto","mbid":"b341bb51-1e64-4a75-a1d9-a54f4ee0908d","artist":{"name":"Toto","mbid":"aab5c954-cabe-432e-899e-1c4f99757327"}},"application":"Grooveshark"},{"timestamp":{"iso":"2013-07-10T19:51:56","unixtimestamp":1373485916},"track":{"name":"Me and My Guitar","mbid":"a594a0ae-ab10-4717-a356-a6d4c15d249e","artist":{"name":"James Taylor","mbid":"0217fabf-0e84-4c36-b197-f1b6e1263506"}},"uncorrectedTrack":{"name":"Me and My Guitar","mbid":"a594a0ae-ab10-4717-a356-a6d4c15d249e","artist":{"name":"James Taylor","mbid":"0217fabf-0e84-4c36-b197-f1b6e1263506"}},"album":{"name":"Walking Man","mbid":"b033160d-8fce-4251-83c1-aa945853b053","artist":{"name":"James Taylor","mbid":"0217fabf-0e84-4c36-b197-f1b6e1263506"}},"application":"Grooveshark"},{"timestamp":{"iso":"2013-07-10T19:55:46","unixtimestamp":1373486146},"track":{"name":"Temporary One","mbid":"1eaef080-3c1d-4908-b7cb-6169f43f6a79","artist":{"name":"Fleetwood Mac","mbid":"43202220-c6d1-4399-a2d2-0c4f8de0a65a"}},"uncorrectedTrack":{"name":"Temporary One","mbid":"1eaef080-3c1d-4908-b7cb-6169f43f6a79","artist":{"name":"Fleetwood Mac","mbid":"43202220-c6d1-4399-a2d2-0c4f8de0a65a"}},"album":{"name":"The Dance","mbid":"d9cb2508-0493-47ce-a788-4dfae0cb7296","artist":{"name":"Fleetwood Mac","mbid":"43202220-c6d1-4399-a2d2-0c4f8de0a65a"}},"application":"Grooveshark"},{"timestamp":{"iso":"2013-07-10T19:59:46","unixtimestamp":1373486386},"track":{"name":"Young Guns (Go For It)","mbid":"57cb3999-5c3c-4cc2-a353-f13e93ecbd86","artist":{"name":"Wham!","mbid":"d570bb31-b9ca-45a4-a2d9-11b186d9c159"}},"uncorrectedTrack":{"name":"Young Guns (Go For It)","mbid":"57cb3999-5c3c-4cc2-a353-f13e93ecbd86","artist":{"name":"Wham!","mbid":"d570bb31-b9ca-45a4-a2d9-11b186d9c159"}},"album":{"name":"Fantastic","mbid":"2701ff58-1ff7-33c1-86c1-4cd0e563f80c","artist":{"name":"Wham!","mbid":"d570bb31-b9ca-45a4-a2d9-11b186d9c159"}},"application":"Grooveshark"},{"timestamp":{"iso":"2013-07-10T20:05:44","unixtimestamp":1373486744},"track":{"name":"Rhymes And Reason","mbid":"b6042efa-d00d-4a0c-a8aa-7e87a88d8474","artist":{"name":"John Denver","mbid":"34e10b51-b5c6-4bc1-b70e-f05f141eda1e"}},"uncorrectedTrack":{"name":"Rhymes And Reason","mbid":"b6042efa-d00d-4a0c-a8aa-7e87a88d8474","artist":{"name":"John Denver","mbid":"34e10b51-b5c6-4bc1-b70e-f05f141eda1e"}},"album":{"name":"Greatest Hits","mbid":"2988a7b9-0bb1-4eaf-98ee-34eddf2e5740","artist":{"name":"John Denver","mbid":"34e10b51-b5c6-4bc1-b70e-f05f141eda1e"}},"application":"Grooveshark"},{"timestamp":{"iso":"2013-07-10T20:09:01","unixtimestamp":1373486941},"track":{"name":"Cobwebs \u0026 Dust","mbid":"3df90994-5800-43bf-b6ab-e2bf8079e8fc","artist":{"name":"Gordon Lightfoot","mbid":"9d97b077-b28d-4ba8-a3d9-c71926e3b2b6"}},"uncorrectedTrack":{"name":"Cobwebs \u0026 Dust","mbid":"3df90994-5800-43bf-b6ab-e2bf8079e8fc","artist":{"name":"Gordon Lightfoot","mbid":"9d97b077-b28d-4ba8-a3d9-c71926e3b2b6"}},"album":{"name":"If You Could Read My Mind","mbid":"fac15401-6e88-3dc1-a5dc-ecd73b6e6ea1","artist":{"name":"Gordon Lightfoot","mbid":"9d97b077-b28d-4ba8-a3d9-c71926e3b2b6"}},"application":"Grooveshark"},{"timestamp":{"iso":"2013-07-10T20:12:25","unixtimestamp":1373487145},"track":{"name":"Angelique","mbid":"24d86477-ee91-4a91-a070-13c022434f53","artist":{"name":"Kenny Loggins","mbid":"15042d2b-2d4c-4451-a96a-6f547642de13"}},"uncorrectedTrack":{"name":"Angelique","mbid":"24d86477-ee91-4a91-a070-13c022434f53","artist":{"name":"Kenny Loggins","mbid":"15042d2b-2d4c-4451-a96a-6f547642de13"}},"album":{"name":"Nightwatch","mbid":"25b9fcf2-8fcb-4dd9-b307-f7d18caf3b55","artist":{"name":"Kenny Loggins","mbid":"15042d2b-2d4c-4451-a96a-6f547642de13"}},"application":"Grooveshark"},{"timestamp":{"iso":"2013-07-10T20:18:23","unixtimestamp":1373487503},"track":{"name":"Paul Takes The Water Of Life","mbid":"e1ff695c-7cfb-4c5c-84c9-bc26dc1cb2ed","artist":{"name":"Toto","mbid":"aab5c954-cabe-432e-899e-1c4f99757327"}},"uncorrectedTrack":{"name":"Paul Takes The Water Of Life","mbid":"e1ff695c-7cfb-4c5c-84c9-bc26dc1cb2ed","artist":{"name":"Toto","mbid":"aab5c954-cabe-432e-899e-1c4f99757327"}},"album":{"name":"Dune","mbid":"4c19e8c5-a405-4e46-8388-7c005fbd6875","artist":{"name":"Toto","mbid":"aab5c954-cabe-432e-899e-1c4f99757327"}},"application":"Grooveshark"},{"timestamp":{"iso":"2013-07-10T20:20:29","unixtimestamp":1373487629},"track":{"name":"La mer","mbid":"6eba0157-359d-4f40-886c-feb3aaf85ee5","artist":{"name":"Charles Trenet","mbid":"31ee7748-fd85-46cf-bdd2-5a30955a5890"}},"uncorrectedTrack":{"name":"La mer","mbid":"6eba0157-359d-4f40-886c-feb3aaf85ee5","artist":{"name":"Charles Trenet","mbid":"31ee7748-fd85-46cf-bdd2-5a30955a5890"}},"album":{"name":"Charles Trenet","mbid":"148bdcf3-a508-4480-ab3b-2af85c70bbb2","artist":{"name":"Charles Trenet","mbid":"31ee7748-fd85-46cf-bdd2-5a30955a5890"}},"application":"Grooveshark"},{"timestamp":{"iso":"2013-07-10T20:23:48","unixtimestamp":1373487828},"track":{"name":"Captain Jack","mbid":"a06e1f9c-6299-4d03-bcce-b3b876de6618","artist":{"name":"Billy Joel","mbid":"64b94289-9474-4d43-8c93-918ccc1920d1"}},"uncorrectedTrack":{"name":"Captain Jack","mbid":"a06e1f9c-6299-4d03-bcce-b3b876de6618","artist":{"name":"Billy Joel","mbid":"64b94289-9474-4d43-8c93-918ccc1920d1"}},"album":{"name":"Songs In The Attic","mbid":"a9fa7bd3-a23d-3064-8391-7eb5b410ef7a","artist":{"name":"Billy Joel","mbid":"64b94289-9474-4d43-8c93-918ccc1920d1"}},"application":"Grooveshark"},{"timestamp":{"iso":"2013-07-10T20:31:06","unixtimestamp":1373488266},"track":{"name":"I\u0027m Your Man \u002796","mbid":"f083f4e7-81bd-4195-9789-4de9b13dd36e","artist":{"name":"Wham!","mbid":"d570bb31-b9ca-45a4-a2d9-11b186d9c159"}},"uncorrectedTrack":{"name":"I\u0027m Your Man \u002796","mbid":"f083f4e7-81bd-4195-9789-4de9b13dd36e","artist":{"name":"Wham!","mbid":"d570bb31-b9ca-45a4-a2d9-11b186d9c159"}},"album":{"name":"The Best of Wham!: If You Were There...","mbid":"a7ab3651-d2e2-4f22-8620-f53d4827ef54","artist":{"name":"Wham!","mbid":"d570bb31-b9ca-45a4-a2d9-11b186d9c159"}},"application":"Grooveshark"},{"timestamp":{"iso":"2013-07-10T20:33:42","unixtimestamp":1373488422},"track":{"name":"Novias","mbid":"b4de7318-5e65-450c-baf2-d1cfac5e4b78","artist":{"name":"El Guincho","mbid":"7e57d8a2-e6eb-48dd-8e50-ff7eaa412ccb"}},"uncorrectedTrack":{"name":"Novias","mbid":"b4de7318-5e65-450c-baf2-d1cfac5e4b78","artist":{"name":"El Guincho","mbid":"7e57d8a2-e6eb-48dd-8e50-ff7eaa412ccb"}},"album":{"name":"Pop Negro","mbid":"d1155ca2-d814-4f17-9426-743189f8d853","artist":{"name":"El Guincho","mbid":"7e57d8a2-e6eb-48dd-8e50-ff7eaa412ccb"}},"application":"Grooveshark"},{"timestamp":{"iso":"2013-07-11T17:27:49","unixtimestamp":1373563669},"track":{"name":"The Past Before My Eyes","artist":{"name":"OST","mbid":"1763c989-433f-46b5-9cda-a216cb0d2e15"}},"uncorrectedTrack":{"name":"The Past Before My Eyes","artist":{"name":"OST","mbid":"1763c989-433f-46b5-9cda-a216cb0d2e15"}},"album":{"name":"Departures - Volume 1","artist":{"name":"OST","mbid":"1763c989-433f-46b5-9cda-a216cb0d2e15"}},"application":"Grooveshark"},{"timestamp":{"iso":"2013-07-11T17:30:58","unixtimestamp":1373563858},"track":{"name":"Sigur Boom","artist":{"name":"OST","mbid":"1763c989-433f-46b5-9cda-a216cb0d2e15"}},"uncorrectedTrack":{"name":"Sigur Boom","artist":{"name":"OST","mbid":"1763c989-433f-46b5-9cda-a216cb0d2e15"}},"album":{"name":"Departures - Volume 1","artist":{"name":"OST","mbid":"1763c989-433f-46b5-9cda-a216cb0d2e15"}},"application":"Grooveshark"},{"timestamp":{"iso":"2013-07-11T17:34:09","unixtimestamp":1373564049},"track":{"name":"Lightest Blue","artist":{"name":"OST","mbid":"1763c989-433f-46b5-9cda-a216cb0d2e15"}},"uncorrectedTrack":{"name":"Lightest Blue","artist":{"name":"OST","mbid":"1763c989-433f-46b5-9cda-a216cb0d2e15"}},"album":{"name":"Departures - Volume 1","artist":{"name":"OST","mbid":"1763c989-433f-46b5-9cda-a216cb0d2e15"}},"application":"Grooveshark"},{"timestamp":{"iso":"2013-07-11T17:37:34","unixtimestamp":1373564254},"track":{"name":"Open Shores","artist":{"name":"OST","mbid":"1763c989-433f-46b5-9cda-a216cb0d2e15"}},"uncorrectedTrack":{"name":"Open Shores","artist":{"name":"OST","mbid":"1763c989-433f-46b5-9cda-a216cb0d2e15"}},"album":{"name":"Departures - Volume 1","artist":{"name":"OST","mbid":"1763c989-433f-46b5-9cda-a216cb0d2e15"}},"application":"Grooveshark"},{"timestamp":{"iso":"2013-07-11T17:39:47","unixtimestamp":1373564387},"track":{"name":"Prolong","artist":{"name":"OST","mbid":"1763c989-433f-46b5-9cda-a216cb0d2e15"}},"uncorrectedTrack":{"name":"Prolong","artist":{"name":"OST","mbid":"1763c989-433f-46b5-9cda-a216cb0d2e15"}},"album":{"name":"Departures - Volume 1","artist":{"name":"OST","mbid":"1763c989-433f-46b5-9cda-a216cb0d2e15"}},"application":"Grooveshark"},{"timestamp":{"iso":"2013-07-11T17:43:32","unixtimestamp":1373564612},"track":{"name":"Julio","artist":{"name":"OST","mbid":"1763c989-433f-46b5-9cda-a216cb0d2e15"}},"uncorrectedTrack":{"name":"Julio","artist":{"name":"OST","mbid":"1763c989-433f-46b5-9cda-a216cb0d2e15"}},"album":{"name":"Departures - Volume 1","artist":{"name":"OST","mbid":"1763c989-433f-46b5-9cda-a216cb0d2e15"}},"application":"Grooveshark"},{"timestamp":{"iso":"2013-07-11T17:45:46","unixtimestamp":1373564746},"track":{"name":"Trails","artist":{"name":"OST","mbid":"1763c989-433f-46b5-9cda-a216cb0d2e15"}},"uncorrectedTrack":{"name":"Trails","artist":{"name":"OST","mbid":"1763c989-433f-46b5-9cda-a216cb0d2e15"}},"album":{"name":"Departures - Volume 1","artist":{"name":"OST","mbid":"1763c989-433f-46b5-9cda-a216cb0d2e15"}},"application":"Grooveshark"},{"timestamp":{"iso":"2013-07-11T17:48:39","unixtimestamp":1373564919},"track":{"name":"Armies of Air","artist":{"name":"OST","mbid":"1763c989-433f-46b5-9cda-a216cb0d2e15"}},"uncorrectedTrack":{"name":"Armies of Air","artist":{"name":"OST","mbid":"1763c989-433f-46b5-9cda-a216cb0d2e15"}},"album":{"name":"Departures - Volume 1","artist":{"name":"OST","mbid":"1763c989-433f-46b5-9cda-a216cb0d2e15"}},"application":"Grooveshark"},{"timestamp":{"iso":"2013-07-16T22:33:38","unixtimestamp":1374014018},"track":{"name":"Champagne and Quail","mbid":"042153f1-1cd3-4906-b5d6-0447edea3758","artist":{"name":"Henry Mancini","mbid":"009c44ea-e657-45d2-9238-2dee75e2fceb"}},"uncorrectedTrack":{"name":"Champagne and Quail","mbid":"042153f1-1cd3-4906-b5d6-0447edea3758","artist":{"name":"Henry Mancini","mbid":"009c44ea-e657-45d2-9238-2dee75e2fceb"}},"album":{"name":"The Ultimate Pink Panther","mbid":"bbc99c02-97a3-4c47-b9b1-927e384484dd","artist":{"name":"Henry Mancini","mbid":"009c44ea-e657-45d2-9238-2dee75e2fceb"}},"application":"Grooveshark"},{"timestamp":{"iso":"2013-07-16T22:37:41","unixtimestamp":1374014261},"track":{"name":"Cello Sonata No. 3 in A Major, Op. 69: II. Scherzo","artist":{"name":"Jorg Metzger"}},"uncorrectedTrack":{"name":"Cello Sonata No. 3 in A Major, Op. 69: II. Scherzo","artist":{"name":"Jorg Metzger"}},"album":{"name":"Beethoven: Cello Sonatas Nos. 1 - 5","artist":{"name":"Jorg Metzger"}},"application":"Grooveshark"},{"timestamp":{"iso":"2013-07-16T22:43:29","unixtimestamp":1374014609},"track":{"name":"Cello Sonata no. 2 in g minor, op. 5, no. 2: III. Rondo: Allegro","artist":{"name":"Wu Han and David Finckel"}},"uncorrectedTrack":{"name":"Cello Sonata no. 2 in g minor, op. 5, no. 2: III. Rondo: Allegro","artist":{"name":"Wu Han and David Finckel"}},"album":{"name":"Beethoven: Complete Works for Piano \u0026 Cello","artist":{"name":"Wu Han and David Finckel"}},"application":"Grooveshark"},{"timestamp":{"iso":"2013-07-16T22:57:59","unixtimestamp":1374015479},"track":{"name":"Cello Sonata No. 1 in F Major - 2 Allegro","artist":{"name":"Ludwig van Beethoven","mbid":"1f9df192-a621-4f54-8850-2c5373b7eac9"}},"uncorrectedTrack":{"name":"Cello Sonata No. 1 in F Major - 2 Allegro","artist":{"name":"Ludwig van Beethoven","mbid":"1f9df192-a621-4f54-8850-2c5373b7eac9"}},"album":{"name":"Cello Sonata No. 2 in G Minor ( L. Harrel - Ashkenasy )","artist":{"name":"Ludwig van Beethoven","mbid":"1f9df192-a621-4f54-8850-2c5373b7eac9"}},"application":"Grooveshark"},{"timestamp":{"iso":"2013-07-17T20:31:24","unixtimestamp":1374093084},"track":{"name":"ghetto fã¡cil","artist":{"name":"El Guincho","mbid":"7e57d8a2-e6eb-48dd-8e50-ff7eaa412ccb"}},"uncorrectedTrack":{"name":"Ghetto FÃ¡cil","artist":{"name":"El Guincho","mbid":"7e57d8a2-e6eb-48dd-8e50-ff7eaa412ccb"}},"album":{"name":"Pop Negro","mbid":"d1155ca2-d814-4f17-9426-743189f8d853","artist":{"name":"El Guincho","mbid":"7e57d8a2-e6eb-48dd-8e50-ff7eaa412ccb"}},"application":"Grooveshark"},{"timestamp":{"iso":"2013-07-17T20:34:08","unixtimestamp":1374093248},"track":{"name":"Diane Keaton","mbid":"528b6aad-77f0-4ad6-844d-60c7280706fc","artist":{"name":"Dënver","mbid":"de447818-fe86-423e-a2d5-b1e6138f4209"}},"uncorrectedTrack":{"name":"Diane Keaton","mbid":"528b6aad-77f0-4ad6-844d-60c7280706fc","artist":{"name":"Dënver","mbid":"de447818-fe86-423e-a2d5-b1e6138f4209"}},"album":{"name":"Música, Gramática, Gimnasia","mbid":"6ebe7264-0f5a-476b-92b6-28dff61932aa","artist":{"name":"Dënver","mbid":"de447818-fe86-423e-a2d5-b1e6138f4209"}},"application":"Grooveshark"},{"timestamp":{"iso":"2013-07-17T20:38:04","unixtimestamp":1374093484},"track":{"name":"Como siempre soñé","mbid":"6e174d31-7d50-43e1-8283-12994fba4d4c","artist":{"name":"Javiera Mena","mbid":"904d15da-bd29-40d2-b69e-24612f18803e"}},"uncorrectedTrack":{"name":"Como siempre soñé","mbid":"6e174d31-7d50-43e1-8283-12994fba4d4c","artist":{"name":"Javiera Mena","mbid":"904d15da-bd29-40d2-b69e-24612f18803e"}},"album":{"name":"Esquemas juveniles","mbid":"bea922ba-68ee-4af0-9bb4-0f58c502c4c7","artist":{"name":"Javiera Mena","mbid":"904d15da-bd29-40d2-b69e-24612f18803e"}},"application":"Grooveshark"},{"timestamp":{"iso":"2013-07-17T21:01:12","unixtimestamp":1374094872},"track":{"name":"The Past Before My Eyes","artist":{"name":"OST","mbid":"1763c989-433f-46b5-9cda-a216cb0d2e15"}},"uncorrectedTrack":{"name":"The Past Before My Eyes","artist":{"name":"OST","mbid":"1763c989-433f-46b5-9cda-a216cb0d2e15"}},"album":{"name":"Departures - Volume 1","artist":{"name":"OST","mbid":"1763c989-433f-46b5-9cda-a216cb0d2e15"}},"application":"Grooveshark"},{"timestamp":{"iso":"2013-07-17T21:04:21","unixtimestamp":1374095061},"track":{"name":"Sigur Boom","artist":{"name":"OST","mbid":"1763c989-433f-46b5-9cda-a216cb0d2e15"}},"uncorrectedTrack":{"name":"Sigur Boom","artist":{"name":"OST","mbid":"1763c989-433f-46b5-9cda-a216cb0d2e15"}},"album":{"name":"Departures - Volume 1","artist":{"name":"OST","mbid":"1763c989-433f-46b5-9cda-a216cb0d2e15"}},"application":"Grooveshark"},{"timestamp":{"iso":"2013-07-17T21:07:32","unixtimestamp":1374095252},"track":{"name":"Lightest Blue","artist":{"name":"OST","mbid":"1763c989-433f-46b5-9cda-a216cb0d2e15"}},"uncorrectedTrack":{"name":"Lightest Blue","artist":{"name":"OST","mbid":"1763c989-433f-46b5-9cda-a216cb0d2e15"}},"album":{"name":"Departures - Volume 1","artist":{"name":"OST","mbid":"1763c989-433f-46b5-9cda-a216cb0d2e15"}},"application":"Grooveshark"},{"timestamp":{"iso":"2013-07-17T21:10:57","unixtimestamp":1374095457},"track":{"name":"Open Shores","artist":{"name":"OST","mbid":"1763c989-433f-46b5-9cda-a216cb0d2e15"}},"uncorrectedTrack":{"name":"Open Shores","artist":{"name":"OST","mbid":"1763c989-433f-46b5-9cda-a216cb0d2e15"}},"album":{"name":"Departures - Volume 1","artist":{"name":"OST","mbid":"1763c989-433f-46b5-9cda-a216cb0d2e15"}},"application":"Grooveshark"},{"timestamp":{"iso":"2013-07-17T21:13:10","unixtimestamp":1374095590},"track":{"name":"Prolong","artist":{"name":"OST","mbid":"1763c989-433f-46b5-9cda-a216cb0d2e15"}},"uncorrectedTrack":{"name":"Prolong","artist":{"name":"OST","mbid":"1763c989-433f-46b5-9cda-a216cb0d2e15"}},"album":{"name":"Departures - Volume 1","artist":{"name":"OST","mbid":"1763c989-433f-46b5-9cda-a216cb0d2e15"}},"application":"Grooveshark"},{"timestamp":{"iso":"2013-07-17T21:16:55","unixtimestamp":1374095815},"track":{"name":"Julio","artist":{"name":"OST","mbid":"1763c989-433f-46b5-9cda-a216cb0d2e15"}},"uncorrectedTrack":{"name":"Julio","artist":{"name":"OST","mbid":"1763c989-433f-46b5-9cda-a216cb0d2e15"}},"album":{"name":"Departures - Volume 1","artist":{"name":"OST","mbid":"1763c989-433f-46b5-9cda-a216cb0d2e15"}},"application":"Grooveshark"},{"timestamp":{"iso":"2013-07-17T21:19:09","unixtimestamp":1374095949},"track":{"name":"Trails","artist":{"name":"OST","mbid":"1763c989-433f-46b5-9cda-a216cb0d2e15"}},"uncorrectedTrack":{"name":"Trails","artist":{"name":"OST","mbid":"1763c989-433f-46b5-9cda-a216cb0d2e15"}},"album":{"name":"Departures - Volume 1","artist":{"name":"OST","mbid":"1763c989-433f-46b5-9cda-a216cb0d2e15"}},"application":"Grooveshark"},{"timestamp":{"iso":"2013-07-17T21:22:01","unixtimestamp":1374096121},"track":{"name":"Armies of Air","artist":{"name":"OST","mbid":"1763c989-433f-46b5-9cda-a216cb0d2e15"}},"uncorrectedTrack":{"name":"Armies of Air","artist":{"name":"OST","mbid":"1763c989-433f-46b5-9cda-a216cb0d2e15"}},"album":{"name":"Departures - Volume 1","artist":{"name":"OST","mbid":"1763c989-433f-46b5-9cda-a216cb0d2e15"}},"application":"Grooveshark"},{"timestamp":{"iso":"2013-07-17T21:25:55","unixtimestamp":1374096355},"track":{"name":"So It Seems","artist":{"name":"OST","mbid":"1763c989-433f-46b5-9cda-a216cb0d2e15"}},"uncorrectedTrack":{"name":"So It Seems","artist":{"name":"OST","mbid":"1763c989-433f-46b5-9cda-a216cb0d2e15"}},"album":{"name":"Departures - Volume 1","artist":{"name":"OST","mbid":"1763c989-433f-46b5-9cda-a216cb0d2e15"}},"application":"Grooveshark"},{"timestamp":{"iso":"2013-07-17T21:26:31","unixtimestamp":1374096391},"track":{"name":"Donna","artist":{"name":"OST","mbid":"1763c989-433f-46b5-9cda-a216cb0d2e15"}},"uncorrectedTrack":{"name":"Donna","artist":{"name":"OST","mbid":"1763c989-433f-46b5-9cda-a216cb0d2e15"}},"album":{"name":"Departures - Volume 1","artist":{"name":"OST","mbid":"1763c989-433f-46b5-9cda-a216cb0d2e15"}},"application":"Grooveshark"},{"timestamp":{"iso":"2013-07-17T21:28:43","unixtimestamp":1374096523},"track":{"name":"Rain Theory","artist":{"name":"OST","mbid":"1763c989-433f-46b5-9cda-a216cb0d2e15"}},"uncorrectedTrack":{"name":"Rain Theory","artist":{"name":"OST","mbid":"1763c989-433f-46b5-9cda-a216cb0d2e15"}},"album":{"name":"Departures - Volume 1","artist":{"name":"OST","mbid":"1763c989-433f-46b5-9cda-a216cb0d2e15"}},"application":"Grooveshark"},{"timestamp":{"iso":"2013-07-17T21:32:41","unixtimestamp":1374096761},"track":{"name":"Get On With It","artist":{"name":"OST","mbid":"1763c989-433f-46b5-9cda-a216cb0d2e15"}},"uncorrectedTrack":{"name":"Get On With It","artist":{"name":"OST","mbid":"1763c989-433f-46b5-9cda-a216cb0d2e15"}},"album":{"name":"Departures - Volume 1","artist":{"name":"OST","mbid":"1763c989-433f-46b5-9cda-a216cb0d2e15"}},"application":"Grooveshark"},{"timestamp":{"iso":"2013-07-17T21:37:14","unixtimestamp":1374097034},"track":{"name":"Conspiring With Light","artist":{"name":"OST","mbid":"1763c989-433f-46b5-9cda-a216cb0d2e15"}},"uncorrectedTrack":{"name":"Conspiring With Light","artist":{"name":"OST","mbid":"1763c989-433f-46b5-9cda-a216cb0d2e15"}},"album":{"name":"Departures - Volume 1","artist":{"name":"OST","mbid":"1763c989-433f-46b5-9cda-a216cb0d2e15"}},"application":"Grooveshark"},{"timestamp":{"iso":"2013-07-17T21:42:25","unixtimestamp":1374097345},"track":{"name":"April","artist":{"name":"OST","mbid":"1763c989-433f-46b5-9cda-a216cb0d2e15"}},"uncorrectedTrack":{"name":"April","artist":{"name":"OST","mbid":"1763c989-433f-46b5-9cda-a216cb0d2e15"}},"album":{"name":"Departures - Volume 1","artist":{"name":"OST","mbid":"1763c989-433f-46b5-9cda-a216cb0d2e15"}},"application":"Grooveshark"},{"timestamp":{"iso":"2013-07-17T21:46:57","unixtimestamp":1374097617},"track":{"name":"Sharpen the Noise","artist":{"name":"OST","mbid":"1763c989-433f-46b5-9cda-a216cb0d2e15"}},"uncorrectedTrack":{"name":"Sharpen the Noise","artist":{"name":"OST","mbid":"1763c989-433f-46b5-9cda-a216cb0d2e15"}},"album":{"name":"Departures - Volume 1","artist":{"name":"OST","mbid":"1763c989-433f-46b5-9cda-a216cb0d2e15"}},"application":"Grooveshark"},{"timestamp":{"iso":"2013-07-19T04:22:26","unixtimestamp":1374207746},"track":{"name":"Cello Sonata no. 2 in g minor, op. 5, no. 2: III. Rondo: Allegro","artist":{"name":"Wu Han and David Finckel"}},"uncorrectedTrack":{"name":"Cello Sonata no. 2 in g minor, op. 5, no. 2: III. Rondo: Allegro","artist":{"name":"Wu Han and David Finckel"}},"album":{"name":"Beethoven: Complete Works for Piano \u0026 Cello","artist":{"name":"Wu Han and David Finckel"}},"application":"Grooveshark"},{"timestamp":{"iso":"2013-07-19T04:30:05","unixtimestamp":1374208205},"track":{"name":"Cello Sonata No. 3 in A Major, Op. 69: II. Scherzo","artist":{"name":"Jorg Metzger"}},"uncorrectedTrack":{"name":"Cello Sonata No. 3 in A Major, Op. 69: II. Scherzo","artist":{"name":"Jorg Metzger"}},"album":{"name":"Beethoven: Cello Sonatas Nos. 1 - 5","artist":{"name":"Jorg Metzger"}},"application":"Grooveshark"},{"timestamp":{"iso":"2013-07-19T04:35:52","unixtimestamp":1374208552},"track":{"name":"Cello Sonata No. 1 in F Major - 2 Allegro","artist":{"name":"Ludwig van Beethoven","mbid":"1f9df192-a621-4f54-8850-2c5373b7eac9"}},"uncorrectedTrack":{"name":"Cello Sonata No. 1 in F Major - 2 Allegro","artist":{"name":"Ludwig van Beethoven","mbid":"1f9df192-a621-4f54-8850-2c5373b7eac9"}},"album":{"name":"Cello Sonata No. 2 in G Minor ( L. Harrel - Ashkenasy )","artist":{"name":"Ludwig van Beethoven","mbid":"1f9df192-a621-4f54-8850-2c5373b7eac9"}},"application":"Grooveshark"},{"timestamp":{"iso":"2013-07-19T19:57:54","unixtimestamp":1374263874},"track":{"name":"Cello Sonata No. 3 in A Major, Op. 69: II. Scherzo","artist":{"name":"Jorg Metzger"}},"uncorrectedTrack":{"name":"Cello Sonata No. 3 in A Major, Op. 69: II. Scherzo","artist":{"name":"Jorg Metzger"}},"album":{"name":"Beethoven: Cello Sonatas Nos. 1 - 5","artist":{"name":"Jorg Metzger"}},"application":"Grooveshark"},{"timestamp":{"iso":"2013-07-19T20:05:29","unixtimestamp":1374264329},"track":{"name":"Cello Sonata no. 2 in g minor, op. 5, no. 2: III. Rondo: Allegro","artist":{"name":"Wu Han and David Finckel"}},"uncorrectedTrack":{"name":"Cello Sonata no. 2 in g minor, op. 5, no. 2: III. Rondo: Allegro","artist":{"name":"Wu Han and David Finckel"}},"album":{"name":"Beethoven: Complete Works for Piano \u0026 Cello","artist":{"name":"Wu Han and David Finckel"}},"application":"Grooveshark"},{"timestamp":{"iso":"2013-07-19T20:13:09","unixtimestamp":1374264789},"track":{"name":"Cello Sonata No. 3 in A Major, Op. 69: II. Scherzo","artist":{"name":"Jorg Metzger"}},"uncorrectedTrack":{"name":"Cello Sonata No. 3 in A Major, Op. 69: II. Scherzo","artist":{"name":"Jorg Metzger"}},"album":{"name":"Beethoven: Cello Sonatas Nos. 1 - 5","artist":{"name":"Jorg Metzger"}},"application":"Grooveshark"},{"timestamp":{"iso":"2013-07-23T23:22:12","unixtimestamp":1374621732},"track":{"name":"Rachmaninov: Piano Concerto #3 In D Minor, Op. 30 - 1. Allegro Ma Non Tanto","artist":{"name":"Sergei Rachmaninoff"}},"uncorrectedTrack":{"name":"Rachmaninov: Piano Concerto #3 In D Minor, Op. 30 - 1. Allegro Ma Non Tanto","artist":{"name":"Rachmaninoff"}},"album":{"name":"Rachmaninov: Piano Concertos #2 \u0026 3","artist":{"name":"Rachmaninoff"}},"application":"Grooveshark"},{"timestamp":{"iso":"2013-07-24T20:27:38","unixtimestamp":1374697658},"track":{"name":"Rachmaninov: Piano Concerto #3 In D Minor, Op. 30 - 1. Allegro Ma Non Tanto","artist":{"name":"Sergei Rachmaninoff"}},"uncorrectedTrack":{"name":"Rachmaninov: Piano Concerto #3 In D Minor, Op. 30 - 1. Allegro Ma Non Tanto","artist":{"name":"Rachmaninoff"}},"album":{"name":"Rachmaninov: Piano Concertos #2 \u0026 3","artist":{"name":"Rachmaninoff"}},"application":"Grooveshark"},{"timestamp":{"iso":"2013-07-24T21:26:01","unixtimestamp":1374701161},"track":{"name":"Praise You","mbid":"004c4f68-c5d5-428b-bc1e-e27498cc07a1","artist":{"name":"Fatboy Slim","mbid":"34c63966-445c-4613-afe1-4f0e1e53ae9a"}},"uncorrectedTrack":{"name":"Praise You","artist":{"name":"FatBoySlim"}},"album":{"name":"Praise You CD Single","artist":{"name":"FatBoySlim"}},"application":"Grooveshark"},{"timestamp":{"iso":"2013-07-24T21:33:11","unixtimestamp":1374701591},"track":{"name":"Cello Sonata No. 1 in F Major - 2 Allegro","artist":{"name":"Ludwig van Beethoven","mbid":"1f9df192-a621-4f54-8850-2c5373b7eac9"}},"uncorrectedTrack":{"name":"Cello Sonata No. 1 in F Major - 2 Allegro","artist":{"name":"Ludwig van Beethoven","mbid":"1f9df192-a621-4f54-8850-2c5373b7eac9"}},"album":{"name":"Cello Sonata No. 2 in G Minor ( L. Harrel - Ashkenasy )","artist":{"name":"Ludwig van Beethoven","mbid":"1f9df192-a621-4f54-8850-2c5373b7eac9"}},"application":"Grooveshark"},{"timestamp":{"iso":"2013-07-24T21:54:16","unixtimestamp":1374702856},"track":{"name":"Cello Sonata no. 2 in g minor, op. 5, no. 2: III. Rondo: Allegro","artist":{"name":"Wu Han and David Finckel"}},"uncorrectedTrack":{"name":"Cello Sonata no. 2 in g minor, op. 5, no. 2: III. Rondo: Allegro","artist":{"name":"Wu Han and David Finckel"}},"album":{"name":"Beethoven: Complete Works for Piano \u0026 Cello","artist":{"name":"Wu Han and David Finckel"}},"application":"Grooveshark"},{"timestamp":{"iso":"2013-07-25T02:03:55","unixtimestamp":1374717835},"track":{"name":"Nocturne No.2","mbid":"e47bbf42-3b8f-4be2-bc36-b455cd0c8a0a","artist":{"name":"Frédéric Chopin"}},"uncorrectedTrack":{"name":"Nocturne No.2","artist":{"name":"Chopin"}},"album":{"name":"40 Most Beautiful Piano","artist":{"name":"Chopin"}},"application":"Grooveshark"},{"timestamp":{"iso":"2013-07-25T02:09:52","unixtimestamp":1374718192},"track":{"name":"Nocturne No.2","mbid":"e47bbf42-3b8f-4be2-bc36-b455cd0c8a0a","artist":{"name":"Frédéric Chopin"}},"uncorrectedTrack":{"name":"Nocturne No.2","artist":{"name":"Chopin"}},"album":{"name":"40 Most Beautiful Piano","artist":{"name":"Chopin"}},"application":"Grooveshark"},{"timestamp":{"iso":"2013-07-25T02:14:54","unixtimestamp":1374718494},"track":{"name":"Nocturne No.1","mbid":"abc3864d-61ed-444f-9088-4c1a30bff729","artist":{"name":"Frédéric Chopin"}},"uncorrectedTrack":{"name":"Nocturne No.1","artist":{"name":"Chopin"}},"album":{"name":"40 Most Beautiful Piano","artist":{"name":"Chopin"}},"application":"Grooveshark"},{"timestamp":{"iso":"2013-07-25T02:22:20","unixtimestamp":1374718940},"track":{"name":"Chopin: Etude in E \"Tristesse\"","artist":{"name":"[unknown]","mbid":"0035056d-72ac-41fa-8ea6-0e27e55f42f7"}},"uncorrectedTrack":{"name":"Chopin: Etude in E \"Tristesse\"","artist":{"name":"Classical music"}},"album":{"name":"25 Piano Favorites","artist":{"name":"Classical music"}},"application":"Grooveshark"},{"timestamp":{"iso":"2013-07-25T02:22:51","unixtimestamp":1374718971},"track":{"name":"Ballade no.1 in G minor","mbid":"a9436d12-7e0a-493d-a161-6e72e585b042","artist":{"name":"Frédéric Chopin"}},"uncorrectedTrack":{"name":"Ballade No.1 in G minor","artist":{"name":"Chopin"}},"album":{"name":"Chopin","artist":{"name":"Chopin"}},"application":"Grooveshark"},{"timestamp":{"iso":"2013-07-25T02:33:16","unixtimestamp":1374719596},"track":{"name":"Etude in E major Op.10 No.3","artist":{"name":"Frédéric Chopin"}},"uncorrectedTrack":{"name":"Etude in E major Op.10 No.3","artist":{"name":"Frédéric Chopin"}},"album":{"name":"The Best of Chopin","mbid":"11075c70-39ca-458a-a36b-b9cf1572c181","artist":{"name":"Frédéric Chopin"}},"application":"Grooveshark"},{"timestamp":{"iso":"2013-07-25T02:37:42","unixtimestamp":1374719862},"track":{"name":"Chopin : Raindrop prelude","artist":{"name":"Frédéric Chopin"}},"uncorrectedTrack":{"name":"Chopin : Raindrop prelude","artist":{"name":"Chopin"}},"album":{"name":"Classics for Relaxation and Me","artist":{"name":"Chopin"}},"application":"Grooveshark"},{"timestamp":{"iso":"2013-07-25T02:42:36","unixtimestamp":1374720156},"track":{"name":"Nocturne for piano No.  2 in E flat major (\u0027Murmures de la Seine 2\u0027) Op. 9/2, B. 54/2","artist":{"name":"Frédéric Chopin"}},"uncorrectedTrack":{"name":"Nocturne for piano No.  2 in E flat major (\u0027Murmures de la Seine 2\u0027) Op. 9/2, B. 54/2","artist":{"name":"Frédéric Chopin"}},"album":{"name":"The Best of Chopin","mbid":"11075c70-39ca-458a-a36b-b9cf1572c181","artist":{"name":"Frédéric Chopin"}},"application":"Grooveshark"},{"timestamp":{"iso":"2013-07-25T02:47:10","unixtimestamp":1374720430},"track":{"name":"Prelude, in E minor, Op. 28/4","artist":{"name":"Frédéric Chopin"}},"uncorrectedTrack":{"name":"Prelude, in E minor, Op. 28/4","artist":{"name":"Frédéric Chopin"}},"album":{"name":"Chopin","mbid":"3abf7af3-17d1-4e11-aa2d-7e1523e2175d","artist":{"name":"Frédéric Chopin"}},"application":"Grooveshark"},{"timestamp":{"iso":"2013-07-25T02:49:18","unixtimestamp":1374720558},"track":{"name":"Polonaise in A Major, Opus 40","artist":{"name":"Frédéric Chopin"}},"uncorrectedTrack":{"name":"Polonaise in A Major, Opus 40","artist":{"name":"Chopin"}},"album":{"name":"Chopin","artist":{"name":"Chopin"}},"application":"Grooveshark"},{"timestamp":{"iso":"2013-07-25T02:54:42","unixtimestamp":1374720882},"track":{"name":"Fantasy Impromptu, in C sharp minor, Op. 66","artist":{"name":"Frédéric Chopin"}},"uncorrectedTrack":{"name":"Fantasy Impromptu, in C sharp minor, Op. 66","artist":{"name":"Frédéric Chopin"}},"album":{"name":"Chopin","mbid":"3abf7af3-17d1-4e11-aa2d-7e1523e2175d","artist":{"name":"Frédéric Chopin"}},"application":"Grooveshark"},{"timestamp":{"iso":"2013-07-25T02:59:58","unixtimestamp":1374721198},"track":{"name":"Nocturne No. 20 In C# Minor","artist":{"name":"Frédéric Chopin"}},"uncorrectedTrack":{"name":"Nocturne No. 20 in C# Minor","artist":{"name":"Chopin"}},"album":{"name":"Chopin Nocturnes","artist":{"name":"Chopin"}},"application":"Grooveshark"},{"timestamp":{"iso":"2013-07-25T03:03:44","unixtimestamp":1374721424},"track":{"name":"Nocturno op. 9","artist":{"name":"Frédéric Chopin"}},"uncorrectedTrack":{"name":"Nocturno op. 9","artist":{"name":"Chopin"}},"album":{"name":"Música clásica","artist":{"name":"Chopin"}},"application":"Grooveshark"},{"timestamp":{"iso":"2013-07-25T03:07:07","unixtimestamp":1374721627},"track":{"name":"Scherzo No. 2 in B-flat minor, Op. 31","artist":{"name":"Frédéric Chopin"}},"uncorrectedTrack":{"name":"Scherzo No. 2 in B-flat minor, Op. 31","artist":{"name":"Frédéric Chopin"}},"album":{"name":"The Chopin Collection (feat. piano: Arthur Rubinstein) (disc 5)","artist":{"name":"Frédéric Chopin"}},"application":"Grooveshark"},{"timestamp":{"iso":"2013-07-25T03:16:55","unixtimestamp":1374722215},"track":{"name":"Prelude in Db Major,No.15 (\u0027raindrop\u0027)","artist":{"name":"Frédéric Chopin"}},"uncorrectedTrack":{"name":"Prelude in Db Major,No.15 (\u0027raindrop\u0027)","artist":{"name":"Chopin"}},"album":{"name":"100 Classical Masterpieces","artist":{"name":"Chopin"}},"application":"Grooveshark"},{"timestamp":{"iso":"2013-07-25T03:20:43","unixtimestamp":1374722443},"track":{"name":"Nocturne, in D flat Major, Op. 27/2","artist":{"name":"Frédéric Chopin"}},"uncorrectedTrack":{"name":"Nocturne, in D flat Major, Op. 27/2","artist":{"name":"Frédéric Chopin"}},"album":{"name":"Chopin","mbid":"3abf7af3-17d1-4e11-aa2d-7e1523e2175d","artist":{"name":"Frédéric Chopin"}},"application":"Grooveshark"},{"timestamp":{"iso":"2013-07-25T03:26:15","unixtimestamp":1374722775},"track":{"name":"Waltz No. 7, In C sharp Minor, Op. 64/2","artist":{"name":"Frédéric Chopin"}},"uncorrectedTrack":{"name":"Waltz No. 7, In C sharp Minor, Op. 64/2","artist":{"name":"Frédéric Chopin"}},"album":{"name":"Chopin","mbid":"3abf7af3-17d1-4e11-aa2d-7e1523e2175d","artist":{"name":"Frédéric Chopin"}},"application":"Grooveshark"},{"timestamp":{"iso":"2013-07-25T16:59:22","unixtimestamp":1374771562},"track":{"name":"Piano Sonata no 8 in A minor K310 Presto","artist":{"name":"Wolfgang Amadeus Mozart","mbid":"255b884c-25e9-4da2-99e9-b104ed637eae"}},"uncorrectedTrack":{"name":"Piano Sonata no 8 in A minor K310 Presto","artist":{"name":"Wolfgang Amadeus Mozart","mbid":"255b884c-25e9-4da2-99e9-b104ed637eae"}},"album":{"name":"Introducing the Complete Mozart Edition","mbid":"33d65149-c75e-352d-9039-a4154f4b0db4","artist":{"name":"Wolfgang Amadeus Mozart","mbid":"255b884c-25e9-4da2-99e9-b104ed637eae"}},"application":"Grooveshark"},{"timestamp":{"iso":"2013-07-25T17:03:45","unixtimestamp":1374771825},"track":{"name":"Stay the Same","mbid":"ef255283-adb9-4464-9e27-09e11ae6cb73","artist":{"name":"Bonobo","mbid":"6f7dea51-1d02-4be1-b138-92078518350c"}},"uncorrectedTrack":{"name":"Stay the Same","mbid":"ef255283-adb9-4464-9e27-09e11ae6cb73","artist":{"name":"Bonobo","mbid":"6f7dea51-1d02-4be1-b138-92078518350c"}},"album":{"name":"Black Sands","mbid":"6b575427-f110-4c22-bdeb-89620f534da2","artist":{"name":"Bonobo","mbid":"6f7dea51-1d02-4be1-b138-92078518350c"}},"application":"Grooveshark"},{"timestamp":{"iso":"2013-07-25T17:29:38","unixtimestamp":1374773378},"track":{"name":"Kiara","mbid":"da17946e-5e74-4c02-a474-6cd8e321b96a","artist":{"name":"Bonobo","mbid":"6f7dea51-1d02-4be1-b138-92078518350c"}},"uncorrectedTrack":{"name":"Kiara","mbid":"da17946e-5e74-4c02-a474-6cd8e321b96a","artist":{"name":"Bonobo","mbid":"6f7dea51-1d02-4be1-b138-92078518350c"}},"album":{"name":"Black Sands","mbid":"6b575427-f110-4c22-bdeb-89620f534da2","artist":{"name":"Bonobo","mbid":"6f7dea51-1d02-4be1-b138-92078518350c"}},"application":"Grooveshark"},{"timestamp":{"iso":"2013-07-25T18:40:00","unixtimestamp":1374777600},"track":{"name":"Easy Muffin","mbid":"35b1fd7b-a3e9-43b0-af3d-71198888e767","artist":{"name":"Amon Tobin","mbid":"630662ea-1c7d-4208-99fd-ba3afec20f0c"}},"uncorrectedTrack":{"name":"Easy Muffin","mbid":"35b1fd7b-a3e9-43b0-af3d-71198888e767","artist":{"name":"Amon Tobin","mbid":"630662ea-1c7d-4208-99fd-ba3afec20f0c"}},"album":{"name":"Bricolage","mbid":"865f40b0-8ed8-4a31-8293-7d99d92cd7d7","artist":{"name":"Amon Tobin","mbid":"630662ea-1c7d-4208-99fd-ba3afec20f0c"}},"application":"Grooveshark"},{"timestamp":{"iso":"2013-07-25T18:45:02","unixtimestamp":1374777902},"track":{"name":"Defocus","mbid":"1250b0f2-1ab3-43b7-8743-6b5ba5ae42b9","artist":{"name":"Amon Tobin","mbid":"630662ea-1c7d-4208-99fd-ba3afec20f0c"}},"uncorrectedTrack":{"name":"Defocus","mbid":"1250b0f2-1ab3-43b7-8743-6b5ba5ae42b9","artist":{"name":"Amon Tobin","mbid":"630662ea-1c7d-4208-99fd-ba3afec20f0c"}},"album":{"name":"Bricolage","mbid":"865f40b0-8ed8-4a31-8293-7d99d92cd7d7","artist":{"name":"Amon Tobin","mbid":"630662ea-1c7d-4208-99fd-ba3afec20f0c"}},"application":"Grooveshark"},{"timestamp":{"iso":"2013-07-25T18:51:50","unixtimestamp":1374778310},"track":{"name":"Efêmera","mbid":"d9266b07-3a79-47c1-9629-93bcb448462e","artist":{"name":"Tulipa Ruiz","mbid":"883cbd06-7ed2-4c5f-a5c0-8ea7792b4655"}},"uncorrectedTrack":{"name":"Efêmera","mbid":"d9266b07-3a79-47c1-9629-93bcb448462e","artist":{"name":"Tulipa Ruiz","mbid":"883cbd06-7ed2-4c5f-a5c0-8ea7792b4655"}},"album":{"name":"Efêmera","mbid":"389f3aa9-f22e-4af4-aef2-2e70b1d5227b","artist":{"name":"Tulipa Ruiz","mbid":"883cbd06-7ed2-4c5f-a5c0-8ea7792b4655"}},"application":"Grooveshark"},{"timestamp":{"iso":"2013-07-25T20:47:28","unixtimestamp":1374785248},"track":{"name":"Molto vivace - Presto - Molto vivace","artist":{"name":"Ludwig van Beethoven","mbid":"1f9df192-a621-4f54-8850-2c5373b7eac9"}},"uncorrectedTrack":{"name":"Molto vivace - presto - molto vivace","artist":{"name":"Beethoven","mbid":"b160e4df-52f8-4487-8375-e8fc7de4970b"}},"album":{"name":"Symphony no. 9","artist":{"name":"Beethoven","mbid":"b160e4df-52f8-4487-8375-e8fc7de4970b"}},"application":"Grooveshark"},{"timestamp":{"iso":"2013-07-25T21:01:48","unixtimestamp":1374786108},"track":{"name":"Rachmaninoff / Piano Concerto No. 2","artist":{"name":"Richard Clayderman","mbid":"0baceb7b-6237-48c4-9550-3a02e9a71f44"}},"uncorrectedTrack":{"name":"Rachmaninoff / Piano Concerto No. 2","artist":{"name":"Richard Clayderman","mbid":"0baceb7b-6237-48c4-9550-3a02e9a71f44"}},"album":{"name":"Concerto","mbid":"2f5be6c4-760c-4642-9477-996b917c5e41","artist":{"name":"Richard Clayderman","mbid":"0baceb7b-6237-48c4-9550-3a02e9a71f44"}},"application":"Grooveshark"},{"timestamp":{"iso":"2013-07-25T21:03:44","unixtimestamp":1374786224},"track":{"name":"Piano Concerto No. 2 In C Minor - I. Moderato. Allegro","artist":{"name":"Сергей Васильевич Рахманинов","mbid":"1a3c44f3-9bf6-4d13-9fa3-9bcd8a627fd8"}},"uncorrectedTrack":{"name":"Piano Concerto No. 2 In C Minor - I. Moderato. Allegro","artist":{"name":"Сергей Васильевич Рахманинов","mbid":"1a3c44f3-9bf6-4d13-9fa3-9bcd8a627fd8"}},"album":{"name":"Rachmaninoff: Piano Concerto No. 2/Rhapsody On A Theme Of Paganini/Vocalise","artist":{"name":"Сергей Васильевич Рахманинов","mbid":"1a3c44f3-9bf6-4d13-9fa3-9bcd8a627fd8"}},"application":"Grooveshark"},{"timestamp":{"iso":"2013-07-25T21:14:03","unixtimestamp":1374786843},"track":{"name":"Piano Concerto No. 2 in C minor - II. Adagio sostenuto","artist":{"name":"Сергей Васильевич Рахманинов","mbid":"1a3c44f3-9bf6-4d13-9fa3-9bcd8a627fd8"}},"uncorrectedTrack":{"name":"Piano Concerto No. 2 in C minor - II. Adagio sostenuto","artist":{"name":"Сергей Васильевич Рахманинов","mbid":"1a3c44f3-9bf6-4d13-9fa3-9bcd8a627fd8"}},"album":{"name":"Rachmaninoff: Piano Concerto No. 2/Rhapsody On A Theme Of Paganini/Vocalise","artist":{"name":"Сергей Васильевич Рахманинов","mbid":"1a3c44f3-9bf6-4d13-9fa3-9bcd8a627fd8"}},"application":"Grooveshark"},{"timestamp":{"iso":"2013-07-25T21:25:56","unixtimestamp":1374787556},"track":{"name":"Piano Concerto No. 2 in C minor - III. Allegro scherzando","artist":{"name":"Сергей Васильевич Рахманинов","mbid":"1a3c44f3-9bf6-4d13-9fa3-9bcd8a627fd8"}},"uncorrectedTrack":{"name":"Piano Concerto No. 2 in C minor - III. Allegro scherzando","artist":{"name":"Сергей Васильевич Рахманинов","mbid":"1a3c44f3-9bf6-4d13-9fa3-9bcd8a627fd8"}},"album":{"name":"Rachmaninoff: Piano Concerto No. 2/Rhapsody On A Theme Of Paganini/Vocalise","artist":{"name":"Сергей Васильевич Рахманинов","mbid":"1a3c44f3-9bf6-4d13-9fa3-9bcd8a627fd8"}},"application":"Grooveshark"},{"timestamp":{"iso":"2013-07-25T22:16:58","unixtimestamp":1374790618},"track":{"name":"Mer du Japon","mbid":"19c029d9-f7bf-4402-817f-f6a79e94b680","artist":{"name":"Air","mbid":"018dcc90-b1a2-400a-a96e-64b6a101f009"}},"uncorrectedTrack":{"name":"Mer du Japon","mbid":"19c029d9-f7bf-4402-817f-f6a79e94b680","artist":{"name":"Air","mbid":"018dcc90-b1a2-400a-a96e-64b6a101f009"}},"album":{"name":"Greatest Hits - Disc 1","artist":{"name":"Air","mbid":"018dcc90-b1a2-400a-a96e-64b6a101f009"}},"application":"Grooveshark"},{"timestamp":{"iso":"2013-07-25T22:50:00","unixtimestamp":1374792600},"track":{"name":"Paradise Circus (Breakage\u0027s Tight Rope Remix)","mbid":"3ed2b5fd-26ad-4bfb-90ce-19219ab74bd3","artist":{"name":"Massive Attack","mbid":"10adbe5e-a2c0-4bf3-8249-2b4cbf6e6ca8"}},"uncorrectedTrack":{"name":"Paradise Circus (Breakage\u0027s Tight Rope Remix)","mbid":"3ed2b5fd-26ad-4bfb-90ce-19219ab74bd3","artist":{"name":"Massive Attack","mbid":"10adbe5e-a2c0-4bf3-8249-2b4cbf6e6ca8"}},"album":{"name":"Heligoland","mbid":"5042d45d-6a48-4546-bdf5-26f01caa3a43","artist":{"name":"Massive Attack","mbid":"10adbe5e-a2c0-4bf3-8249-2b4cbf6e6ca8"}},"application":"Grooveshark"},{"timestamp":{"iso":"2013-07-29T16:19:50","unixtimestamp":1375114790},"track":{"name":"Rachmaninov: Piano Concerto #3 In D Minor, Op. 30 - 1. Allegro Ma Non Tanto","artist":{"name":"Sergei Rachmaninoff"}},"uncorrectedTrack":{"name":"Rachmaninov: Piano Concerto #3 In D Minor, Op. 30 - 1. Allegro Ma Non Tanto","artist":{"name":"Rachmaninoff"}},"album":{"name":"Rachmaninov: Piano Concertos #2 \u0026 3","artist":{"name":"Rachmaninoff"}},"application":"Grooveshark"},{"timestamp":{"iso":"2013-07-29T16:38:00","unixtimestamp":1375115880},"track":{"name":"Molto vivace - Presto - Molto vivace","artist":{"name":"Ludwig van Beethoven","mbid":"1f9df192-a621-4f54-8850-2c5373b7eac9"}},"uncorrectedTrack":{"name":"Molto vivace - presto - molto vivace","artist":{"name":"Beethoven","mbid":"b160e4df-52f8-4487-8375-e8fc7de4970b"}},"album":{"name":"Symphony no. 9","artist":{"name":"Beethoven","mbid":"b160e4df-52f8-4487-8375-e8fc7de4970b"}},"application":"Grooveshark"},{"timestamp":{"iso":"2013-07-29T16:50:23","unixtimestamp":1375116623},"track":{"name":"Symphony No 9 in D minor, 3rd Movement, Adagio molto e cantabile","artist":{"name":"Ludwig van Beethoven","mbid":"1f9df192-a621-4f54-8850-2c5373b7eac9"}},"uncorrectedTrack":{"name":"Symphony No 9 in D minor, 3rd Movement, Adagio molto e cantabile","artist":{"name":"Beethoven","mbid":"b160e4df-52f8-4487-8375-e8fc7de4970b"}},"album":{"name":"9 symphonies","artist":{"name":"Beethoven","mbid":"b160e4df-52f8-4487-8375-e8fc7de4970b"}},"application":"Grooveshark"},{"timestamp":{"iso":"2013-07-29T17:39:22","unixtimestamp":1375119562},"track":{"name":"Novias","mbid":"b4de7318-5e65-450c-baf2-d1cfac5e4b78","artist":{"name":"El Guincho","mbid":"7e57d8a2-e6eb-48dd-8e50-ff7eaa412ccb"}},"uncorrectedTrack":{"name":"Novias","mbid":"b4de7318-5e65-450c-baf2-d1cfac5e4b78","artist":{"name":"El Guincho","mbid":"7e57d8a2-e6eb-48dd-8e50-ff7eaa412ccb"}},"album":{"name":"Pop Negro","mbid":"d1155ca2-d814-4f17-9426-743189f8d853","artist":{"name":"El Guincho","mbid":"7e57d8a2-e6eb-48dd-8e50-ff7eaa412ccb"}},"application":"Grooveshark"},{"timestamp":{"iso":"2013-07-30T16:49:35","unixtimestamp":1375202975},"track":{"name":"The Past Before My Eyes","artist":{"name":"OST","mbid":"1763c989-433f-46b5-9cda-a216cb0d2e15"}},"uncorrectedTrack":{"name":"The Past Before My Eyes","artist":{"name":"OST","mbid":"1763c989-433f-46b5-9cda-a216cb0d2e15"}},"album":{"name":"Departures - Volume 1","artist":{"name":"OST","mbid":"1763c989-433f-46b5-9cda-a216cb0d2e15"}},"application":"Grooveshark"},{"timestamp":{"iso":"2013-07-30T16:52:43","unixtimestamp":1375203163},"track":{"name":"Donna","artist":{"name":"OST","mbid":"1763c989-433f-46b5-9cda-a216cb0d2e15"}},"uncorrectedTrack":{"name":"Donna","artist":{"name":"OST","mbid":"1763c989-433f-46b5-9cda-a216cb0d2e15"}},"album":{"name":"Departures - Volume 1","artist":{"name":"OST","mbid":"1763c989-433f-46b5-9cda-a216cb0d2e15"}},"application":"Grooveshark"},{"timestamp":{"iso":"2013-07-30T16:54:54","unixtimestamp":1375203294},"track":{"name":"Rain Theory","artist":{"name":"OST","mbid":"1763c989-433f-46b5-9cda-a216cb0d2e15"}},"uncorrectedTrack":{"name":"Rain Theory","artist":{"name":"OST","mbid":"1763c989-433f-46b5-9cda-a216cb0d2e15"}},"album":{"name":"Departures - Volume 1","artist":{"name":"OST","mbid":"1763c989-433f-46b5-9cda-a216cb0d2e15"}},"application":"Grooveshark"},{"timestamp":{"iso":"2013-07-31T17:08:17","unixtimestamp":1375290497},"track":{"name":"Novias","mbid":"b4de7318-5e65-450c-baf2-d1cfac5e4b78","artist":{"name":"El Guincho","mbid":"7e57d8a2-e6eb-48dd-8e50-ff7eaa412ccb"}},"uncorrectedTrack":{"name":"Novias","mbid":"b4de7318-5e65-450c-baf2-d1cfac5e4b78","artist":{"name":"El Guincho","mbid":"7e57d8a2-e6eb-48dd-8e50-ff7eaa412ccb"}},"album":{"name":"Pop Negro","mbid":"d1155ca2-d814-4f17-9426-743189f8d853","artist":{"name":"El Guincho","mbid":"7e57d8a2-e6eb-48dd-8e50-ff7eaa412ccb"}},"application":"Grooveshark"},{"timestamp":{"iso":"2013-07-31T17:12:01","unixtimestamp":1375290721},"track":{"name":"So What","mbid":"a3df9955-c297-4174-89a2-e1330d73358d","artist":{"name":"Miles Davis","mbid":"561d854a-6a28-4aa7-8c99-323e6ce46c2a"}},"uncorrectedTrack":{"name":"So What","mbid":"a3df9955-c297-4174-89a2-e1330d73358d","artist":{"name":"Miles Davis","mbid":"561d854a-6a28-4aa7-8c99-323e6ce46c2a"}},"album":{"name":"Kind of Blue","mbid":"eef3606d-0843-370f-8ea9-73b949e8bdfc","artist":{"name":"Miles Davis","mbid":"561d854a-6a28-4aa7-8c99-323e6ce46c2a"}},"application":"Grooveshark"},{"timestamp":{"iso":"2013-07-31T17:26:44","unixtimestamp":1375291604},"track":{"name":"Moanin\u0027","mbid":"e656cedc-ae1d-455b-a34a-ff96f12a8806","artist":{"name":"Charles Mingus","mbid":"447a0588-f20c-4e87-a377-60dba9a6e0c6"}},"uncorrectedTrack":{"name":"Moanin\u0027","mbid":"e656cedc-ae1d-455b-a34a-ff96f12a8806","artist":{"name":"Charles Mingus","mbid":"447a0588-f20c-4e87-a377-60dba9a6e0c6"}},"album":{"name":"The Very Best of Charles Mingus","mbid":"76989cec-520c-4c03-9bfe-d5c294b00ffd","artist":{"name":"Charles Mingus","mbid":"447a0588-f20c-4e87-a377-60dba9a6e0c6"}},"application":"Grooveshark"}]