[{"timestamp":{"iso":"2011-03-06T00:04:36","unixtimestamp":1299369876},"track":{"name":"Guruji_Anugraha_Bhashanam_for_SSR","artist":{"name":"Brahma Sri Chaganti Koteswara Rao Garu;"}},"uncorrectedTrack":{"name":"Guruji_Anugraha_Bhashanam_for_SSR","artist":{"name":"Brahma Sri Chaganti Koteswara Rao Garu;"}},"album":{"name":"Sampoorna Sri Ramayanam","artist":{"name":"Brahma Sri Chaganti Koteswara Rao Garu;"}}},{"timestamp":{"iso":"2011-03-10T21:17:09","unixtimestamp":1299791829},"track":{"name":"Johnny Go_edit version radio","artist":{"name":"Jean Leloup","mbid":"6b4dfc7e-3057-423e-8a04-c69ecb2823af"}},"uncorrectedTrack":{"name":"Johnny Go_edit version radio","artist":{"name":"Jean Leloup","mbid":"6b4dfc7e-3057-423e-8a04-c69ecb2823af"}},"album":{"name":"Le Dôme","mbid":"5e924b13-98b3-4094-8b0c-9b29b580dde6","artist":{"name":"Jean Leloup","mbid":"6b4dfc7e-3057-423e-8a04-c69ecb2823af"}}},{"timestamp":{"iso":"2011-03-10T21:21:23","unixtimestamp":1299792083},"track":{"name":"Invente une langue pour me nommer","mbid":"84a697d8-b511-480c-8f1f-fd63955ad1e5","artist":{"name":"Yann Perreau","mbid":"13f00a28-8fc1-425e-9452-18b4f465c4d2"}},"uncorrectedTrack":{"name":"Invente une langue pour me nommer","mbid":"84a697d8-b511-480c-8f1f-fd63955ad1e5","artist":{"name":"Yann Perreau","mbid":"13f00a28-8fc1-425e-9452-18b4f465c4d2"}},"album":{"name":"Un serpent sous les fleurs","mbid":"36923ef6-b38e-4359-8ec8-5aaf5c7e7e2d","artist":{"name":"Yann Perreau","mbid":"13f00a28-8fc1-425e-9452-18b4f465c4d2"}}},{"timestamp":{"iso":"2011-03-22T05:53:15","unixtimestamp":1300773195},"track":{"name":"Kettering","mbid":"37df4ac5-66c4-44ef-8121-b0e03ff20860","artist":{"name":"The Antlers","mbid":"ff0d20a7-a69e-4207-a18f-ca808759499d"}},"uncorrectedTrack":{"name":"Kettering","mbid":"37df4ac5-66c4-44ef-8121-b0e03ff20860","artist":{"name":"The Antlers","mbid":"ff0d20a7-a69e-4207-a18f-ca808759499d"}},"album":{"name":"Hospice","mbid":"e526cba9-87cb-480f-9c03-0e6bceca8638","artist":{"name":"The Antlers","mbid":"ff0d20a7-a69e-4207-a18f-ca808759499d"}}},{"timestamp":{"iso":"2011-03-22T06:00:28","unixtimestamp":1300773628},"track":{"name":"Momma\u0027s Boy","mbid":"da110c8e-6c22-41ac-8b55-b6ed0a505c81","artist":{"name":"Elizabeth \u0026 The Catapult","mbid":"d985833c-8f44-4867-9623-7741e90f80df"}},"uncorrectedTrack":{"name":"Momma\u0027s Boy","mbid":"da110c8e-6c22-41ac-8b55-b6ed0a505c81","artist":{"name":"Elizabeth \u0026 The Catapult","mbid":"d985833c-8f44-4867-9623-7741e90f80df"}},"album":{"name":"Taller Children","mbid":"a04ba437-86f2-4529-84fc-7c6d3e39258c","artist":{"name":"Elizabeth \u0026 The Catapult","mbid":"d985833c-8f44-4867-9623-7741e90f80df"}}},{"timestamp":{"iso":"2011-03-22T06:03:18","unixtimestamp":1300773798},"track":{"name":"Taller Children","mbid":"1df8e460-5a19-4ffd-9902-db9fe727fccb","artist":{"name":"Elizabeth \u0026 The Catapult","mbid":"d985833c-8f44-4867-9623-7741e90f80df"}},"uncorrectedTrack":{"name":"Taller Children","mbid":"1df8e460-5a19-4ffd-9902-db9fe727fccb","artist":{"name":"Elizabeth \u0026 The Catapult","mbid":"d985833c-8f44-4867-9623-7741e90f80df"}},"album":{"name":"Taller Children","mbid":"a04ba437-86f2-4529-84fc-7c6d3e39258c","artist":{"name":"Elizabeth \u0026 The Catapult","mbid":"d985833c-8f44-4867-9623-7741e90f80df"}}},{"timestamp":{"iso":"2011-03-22T06:07:52","unixtimestamp":1300774072},"track":{"name":"Marseilles","mbid":"91fdb7ab-5a4e-40b5-821d-998e6bc091e2","artist":{"name":"Hey Marseilles","mbid":"4f0ca99b-0ab2-4861-b8ac-e6dadabff23e"}},"uncorrectedTrack":{"name":"Marseilles","mbid":"91fdb7ab-5a4e-40b5-821d-998e6bc091e2","artist":{"name":"Hey Marseilles","mbid":"4f0ca99b-0ab2-4861-b8ac-e6dadabff23e"}},"album":{"name":"To Travels and Trunks","artist":{"name":"Hey Marseilles","mbid":"4f0ca99b-0ab2-4861-b8ac-e6dadabff23e"}}},{"timestamp":{"iso":"2011-03-22T06:10:52","unixtimestamp":1300774252},"track":{"name":"To Travels \u0026 Trunks","mbid":"eea9ce41-2956-43ac-b538-cde4fbf5ca83","artist":{"name":"Hey Marseilles","mbid":"4f0ca99b-0ab2-4861-b8ac-e6dadabff23e"}},"uncorrectedTrack":{"name":"To Travels and Trunks","artist":{"name":"Hey Marseilles","mbid":"4f0ca99b-0ab2-4861-b8ac-e6dadabff23e"}},"album":{"name":"To Travels and Trunks","artist":{"name":"Hey Marseilles","mbid":"4f0ca99b-0ab2-4861-b8ac-e6dadabff23e"}}},{"timestamp":{"iso":"2011-03-22T06:14:00","unixtimestamp":1300774440},"track":{"name":"Cannonballs","mbid":"014ff9c2-9846-4b36-93d2-d2149c973a35","artist":{"name":"Hey Marseilles","mbid":"4f0ca99b-0ab2-4861-b8ac-e6dadabff23e"}},"uncorrectedTrack":{"name":"Cannonballs","mbid":"014ff9c2-9846-4b36-93d2-d2149c973a35","artist":{"name":"Hey Marseilles","mbid":"4f0ca99b-0ab2-4861-b8ac-e6dadabff23e"}},"album":{"name":"To Travels and Trunks","artist":{"name":"Hey Marseilles","mbid":"4f0ca99b-0ab2-4861-b8ac-e6dadabff23e"}}},{"timestamp":{"iso":"2011-03-22T06:18:37","unixtimestamp":1300774717},"track":{"name":"Seheri","artist":{"name":"Oy!"}},"uncorrectedTrack":{"name":"Seheri","artist":{"name":"Oy!"}},"album":{"name":"Oy!","artist":{"name":"Oy!"}}},{"timestamp":{"iso":"2011-03-22T06:25:30","unixtimestamp":1300775130},"track":{"name":"Crystalised","mbid":"c3562dfa-25a1-4058-bf25-655d67bd00e3","artist":{"name":"The xx","mbid":"c5c2ea1c-4bde-4f4d-bd0b-47b200bf99d6"}},"uncorrectedTrack":{"name":"Crystalised","mbid":"c3562dfa-25a1-4058-bf25-655d67bd00e3","artist":{"name":"The xx","mbid":"c5c2ea1c-4bde-4f4d-bd0b-47b200bf99d6"}},"album":{"name":"xx","mbid":"0a316273-a395-38c1-9464-940b5cb529dd","artist":{"name":"The xx","mbid":"c5c2ea1c-4bde-4f4d-bd0b-47b200bf99d6"}}},{"timestamp":{"iso":"2011-03-22T06:28:53","unixtimestamp":1300775333},"track":{"name":"Islands","mbid":"30c0a907-bcce-4a16-8451-0aaa6f7d983c","artist":{"name":"The xx","mbid":"c5c2ea1c-4bde-4f4d-bd0b-47b200bf99d6"}},"uncorrectedTrack":{"name":"Islands","mbid":"30c0a907-bcce-4a16-8451-0aaa6f7d983c","artist":{"name":"The xx","mbid":"c5c2ea1c-4bde-4f4d-bd0b-47b200bf99d6"}},"album":{"name":"xx","mbid":"0a316273-a395-38c1-9464-940b5cb529dd","artist":{"name":"The xx","mbid":"c5c2ea1c-4bde-4f4d-bd0b-47b200bf99d6"}}},{"timestamp":{"iso":"2011-03-22T06:31:33","unixtimestamp":1300775493},"track":{"name":"Heart Skipped a Beat","mbid":"0c3553b7-71d7-4ba8-8744-84a361e34ca5","artist":{"name":"The xx","mbid":"c5c2ea1c-4bde-4f4d-bd0b-47b200bf99d6"}},"uncorrectedTrack":{"name":"Heart Skipped a Beat","mbid":"0c3553b7-71d7-4ba8-8744-84a361e34ca5","artist":{"name":"The xx","mbid":"c5c2ea1c-4bde-4f4d-bd0b-47b200bf99d6"}},"album":{"name":"xx","mbid":"0a316273-a395-38c1-9464-940b5cb529dd","artist":{"name":"The xx","mbid":"c5c2ea1c-4bde-4f4d-bd0b-47b200bf99d6"}}},{"timestamp":{"iso":"2011-03-22T06:35:36","unixtimestamp":1300775736},"track":{"name":"Fantasy","mbid":"9fc0f333-8b67-4f6a-baf9-0aef0acb92c2","artist":{"name":"The xx","mbid":"c5c2ea1c-4bde-4f4d-bd0b-47b200bf99d6"}},"uncorrectedTrack":{"name":"Fantasy","mbid":"9fc0f333-8b67-4f6a-baf9-0aef0acb92c2","artist":{"name":"The xx","mbid":"c5c2ea1c-4bde-4f4d-bd0b-47b200bf99d6"}},"album":{"name":"xx","mbid":"0a316273-a395-38c1-9464-940b5cb529dd","artist":{"name":"The xx","mbid":"c5c2ea1c-4bde-4f4d-bd0b-47b200bf99d6"}}},{"timestamp":{"iso":"2011-03-22T06:38:14","unixtimestamp":1300775894},"track":{"name":"Shelter","mbid":"55e82e79-df88-4454-830b-f50016560101","artist":{"name":"The xx","mbid":"c5c2ea1c-4bde-4f4d-bd0b-47b200bf99d6"}},"uncorrectedTrack":{"name":"Shelter","mbid":"55e82e79-df88-4454-830b-f50016560101","artist":{"name":"The xx","mbid":"c5c2ea1c-4bde-4f4d-bd0b-47b200bf99d6"}},"album":{"name":"xx","mbid":"0a316273-a395-38c1-9464-940b5cb529dd","artist":{"name":"The xx","mbid":"c5c2ea1c-4bde-4f4d-bd0b-47b200bf99d6"}}},{"timestamp":{"iso":"2011-03-22T06:42:44","unixtimestamp":1300776164},"track":{"name":"Basic Space","mbid":"8af21640-0842-4fe0-85f3-f53e32038232","artist":{"name":"The xx","mbid":"c5c2ea1c-4bde-4f4d-bd0b-47b200bf99d6"}},"uncorrectedTrack":{"name":"Basic Space","mbid":"8af21640-0842-4fe0-85f3-f53e32038232","artist":{"name":"The xx","mbid":"c5c2ea1c-4bde-4f4d-bd0b-47b200bf99d6"}},"album":{"name":"xx","mbid":"0a316273-a395-38c1-9464-940b5cb529dd","artist":{"name":"The xx","mbid":"c5c2ea1c-4bde-4f4d-bd0b-47b200bf99d6"}}},{"timestamp":{"iso":"2011-03-22T06:45:52","unixtimestamp":1300776352},"track":{"name":"Infinity","mbid":"312fe5d3-cdcc-4c38-805d-97f856c5e076","artist":{"name":"The xx","mbid":"c5c2ea1c-4bde-4f4d-bd0b-47b200bf99d6"}},"uncorrectedTrack":{"name":"Infinity","mbid":"312fe5d3-cdcc-4c38-805d-97f856c5e076","artist":{"name":"The xx","mbid":"c5c2ea1c-4bde-4f4d-bd0b-47b200bf99d6"}},"album":{"name":"xx","mbid":"0a316273-a395-38c1-9464-940b5cb529dd","artist":{"name":"The xx","mbid":"c5c2ea1c-4bde-4f4d-bd0b-47b200bf99d6"}}},{"timestamp":{"iso":"2011-03-22T06:51:05","unixtimestamp":1300776665},"track":{"name":"Night Time","mbid":"782e46e7-6179-4cfa-b91e-1941037feeb0","artist":{"name":"The xx","mbid":"c5c2ea1c-4bde-4f4d-bd0b-47b200bf99d6"}},"uncorrectedTrack":{"name":"Night Time","mbid":"782e46e7-6179-4cfa-b91e-1941037feeb0","artist":{"name":"The xx","mbid":"c5c2ea1c-4bde-4f4d-bd0b-47b200bf99d6"}},"album":{"name":"xx","mbid":"0a316273-a395-38c1-9464-940b5cb529dd","artist":{"name":"The xx","mbid":"c5c2ea1c-4bde-4f4d-bd0b-47b200bf99d6"}}},{"timestamp":{"iso":"2011-03-22T06:54:42","unixtimestamp":1300776882},"track":{"name":"Stars","mbid":"3b2d8c3a-ca92-4cfb-bd40-1e629008ec70","artist":{"name":"The xx","mbid":"c5c2ea1c-4bde-4f4d-bd0b-47b200bf99d6"}},"uncorrectedTrack":{"name":"Stars","mbid":"3b2d8c3a-ca92-4cfb-bd40-1e629008ec70","artist":{"name":"The xx","mbid":"c5c2ea1c-4bde-4f4d-bd0b-47b200bf99d6"}},"album":{"name":"xx","mbid":"0a316273-a395-38c1-9464-940b5cb529dd","artist":{"name":"The xx","mbid":"c5c2ea1c-4bde-4f4d-bd0b-47b200bf99d6"}}},{"timestamp":{"iso":"2011-03-22T07:31:14","unixtimestamp":1300779074},"track":{"name":"Horchata","mbid":"46faf359-edb7-4512-a309-c12e28474a7f","artist":{"name":"Vampire Weekend","mbid":"af37c51c-0790-4a29-b995-456f98a6b8c9"}},"uncorrectedTrack":{"name":"Horchata","mbid":"46faf359-edb7-4512-a309-c12e28474a7f","artist":{"name":"Vampire Weekend","mbid":"af37c51c-0790-4a29-b995-456f98a6b8c9"}},"album":{"name":"Contra","mbid":"6a37f216-01ce-4102-ae19-d3546925cc24","artist":{"name":"Vampire Weekend","mbid":"af37c51c-0790-4a29-b995-456f98a6b8c9"}}},{"timestamp":{"iso":"2011-03-22T07:35:51","unixtimestamp":1300779351},"track":{"name":"The Sun","mbid":"279eb3da-18d0-4844-b5c6-9a778648b404","artist":{"name":"Portugal. The Man","mbid":"3599a39e-4e10-4cb5-90d4-c8a015ebc73b"}},"uncorrectedTrack":{"name":"The Sun","artist":{"name":"portugal the man"}},"album":{"name":"The Satanic Satanist","artist":{"name":"portugal the man"}}},{"timestamp":{"iso":"2011-03-22T07:39:12","unixtimestamp":1300779552},"track":{"name":"Guns \u0026 Dogs","mbid":"4888e82a-5444-4321-955a-7ceb016770c3","artist":{"name":"Portugal. The Man","mbid":"3599a39e-4e10-4cb5-90d4-c8a015ebc73b"}},"uncorrectedTrack":{"name":"Guns \u0026 Dogs","artist":{"name":"portugal the man"}},"album":{"name":"The Satanic Satanist","artist":{"name":"portugal the man"}}},{"timestamp":{"iso":"2011-03-22T07:41:57","unixtimestamp":1300779717},"track":{"name":"Do You","mbid":"675910cf-0992-4226-8eb7-e48dbe222bfc","artist":{"name":"Portugal. The Man","mbid":"3599a39e-4e10-4cb5-90d4-c8a015ebc73b"}},"uncorrectedTrack":{"name":"Do You","artist":{"name":"portugal the man"}},"album":{"name":"The Satanic Satanist","artist":{"name":"portugal the man"}}},{"timestamp":{"iso":"2011-03-22T07:44:52","unixtimestamp":1300779892},"track":{"name":"Everyone Is Golden","mbid":"1b35679a-05e6-4e94-9b4f-ca8893962c7c","artist":{"name":"Portugal. The Man","mbid":"3599a39e-4e10-4cb5-90d4-c8a015ebc73b"}},"uncorrectedTrack":{"name":"Everyone Is Golden","artist":{"name":"portugal the man"}},"album":{"name":"The Satanic Satanist","artist":{"name":"portugal the man"}}},{"timestamp":{"iso":"2011-03-22T07:48:38","unixtimestamp":1300780118},"track":{"name":"Let You Down","mbid":"4fc9f42b-a3fb-40b5-add8-575092156853","artist":{"name":"Portugal. The Man","mbid":"3599a39e-4e10-4cb5-90d4-c8a015ebc73b"}},"uncorrectedTrack":{"name":"Let You Down","artist":{"name":"portugal the man"}},"album":{"name":"The Satanic Satanist","artist":{"name":"portugal the man"}}},{"timestamp":{"iso":"2011-03-22T07:53:23","unixtimestamp":1300780403},"track":{"name":"In the Flowers","mbid":"01190f10-d995-4c12-a0fc-3b3edf706b9f","artist":{"name":"Animal Collective","mbid":"0c751690-c784-4a4f-b1e4-c1de27d47581"}},"uncorrectedTrack":{"name":"In the Flowers","mbid":"01190f10-d995-4c12-a0fc-3b3edf706b9f","artist":{"name":"Animal Collective","mbid":"0c751690-c784-4a4f-b1e4-c1de27d47581"}},"album":{"name":"Merriweather Post Pavilion","mbid":"5fb66781-17d5-34c6-9ff0-eeba19d4e240","artist":{"name":"Animal Collective","mbid":"0c751690-c784-4a4f-b1e4-c1de27d47581"}}},{"timestamp":{"iso":"2011-03-22T07:58:46","unixtimestamp":1300780726},"track":{"name":"My Girls","mbid":"f34bab62-0ca6-417e-a80e-71e45d5cb729","artist":{"name":"Animal Collective","mbid":"0c751690-c784-4a4f-b1e4-c1de27d47581"}},"uncorrectedTrack":{"name":"My Girls","mbid":"f34bab62-0ca6-417e-a80e-71e45d5cb729","artist":{"name":"Animal Collective","mbid":"0c751690-c784-4a4f-b1e4-c1de27d47581"}},"album":{"name":"Merriweather Post Pavilion","mbid":"5fb66781-17d5-34c6-9ff0-eeba19d4e240","artist":{"name":"Animal Collective","mbid":"0c751690-c784-4a4f-b1e4-c1de27d47581"}}},{"timestamp":{"iso":"2011-03-22T08:04:27","unixtimestamp":1300781067},"track":{"name":"Also Frightened","mbid":"17e2bad6-f857-4b47-8b70-3cfe97919f18","artist":{"name":"Animal Collective","mbid":"0c751690-c784-4a4f-b1e4-c1de27d47581"}},"uncorrectedTrack":{"name":"Also Frightened","mbid":"17e2bad6-f857-4b47-8b70-3cfe97919f18","artist":{"name":"Animal Collective","mbid":"0c751690-c784-4a4f-b1e4-c1de27d47581"}},"album":{"name":"Merriweather Post Pavilion","mbid":"5fb66781-17d5-34c6-9ff0-eeba19d4e240","artist":{"name":"Animal Collective","mbid":"0c751690-c784-4a4f-b1e4-c1de27d47581"}}},{"timestamp":{"iso":"2011-03-22T08:09:41","unixtimestamp":1300781381},"track":{"name":"Summertime Clothes","mbid":"956f6990-c32c-46ab-a75e-cf08df097156","artist":{"name":"Animal Collective","mbid":"0c751690-c784-4a4f-b1e4-c1de27d47581"}},"uncorrectedTrack":{"name":"Summertime Clothes","mbid":"956f6990-c32c-46ab-a75e-cf08df097156","artist":{"name":"Animal Collective","mbid":"0c751690-c784-4a4f-b1e4-c1de27d47581"}},"album":{"name":"Merriweather Post Pavilion","mbid":"5fb66781-17d5-34c6-9ff0-eeba19d4e240","artist":{"name":"Animal Collective","mbid":"0c751690-c784-4a4f-b1e4-c1de27d47581"}}},{"timestamp":{"iso":"2011-03-22T08:14:11","unixtimestamp":1300781651},"track":{"name":"Daily Routine","mbid":"60134a0e-7e5f-4d0c-b701-5b499c539f66","artist":{"name":"Animal Collective","mbid":"0c751690-c784-4a4f-b1e4-c1de27d47581"}},"uncorrectedTrack":{"name":"Daily Routine","mbid":"60134a0e-7e5f-4d0c-b701-5b499c539f66","artist":{"name":"Animal Collective","mbid":"0c751690-c784-4a4f-b1e4-c1de27d47581"}},"album":{"name":"Merriweather Post Pavilion","mbid":"5fb66781-17d5-34c6-9ff0-eeba19d4e240","artist":{"name":"Animal Collective","mbid":"0c751690-c784-4a4f-b1e4-c1de27d47581"}}},{"timestamp":{"iso":"2011-03-22T08:19:57","unixtimestamp":1300781997},"track":{"name":"Bluish","mbid":"596ae034-8a18-4541-bd8b-ece7ca29c29b","artist":{"name":"Animal Collective","mbid":"0c751690-c784-4a4f-b1e4-c1de27d47581"}},"uncorrectedTrack":{"name":"Bluish","mbid":"596ae034-8a18-4541-bd8b-ece7ca29c29b","artist":{"name":"Animal Collective","mbid":"0c751690-c784-4a4f-b1e4-c1de27d47581"}},"album":{"name":"Merriweather Post Pavilion","mbid":"5fb66781-17d5-34c6-9ff0-eeba19d4e240","artist":{"name":"Animal Collective","mbid":"0c751690-c784-4a4f-b1e4-c1de27d47581"}}},{"timestamp":{"iso":"2011-03-22T08:25:10","unixtimestamp":1300782310},"track":{"name":"Guys Eyes","mbid":"0c0ab140-2497-4fee-9858-3d6e4a7459ae","artist":{"name":"Animal Collective","mbid":"0c751690-c784-4a4f-b1e4-c1de27d47581"}},"uncorrectedTrack":{"name":"Guys Eyes","mbid":"0c0ab140-2497-4fee-9858-3d6e4a7459ae","artist":{"name":"Animal Collective","mbid":"0c751690-c784-4a4f-b1e4-c1de27d47581"}},"album":{"name":"Merriweather Post Pavilion","mbid":"5fb66781-17d5-34c6-9ff0-eeba19d4e240","artist":{"name":"Animal Collective","mbid":"0c751690-c784-4a4f-b1e4-c1de27d47581"}}},{"timestamp":{"iso":"2011-03-22T08:29:41","unixtimestamp":1300782581},"track":{"name":"Taste","mbid":"db82033d-9dec-4730-87c7-15a6d4bb9397","artist":{"name":"Animal Collective","mbid":"0c751690-c784-4a4f-b1e4-c1de27d47581"}},"uncorrectedTrack":{"name":"Taste","mbid":"db82033d-9dec-4730-87c7-15a6d4bb9397","artist":{"name":"Animal Collective","mbid":"0c751690-c784-4a4f-b1e4-c1de27d47581"}},"album":{"name":"Merriweather Post Pavilion","mbid":"5fb66781-17d5-34c6-9ff0-eeba19d4e240","artist":{"name":"Animal Collective","mbid":"0c751690-c784-4a4f-b1e4-c1de27d47581"}}},{"timestamp":{"iso":"2011-03-22T08:33:34","unixtimestamp":1300782814},"track":{"name":"Lion in a Coma","mbid":"0d57d932-9ddc-40ce-8604-70c797ec4632","artist":{"name":"Animal Collective","mbid":"0c751690-c784-4a4f-b1e4-c1de27d47581"}},"uncorrectedTrack":{"name":"Lion in a Coma","mbid":"0d57d932-9ddc-40ce-8604-70c797ec4632","artist":{"name":"Animal Collective","mbid":"0c751690-c784-4a4f-b1e4-c1de27d47581"}},"album":{"name":"Merriweather Post Pavilion","mbid":"5fb66781-17d5-34c6-9ff0-eeba19d4e240","artist":{"name":"Animal Collective","mbid":"0c751690-c784-4a4f-b1e4-c1de27d47581"}}},{"timestamp":{"iso":"2011-03-22T08:37:47","unixtimestamp":1300783067},"track":{"name":"No More Runnin","mbid":"3c8c2d40-7ceb-42ca-a740-8de46376cd22","artist":{"name":"Animal Collective","mbid":"0c751690-c784-4a4f-b1e4-c1de27d47581"}},"uncorrectedTrack":{"name":"No More Runnin","mbid":"3c8c2d40-7ceb-42ca-a740-8de46376cd22","artist":{"name":"Animal Collective","mbid":"0c751690-c784-4a4f-b1e4-c1de27d47581"}},"album":{"name":"Merriweather Post Pavilion","mbid":"5fb66781-17d5-34c6-9ff0-eeba19d4e240","artist":{"name":"Animal Collective","mbid":"0c751690-c784-4a4f-b1e4-c1de27d47581"}}},{"timestamp":{"iso":"2011-03-22T08:42:10","unixtimestamp":1300783330},"track":{"name":"Brother Sport","mbid":"4c9b8cdb-3919-4536-933f-1567feed9a4e","artist":{"name":"Animal Collective","mbid":"0c751690-c784-4a4f-b1e4-c1de27d47581"}},"uncorrectedTrack":{"name":"Brother Sport","mbid":"4c9b8cdb-3919-4536-933f-1567feed9a4e","artist":{"name":"Animal Collective","mbid":"0c751690-c784-4a4f-b1e4-c1de27d47581"}},"album":{"name":"Merriweather Post Pavilion","mbid":"5fb66781-17d5-34c6-9ff0-eeba19d4e240","artist":{"name":"Animal Collective","mbid":"0c751690-c784-4a4f-b1e4-c1de27d47581"}}},{"timestamp":{"iso":"2011-03-22T08:48:09","unixtimestamp":1300783689},"track":{"name":"Peacebone","mbid":"5d460c00-78af-4590-9b8e-22881b311163","artist":{"name":"Animal Collective","mbid":"0c751690-c784-4a4f-b1e4-c1de27d47581"}},"uncorrectedTrack":{"name":"Peacebone","mbid":"5d460c00-78af-4590-9b8e-22881b311163","artist":{"name":"Animal Collective","mbid":"0c751690-c784-4a4f-b1e4-c1de27d47581"}},"album":{"name":"Strawberry Jam","mbid":"0e48536b-7d95-3f89-955f-96579a716cba","artist":{"name":"Animal Collective","mbid":"0c751690-c784-4a4f-b1e4-c1de27d47581"}}},{"timestamp":{"iso":"2011-03-22T08:53:22","unixtimestamp":1300784002},"track":{"name":"Unsolved Mysteries","mbid":"05a1243a-d359-4b8a-b297-e17300a232f3","artist":{"name":"Animal Collective","mbid":"0c751690-c784-4a4f-b1e4-c1de27d47581"}},"uncorrectedTrack":{"name":"Unsolved Mysteries","mbid":"05a1243a-d359-4b8a-b297-e17300a232f3","artist":{"name":"Animal Collective","mbid":"0c751690-c784-4a4f-b1e4-c1de27d47581"}},"album":{"name":"Strawberry Jam","mbid":"0e48536b-7d95-3f89-955f-96579a716cba","artist":{"name":"Animal Collective","mbid":"0c751690-c784-4a4f-b1e4-c1de27d47581"}}},{"timestamp":{"iso":"2011-03-22T08:57:47","unixtimestamp":1300784267},"track":{"name":"Chores","mbid":"1250ec2c-4b91-4cff-bf81-0351c7ddaae3","artist":{"name":"Animal Collective","mbid":"0c751690-c784-4a4f-b1e4-c1de27d47581"}},"uncorrectedTrack":{"name":"Chores","mbid":"1250ec2c-4b91-4cff-bf81-0351c7ddaae3","artist":{"name":"Animal Collective","mbid":"0c751690-c784-4a4f-b1e4-c1de27d47581"}},"album":{"name":"Strawberry Jam","mbid":"0e48536b-7d95-3f89-955f-96579a716cba","artist":{"name":"Animal Collective","mbid":"0c751690-c784-4a4f-b1e4-c1de27d47581"}}},{"timestamp":{"iso":"2011-03-22T09:02:18","unixtimestamp":1300784538},"track":{"name":"For Reverend Green","mbid":"0144dfe5-8ece-4e66-9588-1eec2c21caf0","artist":{"name":"Animal Collective","mbid":"0c751690-c784-4a4f-b1e4-c1de27d47581"}},"uncorrectedTrack":{"name":"For Reverend Green","mbid":"0144dfe5-8ece-4e66-9588-1eec2c21caf0","artist":{"name":"Animal Collective","mbid":"0c751690-c784-4a4f-b1e4-c1de27d47581"}},"album":{"name":"Strawberry Jam","mbid":"0e48536b-7d95-3f89-955f-96579a716cba","artist":{"name":"Animal Collective","mbid":"0c751690-c784-4a4f-b1e4-c1de27d47581"}}},{"timestamp":{"iso":"2011-03-22T09:08:52","unixtimestamp":1300784932},"track":{"name":"Fireworks","mbid":"5303b9a8-e151-4111-8cd6-933926520d18","artist":{"name":"Animal Collective","mbid":"0c751690-c784-4a4f-b1e4-c1de27d47581"}},"uncorrectedTrack":{"name":"Fireworks","mbid":"5303b9a8-e151-4111-8cd6-933926520d18","artist":{"name":"Animal Collective","mbid":"0c751690-c784-4a4f-b1e4-c1de27d47581"}},"album":{"name":"Strawberry Jam","mbid":"0e48536b-7d95-3f89-955f-96579a716cba","artist":{"name":"Animal Collective","mbid":"0c751690-c784-4a4f-b1e4-c1de27d47581"}}},{"timestamp":{"iso":"2011-03-22T15:07:28","unixtimestamp":1300806448},"track":{"name":"Mansard Roof","mbid":"1c6c75a6-3779-469e-b3ef-f9314e9d47e1","artist":{"name":"Vampire Weekend","mbid":"af37c51c-0790-4a29-b995-456f98a6b8c9"}},"uncorrectedTrack":{"name":"Mansard Roof","mbid":"1c6c75a6-3779-469e-b3ef-f9314e9d47e1","artist":{"name":"Vampire Weekend","mbid":"af37c51c-0790-4a29-b995-456f98a6b8c9"}},"album":{"name":"Vampire Weekend","mbid":"29436531-8e43-4e5e-9d36-037e775e2883","artist":{"name":"Vampire Weekend","mbid":"af37c51c-0790-4a29-b995-456f98a6b8c9"}}},{"timestamp":{"iso":"2011-03-22T15:09:36","unixtimestamp":1300806576},"track":{"name":"Oxford Comma","mbid":"1a02f999-12f1-4391-ba0f-16d490f80b5e","artist":{"name":"Vampire Weekend","mbid":"af37c51c-0790-4a29-b995-456f98a6b8c9"}},"uncorrectedTrack":{"name":"Oxford Comma","mbid":"1a02f999-12f1-4391-ba0f-16d490f80b5e","artist":{"name":"Vampire Weekend","mbid":"af37c51c-0790-4a29-b995-456f98a6b8c9"}},"album":{"name":"Vampire Weekend","mbid":"29436531-8e43-4e5e-9d36-037e775e2883","artist":{"name":"Vampire Weekend","mbid":"af37c51c-0790-4a29-b995-456f98a6b8c9"}}},{"timestamp":{"iso":"2011-03-22T15:12:52","unixtimestamp":1300806772},"track":{"name":"A-Punk","mbid":"abd613e9-ae57-4bd5-ae6c-33b336f4cfcf","artist":{"name":"Vampire Weekend","mbid":"af37c51c-0790-4a29-b995-456f98a6b8c9"}},"uncorrectedTrack":{"name":"A-Punk","mbid":"abd613e9-ae57-4bd5-ae6c-33b336f4cfcf","artist":{"name":"Vampire Weekend","mbid":"af37c51c-0790-4a29-b995-456f98a6b8c9"}},"album":{"name":"Vampire Weekend","mbid":"29436531-8e43-4e5e-9d36-037e775e2883","artist":{"name":"Vampire Weekend","mbid":"af37c51c-0790-4a29-b995-456f98a6b8c9"}}},{"timestamp":{"iso":"2011-03-22T15:15:09","unixtimestamp":1300806909},"track":{"name":"Cape Cod Kwassa Kwassa","mbid":"0e4a0a65-1375-4539-9049-8a342f63337d","artist":{"name":"Vampire Weekend","mbid":"af37c51c-0790-4a29-b995-456f98a6b8c9"}},"uncorrectedTrack":{"name":"Cape Cod Kwassa Kwassa","mbid":"0e4a0a65-1375-4539-9049-8a342f63337d","artist":{"name":"Vampire Weekend","mbid":"af37c51c-0790-4a29-b995-456f98a6b8c9"}},"album":{"name":"Vampire Weekend","mbid":"29436531-8e43-4e5e-9d36-037e775e2883","artist":{"name":"Vampire Weekend","mbid":"af37c51c-0790-4a29-b995-456f98a6b8c9"}}},{"timestamp":{"iso":"2011-03-22T15:17:49","unixtimestamp":1300807069},"track":{"name":"Campus","mbid":"1703691a-ec5d-45ae-a880-f3f2a6f7843c","artist":{"name":"Vampire Weekend","mbid":"af37c51c-0790-4a29-b995-456f98a6b8c9"}},"uncorrectedTrack":{"name":"Campus","mbid":"1703691a-ec5d-45ae-a880-f3f2a6f7843c","artist":{"name":"Vampire Weekend","mbid":"af37c51c-0790-4a29-b995-456f98a6b8c9"}},"album":{"name":"Vampire Weekend","mbid":"29436531-8e43-4e5e-9d36-037e775e2883","artist":{"name":"Vampire Weekend","mbid":"af37c51c-0790-4a29-b995-456f98a6b8c9"}}},{"timestamp":{"iso":"2011-03-22T15:20:45","unixtimestamp":1300807245},"track":{"name":"Bryn","mbid":"e3a8e01b-3428-4eca-a4d8-245bba2b8a4c","artist":{"name":"Vampire Weekend","mbid":"af37c51c-0790-4a29-b995-456f98a6b8c9"}},"uncorrectedTrack":{"name":"Bryn","mbid":"e3a8e01b-3428-4eca-a4d8-245bba2b8a4c","artist":{"name":"Vampire Weekend","mbid":"af37c51c-0790-4a29-b995-456f98a6b8c9"}},"album":{"name":"Vampire Weekend","mbid":"29436531-8e43-4e5e-9d36-037e775e2883","artist":{"name":"Vampire Weekend","mbid":"af37c51c-0790-4a29-b995-456f98a6b8c9"}}},{"timestamp":{"iso":"2011-03-22T15:22:59","unixtimestamp":1300807379},"track":{"name":"One (Blake\u0027s Got a New Face)","mbid":"0f32638f-941d-4928-ad1d-a29c5b3d01e2","artist":{"name":"Vampire Weekend","mbid":"af37c51c-0790-4a29-b995-456f98a6b8c9"}},"uncorrectedTrack":{"name":"One (Blake\u0027s Got a New Face)","mbid":"0f32638f-941d-4928-ad1d-a29c5b3d01e2","artist":{"name":"Vampire Weekend","mbid":"af37c51c-0790-4a29-b995-456f98a6b8c9"}},"album":{"name":"Vampire Weekend","mbid":"29436531-8e43-4e5e-9d36-037e775e2883","artist":{"name":"Vampire Weekend","mbid":"af37c51c-0790-4a29-b995-456f98a6b8c9"}}},{"timestamp":{"iso":"2011-03-22T15:26:12","unixtimestamp":1300807572},"track":{"name":"I Stand Corrected","mbid":"57786bac-cb87-4c1b-88ad-c74c50ab6c02","artist":{"name":"Vampire Weekend","mbid":"af37c51c-0790-4a29-b995-456f98a6b8c9"}},"uncorrectedTrack":{"name":"I Stand Corrected","mbid":"57786bac-cb87-4c1b-88ad-c74c50ab6c02","artist":{"name":"Vampire Weekend","mbid":"af37c51c-0790-4a29-b995-456f98a6b8c9"}},"album":{"name":"Vampire Weekend","mbid":"29436531-8e43-4e5e-9d36-037e775e2883","artist":{"name":"Vampire Weekend","mbid":"af37c51c-0790-4a29-b995-456f98a6b8c9"}}},{"timestamp":{"iso":"2011-03-23T07:10:42","unixtimestamp":1300864242},"track":{"name":"Le Quartier","mbid":"decf5826-0b87-4c1f-9c12-cddcf875eb64","artist":{"name":"Yann Tiersen","mbid":"12d432a3-feb0-49b1-a107-d20751880764"}},"uncorrectedTrack":{"name":"Le Quartier","mbid":"decf5826-0b87-4c1f-9c12-cddcf875eb64","artist":{"name":"Yann Tiersen","mbid":"12d432a3-feb0-49b1-a107-d20751880764"}},"album":{"name":"Le Phare","mbid":"7444f21b-8d8c-4194-b412-6dcdf7a2daf1","artist":{"name":"Yann Tiersen","mbid":"12d432a3-feb0-49b1-a107-d20751880764"}}},{"timestamp":{"iso":"2011-03-23T07:24:24","unixtimestamp":1300865064},"track":{"name":"La Rupture","artist":{"name":"Claire Pichet","mbid":"9fc7a946-d492-45ad-aa49-d4300462b4e3"}},"uncorrectedTrack":{"name":"La Rupture","artist":{"name":"Claire Pichet","mbid":"9fc7a946-d492-45ad-aa49-d4300462b4e3"}},"album":{"name":"Le Phare","artist":{"name":"Claire Pichet","mbid":"9fc7a946-d492-45ad-aa49-d4300462b4e3"}}},{"timestamp":{"iso":"2011-03-23T07:27:20","unixtimestamp":1300865240},"track":{"name":"La Dispute","mbid":"0289c732-2f4c-4180-976f-3f3ee2a25d54","artist":{"name":"Yann Tiersen","mbid":"12d432a3-feb0-49b1-a107-d20751880764"}},"uncorrectedTrack":{"name":"La Dispute","mbid":"0289c732-2f4c-4180-976f-3f3ee2a25d54","artist":{"name":"Yann Tiersen","mbid":"12d432a3-feb0-49b1-a107-d20751880764"}},"album":{"name":"Le Phare","mbid":"7444f21b-8d8c-4194-b412-6dcdf7a2daf1","artist":{"name":"Yann Tiersen","mbid":"12d432a3-feb0-49b1-a107-d20751880764"}}},{"timestamp":{"iso":"2011-03-23T07:31:36","unixtimestamp":1300865496},"track":{"name":"L\u0027arrivée sur l\u0027île","mbid":"1e23780e-1f81-4643-90af-69ddce6da2e2","artist":{"name":"Yann Tiersen","mbid":"12d432a3-feb0-49b1-a107-d20751880764"}},"uncorrectedTrack":{"name":"L\u0027arrivée sur l\u0027île","mbid":"1e23780e-1f81-4643-90af-69ddce6da2e2","artist":{"name":"Yann Tiersen","mbid":"12d432a3-feb0-49b1-a107-d20751880764"}},"album":{"name":"Le Phare","mbid":"7444f21b-8d8c-4194-b412-6dcdf7a2daf1","artist":{"name":"Yann Tiersen","mbid":"12d432a3-feb0-49b1-a107-d20751880764"}}},{"timestamp":{"iso":"2011-03-23T07:32:39","unixtimestamp":1300865559},"track":{"name":"La Noyée","mbid":"0b883adc-4878-4269-92ae-bfeb97b5a568","artist":{"name":"Yann Tiersen","mbid":"12d432a3-feb0-49b1-a107-d20751880764"}},"uncorrectedTrack":{"name":"La Noyée","mbid":"0b883adc-4878-4269-92ae-bfeb97b5a568","artist":{"name":"Yann Tiersen","mbid":"12d432a3-feb0-49b1-a107-d20751880764"}},"album":{"name":"Le Phare","mbid":"7444f21b-8d8c-4194-b412-6dcdf7a2daf1","artist":{"name":"Yann Tiersen","mbid":"12d432a3-feb0-49b1-a107-d20751880764"}}},{"timestamp":{"iso":"2011-03-23T07:38:01","unixtimestamp":1300865881},"track":{"name":"Le Fromveur","mbid":"05c7e20d-11e7-4786-a02c-498dbaf6e973","artist":{"name":"Yann Tiersen","mbid":"12d432a3-feb0-49b1-a107-d20751880764"}},"uncorrectedTrack":{"name":"Le Fromveur","mbid":"05c7e20d-11e7-4786-a02c-498dbaf6e973","artist":{"name":"Yann Tiersen","mbid":"12d432a3-feb0-49b1-a107-d20751880764"}},"album":{"name":"Le Phare","mbid":"7444f21b-8d8c-4194-b412-6dcdf7a2daf1","artist":{"name":"Yann Tiersen","mbid":"12d432a3-feb0-49b1-a107-d20751880764"}}},{"timestamp":{"iso":"2011-03-23T07:47:13","unixtimestamp":1300866433},"track":{"name":"Chinatown","mbid":"4b4a7397-f049-4166-a05d-2e8355975df0","artist":{"name":"Wild Nothing","mbid":"a181595e-5b84-4439-a5f4-f548ddfb64df"}},"uncorrectedTrack":{"name":"Chinatown","mbid":"4b4a7397-f049-4166-a05d-2e8355975df0","artist":{"name":"Wild Nothing","mbid":"a181595e-5b84-4439-a5f4-f548ddfb64df"}},"album":{"name":"Gemini","mbid":"039052fd-5aa9-4271-a81b-9d7935753e29","artist":{"name":"Wild Nothing","mbid":"a181595e-5b84-4439-a5f4-f548ddfb64df"}}},{"timestamp":{"iso":"2011-03-23T08:26:12","unixtimestamp":1300868772},"track":{"name":"Yes","artist":{"name":"Coldplay","mbid":"cc197bad-dc9c-440d-a5b5-d52ba2e14234"}},"uncorrectedTrack":{"name":"Yes","artist":{"name":"Coldplay","mbid":"cc197bad-dc9c-440d-a5b5-d52ba2e14234"}},"album":{"name":"Viva la Vida or Death and All His Friends","mbid":"10c38900-3f35-4a09-a9cc-5c44ee2da0ed","artist":{"name":"Coldplay","mbid":"cc197bad-dc9c-440d-a5b5-d52ba2e14234"}}},{"timestamp":{"iso":"2011-03-23T08:33:19","unixtimestamp":1300869199},"track":{"name":"Lovers in Japan","mbid":"81b9ca23-0d8b-4486-ba78-e3a02d7d7df7","artist":{"name":"Coldplay","mbid":"cc197bad-dc9c-440d-a5b5-d52ba2e14234"}},"uncorrectedTrack":{"name":"Lovers in Japan","mbid":"81b9ca23-0d8b-4486-ba78-e3a02d7d7df7","artist":{"name":"Coldplay","mbid":"cc197bad-dc9c-440d-a5b5-d52ba2e14234"}},"album":{"name":"Viva la Vida or Death and All His Friends","mbid":"10c38900-3f35-4a09-a9cc-5c44ee2da0ed","artist":{"name":"Coldplay","mbid":"cc197bad-dc9c-440d-a5b5-d52ba2e14234"}}},{"timestamp":{"iso":"2011-03-23T08:40:11","unixtimestamp":1300869611},"track":{"name":"The Hardest Part","mbid":"10990f80-741b-434b-891a-e47752e6a6b3","artist":{"name":"Coldplay","mbid":"cc197bad-dc9c-440d-a5b5-d52ba2e14234"}},"uncorrectedTrack":{"name":"The Hardest Part","mbid":"10990f80-741b-434b-891a-e47752e6a6b3","artist":{"name":"Coldplay","mbid":"cc197bad-dc9c-440d-a5b5-d52ba2e14234"}},"album":{"name":"X \u0026 Y","artist":{"name":"Coldplay","mbid":"cc197bad-dc9c-440d-a5b5-d52ba2e14234"}}},{"timestamp":{"iso":"2011-03-23T08:44:35","unixtimestamp":1300869875},"track":{"name":"Low","mbid":"186229ca-7bb2-4c98-9418-7df600aa31f6","artist":{"name":"Coldplay","mbid":"cc197bad-dc9c-440d-a5b5-d52ba2e14234"}},"uncorrectedTrack":{"name":"Low","mbid":"186229ca-7bb2-4c98-9418-7df600aa31f6","artist":{"name":"Coldplay","mbid":"cc197bad-dc9c-440d-a5b5-d52ba2e14234"}},"album":{"name":"X \u0026 Y","artist":{"name":"Coldplay","mbid":"cc197bad-dc9c-440d-a5b5-d52ba2e14234"}}},{"timestamp":{"iso":"2011-03-23T08:50:06","unixtimestamp":1300870206},"track":{"name":"Violet Hill","mbid":"0bed58ce-7fff-4333-a24d-0a9f87035022","artist":{"name":"Coldplay","mbid":"cc197bad-dc9c-440d-a5b5-d52ba2e14234"}},"uncorrectedTrack":{"name":"Violet Hill (Album Version)","artist":{"name":"Coldplay","mbid":"cc197bad-dc9c-440d-a5b5-d52ba2e14234"}},"album":{"name":"Viva la Vida or Death and All His Friends","mbid":"10c38900-3f35-4a09-a9cc-5c44ee2da0ed","artist":{"name":"Coldplay","mbid":"cc197bad-dc9c-440d-a5b5-d52ba2e14234"}}},{"timestamp":{"iso":"2011-03-23T08:53:49","unixtimestamp":1300870429},"track":{"name":"Death and All His Friends","mbid":"1e809543-5043-400b-913b-b4304166881f","artist":{"name":"Coldplay","mbid":"cc197bad-dc9c-440d-a5b5-d52ba2e14234"}},"uncorrectedTrack":{"name":"Death and All His Friends","mbid":"1e809543-5043-400b-913b-b4304166881f","artist":{"name":"Coldplay","mbid":"cc197bad-dc9c-440d-a5b5-d52ba2e14234"}},"album":{"name":"Viva la Vida or Death and All His Friends","mbid":"10c38900-3f35-4a09-a9cc-5c44ee2da0ed","artist":{"name":"Coldplay","mbid":"cc197bad-dc9c-440d-a5b5-d52ba2e14234"}}},{"timestamp":{"iso":"2011-03-23T09:00:13","unixtimestamp":1300870813},"track":{"name":"Yellow","mbid":"4beecb3e-2164-4888-a6e6-e80cf043a503","artist":{"name":"Coldplay","mbid":"cc197bad-dc9c-440d-a5b5-d52ba2e14234"}},"uncorrectedTrack":{"name":"Yellow","mbid":"4beecb3e-2164-4888-a6e6-e80cf043a503","artist":{"name":"Coldplay","mbid":"cc197bad-dc9c-440d-a5b5-d52ba2e14234"}},"album":{"name":"X \u0026 Y","artist":{"name":"Coldplay","mbid":"cc197bad-dc9c-440d-a5b5-d52ba2e14234"}}},{"timestamp":{"iso":"2011-03-23T09:04:44","unixtimestamp":1300871084},"track":{"name":"Til Kingdom Come (Bonus Track)","artist":{"name":"Coldplay","mbid":"cc197bad-dc9c-440d-a5b5-d52ba2e14234"}},"uncorrectedTrack":{"name":"Til Kingdom Come (Bonus Track)","artist":{"name":"Coldplay","mbid":"cc197bad-dc9c-440d-a5b5-d52ba2e14234"}},"album":{"name":"X \u0026 Y","artist":{"name":"Coldplay","mbid":"cc197bad-dc9c-440d-a5b5-d52ba2e14234"}}},{"timestamp":{"iso":"2011-03-23T09:08:56","unixtimestamp":1300871336},"track":{"name":"Life in Technicolor","mbid":"a243f0b9-0573-4c81-ad67-00dd824e7eb2","artist":{"name":"Coldplay","mbid":"cc197bad-dc9c-440d-a5b5-d52ba2e14234"}},"uncorrectedTrack":{"name":"Life in Technicolor","mbid":"a243f0b9-0573-4c81-ad67-00dd824e7eb2","artist":{"name":"Coldplay","mbid":"cc197bad-dc9c-440d-a5b5-d52ba2e14234"}},"album":{"name":"Viva la Vida or Death and All His Friends","mbid":"10c38900-3f35-4a09-a9cc-5c44ee2da0ed","artist":{"name":"Coldplay","mbid":"cc197bad-dc9c-440d-a5b5-d52ba2e14234"}}},{"timestamp":{"iso":"2011-03-23T09:11:25","unixtimestamp":1300871485},"track":{"name":"Strawberry Swing","mbid":"0b778271-1901-472c-95fa-8996535e4c8f","artist":{"name":"Coldplay","mbid":"cc197bad-dc9c-440d-a5b5-d52ba2e14234"}},"uncorrectedTrack":{"name":"Strawberry Swing","mbid":"0b778271-1901-472c-95fa-8996535e4c8f","artist":{"name":"Coldplay","mbid":"cc197bad-dc9c-440d-a5b5-d52ba2e14234"}},"album":{"name":"Viva la Vida or Death and All His Friends","mbid":"10c38900-3f35-4a09-a9cc-5c44ee2da0ed","artist":{"name":"Coldplay","mbid":"cc197bad-dc9c-440d-a5b5-d52ba2e14234"}}}]