[{"timestamp":{"iso":"2014-11-03T04:23:49","unixtimestamp":1414988629},"track":{"name":"First Fires (ft. Grey Reverend)","artist":{"name":"Bonobo","mbid":"6f7dea51-1d02-4be1-b138-92078518350c"}},"uncorrectedTrack":{"name":"First Fires (ft. Grey Reverend)","artist":{"name":"Bonobo","mbid":"6f7dea51-1d02-4be1-b138-92078518350c"}},"album":{"name":"The North Borders","mbid":"8578cc26-78e9-40fa-89c6-c3483ef442c0","artist":{"name":"Bonobo","mbid":"6f7dea51-1d02-4be1-b138-92078518350c"}},"application":"Last.fm Scrobbler"},{"timestamp":{"iso":"2014-11-03T07:03:37","unixtimestamp":1414998217},"track":{"name":"Kong","mbid":"325735b0-a7a7-4193-83a7-25ec0c856c06","artist":{"name":"Bonobo","mbid":"6f7dea51-1d02-4be1-b138-92078518350c"}},"uncorrectedTrack":{"name":"Kong","mbid":"325735b0-a7a7-4193-83a7-25ec0c856c06","artist":{"name":"Bonobo","mbid":"6f7dea51-1d02-4be1-b138-92078518350c"}},"album":{"name":"Black Sands","mbid":"6b575427-f110-4c22-bdeb-89620f534da2","artist":{"name":"Bonobo","mbid":"6f7dea51-1d02-4be1-b138-92078518350c"}},"application":"Grooveshark"},{"timestamp":{"iso":"2014-11-03T07:41:46","unixtimestamp":1415000506},"track":{"name":"All That You Give","mbid":"91247ee5-9e3d-401c-b5b2-8bf63c11ec71","artist":{"name":"The Cinematic Orchestra","mbid":"7c158ea8-c0aa-410e-bdc1-20bba9759577"}},"uncorrectedTrack":{"name":"All That You Give","mbid":"91247ee5-9e3d-401c-b5b2-8bf63c11ec71","artist":{"name":"The Cinematic Orchestra","mbid":"7c158ea8-c0aa-410e-bdc1-20bba9759577"}},"album":{"name":"Every Day","mbid":"44270faa-917a-4415-be27-d7f0aab94d52","artist":{"name":"The Cinematic Orchestra","mbid":"7c158ea8-c0aa-410e-bdc1-20bba9759577"}},"application":"Grooveshark"},{"timestamp":{"iso":"2014-11-03T07:47:52","unixtimestamp":1415000872},"track":{"name":"Kong","mbid":"325735b0-a7a7-4193-83a7-25ec0c856c06","artist":{"name":"Bonobo","mbid":"6f7dea51-1d02-4be1-b138-92078518350c"}},"uncorrectedTrack":{"name":"Kong","mbid":"325735b0-a7a7-4193-83a7-25ec0c856c06","artist":{"name":"Bonobo","mbid":"6f7dea51-1d02-4be1-b138-92078518350c"}},"album":{"name":"Black Sands","mbid":"6b575427-f110-4c22-bdeb-89620f534da2","artist":{"name":"Bonobo","mbid":"6f7dea51-1d02-4be1-b138-92078518350c"}},"application":"Grooveshark"},{"timestamp":{"iso":"2014-11-03T07:51:50","unixtimestamp":1415001110},"track":{"name":"Nightlite (feat. Bajka)","mbid":"2de9c3e2-7412-49fb-b70c-a98917bee03a","artist":{"name":"Bonobo","mbid":"6f7dea51-1d02-4be1-b138-92078518350c"}},"uncorrectedTrack":{"name":"Nightlite (feat. Bajka)","mbid":"2de9c3e2-7412-49fb-b70c-a98917bee03a","artist":{"name":"Bonobo","mbid":"6f7dea51-1d02-4be1-b138-92078518350c"}},"album":{"name":"Days to Come","mbid":"6e99b4b6-42ca-4187-8249-68edaed60fe5","artist":{"name":"Bonobo","mbid":"6f7dea51-1d02-4be1-b138-92078518350c"}},"application":"Grooveshark"},{"timestamp":{"iso":"2014-11-03T07:57:00","unixtimestamp":1415001420},"track":{"name":"I Slept With Bonhomme at the CBC","mbid":"8bfa8f42-5a9d-45a9-8ab3-294c8f55b3f8","artist":{"name":"Broken Social Scene","mbid":"2eada8f8-056a-4093-bbc2-004909ce743b"}},"uncorrectedTrack":{"name":"I Slept With Bonhomme at the CBC","mbid":"8bfa8f42-5a9d-45a9-8ab3-294c8f55b3f8","artist":{"name":"Broken Social Scene","mbid":"2eada8f8-056a-4093-bbc2-004909ce743b"}},"album":{"name":"Feel Good Lost","mbid":"bcc94f56-bdb0-32b7-9d1b-fda488bff5dc","artist":{"name":"Broken Social Scene","mbid":"2eada8f8-056a-4093-bbc2-004909ce743b"}},"application":"Grooveshark"},{"timestamp":{"iso":"2014-11-03T15:31:22","unixtimestamp":1415028682},"track":{"name":"Nightlite (feat. Bajka)","mbid":"2de9c3e2-7412-49fb-b70c-a98917bee03a","artist":{"name":"Bonobo","mbid":"6f7dea51-1d02-4be1-b138-92078518350c"}},"uncorrectedTrack":{"name":"Nightlite (feat. Bajka)","mbid":"2de9c3e2-7412-49fb-b70c-a98917bee03a","artist":{"name":"Bonobo","mbid":"6f7dea51-1d02-4be1-b138-92078518350c"}},"album":{"name":"Days to Come","mbid":"6e99b4b6-42ca-4187-8249-68edaed60fe5","artist":{"name":"Bonobo","mbid":"6f7dea51-1d02-4be1-b138-92078518350c"}},"application":"Grooveshark"},{"timestamp":{"iso":"2014-11-03T15:37:26","unixtimestamp":1415029046},"track":{"name":"All That You Give","mbid":"91247ee5-9e3d-401c-b5b2-8bf63c11ec71","artist":{"name":"The Cinematic Orchestra","mbid":"7c158ea8-c0aa-410e-bdc1-20bba9759577"}},"uncorrectedTrack":{"name":"All That You Give","mbid":"91247ee5-9e3d-401c-b5b2-8bf63c11ec71","artist":{"name":"The Cinematic Orchestra","mbid":"7c158ea8-c0aa-410e-bdc1-20bba9759577"}},"album":{"name":"Every Day","mbid":"44270faa-917a-4415-be27-d7f0aab94d52","artist":{"name":"The Cinematic Orchestra","mbid":"7c158ea8-c0aa-410e-bdc1-20bba9759577"}},"application":"Grooveshark"},{"timestamp":{"iso":"2014-11-03T23:49:06","unixtimestamp":1415058546},"track":{"name":"All That You Give","mbid":"91247ee5-9e3d-401c-b5b2-8bf63c11ec71","artist":{"name":"The Cinematic Orchestra","mbid":"7c158ea8-c0aa-410e-bdc1-20bba9759577"}},"uncorrectedTrack":{"name":"All That You Give","mbid":"91247ee5-9e3d-401c-b5b2-8bf63c11ec71","artist":{"name":"The Cinematic Orchestra","mbid":"7c158ea8-c0aa-410e-bdc1-20bba9759577"}},"album":{"name":"Every Day","mbid":"44270faa-917a-4415-be27-d7f0aab94d52","artist":{"name":"The Cinematic Orchestra","mbid":"7c158ea8-c0aa-410e-bdc1-20bba9759577"}},"application":"Grooveshark"},{"timestamp":{"iso":"2014-11-03T23:55:11","unixtimestamp":1415058911},"track":{"name":"Kong","mbid":"325735b0-a7a7-4193-83a7-25ec0c856c06","artist":{"name":"Bonobo","mbid":"6f7dea51-1d02-4be1-b138-92078518350c"}},"uncorrectedTrack":{"name":"Kong","mbid":"325735b0-a7a7-4193-83a7-25ec0c856c06","artist":{"name":"Bonobo","mbid":"6f7dea51-1d02-4be1-b138-92078518350c"}},"album":{"name":"Black Sands","mbid":"6b575427-f110-4c22-bdeb-89620f534da2","artist":{"name":"Bonobo","mbid":"6f7dea51-1d02-4be1-b138-92078518350c"}},"application":"Grooveshark"},{"timestamp":{"iso":"2014-11-03T23:59:09","unixtimestamp":1415059149},"track":{"name":"Nightlite (feat. Bajka)","mbid":"2de9c3e2-7412-49fb-b70c-a98917bee03a","artist":{"name":"Bonobo","mbid":"6f7dea51-1d02-4be1-b138-92078518350c"}},"uncorrectedTrack":{"name":"Nightlite (feat. Bajka)","mbid":"2de9c3e2-7412-49fb-b70c-a98917bee03a","artist":{"name":"Bonobo","mbid":"6f7dea51-1d02-4be1-b138-92078518350c"}},"album":{"name":"Days to Come","mbid":"6e99b4b6-42ca-4187-8249-68edaed60fe5","artist":{"name":"Bonobo","mbid":"6f7dea51-1d02-4be1-b138-92078518350c"}},"application":"Grooveshark"},{"timestamp":{"iso":"2014-11-04T00:04:19","unixtimestamp":1415059459},"track":{"name":"I Slept With Bonhomme at the CBC","mbid":"8bfa8f42-5a9d-45a9-8ab3-294c8f55b3f8","artist":{"name":"Broken Social Scene","mbid":"2eada8f8-056a-4093-bbc2-004909ce743b"}},"uncorrectedTrack":{"name":"I Slept With Bonhomme at the CBC","mbid":"8bfa8f42-5a9d-45a9-8ab3-294c8f55b3f8","artist":{"name":"Broken Social Scene","mbid":"2eada8f8-056a-4093-bbc2-004909ce743b"}},"album":{"name":"Feel Good Lost","mbid":"bcc94f56-bdb0-32b7-9d1b-fda488bff5dc","artist":{"name":"Broken Social Scene","mbid":"2eada8f8-056a-4093-bbc2-004909ce743b"}},"application":"Grooveshark"},{"timestamp":{"iso":"2014-11-04T00:24:41","unixtimestamp":1415060681},"track":{"name":"Kiara","mbid":"da17946e-5e74-4c02-a474-6cd8e321b96a","artist":{"name":"Bonobo","mbid":"6f7dea51-1d02-4be1-b138-92078518350c"}},"uncorrectedTrack":{"name":"Kiara","mbid":"da17946e-5e74-4c02-a474-6cd8e321b96a","artist":{"name":"Bonobo","mbid":"6f7dea51-1d02-4be1-b138-92078518350c"}},"album":{"name":"Black Sands","mbid":"6b575427-f110-4c22-bdeb-89620f534da2","artist":{"name":"Bonobo","mbid":"6f7dea51-1d02-4be1-b138-92078518350c"}},"application":"Grooveshark"},{"timestamp":{"iso":"2014-11-04T00:28:44","unixtimestamp":1415060924},"track":{"name":"Eyesdown (Ft. Andreya Triana)","artist":{"name":"Bonobo","mbid":"6f7dea51-1d02-4be1-b138-92078518350c"}},"uncorrectedTrack":{"name":"Eyesdown (Ft. Andreya Triana)","artist":{"name":"Bonobo","mbid":"6f7dea51-1d02-4be1-b138-92078518350c"}},"album":{"name":"Black Sands","mbid":"6b575427-f110-4c22-bdeb-89620f534da2","artist":{"name":"Bonobo","mbid":"6f7dea51-1d02-4be1-b138-92078518350c"}},"application":"Grooveshark"},{"timestamp":{"iso":"2014-11-04T00:34:11","unixtimestamp":1415061251},"track":{"name":"El Toro","mbid":"ebb6dd3b-6b29-45f9-b65f-61e76c5c7aa9","artist":{"name":"Bonobo","mbid":"6f7dea51-1d02-4be1-b138-92078518350c"}},"uncorrectedTrack":{"name":"El Toro","mbid":"ebb6dd3b-6b29-45f9-b65f-61e76c5c7aa9","artist":{"name":"Bonobo","mbid":"6f7dea51-1d02-4be1-b138-92078518350c"}},"album":{"name":"Black Sands","mbid":"6b575427-f110-4c22-bdeb-89620f534da2","artist":{"name":"Bonobo","mbid":"6f7dea51-1d02-4be1-b138-92078518350c"}},"application":"Grooveshark"},{"timestamp":{"iso":"2014-11-04T01:05:36","unixtimestamp":1415063136},"track":{"name":"All That You Give","mbid":"91247ee5-9e3d-401c-b5b2-8bf63c11ec71","artist":{"name":"The Cinematic Orchestra","mbid":"7c158ea8-c0aa-410e-bdc1-20bba9759577"}},"uncorrectedTrack":{"name":"All That You Give","mbid":"91247ee5-9e3d-401c-b5b2-8bf63c11ec71","artist":{"name":"The Cinematic Orchestra","mbid":"7c158ea8-c0aa-410e-bdc1-20bba9759577"}},"album":{"name":"Every Day","mbid":"44270faa-917a-4415-be27-d7f0aab94d52","artist":{"name":"The Cinematic Orchestra","mbid":"7c158ea8-c0aa-410e-bdc1-20bba9759577"}},"application":"Grooveshark"},{"timestamp":{"iso":"2014-11-04T01:11:41","unixtimestamp":1415063501},"track":{"name":"Cinematic Orchestra - Burn Out","artist":{"name":"The Cinematic Orchestra","mbid":"7c158ea8-c0aa-410e-bdc1-20bba9759577"}},"uncorrectedTrack":{"name":"Cinematic Orchestra - Burn Out","artist":{"name":"The Cinematic Orchestra","mbid":"7c158ea8-c0aa-410e-bdc1-20bba9759577"}},"album":{"name":"Every Day","mbid":"44270faa-917a-4415-be27-d7f0aab94d52","artist":{"name":"The Cinematic Orchestra","mbid":"7c158ea8-c0aa-410e-bdc1-20bba9759577"}},"application":"Grooveshark"},{"timestamp":{"iso":"2014-11-04T01:21:55","unixtimestamp":1415064115},"track":{"name":"Cinematic Orchestra - Flite","artist":{"name":"The Cinematic Orchestra","mbid":"7c158ea8-c0aa-410e-bdc1-20bba9759577"}},"uncorrectedTrack":{"name":"Cinematic Orchestra - Flite","artist":{"name":"The Cinematic Orchestra","mbid":"7c158ea8-c0aa-410e-bdc1-20bba9759577"}},"album":{"name":"Every Day","mbid":"44270faa-917a-4415-be27-d7f0aab94d52","artist":{"name":"The Cinematic Orchestra","mbid":"7c158ea8-c0aa-410e-bdc1-20bba9759577"}},"application":"Grooveshark"},{"timestamp":{"iso":"2014-11-04T01:28:31","unixtimestamp":1415064511},"track":{"name":"Man With the Movie Camera","mbid":"2ff9c10a-76b8-4633-90cd-7d07b07270a7","artist":{"name":"The Cinematic Orchestra","mbid":"7c158ea8-c0aa-410e-bdc1-20bba9759577"}},"uncorrectedTrack":{"name":"Man With the Movie Camera","mbid":"2ff9c10a-76b8-4633-90cd-7d07b07270a7","artist":{"name":"The Cinematic Orchestra","mbid":"7c158ea8-c0aa-410e-bdc1-20bba9759577"}},"album":{"name":"Every Day","mbid":"44270faa-917a-4415-be27-d7f0aab94d52","artist":{"name":"The Cinematic Orchestra","mbid":"7c158ea8-c0aa-410e-bdc1-20bba9759577"}},"application":"Grooveshark"},{"timestamp":{"iso":"2014-11-04T01:37:41","unixtimestamp":1415065061},"track":{"name":"Cinematic Orchestra - Everyday","artist":{"name":"The Cinematic Orchestra","mbid":"7c158ea8-c0aa-410e-bdc1-20bba9759577"}},"uncorrectedTrack":{"name":"Cinematic Orchestra - Everyday","artist":{"name":"The Cinematic Orchestra","mbid":"7c158ea8-c0aa-410e-bdc1-20bba9759577"}},"album":{"name":"Every Day","mbid":"44270faa-917a-4415-be27-d7f0aab94d52","artist":{"name":"The Cinematic Orchestra","mbid":"7c158ea8-c0aa-410e-bdc1-20bba9759577"}},"application":"Grooveshark"},{"timestamp":{"iso":"2014-11-04T01:48:00","unixtimestamp":1415065680},"track":{"name":"Oregon (Japanese bonus track)","artist":{"name":"The Cinematic Orchestra","mbid":"7c158ea8-c0aa-410e-bdc1-20bba9759577"}},"uncorrectedTrack":{"name":"Oregon (Japanese bonus track)","artist":{"name":"The Cinematic Orchestra","mbid":"7c158ea8-c0aa-410e-bdc1-20bba9759577"}},"album":{"name":"Every Day","mbid":"44270faa-917a-4415-be27-d7f0aab94d52","artist":{"name":"The Cinematic Orchestra","mbid":"7c158ea8-c0aa-410e-bdc1-20bba9759577"}},"application":"Grooveshark"},{"timestamp":{"iso":"2014-11-04T01:52:11","unixtimestamp":1415065931},"track":{"name":"Horizon (feat. Niara Scarlett)","mbid":"7bdf3c32-b9fb-4a88-b996-bfcab2bf8438","artist":{"name":"The Cinematic Orchestra","mbid":"7c158ea8-c0aa-410e-bdc1-20bba9759577"}},"uncorrectedTrack":{"name":"Horizon (feat. Niara Scarlett)","mbid":"7bdf3c32-b9fb-4a88-b996-bfcab2bf8438","artist":{"name":"The Cinematic Orchestra","mbid":"7c158ea8-c0aa-410e-bdc1-20bba9759577"}},"album":{"name":"Every Day","mbid":"44270faa-917a-4415-be27-d7f0aab94d52","artist":{"name":"The Cinematic Orchestra","mbid":"7c158ea8-c0aa-410e-bdc1-20bba9759577"}},"application":"Grooveshark"},{"timestamp":{"iso":"2014-11-04T01:58:14","unixtimestamp":1415066294},"track":{"name":"To Build a Home","mbid":"863551b3-19fe-45d0-8a06-aff77f07c8cd","artist":{"name":"The Cinematic Orchestra","mbid":"7c158ea8-c0aa-410e-bdc1-20bba9759577"}},"uncorrectedTrack":{"name":"To Build a Home","mbid":"863551b3-19fe-45d0-8a06-aff77f07c8cd","artist":{"name":"The Cinematic Orchestra","mbid":"7c158ea8-c0aa-410e-bdc1-20bba9759577"}},"album":{"name":"Ma Fleur","mbid":"63ebd406-fd8c-4382-a4b8-08b5d205c2c3","artist":{"name":"The Cinematic Orchestra","mbid":"7c158ea8-c0aa-410e-bdc1-20bba9759577"}},"application":"Grooveshark"},{"timestamp":{"iso":"2014-11-04T02:04:23","unixtimestamp":1415066663},"track":{"name":"Time and Space","mbid":"2cc6550b-b89b-4c43-99f3-78c531e7af36","artist":{"name":"The Cinematic Orchestra","mbid":"7c158ea8-c0aa-410e-bdc1-20bba9759577"}},"uncorrectedTrack":{"name":"Time and Space","mbid":"2cc6550b-b89b-4c43-99f3-78c531e7af36","artist":{"name":"The Cinematic Orchestra","mbid":"7c158ea8-c0aa-410e-bdc1-20bba9759577"}},"album":{"name":"Ma Fleur","mbid":"63ebd406-fd8c-4382-a4b8-08b5d205c2c3","artist":{"name":"The Cinematic Orchestra","mbid":"7c158ea8-c0aa-410e-bdc1-20bba9759577"}},"application":"Grooveshark"},{"timestamp":{"iso":"2014-11-04T02:13:05","unixtimestamp":1415067185},"track":{"name":"Time \u0026 Space","mbid":"1c615861-b739-4fff-9037-ba1090446624","artist":{"name":"The Cinematic Orchestra","mbid":"7c158ea8-c0aa-410e-bdc1-20bba9759577"}},"uncorrectedTrack":{"name":"Time \u0026 Space","mbid":"1c615861-b739-4fff-9037-ba1090446624","artist":{"name":"The Cinematic Orchestra","mbid":"7c158ea8-c0aa-410e-bdc1-20bba9759577"}},"album":{"name":"Ma Fleur","mbid":"63ebd406-fd8c-4382-a4b8-08b5d205c2c3","artist":{"name":"The Cinematic Orchestra","mbid":"7c158ea8-c0aa-410e-bdc1-20bba9759577"}},"application":"Grooveshark"},{"timestamp":{"iso":"2014-11-04T04:32:14","unixtimestamp":1415075534},"track":{"name":"Space Walk","mbid":"1e162418-fce5-4f51-94c0-f4aef4c684b3","artist":{"name":"Lemon Jelly","mbid":"4cbbf0d6-6c78-4e3d-ab25-91b13603cf7c"}},"uncorrectedTrack":{"name":"Space Walk","mbid":"1e162418-fce5-4f51-94c0-f4aef4c684b3","artist":{"name":"Lemon Jelly","mbid":"4cbbf0d6-6c78-4e3d-ab25-91b13603cf7c"}},"album":{"name":"Lost Horizons","mbid":"0f0f1e17-9e51-4398-8404-2d4c96f9d0e0","artist":{"name":"Lemon Jelly","mbid":"4cbbf0d6-6c78-4e3d-ab25-91b13603cf7c"}},"application":"Grooveshark"},{"timestamp":{"iso":"2014-11-04T21:36:28","unixtimestamp":1415136988},"track":{"name":"The Passing Stars","mbid":"4bdfbf6a-cb63-4373-87ca-253fd941de43","artist":{"name":"Thievery Corporation","mbid":"a505bb48-ad65-4af4-ae47-29149715bff9"}},"uncorrectedTrack":{"name":"The Passing Stars","mbid":"4bdfbf6a-cb63-4373-87ca-253fd941de43","artist":{"name":"Thievery Corporation","mbid":"a505bb48-ad65-4af4-ae47-29149715bff9"}},"album":{"name":"Causes 1","artist":{"name":"Thievery Corporation","mbid":"a505bb48-ad65-4af4-ae47-29149715bff9"}},"application":"Grooveshark"},{"timestamp":{"iso":"2014-11-04T21:38:53","unixtimestamp":1415137133},"track":{"name":"Happy Up Here","mbid":"034afea4-0c01-4ae2-8023-c09ddb944680","artist":{"name":"Röyksopp","mbid":"1c70a3fc-fa3c-4be1-8b55-c3192db8a884"}},"uncorrectedTrack":{"name":"Happy Up Here","mbid":"034afea4-0c01-4ae2-8023-c09ddb944680","artist":{"name":"Röyksopp","mbid":"1c70a3fc-fa3c-4be1-8b55-c3192db8a884"}},"album":{"name":"Happy Up Here","mbid":"71a858f1-0f5e-490d-a2a5-fb2e59ec3e4b","artist":{"name":"Röyksopp","mbid":"1c70a3fc-fa3c-4be1-8b55-c3192db8a884"}},"application":"Grooveshark"},{"timestamp":{"iso":"2014-11-04T21:52:33","unixtimestamp":1415137953},"track":{"name":"Stoney Street","mbid":"8c0e000a-5b83-4593-b062-cecf139ad97b","artist":{"name":"Amon Tobin","mbid":"630662ea-1c7d-4208-99fd-ba3afec20f0c"}},"uncorrectedTrack":{"name":"Stoney Street","mbid":"8c0e000a-5b83-4593-b062-cecf139ad97b","artist":{"name":"Amon Tobin","mbid":"630662ea-1c7d-4208-99fd-ba3afec20f0c"}},"album":{"name":"Bricolage","mbid":"865f40b0-8ed8-4a31-8293-7d99d92cd7d7","artist":{"name":"Amon Tobin","mbid":"630662ea-1c7d-4208-99fd-ba3afec20f0c"}},"application":"Grooveshark"},{"timestamp":{"iso":"2014-11-05T03:36:43","unixtimestamp":1415158603},"track":{"name":"Stoney Street","mbid":"8c0e000a-5b83-4593-b062-cecf139ad97b","artist":{"name":"Amon Tobin","mbid":"630662ea-1c7d-4208-99fd-ba3afec20f0c"}},"uncorrectedTrack":{"name":"Stoney Street","mbid":"8c0e000a-5b83-4593-b062-cecf139ad97b","artist":{"name":"Amon Tobin","mbid":"630662ea-1c7d-4208-99fd-ba3afec20f0c"}},"album":{"name":"Bricolage","mbid":"865f40b0-8ed8-4a31-8293-7d99d92cd7d7","artist":{"name":"Amon Tobin","mbid":"630662ea-1c7d-4208-99fd-ba3afec20f0c"}},"application":"Grooveshark"},{"timestamp":{"iso":"2014-11-05T03:42:36","unixtimestamp":1415158956},"track":{"name":"Kong","mbid":"325735b0-a7a7-4193-83a7-25ec0c856c06","artist":{"name":"Bonobo","mbid":"6f7dea51-1d02-4be1-b138-92078518350c"}},"uncorrectedTrack":{"name":"Kong","mbid":"325735b0-a7a7-4193-83a7-25ec0c856c06","artist":{"name":"Bonobo","mbid":"6f7dea51-1d02-4be1-b138-92078518350c"}},"album":{"name":"Black Sands","mbid":"6b575427-f110-4c22-bdeb-89620f534da2","artist":{"name":"Bonobo","mbid":"6f7dea51-1d02-4be1-b138-92078518350c"}},"application":"Grooveshark"},{"timestamp":{"iso":"2014-11-05T03:46:34","unixtimestamp":1415159194},"track":{"name":"Bario Alto","mbid":"cdb077b2-5613-42a1-91ed-4041f22c7103","artist":{"name":"Thievery Corporation","mbid":"a505bb48-ad65-4af4-ae47-29149715bff9"}},"uncorrectedTrack":{"name":"Bario Alto","mbid":"cdb077b2-5613-42a1-91ed-4041f22c7103","artist":{"name":"Thievery Corporation","mbid":"a505bb48-ad65-4af4-ae47-29149715bff9"}},"album":{"name":"The Mirror Conspiracy","mbid":"d8e7f1f0-0d17-47a7-8fcf-0e297adbae97","artist":{"name":"Thievery Corporation","mbid":"a505bb48-ad65-4af4-ae47-29149715bff9"}},"application":"Grooveshark"},{"timestamp":{"iso":"2014-11-05T03:50:28","unixtimestamp":1415159428},"track":{"name":"Nightlite (feat. Bajka)","mbid":"2de9c3e2-7412-49fb-b70c-a98917bee03a","artist":{"name":"Bonobo","mbid":"6f7dea51-1d02-4be1-b138-92078518350c"}},"uncorrectedTrack":{"name":"Nightlite (feat. Bajka)","mbid":"2de9c3e2-7412-49fb-b70c-a98917bee03a","artist":{"name":"Bonobo","mbid":"6f7dea51-1d02-4be1-b138-92078518350c"}},"album":{"name":"Days to Come","mbid":"6e99b4b6-42ca-4187-8249-68edaed60fe5","artist":{"name":"Bonobo","mbid":"6f7dea51-1d02-4be1-b138-92078518350c"}},"application":"Grooveshark"},{"timestamp":{"iso":"2014-11-05T03:55:38","unixtimestamp":1415159738},"track":{"name":"All That You Give","mbid":"91247ee5-9e3d-401c-b5b2-8bf63c11ec71","artist":{"name":"The Cinematic Orchestra","mbid":"7c158ea8-c0aa-410e-bdc1-20bba9759577"}},"uncorrectedTrack":{"name":"All That You Give","mbid":"91247ee5-9e3d-401c-b5b2-8bf63c11ec71","artist":{"name":"The Cinematic Orchestra","mbid":"7c158ea8-c0aa-410e-bdc1-20bba9759577"}},"album":{"name":"Every Day","mbid":"44270faa-917a-4415-be27-d7f0aab94d52","artist":{"name":"The Cinematic Orchestra","mbid":"7c158ea8-c0aa-410e-bdc1-20bba9759577"}},"application":"Grooveshark"},{"timestamp":{"iso":"2014-11-05T04:01:44","unixtimestamp":1415160104},"track":{"name":"I Slept With Bonhomme at the CBC","mbid":"8bfa8f42-5a9d-45a9-8ab3-294c8f55b3f8","artist":{"name":"Broken Social Scene","mbid":"2eada8f8-056a-4093-bbc2-004909ce743b"}},"uncorrectedTrack":{"name":"I Slept With Bonhomme at the CBC","mbid":"8bfa8f42-5a9d-45a9-8ab3-294c8f55b3f8","artist":{"name":"Broken Social Scene","mbid":"2eada8f8-056a-4093-bbc2-004909ce743b"}},"album":{"name":"Feel Good Lost","mbid":"bcc94f56-bdb0-32b7-9d1b-fda488bff5dc","artist":{"name":"Broken Social Scene","mbid":"2eada8f8-056a-4093-bbc2-004909ce743b"}},"application":"Grooveshark"},{"timestamp":{"iso":"2014-11-05T04:15:43","unixtimestamp":1415160943},"track":{"name":"Prelude","mbid":"7eb9fedd-ecc0-4589-aaa6-dc3c1ee3df54","artist":{"name":"Bonobo","mbid":"6f7dea51-1d02-4be1-b138-92078518350c"}},"uncorrectedTrack":{"name":"Prelude","mbid":"7eb9fedd-ecc0-4589-aaa6-dc3c1ee3df54","artist":{"name":"Bonobo","mbid":"6f7dea51-1d02-4be1-b138-92078518350c"}},"application":"FoxyScrobbler"},{"timestamp":{"iso":"2014-11-05T04:16:06","unixtimestamp":1415160966},"track":{"name":"Kong","mbid":"325735b0-a7a7-4193-83a7-25ec0c856c06","artist":{"name":"Bonobo","mbid":"6f7dea51-1d02-4be1-b138-92078518350c"}},"uncorrectedTrack":{"name":"Kong","mbid":"325735b0-a7a7-4193-83a7-25ec0c856c06","artist":{"name":"Bonobo","mbid":"6f7dea51-1d02-4be1-b138-92078518350c"}},"album":{"name":"Black Sands","mbid":"6b575427-f110-4c22-bdeb-89620f534da2","artist":{"name":"Bonobo","mbid":"6f7dea51-1d02-4be1-b138-92078518350c"}},"application":"Grooveshark"},{"timestamp":{"iso":"2014-11-05T04:30:01","unixtimestamp":1415161801},"track":{"name":"All the Right Things","mbid":"4437c31c-a423-4a77-9129-10d98a2b2ee3","artist":{"name":"Son Lux","mbid":"afcd292c-3c1e-4708-af4a-991aadf957e4"}},"uncorrectedTrack":{"name":"All the Right Things","mbid":"4437c31c-a423-4a77-9129-10d98a2b2ee3","artist":{"name":"Son Lux","mbid":"afcd292c-3c1e-4708-af4a-991aadf957e4"}},"album":{"name":"We Are Rising","mbid":"2ede8a3a-b6be-4409-ba90-121123325aa0","artist":{"name":"Son Lux","mbid":"afcd292c-3c1e-4708-af4a-991aadf957e4"}},"application":"Grooveshark"},{"timestamp":{"iso":"2014-11-05T04:33:13","unixtimestamp":1415161993},"track":{"name":"Betray","mbid":"3bff9e39-3c51-4fba-b9f1-060272076827","artist":{"name":"Son Lux","mbid":"afcd292c-3c1e-4708-af4a-991aadf957e4"}},"uncorrectedTrack":{"name":"Betray","mbid":"3bff9e39-3c51-4fba-b9f1-060272076827","artist":{"name":"Son Lux","mbid":"afcd292c-3c1e-4708-af4a-991aadf957e4"}},"album":{"name":"At War With Walls and Mazes","mbid":"0a7935d0-de42-4837-86ed-59b21f558d01","artist":{"name":"Son Lux","mbid":"afcd292c-3c1e-4708-af4a-991aadf957e4"}},"application":"Grooveshark"},{"timestamp":{"iso":"2014-11-05T04:36:12","unixtimestamp":1415162172},"track":{"name":"Six Days","mbid":"ddd561b1-764a-4b9a-b4bd-9f526c7ba97b","artist":{"name":"DJ Shadow","mbid":"efa2c11a-1a35-4b60-bc1b-66d37de88511"}},"uncorrectedTrack":{"name":"Six Days","mbid":"ddd561b1-764a-4b9a-b4bd-9f526c7ba97b","artist":{"name":"DJ Shadow","mbid":"efa2c11a-1a35-4b60-bc1b-66d37de88511"}},"album":{"name":"The Private Press","mbid":"eb9f1d2f-1052-382a-a263-334931a8acfb","artist":{"name":"DJ Shadow","mbid":"efa2c11a-1a35-4b60-bc1b-66d37de88511"}},"application":"Grooveshark"},{"timestamp":{"iso":"2014-11-05T04:44:23","unixtimestamp":1415162663},"track":{"name":"Six Days","mbid":"ddd561b1-764a-4b9a-b4bd-9f526c7ba97b","artist":{"name":"DJ Shadow","mbid":"efa2c11a-1a35-4b60-bc1b-66d37de88511"}},"uncorrectedTrack":{"name":"Six Days","mbid":"ddd561b1-764a-4b9a-b4bd-9f526c7ba97b","artist":{"name":"DJ Shadow","mbid":"efa2c11a-1a35-4b60-bc1b-66d37de88511"}},"album":{"name":"The Private Press","mbid":"eb9f1d2f-1052-382a-a263-334931a8acfb","artist":{"name":"DJ Shadow","mbid":"efa2c11a-1a35-4b60-bc1b-66d37de88511"}},"application":"Grooveshark"},{"timestamp":{"iso":"2014-11-05T05:04:42","unixtimestamp":1415163882},"track":{"name":"Kong","mbid":"325735b0-a7a7-4193-83a7-25ec0c856c06","artist":{"name":"Bonobo","mbid":"6f7dea51-1d02-4be1-b138-92078518350c"}},"uncorrectedTrack":{"name":"Kong","mbid":"325735b0-a7a7-4193-83a7-25ec0c856c06","artist":{"name":"Bonobo","mbid":"6f7dea51-1d02-4be1-b138-92078518350c"}},"album":{"name":"Black Sands","mbid":"6b575427-f110-4c22-bdeb-89620f534da2","artist":{"name":"Bonobo","mbid":"6f7dea51-1d02-4be1-b138-92078518350c"}},"application":"Grooveshark"},{"timestamp":{"iso":"2014-11-05T05:08:40","unixtimestamp":1415164120},"track":{"name":"Bario Alto","mbid":"cdb077b2-5613-42a1-91ed-4041f22c7103","artist":{"name":"Thievery Corporation","mbid":"a505bb48-ad65-4af4-ae47-29149715bff9"}},"uncorrectedTrack":{"name":"Bario Alto","mbid":"cdb077b2-5613-42a1-91ed-4041f22c7103","artist":{"name":"Thievery Corporation","mbid":"a505bb48-ad65-4af4-ae47-29149715bff9"}},"album":{"name":"The Mirror Conspiracy","mbid":"d8e7f1f0-0d17-47a7-8fcf-0e297adbae97","artist":{"name":"Thievery Corporation","mbid":"a505bb48-ad65-4af4-ae47-29149715bff9"}},"application":"Grooveshark"},{"timestamp":{"iso":"2014-11-05T05:12:35","unixtimestamp":1415164355},"track":{"name":"I Slept With Bonhomme at the CBC","mbid":"8bfa8f42-5a9d-45a9-8ab3-294c8f55b3f8","artist":{"name":"Broken Social Scene","mbid":"2eada8f8-056a-4093-bbc2-004909ce743b"}},"uncorrectedTrack":{"name":"I Slept With Bonhomme at the CBC","mbid":"8bfa8f42-5a9d-45a9-8ab3-294c8f55b3f8","artist":{"name":"Broken Social Scene","mbid":"2eada8f8-056a-4093-bbc2-004909ce743b"}},"album":{"name":"Feel Good Lost","mbid":"bcc94f56-bdb0-32b7-9d1b-fda488bff5dc","artist":{"name":"Broken Social Scene","mbid":"2eada8f8-056a-4093-bbc2-004909ce743b"}},"application":"Grooveshark"},{"timestamp":{"iso":"2014-11-05T05:18:01","unixtimestamp":1415164681},"track":{"name":"Ketto","mbid":"9fa9aba0-d8e2-4177-8ee7-728f365a7cd4","artist":{"name":"Bonobo","mbid":"6f7dea51-1d02-4be1-b138-92078518350c"}},"uncorrectedTrack":{"name":"Ketto","mbid":"9fa9aba0-d8e2-4177-8ee7-728f365a7cd4","artist":{"name":"Bonobo","mbid":"6f7dea51-1d02-4be1-b138-92078518350c"}},"album":{"name":"Days to Come","mbid":"6e99b4b6-42ca-4187-8249-68edaed60fe5","artist":{"name":"Bonobo","mbid":"6f7dea51-1d02-4be1-b138-92078518350c"}},"application":"Grooveshark"},{"timestamp":{"iso":"2014-11-05T05:23:08","unixtimestamp":1415164988},"track":{"name":"Marmalade","mbid":"81513704-9da0-4199-bdb0-8a18214d881b","artist":{"name":"Cagedbaby","mbid":"b398215e-c440-4dee-bd18-9d82f715442f"}},"uncorrectedTrack":{"name":"Marmalade","mbid":"81513704-9da0-4199-bdb0-8a18214d881b","artist":{"name":"Cagedbaby","mbid":"b398215e-c440-4dee-bd18-9d82f715442f"}},"album":{"name":"Will See You Now","mbid":"09882fdb-e65a-4feb-9be6-0edafb36355d","artist":{"name":"Cagedbaby","mbid":"b398215e-c440-4dee-bd18-9d82f715442f"}},"application":"Grooveshark"},{"timestamp":{"iso":"2014-11-05T05:27:57","unixtimestamp":1415165277},"track":{"name":"Ghostwriter","mbid":"54f534ee-cf6c-439e-a04f-d9c8e93484c5","artist":{"name":"RJD2","mbid":"1a120ec5-35b3-4f3e-aa49-7201550d9feb"}},"uncorrectedTrack":{"name":"Ghostwriter","mbid":"54f534ee-cf6c-439e-a04f-d9c8e93484c5","artist":{"name":"RJD2","mbid":"1a120ec5-35b3-4f3e-aa49-7201550d9feb"}},"album":{"name":"Deadringer","mbid":"2daaa522-477c-4d6d-bf43-f9a6afc2e795","artist":{"name":"RJD2","mbid":"1a120ec5-35b3-4f3e-aa49-7201550d9feb"}},"application":"Grooveshark"},{"timestamp":{"iso":"2014-11-05T05:33:15","unixtimestamp":1415165595},"track":{"name":"Psyche","mbid":"37bd0914-d223-46ca-926f-86cc0a923eac","artist":{"name":"Massive Attack","mbid":"10adbe5e-a2c0-4bf3-8249-2b4cbf6e6ca8"}},"uncorrectedTrack":{"name":"Psyche","mbid":"37bd0914-d223-46ca-926f-86cc0a923eac","artist":{"name":"Massive Attack","mbid":"10adbe5e-a2c0-4bf3-8249-2b4cbf6e6ca8"}},"album":{"name":"Heligoland","mbid":"5042d45d-6a48-4546-bdf5-26f01caa3a43","artist":{"name":"Massive Attack","mbid":"10adbe5e-a2c0-4bf3-8249-2b4cbf6e6ca8"}},"application":"Grooveshark"},{"timestamp":{"iso":"2014-11-05T05:36:40","unixtimestamp":1415165800},"track":{"name":"Betray","mbid":"3bff9e39-3c51-4fba-b9f1-060272076827","artist":{"name":"Son Lux","mbid":"afcd292c-3c1e-4708-af4a-991aadf957e4"}},"uncorrectedTrack":{"name":"Betray","mbid":"3bff9e39-3c51-4fba-b9f1-060272076827","artist":{"name":"Son Lux","mbid":"afcd292c-3c1e-4708-af4a-991aadf957e4"}},"album":{"name":"At War With Walls and Mazes","mbid":"0a7935d0-de42-4837-86ed-59b21f558d01","artist":{"name":"Son Lux","mbid":"afcd292c-3c1e-4708-af4a-991aadf957e4"}},"application":"Grooveshark"},{"timestamp":{"iso":"2014-11-05T05:50:02","unixtimestamp":1415166602},"track":{"name":"Night Moves (Full Album)","artist":{"name":"Bob Seger","mbid":"4382b934-64c3-47ac-98db-65f26d845c48"}},"uncorrectedTrack":{"name":"Night Moves (Full Album)","artist":{"name":"Bob Seger","mbid":"4382b934-64c3-47ac-98db-65f26d845c48"}},"application":"FoxyScrobbler"},{"timestamp":{"iso":"2014-11-05T05:51:47","unixtimestamp":1415166707},"track":{"name":"Illinois","artist":{"name":"Sufjan Stevens","mbid":"01d3c51b-9b98-418a-8d8e-37f6fab59d8c"}},"uncorrectedTrack":{"name":"Illinois","artist":{"name":"Sufjan Stevens","mbid":"01d3c51b-9b98-418a-8d8e-37f6fab59d8c"}},"application":"FoxyScrobbler"},{"timestamp":{"iso":"2014-11-05T05:54:19","unixtimestamp":1415166859},"track":{"name":"Come on! Feel the Illinoise!","mbid":"eff26f95-4c63-4fbb-915b-30fe1ad4617f","artist":{"name":"Sufjan Stevens","mbid":"01d3c51b-9b98-418a-8d8e-37f6fab59d8c"}},"uncorrectedTrack":{"name":"Come on! Feel the Illinoise!","mbid":"eff26f95-4c63-4fbb-915b-30fe1ad4617f","artist":{"name":"Sufjan Stevens","mbid":"01d3c51b-9b98-418a-8d8e-37f6fab59d8c"}},"album":{"name":"Illinois","mbid":"777d51fe-b7c7-4874-9217-40abf09b4924","artist":{"name":"Sufjan Stevens","mbid":"01d3c51b-9b98-418a-8d8e-37f6fab59d8c"}},"application":"Grooveshark"},{"timestamp":{"iso":"2014-11-05T06:14:16","unixtimestamp":1415168056},"track":{"name":"Jacksonville","mbid":"37ad2bb0-95b8-4747-a1e6-c36d4998672f","artist":{"name":"Sufjan Stevens","mbid":"01d3c51b-9b98-418a-8d8e-37f6fab59d8c"}},"uncorrectedTrack":{"name":"Jacksonville","mbid":"37ad2bb0-95b8-4747-a1e6-c36d4998672f","artist":{"name":"Sufjan Stevens","mbid":"01d3c51b-9b98-418a-8d8e-37f6fab59d8c"}},"album":{"name":"Illinois","mbid":"777d51fe-b7c7-4874-9217-40abf09b4924","artist":{"name":"Sufjan Stevens","mbid":"01d3c51b-9b98-418a-8d8e-37f6fab59d8c"}},"application":"Grooveshark"},{"timestamp":{"iso":"2014-11-05T06:30:34","unixtimestamp":1415169034},"track":{"name":"Jacksonville","mbid":"37ad2bb0-95b8-4747-a1e6-c36d4998672f","artist":{"name":"Sufjan Stevens","mbid":"01d3c51b-9b98-418a-8d8e-37f6fab59d8c"}},"uncorrectedTrack":{"name":"Jacksonville","mbid":"37ad2bb0-95b8-4747-a1e6-c36d4998672f","artist":{"name":"Sufjan Stevens","mbid":"01d3c51b-9b98-418a-8d8e-37f6fab59d8c"}},"album":{"name":"Illinois","mbid":"777d51fe-b7c7-4874-9217-40abf09b4924","artist":{"name":"Sufjan Stevens","mbid":"01d3c51b-9b98-418a-8d8e-37f6fab59d8c"}},"application":"Grooveshark"},{"timestamp":{"iso":"2014-11-05T06:35:58","unixtimestamp":1415169358},"track":{"name":"Pacific Theme","mbid":"b1326b17-d876-47dc-8a0a-a4a05bb2087d","artist":{"name":"Broken Social Scene","mbid":"2eada8f8-056a-4093-bbc2-004909ce743b"}},"uncorrectedTrack":{"name":"Pacific Theme","mbid":"b1326b17-d876-47dc-8a0a-a4a05bb2087d","artist":{"name":"Broken Social Scene","mbid":"2eada8f8-056a-4093-bbc2-004909ce743b"}},"album":{"name":"You Forgot It In People","mbid":"4a62cd38-0405-33c0-ade2-6be951f7b777","artist":{"name":"Broken Social Scene","mbid":"2eada8f8-056a-4093-bbc2-004909ce743b"}},"application":"Grooveshark"},{"timestamp":{"iso":"2014-11-05T06:41:59","unixtimestamp":1415169719},"track":{"name":"Jacksonville","mbid":"37ad2bb0-95b8-4747-a1e6-c36d4998672f","artist":{"name":"Sufjan Stevens","mbid":"01d3c51b-9b98-418a-8d8e-37f6fab59d8c"}},"uncorrectedTrack":{"name":"Jacksonville","mbid":"37ad2bb0-95b8-4747-a1e6-c36d4998672f","artist":{"name":"Sufjan Stevens","mbid":"01d3c51b-9b98-418a-8d8e-37f6fab59d8c"}},"album":{"name":"Illinois","mbid":"777d51fe-b7c7-4874-9217-40abf09b4924","artist":{"name":"Sufjan Stevens","mbid":"01d3c51b-9b98-418a-8d8e-37f6fab59d8c"}},"application":"Grooveshark"},{"timestamp":{"iso":"2014-11-05T06:47:23","unixtimestamp":1415170043},"track":{"name":"Pacific Theme","mbid":"b1326b17-d876-47dc-8a0a-a4a05bb2087d","artist":{"name":"Broken Social Scene","mbid":"2eada8f8-056a-4093-bbc2-004909ce743b"}},"uncorrectedTrack":{"name":"Pacific Theme","mbid":"b1326b17-d876-47dc-8a0a-a4a05bb2087d","artist":{"name":"Broken Social Scene","mbid":"2eada8f8-056a-4093-bbc2-004909ce743b"}},"album":{"name":"You Forgot It In People","mbid":"4a62cd38-0405-33c0-ade2-6be951f7b777","artist":{"name":"Broken Social Scene","mbid":"2eada8f8-056a-4093-bbc2-004909ce743b"}},"application":"Grooveshark"},{"timestamp":{"iso":"2014-11-05T06:54:38","unixtimestamp":1415170478},"track":{"name":"Killing Me Softly","mbid":"0ef1cfd2-5efc-48e0-829c-bd1c1323a16e","artist":{"name":"Fugees","mbid":"c6a1046a-f73f-4b63-bb81-f0aa3527e1f1"}},"uncorrectedTrack":{"name":"Killing Me Softly","mbid":"0ef1cfd2-5efc-48e0-829c-bd1c1323a16e","artist":{"name":"Fugees","mbid":"c6a1046a-f73f-4b63-bb81-f0aa3527e1f1"}},"application":"FoxyScrobbler"},{"timestamp":{"iso":"2014-11-05T07:12:59","unixtimestamp":1415171579},"track":{"name":"Jacksonville","mbid":"37ad2bb0-95b8-4747-a1e6-c36d4998672f","artist":{"name":"Sufjan Stevens","mbid":"01d3c51b-9b98-418a-8d8e-37f6fab59d8c"}},"uncorrectedTrack":{"name":"Jacksonville","mbid":"37ad2bb0-95b8-4747-a1e6-c36d4998672f","artist":{"name":"Sufjan Stevens","mbid":"01d3c51b-9b98-418a-8d8e-37f6fab59d8c"}},"album":{"name":"Illinois","mbid":"777d51fe-b7c7-4874-9217-40abf09b4924","artist":{"name":"Sufjan Stevens","mbid":"01d3c51b-9b98-418a-8d8e-37f6fab59d8c"}},"application":"Grooveshark"},{"timestamp":{"iso":"2014-11-05T07:18:25","unixtimestamp":1415171905},"track":{"name":"Pacific Theme","mbid":"b1326b17-d876-47dc-8a0a-a4a05bb2087d","artist":{"name":"Broken Social Scene","mbid":"2eada8f8-056a-4093-bbc2-004909ce743b"}},"uncorrectedTrack":{"name":"Pacific Theme","mbid":"b1326b17-d876-47dc-8a0a-a4a05bb2087d","artist":{"name":"Broken Social Scene","mbid":"2eada8f8-056a-4093-bbc2-004909ce743b"}},"album":{"name":"You Forgot It In People","mbid":"4a62cd38-0405-33c0-ade2-6be951f7b777","artist":{"name":"Broken Social Scene","mbid":"2eada8f8-056a-4093-bbc2-004909ce743b"}},"application":"Grooveshark"},{"timestamp":{"iso":"2014-11-05T07:23:34","unixtimestamp":1415172214},"track":{"name":"Six Days","mbid":"ddd561b1-764a-4b9a-b4bd-9f526c7ba97b","artist":{"name":"DJ Shadow","mbid":"efa2c11a-1a35-4b60-bc1b-66d37de88511"}},"uncorrectedTrack":{"name":"Six Days","mbid":"ddd561b1-764a-4b9a-b4bd-9f526c7ba97b","artist":{"name":"DJ Shadow","mbid":"efa2c11a-1a35-4b60-bc1b-66d37de88511"}},"album":{"name":"The Private Press","mbid":"eb9f1d2f-1052-382a-a263-334931a8acfb","artist":{"name":"DJ Shadow","mbid":"efa2c11a-1a35-4b60-bc1b-66d37de88511"}},"application":"Grooveshark"},{"timestamp":{"iso":"2014-11-05T07:28:36","unixtimestamp":1415172516},"track":{"name":"Kong","mbid":"325735b0-a7a7-4193-83a7-25ec0c856c06","artist":{"name":"Bonobo","mbid":"6f7dea51-1d02-4be1-b138-92078518350c"}},"uncorrectedTrack":{"name":"Kong","mbid":"325735b0-a7a7-4193-83a7-25ec0c856c06","artist":{"name":"Bonobo","mbid":"6f7dea51-1d02-4be1-b138-92078518350c"}},"album":{"name":"Black Sands","mbid":"6b575427-f110-4c22-bdeb-89620f534da2","artist":{"name":"Bonobo","mbid":"6f7dea51-1d02-4be1-b138-92078518350c"}},"application":"Grooveshark"},{"timestamp":{"iso":"2014-11-05T07:32:34","unixtimestamp":1415172754},"track":{"name":"Bario Alto","mbid":"cdb077b2-5613-42a1-91ed-4041f22c7103","artist":{"name":"Thievery Corporation","mbid":"a505bb48-ad65-4af4-ae47-29149715bff9"}},"uncorrectedTrack":{"name":"Bario Alto","mbid":"cdb077b2-5613-42a1-91ed-4041f22c7103","artist":{"name":"Thievery Corporation","mbid":"a505bb48-ad65-4af4-ae47-29149715bff9"}},"album":{"name":"The Mirror Conspiracy","mbid":"d8e7f1f0-0d17-47a7-8fcf-0e297adbae97","artist":{"name":"Thievery Corporation","mbid":"a505bb48-ad65-4af4-ae47-29149715bff9"}},"application":"Grooveshark"},{"timestamp":{"iso":"2014-11-05T07:36:29","unixtimestamp":1415172989},"track":{"name":"Nightlite (feat. Bajka)","mbid":"2de9c3e2-7412-49fb-b70c-a98917bee03a","artist":{"name":"Bonobo","mbid":"6f7dea51-1d02-4be1-b138-92078518350c"}},"uncorrectedTrack":{"name":"Nightlite (feat. Bajka)","mbid":"2de9c3e2-7412-49fb-b70c-a98917bee03a","artist":{"name":"Bonobo","mbid":"6f7dea51-1d02-4be1-b138-92078518350c"}},"album":{"name":"Days to Come","mbid":"6e99b4b6-42ca-4187-8249-68edaed60fe5","artist":{"name":"Bonobo","mbid":"6f7dea51-1d02-4be1-b138-92078518350c"}},"application":"Grooveshark"},{"timestamp":{"iso":"2014-11-05T07:41:38","unixtimestamp":1415173298},"track":{"name":"I Slept With Bonhomme at the CBC","mbid":"8bfa8f42-5a9d-45a9-8ab3-294c8f55b3f8","artist":{"name":"Broken Social Scene","mbid":"2eada8f8-056a-4093-bbc2-004909ce743b"}},"uncorrectedTrack":{"name":"I Slept With Bonhomme at the CBC","mbid":"8bfa8f42-5a9d-45a9-8ab3-294c8f55b3f8","artist":{"name":"Broken Social Scene","mbid":"2eada8f8-056a-4093-bbc2-004909ce743b"}},"album":{"name":"Feel Good Lost","mbid":"bcc94f56-bdb0-32b7-9d1b-fda488bff5dc","artist":{"name":"Broken Social Scene","mbid":"2eada8f8-056a-4093-bbc2-004909ce743b"}},"application":"Grooveshark"},{"timestamp":{"iso":"2014-11-05T07:45:21","unixtimestamp":1415173521},"track":{"name":"Jacksonville","mbid":"37ad2bb0-95b8-4747-a1e6-c36d4998672f","artist":{"name":"Sufjan Stevens","mbid":"01d3c51b-9b98-418a-8d8e-37f6fab59d8c"}},"uncorrectedTrack":{"name":"Jacksonville","mbid":"37ad2bb0-95b8-4747-a1e6-c36d4998672f","artist":{"name":"Sufjan Stevens","mbid":"01d3c51b-9b98-418a-8d8e-37f6fab59d8c"}},"album":{"name":"Illinois","mbid":"777d51fe-b7c7-4874-9217-40abf09b4924","artist":{"name":"Sufjan Stevens","mbid":"01d3c51b-9b98-418a-8d8e-37f6fab59d8c"}},"application":"Grooveshark"},{"timestamp":{"iso":"2014-11-05T08:06:05","unixtimestamp":1415174765},"track":{"name":"Novias","mbid":"b4de7318-5e65-450c-baf2-d1cfac5e4b78","artist":{"name":"El Guincho","mbid":"7e57d8a2-e6eb-48dd-8e50-ff7eaa412ccb"}},"uncorrectedTrack":{"name":"Novias","mbid":"b4de7318-5e65-450c-baf2-d1cfac5e4b78","artist":{"name":"El Guincho","mbid":"7e57d8a2-e6eb-48dd-8e50-ff7eaa412ccb"}},"album":{"name":"Pop Negro","mbid":"d1155ca2-d814-4f17-9426-743189f8d853","artist":{"name":"El Guincho","mbid":"7e57d8a2-e6eb-48dd-8e50-ff7eaa412ccb"}},"application":"Grooveshark"},{"timestamp":{"iso":"2014-11-05T08:17:00","unixtimestamp":1415175420},"track":{"name":"Imitosis","mbid":"7790e395-daf9-4520-8a34-654f3d46df38","artist":{"name":"Andrew Bird","mbid":"081b133e-ce74-42ba-92c1-c18234acb532"}},"uncorrectedTrack":{"name":"Imitosis","mbid":"7790e395-daf9-4520-8a34-654f3d46df38","artist":{"name":"Andrew Bird","mbid":"081b133e-ce74-42ba-92c1-c18234acb532"}},"album":{"name":"Nova Tunes 1.6","artist":{"name":"Andrew Bird","mbid":"081b133e-ce74-42ba-92c1-c18234acb532"}},"application":"Grooveshark"},{"timestamp":{"iso":"2014-11-05T08:30:11","unixtimestamp":1415176211},"track":{"name":"Jacksonville","mbid":"37ad2bb0-95b8-4747-a1e6-c36d4998672f","artist":{"name":"Sufjan Stevens","mbid":"01d3c51b-9b98-418a-8d8e-37f6fab59d8c"}},"uncorrectedTrack":{"name":"Jacksonville","mbid":"37ad2bb0-95b8-4747-a1e6-c36d4998672f","artist":{"name":"Sufjan Stevens","mbid":"01d3c51b-9b98-418a-8d8e-37f6fab59d8c"}},"album":{"name":"Illinois","mbid":"777d51fe-b7c7-4874-9217-40abf09b4924","artist":{"name":"Sufjan Stevens","mbid":"01d3c51b-9b98-418a-8d8e-37f6fab59d8c"}},"application":"Grooveshark"},{"timestamp":{"iso":"2014-11-05T08:35:33","unixtimestamp":1415176533},"track":{"name":"Imitosis","mbid":"7790e395-daf9-4520-8a34-654f3d46df38","artist":{"name":"Andrew Bird","mbid":"081b133e-ce74-42ba-92c1-c18234acb532"}},"uncorrectedTrack":{"name":"Imitosis","mbid":"7790e395-daf9-4520-8a34-654f3d46df38","artist":{"name":"Andrew Bird","mbid":"081b133e-ce74-42ba-92c1-c18234acb532"}},"album":{"name":"Nova Tunes 1.6","artist":{"name":"Andrew Bird","mbid":"081b133e-ce74-42ba-92c1-c18234acb532"}},"application":"Grooveshark"},{"timestamp":{"iso":"2014-11-05T08:39:24","unixtimestamp":1415176764},"track":{"name":"I Slept With Bonhomme at the CBC","mbid":"8bfa8f42-5a9d-45a9-8ab3-294c8f55b3f8","artist":{"name":"Broken Social Scene","mbid":"2eada8f8-056a-4093-bbc2-004909ce743b"}},"uncorrectedTrack":{"name":"I Slept With Bonhomme at the CBC","mbid":"8bfa8f42-5a9d-45a9-8ab3-294c8f55b3f8","artist":{"name":"Broken Social Scene","mbid":"2eada8f8-056a-4093-bbc2-004909ce743b"}},"album":{"name":"Feel Good Lost","mbid":"bcc94f56-bdb0-32b7-9d1b-fda488bff5dc","artist":{"name":"Broken Social Scene","mbid":"2eada8f8-056a-4093-bbc2-004909ce743b"}},"application":"Grooveshark"},{"timestamp":{"iso":"2014-11-05T16:59:59","unixtimestamp":1415206799},"track":{"name":"Jacksonville","mbid":"37ad2bb0-95b8-4747-a1e6-c36d4998672f","artist":{"name":"Sufjan Stevens","mbid":"01d3c51b-9b98-418a-8d8e-37f6fab59d8c"}},"uncorrectedTrack":{"name":"Jacksonville","mbid":"37ad2bb0-95b8-4747-a1e6-c36d4998672f","artist":{"name":"Sufjan Stevens","mbid":"01d3c51b-9b98-418a-8d8e-37f6fab59d8c"}},"album":{"name":"Illinois","mbid":"777d51fe-b7c7-4874-9217-40abf09b4924","artist":{"name":"Sufjan Stevens","mbid":"01d3c51b-9b98-418a-8d8e-37f6fab59d8c"}},"application":"Grooveshark"},{"timestamp":{"iso":"2014-11-05T17:05:32","unixtimestamp":1415207132},"track":{"name":"Imitosis","mbid":"7790e395-daf9-4520-8a34-654f3d46df38","artist":{"name":"Andrew Bird","mbid":"081b133e-ce74-42ba-92c1-c18234acb532"}},"uncorrectedTrack":{"name":"Imitosis","mbid":"7790e395-daf9-4520-8a34-654f3d46df38","artist":{"name":"Andrew Bird","mbid":"081b133e-ce74-42ba-92c1-c18234acb532"}},"album":{"name":"Nova Tunes 1.6","artist":{"name":"Andrew Bird","mbid":"081b133e-ce74-42ba-92c1-c18234acb532"}},"application":"Grooveshark"},{"timestamp":{"iso":"2014-11-05T19:09:45","unixtimestamp":1415214585},"track":{"name":"Jacksonville","mbid":"37ad2bb0-95b8-4747-a1e6-c36d4998672f","artist":{"name":"Sufjan Stevens","mbid":"01d3c51b-9b98-418a-8d8e-37f6fab59d8c"}},"uncorrectedTrack":{"name":"Jacksonville","mbid":"37ad2bb0-95b8-4747-a1e6-c36d4998672f","artist":{"name":"Sufjan Stevens","mbid":"01d3c51b-9b98-418a-8d8e-37f6fab59d8c"}},"album":{"name":"Illinois","mbid":"777d51fe-b7c7-4874-9217-40abf09b4924","artist":{"name":"Sufjan Stevens","mbid":"01d3c51b-9b98-418a-8d8e-37f6fab59d8c"}},"application":"Grooveshark"},{"timestamp":{"iso":"2014-11-05T19:15:09","unixtimestamp":1415214909},"track":{"name":"Imitosis","mbid":"7790e395-daf9-4520-8a34-654f3d46df38","artist":{"name":"Andrew Bird","mbid":"081b133e-ce74-42ba-92c1-c18234acb532"}},"uncorrectedTrack":{"name":"Imitosis","mbid":"7790e395-daf9-4520-8a34-654f3d46df38","artist":{"name":"Andrew Bird","mbid":"081b133e-ce74-42ba-92c1-c18234acb532"}},"album":{"name":"Nova Tunes 1.6","artist":{"name":"Andrew Bird","mbid":"081b133e-ce74-42ba-92c1-c18234acb532"}},"application":"Grooveshark"},{"timestamp":{"iso":"2014-11-05T19:19:00","unixtimestamp":1415215140},"track":{"name":"I Slept With Bonhomme at the CBC","mbid":"8bfa8f42-5a9d-45a9-8ab3-294c8f55b3f8","artist":{"name":"Broken Social Scene","mbid":"2eada8f8-056a-4093-bbc2-004909ce743b"}},"uncorrectedTrack":{"name":"I Slept With Bonhomme at the CBC","mbid":"8bfa8f42-5a9d-45a9-8ab3-294c8f55b3f8","artist":{"name":"Broken Social Scene","mbid":"2eada8f8-056a-4093-bbc2-004909ce743b"}},"album":{"name":"Feel Good Lost","mbid":"bcc94f56-bdb0-32b7-9d1b-fda488bff5dc","artist":{"name":"Broken Social Scene","mbid":"2eada8f8-056a-4093-bbc2-004909ce743b"}},"application":"Grooveshark"},{"timestamp":{"iso":"2014-11-05T19:24:26","unixtimestamp":1415215466},"track":{"name":"Kong","mbid":"325735b0-a7a7-4193-83a7-25ec0c856c06","artist":{"name":"Bonobo","mbid":"6f7dea51-1d02-4be1-b138-92078518350c"}},"uncorrectedTrack":{"name":"Kong","mbid":"325735b0-a7a7-4193-83a7-25ec0c856c06","artist":{"name":"Bonobo","mbid":"6f7dea51-1d02-4be1-b138-92078518350c"}},"album":{"name":"Black Sands","mbid":"6b575427-f110-4c22-bdeb-89620f534da2","artist":{"name":"Bonobo","mbid":"6f7dea51-1d02-4be1-b138-92078518350c"}},"application":"Grooveshark"},{"timestamp":{"iso":"2014-11-05T19:28:24","unixtimestamp":1415215704},"track":{"name":"Six Days","mbid":"ddd561b1-764a-4b9a-b4bd-9f526c7ba97b","artist":{"name":"DJ Shadow","mbid":"efa2c11a-1a35-4b60-bc1b-66d37de88511"}},"uncorrectedTrack":{"name":"Six Days","mbid":"ddd561b1-764a-4b9a-b4bd-9f526c7ba97b","artist":{"name":"DJ Shadow","mbid":"efa2c11a-1a35-4b60-bc1b-66d37de88511"}},"album":{"name":"The Private Press","mbid":"eb9f1d2f-1052-382a-a263-334931a8acfb","artist":{"name":"DJ Shadow","mbid":"efa2c11a-1a35-4b60-bc1b-66d37de88511"}},"application":"Grooveshark"},{"timestamp":{"iso":"2014-11-05T23:10:11","unixtimestamp":1415229011},"track":{"name":"Reverse Skydiving","mbid":"10f33fbe-70c6-418e-a892-9e27da99addb","artist":{"name":"Hot Natured feat. Anabel Englund"}},"uncorrectedTrack":{"name":"Reverse Skydiving","mbid":"10f33fbe-70c6-418e-a892-9e27da99addb","artist":{"name":"Hot Natured feat. Anabel Englund"}},"album":{"name":"hot natured","artist":{"name":"Hot Natured feat. Anabel Englund"}},"application":"Grooveshark"},{"timestamp":{"iso":"2014-11-05T23:20:00","unixtimestamp":1415229600},"track":{"name":"Gobbledigook","mbid":"00c535fd-60fe-4c22-abd5-b52fd1b2a57c","artist":{"name":"Sigur Rós","mbid":"f6f2326f-6b25-4170-b89d-e235b25508e8"}},"uncorrectedTrack":{"name":"Gobbledigook","mbid":"00c535fd-60fe-4c22-abd5-b52fd1b2a57c","artist":{"name":"Sigur Rós","mbid":"f6f2326f-6b25-4170-b89d-e235b25508e8"}},"album":{"name":"med sud í eyrum vid spilum endalaust","artist":{"name":"Sigur Rós","mbid":"f6f2326f-6b25-4170-b89d-e235b25508e8"}},"application":"Grooveshark"},{"timestamp":{"iso":"2014-11-05T23:23:18","unixtimestamp":1415229798},"track":{"name":"Lost","mbid":"cc721b1f-d522-43b6-a251-a7f3443f4084","artist":{"name":"Frank Ocean","mbid":"e520459c-dff4-491d-a6e4-c97be35e0044"}},"uncorrectedTrack":{"name":"Lost","mbid":"cc721b1f-d522-43b6-a251-a7f3443f4084","artist":{"name":"Frank Ocean","mbid":"e520459c-dff4-491d-a6e4-c97be35e0044"}},"album":{"name":"channel ORANGE","mbid":"67678102-7a0a-4bd1-aa78-2ebb1f114aca","artist":{"name":"Frank Ocean","mbid":"e520459c-dff4-491d-a6e4-c97be35e0044"}},"application":"Grooveshark"},{"timestamp":{"iso":"2014-11-06T20:14:22","unixtimestamp":1415304862},"track":{"name":"Jacksonville","mbid":"37ad2bb0-95b8-4747-a1e6-c36d4998672f","artist":{"name":"Sufjan Stevens","mbid":"01d3c51b-9b98-418a-8d8e-37f6fab59d8c"}},"uncorrectedTrack":{"name":"Jacksonville","mbid":"37ad2bb0-95b8-4747-a1e6-c36d4998672f","artist":{"name":"Sufjan Stevens","mbid":"01d3c51b-9b98-418a-8d8e-37f6fab59d8c"}},"album":{"name":"Illinois","mbid":"777d51fe-b7c7-4874-9217-40abf09b4924","artist":{"name":"Sufjan Stevens","mbid":"01d3c51b-9b98-418a-8d8e-37f6fab59d8c"}},"application":"Grooveshark"},{"timestamp":{"iso":"2014-11-06T20:19:47","unixtimestamp":1415305187},"track":{"name":"Imitosis","mbid":"7790e395-daf9-4520-8a34-654f3d46df38","artist":{"name":"Andrew Bird","mbid":"081b133e-ce74-42ba-92c1-c18234acb532"}},"uncorrectedTrack":{"name":"Imitosis","mbid":"7790e395-daf9-4520-8a34-654f3d46df38","artist":{"name":"Andrew Bird","mbid":"081b133e-ce74-42ba-92c1-c18234acb532"}},"album":{"name":"Nova Tunes 1.6","artist":{"name":"Andrew Bird","mbid":"081b133e-ce74-42ba-92c1-c18234acb532"}},"application":"Grooveshark"},{"timestamp":{"iso":"2014-11-06T20:23:38","unixtimestamp":1415305418},"track":{"name":"I Slept With Bonhomme at the CBC","mbid":"8bfa8f42-5a9d-45a9-8ab3-294c8f55b3f8","artist":{"name":"Broken Social Scene","mbid":"2eada8f8-056a-4093-bbc2-004909ce743b"}},"uncorrectedTrack":{"name":"I Slept With Bonhomme at the CBC","mbid":"8bfa8f42-5a9d-45a9-8ab3-294c8f55b3f8","artist":{"name":"Broken Social Scene","mbid":"2eada8f8-056a-4093-bbc2-004909ce743b"}},"album":{"name":"Feel Good Lost","mbid":"bcc94f56-bdb0-32b7-9d1b-fda488bff5dc","artist":{"name":"Broken Social Scene","mbid":"2eada8f8-056a-4093-bbc2-004909ce743b"}},"application":"Grooveshark"},{"timestamp":{"iso":"2014-11-06T20:29:04","unixtimestamp":1415305744},"track":{"name":"Kong","mbid":"325735b0-a7a7-4193-83a7-25ec0c856c06","artist":{"name":"Bonobo","mbid":"6f7dea51-1d02-4be1-b138-92078518350c"}},"uncorrectedTrack":{"name":"Kong","mbid":"325735b0-a7a7-4193-83a7-25ec0c856c06","artist":{"name":"Bonobo","mbid":"6f7dea51-1d02-4be1-b138-92078518350c"}},"album":{"name":"Black Sands","mbid":"6b575427-f110-4c22-bdeb-89620f534da2","artist":{"name":"Bonobo","mbid":"6f7dea51-1d02-4be1-b138-92078518350c"}},"application":"Grooveshark"},{"timestamp":{"iso":"2014-11-06T20:33:02","unixtimestamp":1415305982},"track":{"name":"Six Days","mbid":"ddd561b1-764a-4b9a-b4bd-9f526c7ba97b","artist":{"name":"DJ Shadow","mbid":"efa2c11a-1a35-4b60-bc1b-66d37de88511"}},"uncorrectedTrack":{"name":"Six Days","mbid":"ddd561b1-764a-4b9a-b4bd-9f526c7ba97b","artist":{"name":"DJ Shadow","mbid":"efa2c11a-1a35-4b60-bc1b-66d37de88511"}},"album":{"name":"The Private Press","mbid":"eb9f1d2f-1052-382a-a263-334931a8acfb","artist":{"name":"DJ Shadow","mbid":"efa2c11a-1a35-4b60-bc1b-66d37de88511"}},"application":"Grooveshark"},{"timestamp":{"iso":"2014-11-06T20:38:04","unixtimestamp":1415306284},"track":{"name":"Pacific Theme","mbid":"b1326b17-d876-47dc-8a0a-a4a05bb2087d","artist":{"name":"Broken Social Scene","mbid":"2eada8f8-056a-4093-bbc2-004909ce743b"}},"uncorrectedTrack":{"name":"Pacific Theme","mbid":"b1326b17-d876-47dc-8a0a-a4a05bb2087d","artist":{"name":"Broken Social Scene","mbid":"2eada8f8-056a-4093-bbc2-004909ce743b"}},"album":{"name":"You Forgot It In People","mbid":"4a62cd38-0405-33c0-ade2-6be951f7b777","artist":{"name":"Broken Social Scene","mbid":"2eada8f8-056a-4093-bbc2-004909ce743b"}},"application":"Grooveshark"},{"timestamp":{"iso":"2014-11-09T19:08:56","unixtimestamp":1415560136},"track":{"name":"Mansard Roof","mbid":"1c6c75a6-3779-469e-b3ef-f9314e9d47e1","artist":{"name":"Vampire Weekend","mbid":"af37c51c-0790-4a29-b995-456f98a6b8c9"}},"uncorrectedTrack":{"name":"Mansard Roof","mbid":"1c6c75a6-3779-469e-b3ef-f9314e9d47e1","artist":{"name":"Vampire Weekend","mbid":"af37c51c-0790-4a29-b995-456f98a6b8c9"}},"album":{"name":"Vampire Weekend","mbid":"29436531-8e43-4e5e-9d36-037e775e2883","artist":{"name":"Vampire Weekend","mbid":"af37c51c-0790-4a29-b995-456f98a6b8c9"}},"application":"Grooveshark"},{"timestamp":{"iso":"2014-11-09T19:11:04","unixtimestamp":1415560264},"track":{"name":"Oxford Comma","mbid":"1a02f999-12f1-4391-ba0f-16d490f80b5e","artist":{"name":"Vampire Weekend","mbid":"af37c51c-0790-4a29-b995-456f98a6b8c9"}},"uncorrectedTrack":{"name":"Oxford Comma","mbid":"1a02f999-12f1-4391-ba0f-16d490f80b5e","artist":{"name":"Vampire Weekend","mbid":"af37c51c-0790-4a29-b995-456f98a6b8c9"}},"album":{"name":"Vampire Weekend","mbid":"29436531-8e43-4e5e-9d36-037e775e2883","artist":{"name":"Vampire Weekend","mbid":"af37c51c-0790-4a29-b995-456f98a6b8c9"}},"application":"Grooveshark"},{"timestamp":{"iso":"2014-11-09T19:14:19","unixtimestamp":1415560459},"track":{"name":"A-Punk","mbid":"abd613e9-ae57-4bd5-ae6c-33b336f4cfcf","artist":{"name":"Vampire Weekend","mbid":"af37c51c-0790-4a29-b995-456f98a6b8c9"}},"uncorrectedTrack":{"name":"A-Punk","mbid":"abd613e9-ae57-4bd5-ae6c-33b336f4cfcf","artist":{"name":"Vampire Weekend","mbid":"af37c51c-0790-4a29-b995-456f98a6b8c9"}},"album":{"name":"Vampire Weekend","mbid":"29436531-8e43-4e5e-9d36-037e775e2883","artist":{"name":"Vampire Weekend","mbid":"af37c51c-0790-4a29-b995-456f98a6b8c9"}},"application":"Grooveshark"},{"timestamp":{"iso":"2014-11-09T19:16:37","unixtimestamp":1415560597},"track":{"name":"Cape Cod Kwassa Kwassa","mbid":"0e4a0a65-1375-4539-9049-8a342f63337d","artist":{"name":"Vampire Weekend","mbid":"af37c51c-0790-4a29-b995-456f98a6b8c9"}},"uncorrectedTrack":{"name":"Cape Cod Kwassa Kwassa","mbid":"0e4a0a65-1375-4539-9049-8a342f63337d","artist":{"name":"Vampire Weekend","mbid":"af37c51c-0790-4a29-b995-456f98a6b8c9"}},"album":{"name":"Vampire Weekend","mbid":"29436531-8e43-4e5e-9d36-037e775e2883","artist":{"name":"Vampire Weekend","mbid":"af37c51c-0790-4a29-b995-456f98a6b8c9"}},"application":"Grooveshark"},{"timestamp":{"iso":"2014-11-09T19:20:12","unixtimestamp":1415560812},"track":{"name":"M79","mbid":"0db4bea2-bf1f-416e-86d4-4a06546b1db2","artist":{"name":"Vampire Weekend","mbid":"af37c51c-0790-4a29-b995-456f98a6b8c9"}},"uncorrectedTrack":{"name":"M79","mbid":"0db4bea2-bf1f-416e-86d4-4a06546b1db2","artist":{"name":"Vampire Weekend","mbid":"af37c51c-0790-4a29-b995-456f98a6b8c9"}},"album":{"name":"Vampire Weekend","mbid":"29436531-8e43-4e5e-9d36-037e775e2883","artist":{"name":"Vampire Weekend","mbid":"af37c51c-0790-4a29-b995-456f98a6b8c9"}},"application":"Grooveshark"},{"timestamp":{"iso":"2014-11-09T19:24:26","unixtimestamp":1415561066},"track":{"name":"Campus","mbid":"1703691a-ec5d-45ae-a880-f3f2a6f7843c","artist":{"name":"Vampire Weekend","mbid":"af37c51c-0790-4a29-b995-456f98a6b8c9"}},"uncorrectedTrack":{"name":"Campus","mbid":"1703691a-ec5d-45ae-a880-f3f2a6f7843c","artist":{"name":"Vampire Weekend","mbid":"af37c51c-0790-4a29-b995-456f98a6b8c9"}},"album":{"name":"Vampire Weekend","mbid":"29436531-8e43-4e5e-9d36-037e775e2883","artist":{"name":"Vampire Weekend","mbid":"af37c51c-0790-4a29-b995-456f98a6b8c9"}},"application":"Grooveshark"},{"timestamp":{"iso":"2014-11-09T19:27:22","unixtimestamp":1415561242},"track":{"name":"Bryn","mbid":"e3a8e01b-3428-4eca-a4d8-245bba2b8a4c","artist":{"name":"Vampire Weekend","mbid":"af37c51c-0790-4a29-b995-456f98a6b8c9"}},"uncorrectedTrack":{"name":"Bryn","mbid":"e3a8e01b-3428-4eca-a4d8-245bba2b8a4c","artist":{"name":"Vampire Weekend","mbid":"af37c51c-0790-4a29-b995-456f98a6b8c9"}},"album":{"name":"Vampire Weekend","mbid":"29436531-8e43-4e5e-9d36-037e775e2883","artist":{"name":"Vampire Weekend","mbid":"af37c51c-0790-4a29-b995-456f98a6b8c9"}},"application":"Grooveshark"},{"timestamp":{"iso":"2014-11-09T19:29:35","unixtimestamp":1415561375},"track":{"name":"I Stand Corrected","mbid":"57786bac-cb87-4c1b-88ad-c74c50ab6c02","artist":{"name":"Vampire Weekend","mbid":"af37c51c-0790-4a29-b995-456f98a6b8c9"}},"uncorrectedTrack":{"name":"I Stand Corrected","mbid":"57786bac-cb87-4c1b-88ad-c74c50ab6c02","artist":{"name":"Vampire Weekend","mbid":"af37c51c-0790-4a29-b995-456f98a6b8c9"}},"album":{"name":"Vampire Weekend","mbid":"29436531-8e43-4e5e-9d36-037e775e2883","artist":{"name":"Vampire Weekend","mbid":"af37c51c-0790-4a29-b995-456f98a6b8c9"}},"application":"Grooveshark"},{"timestamp":{"iso":"2014-11-09T19:32:15","unixtimestamp":1415561535},"track":{"name":"Walcott","mbid":"2904e44a-b56e-42ed-8f4f-cdfe403cd43a","artist":{"name":"Vampire Weekend","mbid":"af37c51c-0790-4a29-b995-456f98a6b8c9"}},"uncorrectedTrack":{"name":"Walcott","mbid":"2904e44a-b56e-42ed-8f4f-cdfe403cd43a","artist":{"name":"Vampire Weekend","mbid":"af37c51c-0790-4a29-b995-456f98a6b8c9"}},"album":{"name":"Vampire Weekend","mbid":"29436531-8e43-4e5e-9d36-037e775e2883","artist":{"name":"Vampire Weekend","mbid":"af37c51c-0790-4a29-b995-456f98a6b8c9"}},"application":"Grooveshark"},{"timestamp":{"iso":"2014-11-09T19:35:57","unixtimestamp":1415561757},"track":{"name":"The Kids Don’t Stand a Chance","mbid":"034f3e59-c433-47aa-b596-b83bbb6b20bb","artist":{"name":"Vampire Weekend","mbid":"af37c51c-0790-4a29-b995-456f98a6b8c9"}},"uncorrectedTrack":{"name":"The Kids Don’t Stand a Chance","mbid":"034f3e59-c433-47aa-b596-b83bbb6b20bb","artist":{"name":"Vampire Weekend","mbid":"af37c51c-0790-4a29-b995-456f98a6b8c9"}},"album":{"name":"Vampire Weekend","mbid":"29436531-8e43-4e5e-9d36-037e775e2883","artist":{"name":"Vampire Weekend","mbid":"af37c51c-0790-4a29-b995-456f98a6b8c9"}},"application":"Grooveshark"},{"timestamp":{"iso":"2014-11-09T19:43:10","unixtimestamp":1415562190},"track":{"name":"Horchata","mbid":"46faf359-edb7-4512-a309-c12e28474a7f","artist":{"name":"Vampire Weekend","mbid":"af37c51c-0790-4a29-b995-456f98a6b8c9"}},"uncorrectedTrack":{"name":"Horchata","mbid":"46faf359-edb7-4512-a309-c12e28474a7f","artist":{"name":"Vampire Weekend","mbid":"af37c51c-0790-4a29-b995-456f98a6b8c9"}},"album":{"name":"Contra","mbid":"6a37f216-01ce-4102-ae19-d3546925cc24","artist":{"name":"Vampire Weekend","mbid":"af37c51c-0790-4a29-b995-456f98a6b8c9"}},"application":"Grooveshark"},{"timestamp":{"iso":"2014-11-09T19:46:37","unixtimestamp":1415562397},"track":{"name":"White Sky","mbid":"7a3bd291-4579-499d-829b-20092de55817","artist":{"name":"Vampire Weekend","mbid":"af37c51c-0790-4a29-b995-456f98a6b8c9"}},"uncorrectedTrack":{"name":"White Sky","mbid":"7a3bd291-4579-499d-829b-20092de55817","artist":{"name":"Vampire Weekend","mbid":"af37c51c-0790-4a29-b995-456f98a6b8c9"}},"album":{"name":"Contra","mbid":"6a37f216-01ce-4102-ae19-d3546925cc24","artist":{"name":"Vampire Weekend","mbid":"af37c51c-0790-4a29-b995-456f98a6b8c9"}},"application":"Grooveshark"},{"timestamp":{"iso":"2014-11-09T19:49:37","unixtimestamp":1415562577},"track":{"name":"Holiday","mbid":"b6ea5d88-1d01-453c-9ed8-d2136f7e0058","artist":{"name":"Vampire Weekend","mbid":"af37c51c-0790-4a29-b995-456f98a6b8c9"}},"uncorrectedTrack":{"name":"Holiday","mbid":"b6ea5d88-1d01-453c-9ed8-d2136f7e0058","artist":{"name":"Vampire Weekend","mbid":"af37c51c-0790-4a29-b995-456f98a6b8c9"}},"album":{"name":"Contra","mbid":"6a37f216-01ce-4102-ae19-d3546925cc24","artist":{"name":"Vampire Weekend","mbid":"af37c51c-0790-4a29-b995-456f98a6b8c9"}},"application":"Grooveshark"},{"timestamp":{"iso":"2014-11-09T19:51:55","unixtimestamp":1415562715},"track":{"name":"California English","mbid":"39be1a80-b781-4663-8967-f8ae080ff5fd","artist":{"name":"Vampire Weekend","mbid":"af37c51c-0790-4a29-b995-456f98a6b8c9"}},"uncorrectedTrack":{"name":"California English","mbid":"39be1a80-b781-4663-8967-f8ae080ff5fd","artist":{"name":"Vampire Weekend","mbid":"af37c51c-0790-4a29-b995-456f98a6b8c9"}},"album":{"name":"Contra","mbid":"6a37f216-01ce-4102-ae19-d3546925cc24","artist":{"name":"Vampire Weekend","mbid":"af37c51c-0790-4a29-b995-456f98a6b8c9"}},"application":"Grooveshark"},{"timestamp":{"iso":"2014-11-09T19:54:25","unixtimestamp":1415562865},"track":{"name":"Taxi Cab","mbid":"1eb76ecc-df8b-424e-920a-35a872571fc1","artist":{"name":"Vampire Weekend","mbid":"af37c51c-0790-4a29-b995-456f98a6b8c9"}},"uncorrectedTrack":{"name":"Taxi Cab","mbid":"1eb76ecc-df8b-424e-920a-35a872571fc1","artist":{"name":"Vampire Weekend","mbid":"af37c51c-0790-4a29-b995-456f98a6b8c9"}},"album":{"name":"Contra","mbid":"6a37f216-01ce-4102-ae19-d3546925cc24","artist":{"name":"Vampire Weekend","mbid":"af37c51c-0790-4a29-b995-456f98a6b8c9"}},"application":"Grooveshark"},{"timestamp":{"iso":"2014-11-09T19:58:22","unixtimestamp":1415563102},"track":{"name":"Run","mbid":"28f4c0cd-416d-4c8c-9d79-5e8f070953f8","artist":{"name":"Vampire Weekend","mbid":"af37c51c-0790-4a29-b995-456f98a6b8c9"}},"uncorrectedTrack":{"name":"Run","mbid":"28f4c0cd-416d-4c8c-9d79-5e8f070953f8","artist":{"name":"Vampire Weekend","mbid":"af37c51c-0790-4a29-b995-456f98a6b8c9"}},"album":{"name":"Contra","mbid":"6a37f216-01ce-4102-ae19-d3546925cc24","artist":{"name":"Vampire Weekend","mbid":"af37c51c-0790-4a29-b995-456f98a6b8c9"}},"application":"Grooveshark"},{"timestamp":{"iso":"2014-11-09T20:02:16","unixtimestamp":1415563336},"track":{"name":"Cousins","mbid":"c17a17ab-920b-48bb-873c-04827e72c9bf","artist":{"name":"Vampire Weekend","mbid":"af37c51c-0790-4a29-b995-456f98a6b8c9"}},"uncorrectedTrack":{"name":"Cousins","mbid":"c17a17ab-920b-48bb-873c-04827e72c9bf","artist":{"name":"Vampire Weekend","mbid":"af37c51c-0790-4a29-b995-456f98a6b8c9"}},"album":{"name":"Contra","mbid":"6a37f216-01ce-4102-ae19-d3546925cc24","artist":{"name":"Vampire Weekend","mbid":"af37c51c-0790-4a29-b995-456f98a6b8c9"}},"application":"Grooveshark"},{"timestamp":{"iso":"2014-11-09T20:04:42","unixtimestamp":1415563482},"track":{"name":"Giving up the Gun","mbid":"fb46ee06-4ded-4b0c-862f-4e2b226d9430","artist":{"name":"Vampire Weekend","mbid":"af37c51c-0790-4a29-b995-456f98a6b8c9"}},"uncorrectedTrack":{"name":"Giving up the Gun","mbid":"fb46ee06-4ded-4b0c-862f-4e2b226d9430","artist":{"name":"Vampire Weekend","mbid":"af37c51c-0790-4a29-b995-456f98a6b8c9"}},"album":{"name":"Contra","mbid":"6a37f216-01ce-4102-ae19-d3546925cc24","artist":{"name":"Vampire Weekend","mbid":"af37c51c-0790-4a29-b995-456f98a6b8c9"}},"application":"Grooveshark"},{"timestamp":{"iso":"2014-11-09T20:09:29","unixtimestamp":1415563769},"track":{"name":"Diplomat’s Son","mbid":"09f75557-a240-43d2-925d-da37fe901ee8","artist":{"name":"Vampire Weekend","mbid":"af37c51c-0790-4a29-b995-456f98a6b8c9"}},"uncorrectedTrack":{"name":"Diplomat’s Son","mbid":"09f75557-a240-43d2-925d-da37fe901ee8","artist":{"name":"Vampire Weekend","mbid":"af37c51c-0790-4a29-b995-456f98a6b8c9"}},"album":{"name":"Contra","mbid":"6a37f216-01ce-4102-ae19-d3546925cc24","artist":{"name":"Vampire Weekend","mbid":"af37c51c-0790-4a29-b995-456f98a6b8c9"}},"application":"Grooveshark"},{"timestamp":{"iso":"2014-11-09T20:15:30","unixtimestamp":1415564130},"track":{"name":"I Think Ur a Contra","mbid":"1c242a81-e3b1-4afd-b661-79889a8e7d58","artist":{"name":"Vampire Weekend","mbid":"af37c51c-0790-4a29-b995-456f98a6b8c9"}},"uncorrectedTrack":{"name":"I Think Ur a Contra","mbid":"1c242a81-e3b1-4afd-b661-79889a8e7d58","artist":{"name":"Vampire Weekend","mbid":"af37c51c-0790-4a29-b995-456f98a6b8c9"}},"album":{"name":"Contra","mbid":"6a37f216-01ce-4102-ae19-d3546925cc24","artist":{"name":"Vampire Weekend","mbid":"af37c51c-0790-4a29-b995-456f98a6b8c9"}},"application":"Grooveshark"},{"timestamp":{"iso":"2014-11-09T20:24:06","unixtimestamp":1415564646},"track":{"name":"Mansard Roof","mbid":"1c6c75a6-3779-469e-b3ef-f9314e9d47e1","artist":{"name":"Vampire Weekend","mbid":"af37c51c-0790-4a29-b995-456f98a6b8c9"}},"uncorrectedTrack":{"name":"Mansard Roof","mbid":"1c6c75a6-3779-469e-b3ef-f9314e9d47e1","artist":{"name":"Vampire Weekend","mbid":"af37c51c-0790-4a29-b995-456f98a6b8c9"}},"album":{"name":"Vampire Weekend","mbid":"29436531-8e43-4e5e-9d36-037e775e2883","artist":{"name":"Vampire Weekend","mbid":"af37c51c-0790-4a29-b995-456f98a6b8c9"}},"application":"Grooveshark"},{"timestamp":{"iso":"2014-11-09T20:26:13","unixtimestamp":1415564773},"track":{"name":"Oxford Comma","mbid":"1a02f999-12f1-4391-ba0f-16d490f80b5e","artist":{"name":"Vampire Weekend","mbid":"af37c51c-0790-4a29-b995-456f98a6b8c9"}},"uncorrectedTrack":{"name":"Oxford Comma","mbid":"1a02f999-12f1-4391-ba0f-16d490f80b5e","artist":{"name":"Vampire Weekend","mbid":"af37c51c-0790-4a29-b995-456f98a6b8c9"}},"album":{"name":"Vampire Weekend","mbid":"29436531-8e43-4e5e-9d36-037e775e2883","artist":{"name":"Vampire Weekend","mbid":"af37c51c-0790-4a29-b995-456f98a6b8c9"}},"application":"Grooveshark"},{"timestamp":{"iso":"2014-11-09T20:29:36","unixtimestamp":1415564976},"track":{"name":"Cape Cod Kwassa Kwassa","mbid":"0e4a0a65-1375-4539-9049-8a342f63337d","artist":{"name":"Vampire Weekend","mbid":"af37c51c-0790-4a29-b995-456f98a6b8c9"}},"uncorrectedTrack":{"name":"Cape Cod Kwassa Kwassa","mbid":"0e4a0a65-1375-4539-9049-8a342f63337d","artist":{"name":"Vampire Weekend","mbid":"af37c51c-0790-4a29-b995-456f98a6b8c9"}},"album":{"name":"Vampire Weekend","mbid":"29436531-8e43-4e5e-9d36-037e775e2883","artist":{"name":"Vampire Weekend","mbid":"af37c51c-0790-4a29-b995-456f98a6b8c9"}},"application":"Grooveshark"},{"timestamp":{"iso":"2014-11-09T20:33:10","unixtimestamp":1415565190},"track":{"name":"M79","mbid":"0db4bea2-bf1f-416e-86d4-4a06546b1db2","artist":{"name":"Vampire Weekend","mbid":"af37c51c-0790-4a29-b995-456f98a6b8c9"}},"uncorrectedTrack":{"name":"M79","mbid":"0db4bea2-bf1f-416e-86d4-4a06546b1db2","artist":{"name":"Vampire Weekend","mbid":"af37c51c-0790-4a29-b995-456f98a6b8c9"}},"album":{"name":"Vampire Weekend","mbid":"29436531-8e43-4e5e-9d36-037e775e2883","artist":{"name":"Vampire Weekend","mbid":"af37c51c-0790-4a29-b995-456f98a6b8c9"}},"application":"Grooveshark"},{"timestamp":{"iso":"2014-11-09T20:37:23","unixtimestamp":1415565443},"track":{"name":"Campus","mbid":"1703691a-ec5d-45ae-a880-f3f2a6f7843c","artist":{"name":"Vampire Weekend","mbid":"af37c51c-0790-4a29-b995-456f98a6b8c9"}},"uncorrectedTrack":{"name":"Campus","mbid":"1703691a-ec5d-45ae-a880-f3f2a6f7843c","artist":{"name":"Vampire Weekend","mbid":"af37c51c-0790-4a29-b995-456f98a6b8c9"}},"album":{"name":"Vampire Weekend","mbid":"29436531-8e43-4e5e-9d36-037e775e2883","artist":{"name":"Vampire Weekend","mbid":"af37c51c-0790-4a29-b995-456f98a6b8c9"}},"application":"Grooveshark"},{"timestamp":{"iso":"2014-11-09T20:40:20","unixtimestamp":1415565620},"track":{"name":"Bryn","mbid":"e3a8e01b-3428-4eca-a4d8-245bba2b8a4c","artist":{"name":"Vampire Weekend","mbid":"af37c51c-0790-4a29-b995-456f98a6b8c9"}},"uncorrectedTrack":{"name":"Bryn","mbid":"e3a8e01b-3428-4eca-a4d8-245bba2b8a4c","artist":{"name":"Vampire Weekend","mbid":"af37c51c-0790-4a29-b995-456f98a6b8c9"}},"album":{"name":"Vampire Weekend","mbid":"29436531-8e43-4e5e-9d36-037e775e2883","artist":{"name":"Vampire Weekend","mbid":"af37c51c-0790-4a29-b995-456f98a6b8c9"}},"application":"Grooveshark"},{"timestamp":{"iso":"2014-11-09T20:42:33","unixtimestamp":1415565753},"track":{"name":"I Stand Corrected","mbid":"57786bac-cb87-4c1b-88ad-c74c50ab6c02","artist":{"name":"Vampire Weekend","mbid":"af37c51c-0790-4a29-b995-456f98a6b8c9"}},"uncorrectedTrack":{"name":"I Stand Corrected","mbid":"57786bac-cb87-4c1b-88ad-c74c50ab6c02","artist":{"name":"Vampire Weekend","mbid":"af37c51c-0790-4a29-b995-456f98a6b8c9"}},"album":{"name":"Vampire Weekend","mbid":"29436531-8e43-4e5e-9d36-037e775e2883","artist":{"name":"Vampire Weekend","mbid":"af37c51c-0790-4a29-b995-456f98a6b8c9"}},"application":"Grooveshark"},{"timestamp":{"iso":"2014-11-09T20:45:13","unixtimestamp":1415565913},"track":{"name":"Walcott","mbid":"2904e44a-b56e-42ed-8f4f-cdfe403cd43a","artist":{"name":"Vampire Weekend","mbid":"af37c51c-0790-4a29-b995-456f98a6b8c9"}},"uncorrectedTrack":{"name":"Walcott","mbid":"2904e44a-b56e-42ed-8f4f-cdfe403cd43a","artist":{"name":"Vampire Weekend","mbid":"af37c51c-0790-4a29-b995-456f98a6b8c9"}},"album":{"name":"Vampire Weekend","mbid":"29436531-8e43-4e5e-9d36-037e775e2883","artist":{"name":"Vampire Weekend","mbid":"af37c51c-0790-4a29-b995-456f98a6b8c9"}},"application":"Grooveshark"},{"timestamp":{"iso":"2014-11-09T20:48:55","unixtimestamp":1415566135},"track":{"name":"The Kids Don’t Stand a Chance","mbid":"034f3e59-c433-47aa-b596-b83bbb6b20bb","artist":{"name":"Vampire Weekend","mbid":"af37c51c-0790-4a29-b995-456f98a6b8c9"}},"uncorrectedTrack":{"name":"The Kids Don’t Stand a Chance","mbid":"034f3e59-c433-47aa-b596-b83bbb6b20bb","artist":{"name":"Vampire Weekend","mbid":"af37c51c-0790-4a29-b995-456f98a6b8c9"}},"album":{"name":"Vampire Weekend","mbid":"29436531-8e43-4e5e-9d36-037e775e2883","artist":{"name":"Vampire Weekend","mbid":"af37c51c-0790-4a29-b995-456f98a6b8c9"}},"application":"Grooveshark"},{"timestamp":{"iso":"2014-11-09T20:53:02","unixtimestamp":1415566382},"track":{"name":"Horchata","mbid":"46faf359-edb7-4512-a309-c12e28474a7f","artist":{"name":"Vampire Weekend","mbid":"af37c51c-0790-4a29-b995-456f98a6b8c9"}},"uncorrectedTrack":{"name":"Horchata","mbid":"46faf359-edb7-4512-a309-c12e28474a7f","artist":{"name":"Vampire Weekend","mbid":"af37c51c-0790-4a29-b995-456f98a6b8c9"}},"album":{"name":"Contra","mbid":"6a37f216-01ce-4102-ae19-d3546925cc24","artist":{"name":"Vampire Weekend","mbid":"af37c51c-0790-4a29-b995-456f98a6b8c9"}},"application":"Grooveshark"},{"timestamp":{"iso":"2014-11-09T20:56:29","unixtimestamp":1415566589},"track":{"name":"White Sky","mbid":"7a3bd291-4579-499d-829b-20092de55817","artist":{"name":"Vampire Weekend","mbid":"af37c51c-0790-4a29-b995-456f98a6b8c9"}},"uncorrectedTrack":{"name":"White Sky","mbid":"7a3bd291-4579-499d-829b-20092de55817","artist":{"name":"Vampire Weekend","mbid":"af37c51c-0790-4a29-b995-456f98a6b8c9"}},"album":{"name":"Contra","mbid":"6a37f216-01ce-4102-ae19-d3546925cc24","artist":{"name":"Vampire Weekend","mbid":"af37c51c-0790-4a29-b995-456f98a6b8c9"}},"application":"Grooveshark"},{"timestamp":{"iso":"2014-11-09T20:59:29","unixtimestamp":1415566769},"track":{"name":"Holiday","mbid":"b6ea5d88-1d01-453c-9ed8-d2136f7e0058","artist":{"name":"Vampire Weekend","mbid":"af37c51c-0790-4a29-b995-456f98a6b8c9"}},"uncorrectedTrack":{"name":"Holiday","mbid":"b6ea5d88-1d01-453c-9ed8-d2136f7e0058","artist":{"name":"Vampire Weekend","mbid":"af37c51c-0790-4a29-b995-456f98a6b8c9"}},"album":{"name":"Contra","mbid":"6a37f216-01ce-4102-ae19-d3546925cc24","artist":{"name":"Vampire Weekend","mbid":"af37c51c-0790-4a29-b995-456f98a6b8c9"}},"application":"Grooveshark"},{"timestamp":{"iso":"2014-11-09T21:01:47","unixtimestamp":1415566907},"track":{"name":"California English","mbid":"39be1a80-b781-4663-8967-f8ae080ff5fd","artist":{"name":"Vampire Weekend","mbid":"af37c51c-0790-4a29-b995-456f98a6b8c9"}},"uncorrectedTrack":{"name":"California English","mbid":"39be1a80-b781-4663-8967-f8ae080ff5fd","artist":{"name":"Vampire Weekend","mbid":"af37c51c-0790-4a29-b995-456f98a6b8c9"}},"album":{"name":"Contra","mbid":"6a37f216-01ce-4102-ae19-d3546925cc24","artist":{"name":"Vampire Weekend","mbid":"af37c51c-0790-4a29-b995-456f98a6b8c9"}},"application":"Grooveshark"},{"timestamp":{"iso":"2014-11-09T21:04:18","unixtimestamp":1415567058},"track":{"name":"Taxi Cab","mbid":"1eb76ecc-df8b-424e-920a-35a872571fc1","artist":{"name":"Vampire Weekend","mbid":"af37c51c-0790-4a29-b995-456f98a6b8c9"}},"uncorrectedTrack":{"name":"Taxi Cab","mbid":"1eb76ecc-df8b-424e-920a-35a872571fc1","artist":{"name":"Vampire Weekend","mbid":"af37c51c-0790-4a29-b995-456f98a6b8c9"}},"album":{"name":"Contra","mbid":"6a37f216-01ce-4102-ae19-d3546925cc24","artist":{"name":"Vampire Weekend","mbid":"af37c51c-0790-4a29-b995-456f98a6b8c9"}},"application":"Grooveshark"},{"timestamp":{"iso":"2014-11-10T18:59:31","unixtimestamp":1415645971},"track":{"name":"\u0027Ulili E (vocal duet with David Kamakahi)","artist":{"name":"Dennis Kamakahi","mbid":"003f777f-98e1-4a55-9548-6ec52b7e624c"}},"uncorrectedTrack":{"name":"\u0027Ulili E (vocal duet with David Kamakahi)","artist":{"name":"Dennis Kamakahi","mbid":"003f777f-98e1-4a55-9548-6ec52b7e624c"}},"album":{"name":"The Descendants Soundtrack","artist":{"name":"Dennis Kamakahi","mbid":"003f777f-98e1-4a55-9548-6ec52b7e624c"}},"application":"Grooveshark"},{"timestamp":{"iso":"2014-11-10T19:07:49","unixtimestamp":1415646469},"track":{"name":"Palmitos Park","mbid":"03dd1f0d-1b78-49bb-9de8-cad73560837d","artist":{"name":"El Guincho","mbid":"7e57d8a2-e6eb-48dd-8e50-ff7eaa412ccb"}},"uncorrectedTrack":{"name":"Palmitos Park","mbid":"03dd1f0d-1b78-49bb-9de8-cad73560837d","artist":{"name":"El Guincho","mbid":"7e57d8a2-e6eb-48dd-8e50-ff7eaa412ccb"}},"album":{"name":"Alegranza","mbid":"08cd6dab-f1e1-3360-b139-4b25e03d36a1","artist":{"name":"El Guincho","mbid":"7e57d8a2-e6eb-48dd-8e50-ff7eaa412ccb"}},"application":"Grooveshark"},{"timestamp":{"iso":"2014-11-10T19:10:37","unixtimestamp":1415646637},"track":{"name":"Meu Destino (My Destiny)","artist":{"name":"Thievery Corporation","mbid":"a505bb48-ad65-4af4-ae47-29149715bff9"}},"uncorrectedTrack":{"name":"Meu Destino (My Destiny)","artist":{"name":"Thievery Corporation","mbid":"a505bb48-ad65-4af4-ae47-29149715bff9"}},"album":{"name":"The Richest Man in Babylon","mbid":"1770ef1b-d12b-4b23-b594-a3d471c3d600","artist":{"name":"Thievery Corporation","mbid":"a505bb48-ad65-4af4-ae47-29149715bff9"}},"application":"Grooveshark"},{"timestamp":{"iso":"2014-11-10T19:14:08","unixtimestamp":1415646848},"track":{"name":"Exilio (Exile)","mbid":"a189d44c-f4c7-428a-b46b-41465b07e8a8","artist":{"name":"Thievery Corporation","mbid":"a505bb48-ad65-4af4-ae47-29149715bff9"}},"uncorrectedTrack":{"name":"Exilio (Exile)","mbid":"a189d44c-f4c7-428a-b46b-41465b07e8a8","artist":{"name":"Thievery Corporation","mbid":"a505bb48-ad65-4af4-ae47-29149715bff9"}},"album":{"name":"The Richest Man in Babylon","mbid":"1770ef1b-d12b-4b23-b594-a3d471c3d600","artist":{"name":"Thievery Corporation","mbid":"a505bb48-ad65-4af4-ae47-29149715bff9"}},"application":"Grooveshark"},{"timestamp":{"iso":"2014-11-10T19:17:11","unixtimestamp":1415647031},"track":{"name":"Omid (Hope)","mbid":"87be499b-4615-44f9-93ba-c11d527dd533","artist":{"name":"Thievery Corporation","mbid":"a505bb48-ad65-4af4-ae47-29149715bff9"}},"uncorrectedTrack":{"name":"Omid (Hope)","mbid":"87be499b-4615-44f9-93ba-c11d527dd533","artist":{"name":"Thievery Corporation","mbid":"a505bb48-ad65-4af4-ae47-29149715bff9"}},"album":{"name":"The Richest Man in Babylon","mbid":"1770ef1b-d12b-4b23-b594-a3d471c3d600","artist":{"name":"Thievery Corporation","mbid":"a505bb48-ad65-4af4-ae47-29149715bff9"}},"application":"Grooveshark"},{"timestamp":{"iso":"2014-11-10T19:20:59","unixtimestamp":1415647259},"track":{"name":"The Richest Man in Babylon","mbid":"fa7a133b-c417-4b10-a2e0-1f2b5922acda","artist":{"name":"Thievery Corporation","mbid":"a505bb48-ad65-4af4-ae47-29149715bff9"}},"uncorrectedTrack":{"name":"The Richest Man in Babylon","mbid":"fa7a133b-c417-4b10-a2e0-1f2b5922acda","artist":{"name":"Thievery Corporation","mbid":"a505bb48-ad65-4af4-ae47-29149715bff9"}},"album":{"name":"The Richest Man in Babylon","mbid":"1770ef1b-d12b-4b23-b594-a3d471c3d600","artist":{"name":"Thievery Corporation","mbid":"a505bb48-ad65-4af4-ae47-29149715bff9"}},"application":"Grooveshark"},{"timestamp":{"iso":"2014-11-10T19:24:49","unixtimestamp":1415647489},"track":{"name":"Until The Morning (feat. Emilíana Torrini)","artist":{"name":"Thievery Corporation","mbid":"a505bb48-ad65-4af4-ae47-29149715bff9"}},"uncorrectedTrack":{"name":"Until The Morning (feat. Emilíana Torrini)","artist":{"name":"Thievery Corporation","mbid":"a505bb48-ad65-4af4-ae47-29149715bff9"}},"album":{"name":"The Richest Man in Babylon","mbid":"1770ef1b-d12b-4b23-b594-a3d471c3d600","artist":{"name":"Thievery Corporation","mbid":"a505bb48-ad65-4af4-ae47-29149715bff9"}},"application":"Grooveshark"},{"timestamp":{"iso":"2014-11-10T19:28:46","unixtimestamp":1415647726},"track":{"name":"The Mirror Conspiracy","mbid":"0384fc05-959e-488f-ad86-5c6fa0bd739b","artist":{"name":"Thievery Corporation","mbid":"a505bb48-ad65-4af4-ae47-29149715bff9"}},"uncorrectedTrack":{"name":"The Mirror Conspiracy","mbid":"0384fc05-959e-488f-ad86-5c6fa0bd739b","artist":{"name":"Thievery Corporation","mbid":"a505bb48-ad65-4af4-ae47-29149715bff9"}},"album":{"name":"The Mirror Conspiracy","mbid":"d8e7f1f0-0d17-47a7-8fcf-0e297adbae97","artist":{"name":"Thievery Corporation","mbid":"a505bb48-ad65-4af4-ae47-29149715bff9"}},"application":"Grooveshark"},{"timestamp":{"iso":"2014-11-10T19:32:31","unixtimestamp":1415647951},"track":{"name":"Bario Alto","mbid":"cdb077b2-5613-42a1-91ed-4041f22c7103","artist":{"name":"Thievery Corporation","mbid":"a505bb48-ad65-4af4-ae47-29149715bff9"}},"uncorrectedTrack":{"name":"Bario Alto","mbid":"cdb077b2-5613-42a1-91ed-4041f22c7103","artist":{"name":"Thievery Corporation","mbid":"a505bb48-ad65-4af4-ae47-29149715bff9"}},"album":{"name":"The Mirror Conspiracy","mbid":"d8e7f1f0-0d17-47a7-8fcf-0e297adbae97","artist":{"name":"Thievery Corporation","mbid":"a505bb48-ad65-4af4-ae47-29149715bff9"}},"application":"Grooveshark"},{"timestamp":{"iso":"2014-11-10T19:36:26","unixtimestamp":1415648186},"track":{"name":"Só Com Você","artist":{"name":"Thievery Corporation","mbid":"a505bb48-ad65-4af4-ae47-29149715bff9"}},"uncorrectedTrack":{"name":"Só Com Você","artist":{"name":"Thievery Corporation","mbid":"a505bb48-ad65-4af4-ae47-29149715bff9"}},"album":{"name":"The Mirror Conspiracy","mbid":"d8e7f1f0-0d17-47a7-8fcf-0e297adbae97","artist":{"name":"Thievery Corporation","mbid":"a505bb48-ad65-4af4-ae47-29149715bff9"}},"application":"Grooveshark"},{"timestamp":{"iso":"2014-11-10T19:52:29","unixtimestamp":1415649149},"track":{"name":"Samba Tranquille","mbid":"737be876-53ad-4fdd-b401-3807536b32eb","artist":{"name":"Thievery Corporation","mbid":"a505bb48-ad65-4af4-ae47-29149715bff9"}},"uncorrectedTrack":{"name":"Samba Tranquille","mbid":"737be876-53ad-4fdd-b401-3807536b32eb","artist":{"name":"Thievery Corporation","mbid":"a505bb48-ad65-4af4-ae47-29149715bff9"}},"album":{"name":"The Mirror Conspiracy","mbid":"d8e7f1f0-0d17-47a7-8fcf-0e297adbae97","artist":{"name":"Thievery Corporation","mbid":"a505bb48-ad65-4af4-ae47-29149715bff9"}},"application":"Grooveshark"},{"timestamp":{"iso":"2014-11-10T20:13:11","unixtimestamp":1415650391},"track":{"name":"Novias","mbid":"b4de7318-5e65-450c-baf2-d1cfac5e4b78","artist":{"name":"El Guincho","mbid":"7e57d8a2-e6eb-48dd-8e50-ff7eaa412ccb"}},"uncorrectedTrack":{"name":"Novias","mbid":"b4de7318-5e65-450c-baf2-d1cfac5e4b78","artist":{"name":"El Guincho","mbid":"7e57d8a2-e6eb-48dd-8e50-ff7eaa412ccb"}},"album":{"name":"Pop Negro","mbid":"d1155ca2-d814-4f17-9426-743189f8d853","artist":{"name":"El Guincho","mbid":"7e57d8a2-e6eb-48dd-8e50-ff7eaa412ccb"}},"application":"Grooveshark"},{"timestamp":{"iso":"2014-11-10T20:23:57","unixtimestamp":1415651037},"track":{"name":"Samba Tranquille","mbid":"737be876-53ad-4fdd-b401-3807536b32eb","artist":{"name":"Thievery Corporation","mbid":"a505bb48-ad65-4af4-ae47-29149715bff9"}},"uncorrectedTrack":{"name":"Samba Tranquille","mbid":"737be876-53ad-4fdd-b401-3807536b32eb","artist":{"name":"Thievery Corporation","mbid":"a505bb48-ad65-4af4-ae47-29149715bff9"}},"album":{"name":"The Mirror Conspiracy","mbid":"d8e7f1f0-0d17-47a7-8fcf-0e297adbae97","artist":{"name":"Thievery Corporation","mbid":"a505bb48-ad65-4af4-ae47-29149715bff9"}},"application":"Grooveshark"},{"timestamp":{"iso":"2014-11-12T21:09:49","unixtimestamp":1415826589},"track":{"name":"\u0027Ulili E (vocal duet with David Kamakahi)","artist":{"name":"Dennis Kamakahi","mbid":"003f777f-98e1-4a55-9548-6ec52b7e624c"}},"uncorrectedTrack":{"name":"\u0027Ulili E (vocal duet with David Kamakahi)","artist":{"name":"Dennis Kamakahi","mbid":"003f777f-98e1-4a55-9548-6ec52b7e624c"}},"album":{"name":"The Descendants Soundtrack","artist":{"name":"Dennis Kamakahi","mbid":"003f777f-98e1-4a55-9548-6ec52b7e624c"}},"application":"Grooveshark"},{"timestamp":{"iso":"2014-11-12T22:05:21","unixtimestamp":1415829921},"track":{"name":"\u0027Ulili E (vocal duet with David Kamakahi)","artist":{"name":"Dennis Kamakahi","mbid":"003f777f-98e1-4a55-9548-6ec52b7e624c"}},"uncorrectedTrack":{"name":"\u0027Ulili E (vocal duet with David Kamakahi)","artist":{"name":"Dennis Kamakahi","mbid":"003f777f-98e1-4a55-9548-6ec52b7e624c"}},"album":{"name":"The Descendants Soundtrack","artist":{"name":"Dennis Kamakahi","mbid":"003f777f-98e1-4a55-9548-6ec52b7e624c"}},"application":"Grooveshark"},{"timestamp":{"iso":"2014-11-14T17:14:59","unixtimestamp":1415985299},"track":{"name":"Handlebars","mbid":"0e077e05-b48a-4cb8-a0fe-131260a4e7f6","artist":{"name":"Flobots","mbid":"7892c869-1e2b-4b38-8540-4caff7dd2b49"}},"uncorrectedTrack":{"name":"Handlebars","mbid":"0e077e05-b48a-4cb8-a0fe-131260a4e7f6","artist":{"name":"Flobots","mbid":"7892c869-1e2b-4b38-8540-4caff7dd2b49"}},"application":"FoxyScrobbler"},{"timestamp":{"iso":"2014-11-21T23:55:48","unixtimestamp":1416614148},"track":{"name":"Bario Alto","mbid":"cdb077b2-5613-42a1-91ed-4041f22c7103","artist":{"name":"Thievery Corporation","mbid":"a505bb48-ad65-4af4-ae47-29149715bff9"}},"uncorrectedTrack":{"name":"Bario Alto","mbid":"cdb077b2-5613-42a1-91ed-4041f22c7103","artist":{"name":"Thievery Corporation","mbid":"a505bb48-ad65-4af4-ae47-29149715bff9"}},"album":{"name":"The Mirror Conspiracy","mbid":"d8e7f1f0-0d17-47a7-8fcf-0e297adbae97","artist":{"name":"Thievery Corporation","mbid":"a505bb48-ad65-4af4-ae47-29149715bff9"}},"application":"Grooveshark"},{"timestamp":{"iso":"2014-11-22T00:02:15","unixtimestamp":1416614535},"track":{"name":"Só Com Você","artist":{"name":"Thievery Corporation","mbid":"a505bb48-ad65-4af4-ae47-29149715bff9"}},"uncorrectedTrack":{"name":"Só Com Você","artist":{"name":"Thievery Corporation","mbid":"a505bb48-ad65-4af4-ae47-29149715bff9"}},"album":{"name":"The Mirror Conspiracy","mbid":"d8e7f1f0-0d17-47a7-8fcf-0e297adbae97","artist":{"name":"Thievery Corporation","mbid":"a505bb48-ad65-4af4-ae47-29149715bff9"}},"application":"Grooveshark"},{"timestamp":{"iso":"2014-11-22T00:05:03","unixtimestamp":1416614703},"track":{"name":"Samba Tranquille","mbid":"737be876-53ad-4fdd-b401-3807536b32eb","artist":{"name":"Thievery Corporation","mbid":"a505bb48-ad65-4af4-ae47-29149715bff9"}},"uncorrectedTrack":{"name":"Samba Tranquille","mbid":"737be876-53ad-4fdd-b401-3807536b32eb","artist":{"name":"Thievery Corporation","mbid":"a505bb48-ad65-4af4-ae47-29149715bff9"}},"album":{"name":"The Mirror Conspiracy","mbid":"d8e7f1f0-0d17-47a7-8fcf-0e297adbae97","artist":{"name":"Thievery Corporation","mbid":"a505bb48-ad65-4af4-ae47-29149715bff9"}},"application":"Grooveshark"},{"timestamp":{"iso":"2014-11-22T21:02:25","unixtimestamp":1416690145},"track":{"name":"Palmitos Park","mbid":"03dd1f0d-1b78-49bb-9de8-cad73560837d","artist":{"name":"El Guincho","mbid":"7e57d8a2-e6eb-48dd-8e50-ff7eaa412ccb"}},"uncorrectedTrack":{"name":"Palmitos Park","mbid":"03dd1f0d-1b78-49bb-9de8-cad73560837d","artist":{"name":"El Guincho","mbid":"7e57d8a2-e6eb-48dd-8e50-ff7eaa412ccb"}},"album":{"name":"Alegranza","mbid":"08cd6dab-f1e1-3360-b139-4b25e03d36a1","artist":{"name":"El Guincho","mbid":"7e57d8a2-e6eb-48dd-8e50-ff7eaa412ccb"}},"application":"Grooveshark"},{"timestamp":{"iso":"2014-11-22T21:07:07","unixtimestamp":1416690427},"track":{"name":"Novias","mbid":"b4de7318-5e65-450c-baf2-d1cfac5e4b78","artist":{"name":"El Guincho","mbid":"7e57d8a2-e6eb-48dd-8e50-ff7eaa412ccb"}},"uncorrectedTrack":{"name":"Novias","mbid":"b4de7318-5e65-450c-baf2-d1cfac5e4b78","artist":{"name":"El Guincho","mbid":"7e57d8a2-e6eb-48dd-8e50-ff7eaa412ccb"}},"album":{"name":"Pop Negro","mbid":"d1155ca2-d814-4f17-9426-743189f8d853","artist":{"name":"El Guincho","mbid":"7e57d8a2-e6eb-48dd-8e50-ff7eaa412ccb"}},"application":"Grooveshark"},{"timestamp":{"iso":"2014-11-22T21:20:55","unixtimestamp":1416691255},"track":{"name":"Fireworks","mbid":"5303b9a8-e151-4111-8cd6-933926520d18","artist":{"name":"Animal Collective","mbid":"0c751690-c784-4a4f-b1e4-c1de27d47581"}},"uncorrectedTrack":{"name":"Fireworks","mbid":"5303b9a8-e151-4111-8cd6-933926520d18","artist":{"name":"Animal Collective","mbid":"0c751690-c784-4a4f-b1e4-c1de27d47581"}},"album":{"name":"Strawberry Jam","mbid":"0e48536b-7d95-3f89-955f-96579a716cba","artist":{"name":"Animal Collective","mbid":"0c751690-c784-4a4f-b1e4-c1de27d47581"}},"application":"Grooveshark"},{"timestamp":{"iso":"2014-11-22T22:15:11","unixtimestamp":1416694511},"track":{"name":"All That You Give","mbid":"91247ee5-9e3d-401c-b5b2-8bf63c11ec71","artist":{"name":"The Cinematic Orchestra","mbid":"7c158ea8-c0aa-410e-bdc1-20bba9759577"}},"uncorrectedTrack":{"name":"All That You Give","mbid":"91247ee5-9e3d-401c-b5b2-8bf63c11ec71","artist":{"name":"The Cinematic Orchestra","mbid":"7c158ea8-c0aa-410e-bdc1-20bba9759577"}},"album":{"name":"Every Day","mbid":"44270faa-917a-4415-be27-d7f0aab94d52","artist":{"name":"The Cinematic Orchestra","mbid":"7c158ea8-c0aa-410e-bdc1-20bba9759577"}},"application":"Grooveshark"},{"timestamp":{"iso":"2014-11-22T22:21:17","unixtimestamp":1416694877},"track":{"name":"Cinematic Orchestra - Burn Out","artist":{"name":"The Cinematic Orchestra","mbid":"7c158ea8-c0aa-410e-bdc1-20bba9759577"}},"uncorrectedTrack":{"name":"Cinematic Orchestra - Burn Out","artist":{"name":"The Cinematic Orchestra","mbid":"7c158ea8-c0aa-410e-bdc1-20bba9759577"}},"album":{"name":"Every Day","mbid":"44270faa-917a-4415-be27-d7f0aab94d52","artist":{"name":"The Cinematic Orchestra","mbid":"7c158ea8-c0aa-410e-bdc1-20bba9759577"}},"application":"Grooveshark"},{"timestamp":{"iso":"2014-11-22T22:31:33","unixtimestamp":1416695493},"track":{"name":"Cinematic Orchestra - Flite","artist":{"name":"The Cinematic Orchestra","mbid":"7c158ea8-c0aa-410e-bdc1-20bba9759577"}},"uncorrectedTrack":{"name":"Cinematic Orchestra - Flite","artist":{"name":"The Cinematic Orchestra","mbid":"7c158ea8-c0aa-410e-bdc1-20bba9759577"}},"album":{"name":"Every Day","mbid":"44270faa-917a-4415-be27-d7f0aab94d52","artist":{"name":"The Cinematic Orchestra","mbid":"7c158ea8-c0aa-410e-bdc1-20bba9759577"}},"application":"Grooveshark"},{"timestamp":{"iso":"2014-11-22T22:38:09","unixtimestamp":1416695889},"track":{"name":"Man With the Movie Camera","mbid":"2ff9c10a-76b8-4633-90cd-7d07b07270a7","artist":{"name":"The Cinematic Orchestra","mbid":"7c158ea8-c0aa-410e-bdc1-20bba9759577"}},"uncorrectedTrack":{"name":"Man With the Movie Camera","mbid":"2ff9c10a-76b8-4633-90cd-7d07b07270a7","artist":{"name":"The Cinematic Orchestra","mbid":"7c158ea8-c0aa-410e-bdc1-20bba9759577"}},"album":{"name":"Every Day","mbid":"44270faa-917a-4415-be27-d7f0aab94d52","artist":{"name":"The Cinematic Orchestra","mbid":"7c158ea8-c0aa-410e-bdc1-20bba9759577"}},"application":"Grooveshark"},{"timestamp":{"iso":"2014-11-22T22:47:20","unixtimestamp":1416696440},"track":{"name":"Cinematic Orchestra - Everyday","artist":{"name":"The Cinematic Orchestra","mbid":"7c158ea8-c0aa-410e-bdc1-20bba9759577"}},"uncorrectedTrack":{"name":"Cinematic Orchestra - Everyday","artist":{"name":"The Cinematic Orchestra","mbid":"7c158ea8-c0aa-410e-bdc1-20bba9759577"}},"album":{"name":"Every Day","mbid":"44270faa-917a-4415-be27-d7f0aab94d52","artist":{"name":"The Cinematic Orchestra","mbid":"7c158ea8-c0aa-410e-bdc1-20bba9759577"}},"application":"Grooveshark"},{"timestamp":{"iso":"2014-11-22T22:57:38","unixtimestamp":1416697058},"track":{"name":"Oregon (Japanese bonus track)","artist":{"name":"The Cinematic Orchestra","mbid":"7c158ea8-c0aa-410e-bdc1-20bba9759577"}},"uncorrectedTrack":{"name":"Oregon (Japanese bonus track)","artist":{"name":"The Cinematic Orchestra","mbid":"7c158ea8-c0aa-410e-bdc1-20bba9759577"}},"album":{"name":"Every Day","mbid":"44270faa-917a-4415-be27-d7f0aab94d52","artist":{"name":"The Cinematic Orchestra","mbid":"7c158ea8-c0aa-410e-bdc1-20bba9759577"}},"application":"Grooveshark"},{"timestamp":{"iso":"2014-11-22T23:01:50","unixtimestamp":1416697310},"track":{"name":"Horizon (feat. Niara Scarlett)","mbid":"7bdf3c32-b9fb-4a88-b996-bfcab2bf8438","artist":{"name":"The Cinematic Orchestra","mbid":"7c158ea8-c0aa-410e-bdc1-20bba9759577"}},"uncorrectedTrack":{"name":"Horizon (feat. Niara Scarlett)","mbid":"7bdf3c32-b9fb-4a88-b996-bfcab2bf8438","artist":{"name":"The Cinematic Orchestra","mbid":"7c158ea8-c0aa-410e-bdc1-20bba9759577"}},"album":{"name":"Every Day","mbid":"44270faa-917a-4415-be27-d7f0aab94d52","artist":{"name":"The Cinematic Orchestra","mbid":"7c158ea8-c0aa-410e-bdc1-20bba9759577"}},"application":"Grooveshark"},{"timestamp":{"iso":"2014-11-22T23:07:52","unixtimestamp":1416697672},"track":{"name":"To Build a Home","mbid":"863551b3-19fe-45d0-8a06-aff77f07c8cd","artist":{"name":"The Cinematic Orchestra","mbid":"7c158ea8-c0aa-410e-bdc1-20bba9759577"}},"uncorrectedTrack":{"name":"To Build a Home","mbid":"863551b3-19fe-45d0-8a06-aff77f07c8cd","artist":{"name":"The Cinematic Orchestra","mbid":"7c158ea8-c0aa-410e-bdc1-20bba9759577"}},"album":{"name":"Ma Fleur","mbid":"63ebd406-fd8c-4382-a4b8-08b5d205c2c3","artist":{"name":"The Cinematic Orchestra","mbid":"7c158ea8-c0aa-410e-bdc1-20bba9759577"}},"application":"Grooveshark"},{"timestamp":{"iso":"2014-11-22T23:14:01","unixtimestamp":1416698041},"track":{"name":"Time and Space","mbid":"2cc6550b-b89b-4c43-99f3-78c531e7af36","artist":{"name":"The Cinematic Orchestra","mbid":"7c158ea8-c0aa-410e-bdc1-20bba9759577"}},"uncorrectedTrack":{"name":"Time and Space","mbid":"2cc6550b-b89b-4c43-99f3-78c531e7af36","artist":{"name":"The Cinematic Orchestra","mbid":"7c158ea8-c0aa-410e-bdc1-20bba9759577"}},"album":{"name":"Ma Fleur","mbid":"63ebd406-fd8c-4382-a4b8-08b5d205c2c3","artist":{"name":"The Cinematic Orchestra","mbid":"7c158ea8-c0aa-410e-bdc1-20bba9759577"}},"application":"Grooveshark"},{"timestamp":{"iso":"2014-11-22T23:22:44","unixtimestamp":1416698564},"track":{"name":"Time \u0026 Space","mbid":"1c615861-b739-4fff-9037-ba1090446624","artist":{"name":"The Cinematic Orchestra","mbid":"7c158ea8-c0aa-410e-bdc1-20bba9759577"}},"uncorrectedTrack":{"name":"Time \u0026 Space","mbid":"1c615861-b739-4fff-9037-ba1090446624","artist":{"name":"The Cinematic Orchestra","mbid":"7c158ea8-c0aa-410e-bdc1-20bba9759577"}},"album":{"name":"Ma Fleur","mbid":"63ebd406-fd8c-4382-a4b8-08b5d205c2c3","artist":{"name":"The Cinematic Orchestra","mbid":"7c158ea8-c0aa-410e-bdc1-20bba9759577"}},"application":"Grooveshark"},{"timestamp":{"iso":"2014-11-22T23:31:28","unixtimestamp":1416699088},"track":{"name":"Bonus - Colours","artist":{"name":"The Cinematic Orchestra","mbid":"7c158ea8-c0aa-410e-bdc1-20bba9759577"}},"uncorrectedTrack":{"name":"Bonus - Colours","artist":{"name":"The Cinematic Orchestra","mbid":"7c158ea8-c0aa-410e-bdc1-20bba9759577"}},"album":{"name":"Ma Fleur","mbid":"63ebd406-fd8c-4382-a4b8-08b5d205c2c3","artist":{"name":"The Cinematic Orchestra","mbid":"7c158ea8-c0aa-410e-bdc1-20bba9759577"}},"application":"Grooveshark"},{"timestamp":{"iso":"2014-11-22T23:40:39","unixtimestamp":1416699639},"track":{"name":"Dawn","mbid":"7c71c7f0-7561-48c9-9564-ff27c75325f5","artist":{"name":"The Cinematic Orchestra","mbid":"7c158ea8-c0aa-410e-bdc1-20bba9759577"}},"uncorrectedTrack":{"name":"Dawn","mbid":"7c71c7f0-7561-48c9-9564-ff27c75325f5","artist":{"name":"The Cinematic Orchestra","mbid":"7c158ea8-c0aa-410e-bdc1-20bba9759577"}},"album":{"name":"Man With a Movie Camera","mbid":"f3730ffe-63cd-4f47-b517-b6c0f2246cf7","artist":{"name":"The Cinematic Orchestra","mbid":"7c158ea8-c0aa-410e-bdc1-20bba9759577"}},"application":"Grooveshark"},{"timestamp":{"iso":"2014-11-22T23:44:40","unixtimestamp":1416699880},"track":{"name":"The Awakening of a Woman (Burnout)","mbid":"1d64f040-18b6-4abd-adfe-f4cb69b79a1c","artist":{"name":"The Cinematic Orchestra","mbid":"7c158ea8-c0aa-410e-bdc1-20bba9759577"}},"uncorrectedTrack":{"name":"The Awakening of a Woman (Burnout)","mbid":"1d64f040-18b6-4abd-adfe-f4cb69b79a1c","artist":{"name":"The Cinematic Orchestra","mbid":"7c158ea8-c0aa-410e-bdc1-20bba9759577"}},"album":{"name":"Man With a Movie Camera","mbid":"f3730ffe-63cd-4f47-b517-b6c0f2246cf7","artist":{"name":"The Cinematic Orchestra","mbid":"7c158ea8-c0aa-410e-bdc1-20bba9759577"}},"application":"Grooveshark"},{"timestamp":{"iso":"2014-11-24T18:35:05","unixtimestamp":1416854105},"track":{"name":"Fireworks","mbid":"5303b9a8-e151-4111-8cd6-933926520d18","artist":{"name":"Animal Collective","mbid":"0c751690-c784-4a4f-b1e4-c1de27d47581"}},"uncorrectedTrack":{"name":"Fireworks","mbid":"5303b9a8-e151-4111-8cd6-933926520d18","artist":{"name":"Animal Collective","mbid":"0c751690-c784-4a4f-b1e4-c1de27d47581"}},"album":{"name":"Strawberry Jam","mbid":"0e48536b-7d95-3f89-955f-96579a716cba","artist":{"name":"Animal Collective","mbid":"0c751690-c784-4a4f-b1e4-c1de27d47581"}},"application":"Grooveshark"},{"timestamp":{"iso":"2014-11-24T18:47:08","unixtimestamp":1416854828},"track":{"name":"Palmitos Park","mbid":"03dd1f0d-1b78-49bb-9de8-cad73560837d","artist":{"name":"El Guincho","mbid":"7e57d8a2-e6eb-48dd-8e50-ff7eaa412ccb"}},"uncorrectedTrack":{"name":"Palmitos Park","mbid":"03dd1f0d-1b78-49bb-9de8-cad73560837d","artist":{"name":"El Guincho","mbid":"7e57d8a2-e6eb-48dd-8e50-ff7eaa412ccb"}},"album":{"name":"Alegranza","mbid":"08cd6dab-f1e1-3360-b139-4b25e03d36a1","artist":{"name":"El Guincho","mbid":"7e57d8a2-e6eb-48dd-8e50-ff7eaa412ccb"}},"application":"Grooveshark"},{"timestamp":{"iso":"2014-11-24T19:16:11","unixtimestamp":1416856571},"track":{"name":"Fireworks","mbid":"5303b9a8-e151-4111-8cd6-933926520d18","artist":{"name":"Animal Collective","mbid":"0c751690-c784-4a4f-b1e4-c1de27d47581"}},"uncorrectedTrack":{"name":"Fireworks","mbid":"5303b9a8-e151-4111-8cd6-933926520d18","artist":{"name":"Animal Collective","mbid":"0c751690-c784-4a4f-b1e4-c1de27d47581"}},"album":{"name":"Strawberry Jam","mbid":"0e48536b-7d95-3f89-955f-96579a716cba","artist":{"name":"Animal Collective","mbid":"0c751690-c784-4a4f-b1e4-c1de27d47581"}},"application":"Grooveshark"},{"timestamp":{"iso":"2014-11-25T05:28:23","unixtimestamp":1416893303},"track":{"name":"Jacksonville","mbid":"37ad2bb0-95b8-4747-a1e6-c36d4998672f","artist":{"name":"Sufjan Stevens","mbid":"01d3c51b-9b98-418a-8d8e-37f6fab59d8c"}},"uncorrectedTrack":{"name":"Jacksonville","mbid":"37ad2bb0-95b8-4747-a1e6-c36d4998672f","artist":{"name":"Sufjan Stevens","mbid":"01d3c51b-9b98-418a-8d8e-37f6fab59d8c"}},"album":{"name":"Illinois","mbid":"777d51fe-b7c7-4874-9217-40abf09b4924","artist":{"name":"Sufjan Stevens","mbid":"01d3c51b-9b98-418a-8d8e-37f6fab59d8c"}},"application":"Grooveshark"},{"timestamp":{"iso":"2014-11-25T05:33:49","unixtimestamp":1416893629},"track":{"name":"Imitosis","mbid":"7790e395-daf9-4520-8a34-654f3d46df38","artist":{"name":"Andrew Bird","mbid":"081b133e-ce74-42ba-92c1-c18234acb532"}},"uncorrectedTrack":{"name":"Imitosis","mbid":"7790e395-daf9-4520-8a34-654f3d46df38","artist":{"name":"Andrew Bird","mbid":"081b133e-ce74-42ba-92c1-c18234acb532"}},"album":{"name":"Nova Tunes 1.6","artist":{"name":"Andrew Bird","mbid":"081b133e-ce74-42ba-92c1-c18234acb532"}},"application":"Grooveshark"},{"timestamp":{"iso":"2014-11-25T05:37:40","unixtimestamp":1416893860},"track":{"name":"I Slept With Bonhomme at the CBC","mbid":"8bfa8f42-5a9d-45a9-8ab3-294c8f55b3f8","artist":{"name":"Broken Social Scene","mbid":"2eada8f8-056a-4093-bbc2-004909ce743b"}},"uncorrectedTrack":{"name":"I Slept With Bonhomme at the CBC","mbid":"8bfa8f42-5a9d-45a9-8ab3-294c8f55b3f8","artist":{"name":"Broken Social Scene","mbid":"2eada8f8-056a-4093-bbc2-004909ce743b"}},"album":{"name":"Feel Good Lost","mbid":"bcc94f56-bdb0-32b7-9d1b-fda488bff5dc","artist":{"name":"Broken Social Scene","mbid":"2eada8f8-056a-4093-bbc2-004909ce743b"}},"application":"Grooveshark"},{"timestamp":{"iso":"2014-11-25T05:43:07","unixtimestamp":1416894187},"track":{"name":"Kong","mbid":"325735b0-a7a7-4193-83a7-25ec0c856c06","artist":{"name":"Bonobo","mbid":"6f7dea51-1d02-4be1-b138-92078518350c"}},"uncorrectedTrack":{"name":"Kong","mbid":"325735b0-a7a7-4193-83a7-25ec0c856c06","artist":{"name":"Bonobo","mbid":"6f7dea51-1d02-4be1-b138-92078518350c"}},"album":{"name":"Black Sands","mbid":"6b575427-f110-4c22-bdeb-89620f534da2","artist":{"name":"Bonobo","mbid":"6f7dea51-1d02-4be1-b138-92078518350c"}},"application":"Grooveshark"},{"timestamp":{"iso":"2014-11-25T05:47:05","unixtimestamp":1416894425},"track":{"name":"Six Days","mbid":"ddd561b1-764a-4b9a-b4bd-9f526c7ba97b","artist":{"name":"DJ Shadow","mbid":"efa2c11a-1a35-4b60-bc1b-66d37de88511"}},"uncorrectedTrack":{"name":"Six Days","mbid":"ddd561b1-764a-4b9a-b4bd-9f526c7ba97b","artist":{"name":"DJ Shadow","mbid":"efa2c11a-1a35-4b60-bc1b-66d37de88511"}},"album":{"name":"The Private Press","mbid":"eb9f1d2f-1052-382a-a263-334931a8acfb","artist":{"name":"DJ Shadow","mbid":"efa2c11a-1a35-4b60-bc1b-66d37de88511"}},"application":"Grooveshark"},{"timestamp":{"iso":"2014-11-25T05:52:07","unixtimestamp":1416894727},"track":{"name":"Pacific Theme","mbid":"b1326b17-d876-47dc-8a0a-a4a05bb2087d","artist":{"name":"Broken Social Scene","mbid":"2eada8f8-056a-4093-bbc2-004909ce743b"}},"uncorrectedTrack":{"name":"Pacific Theme","mbid":"b1326b17-d876-47dc-8a0a-a4a05bb2087d","artist":{"name":"Broken Social Scene","mbid":"2eada8f8-056a-4093-bbc2-004909ce743b"}},"album":{"name":"You Forgot It In People","mbid":"4a62cd38-0405-33c0-ade2-6be951f7b777","artist":{"name":"Broken Social Scene","mbid":"2eada8f8-056a-4093-bbc2-004909ce743b"}},"application":"Grooveshark"},{"timestamp":{"iso":"2014-11-25T05:57:16","unixtimestamp":1416895036},"track":{"name":"Bario Alto","mbid":"cdb077b2-5613-42a1-91ed-4041f22c7103","artist":{"name":"Thievery Corporation","mbid":"a505bb48-ad65-4af4-ae47-29149715bff9"}},"uncorrectedTrack":{"name":"Bario Alto","mbid":"cdb077b2-5613-42a1-91ed-4041f22c7103","artist":{"name":"Thievery Corporation","mbid":"a505bb48-ad65-4af4-ae47-29149715bff9"}},"album":{"name":"The Mirror Conspiracy","mbid":"d8e7f1f0-0d17-47a7-8fcf-0e297adbae97","artist":{"name":"Thievery Corporation","mbid":"a505bb48-ad65-4af4-ae47-29149715bff9"}},"application":"Grooveshark"},{"timestamp":{"iso":"2014-11-25T06:01:12","unixtimestamp":1416895272},"track":{"name":"Nightlite (feat. Bajka)","mbid":"2de9c3e2-7412-49fb-b70c-a98917bee03a","artist":{"name":"Bonobo","mbid":"6f7dea51-1d02-4be1-b138-92078518350c"}},"uncorrectedTrack":{"name":"Nightlite (feat. Bajka)","mbid":"2de9c3e2-7412-49fb-b70c-a98917bee03a","artist":{"name":"Bonobo","mbid":"6f7dea51-1d02-4be1-b138-92078518350c"}},"album":{"name":"Days to Come","mbid":"6e99b4b6-42ca-4187-8249-68edaed60fe5","artist":{"name":"Bonobo","mbid":"6f7dea51-1d02-4be1-b138-92078518350c"}},"application":"Grooveshark"},{"timestamp":{"iso":"2014-11-25T06:06:22","unixtimestamp":1416895582},"track":{"name":"Ketto","mbid":"9fa9aba0-d8e2-4177-8ee7-728f365a7cd4","artist":{"name":"Bonobo","mbid":"6f7dea51-1d02-4be1-b138-92078518350c"}},"uncorrectedTrack":{"name":"Ketto","mbid":"9fa9aba0-d8e2-4177-8ee7-728f365a7cd4","artist":{"name":"Bonobo","mbid":"6f7dea51-1d02-4be1-b138-92078518350c"}},"album":{"name":"Days to Come","mbid":"6e99b4b6-42ca-4187-8249-68edaed60fe5","artist":{"name":"Bonobo","mbid":"6f7dea51-1d02-4be1-b138-92078518350c"}},"application":"Grooveshark"},{"timestamp":{"iso":"2014-11-25T06:11:30","unixtimestamp":1416895890},"track":{"name":"Marmalade","mbid":"81513704-9da0-4199-bdb0-8a18214d881b","artist":{"name":"Cagedbaby","mbid":"b398215e-c440-4dee-bd18-9d82f715442f"}},"uncorrectedTrack":{"name":"Marmalade","mbid":"81513704-9da0-4199-bdb0-8a18214d881b","artist":{"name":"Cagedbaby","mbid":"b398215e-c440-4dee-bd18-9d82f715442f"}},"album":{"name":"Will See You Now","mbid":"09882fdb-e65a-4feb-9be6-0edafb36355d","artist":{"name":"Cagedbaby","mbid":"b398215e-c440-4dee-bd18-9d82f715442f"}},"application":"Grooveshark"}]