[{"timestamp":{"iso":"2010-01-08T15:18:13","unixtimestamp":1262963893},"track":{"name":"Genetic World","mbid":"04a605dd-0306-4e15-bfad-bb94d9afdfb0","artist":{"name":"Télépopmusik","mbid":"265f242e-cf4e-4fbe-a3fe-43112387172f"}},"uncorrectedTrack":{"name":"Genetic World","mbid":"04a605dd-0306-4e15-bfad-bb94d9afdfb0","artist":{"name":"Télépopmusik","mbid":"265f242e-cf4e-4fbe-a3fe-43112387172f"}},"album":{"name":"Genetic World","mbid":"971b0a06-b8bc-4886-8e3c-82ad97ad83c9","artist":{"name":"Télépopmusik","mbid":"265f242e-cf4e-4fbe-a3fe-43112387172f"}}},{"timestamp":{"iso":"2010-01-08T15:22:12","unixtimestamp":1262964132},"track":{"name":"This World","mbid":"1822c886-424b-4a38-abc0-fc27e6de90bc","artist":{"name":"Zero 7","mbid":"c23b637b-97c6-41eb-8ef6-6c724efc80a8"}},"uncorrectedTrack":{"name":"This World","mbid":"1822c886-424b-4a38-abc0-fc27e6de90bc","artist":{"name":"Zero 7","mbid":"c23b637b-97c6-41eb-8ef6-6c724efc80a8"}},"album":{"name":"Simple Things","mbid":"4aff6cd0-3f72-4630-991a-3e7371e5393e","artist":{"name":"Zero 7","mbid":"c23b637b-97c6-41eb-8ef6-6c724efc80a8"}}},{"timestamp":{"iso":"2010-01-08T15:27:50","unixtimestamp":1262964470},"track":{"name":"At the End of the Sky","mbid":"a6c403f4-56ce-4341-8d3e-fcda4cded7ba","artist":{"name":"Darkel","mbid":"f5699bbd-3ceb-4c7f-97ff-66e1cb7290b2"}},"uncorrectedTrack":{"name":"At the End of the Sky","mbid":"a6c403f4-56ce-4341-8d3e-fcda4cded7ba","artist":{"name":"Darkel","mbid":"f5699bbd-3ceb-4c7f-97ff-66e1cb7290b2"}},"album":{"name":"Darkel","mbid":"ea9227db-c150-36a5-a50d-964815090c0e","artist":{"name":"Darkel","mbid":"f5699bbd-3ceb-4c7f-97ff-66e1cb7290b2"}}},{"timestamp":{"iso":"2010-01-08T15:31:33","unixtimestamp":1262964693},"track":{"name":"As Seen From Space","mbid":"90565719-ce05-4228-bac6-20329bcddd13","artist":{"name":"Bent","mbid":"0a77bec1-12ef-4caa-b36a-f533001fcd29"}},"uncorrectedTrack":{"name":"As Seen From Space","mbid":"90565719-ce05-4228-bac6-20329bcddd13","artist":{"name":"Bent","mbid":"0a77bec1-12ef-4caa-b36a-f533001fcd29"}},"album":{"name":"Intercept!","mbid":"2bf1f1e5-2c34-47b5-9f59-3183dc82d9f2","artist":{"name":"Bent","mbid":"0a77bec1-12ef-4caa-b36a-f533001fcd29"}}},{"timestamp":{"iso":"2010-01-08T15:31:33","unixtimestamp":1262964693},"track":{"name":"As Seen From Space","mbid":"90565719-ce05-4228-bac6-20329bcddd13","artist":{"name":"Bent","mbid":"0a77bec1-12ef-4caa-b36a-f533001fcd29"}},"uncorrectedTrack":{"name":"As Seen From Space","mbid":"90565719-ce05-4228-bac6-20329bcddd13","artist":{"name":"Bent","mbid":"0a77bec1-12ef-4caa-b36a-f533001fcd29"}},"album":{"name":"Intercept!","mbid":"2bf1f1e5-2c34-47b5-9f59-3183dc82d9f2","artist":{"name":"Bent","mbid":"0a77bec1-12ef-4caa-b36a-f533001fcd29"}}},{"timestamp":{"iso":"2010-01-08T15:34:01","unixtimestamp":1262964841},"track":{"name":"Find My Baby","mbid":"5d31fb74-cc8f-46d7-8fe5-f70a7667ead0","artist":{"name":"Moby","mbid":"00810267-f0ac-45a6-ae99-0b8c9c18f3c2"}},"uncorrectedTrack":{"name":"Find My Baby","mbid":"5d31fb74-cc8f-46d7-8fe5-f70a7667ead0","artist":{"name":"Moby","mbid":"00810267-f0ac-45a6-ae99-0b8c9c18f3c2"}},"album":{"name":"Play","mbid":"025d4f1a-2e0a-3e0e-9808-f91f77340cf4","artist":{"name":"Moby","mbid":"00810267-f0ac-45a6-ae99-0b8c9c18f3c2"}}},{"timestamp":{"iso":"2010-01-08T15:38:01","unixtimestamp":1262965081},"track":{"name":"Suicide Underground","mbid":"9c57cd06-aa16-4daf-bd7a-7cee1ee8c3c9","artist":{"name":"Air","mbid":"018dcc90-b1a2-400a-a96e-64b6a101f009"}},"uncorrectedTrack":{"name":"Suicide Underground","mbid":"9c57cd06-aa16-4daf-bd7a-7cee1ee8c3c9","artist":{"name":"Air","mbid":"018dcc90-b1a2-400a-a96e-64b6a101f009"}},"album":{"name":"The Virgin Suicides","mbid":"32d41e18-e2df-36d7-b1bf-495849d8274f","artist":{"name":"Air","mbid":"018dcc90-b1a2-400a-a96e-64b6a101f009"}}},{"timestamp":{"iso":"2010-01-08T15:43:57","unixtimestamp":1262965437},"track":{"name":"Ma Fleur","mbid":"173fda43-7c04-42a1-92a4-0351aff82924","artist":{"name":"The Cinematic Orchestra","mbid":"7c158ea8-c0aa-410e-bdc1-20bba9759577"}},"uncorrectedTrack":{"name":"Ma Fleur","mbid":"173fda43-7c04-42a1-92a4-0351aff82924","artist":{"name":"The Cinematic Orchestra","mbid":"7c158ea8-c0aa-410e-bdc1-20bba9759577"}},"album":{"name":"Ma Fleur","mbid":"63ebd406-fd8c-4382-a4b8-08b5d205c2c3","artist":{"name":"The Cinematic Orchestra","mbid":"7c158ea8-c0aa-410e-bdc1-20bba9759577"}}},{"timestamp":{"iso":"2010-01-08T15:43:57","unixtimestamp":1262965437},"track":{"name":"Ma Fleur","mbid":"173fda43-7c04-42a1-92a4-0351aff82924","artist":{"name":"The Cinematic Orchestra","mbid":"7c158ea8-c0aa-410e-bdc1-20bba9759577"}},"uncorrectedTrack":{"name":"Ma Fleur","mbid":"173fda43-7c04-42a1-92a4-0351aff82924","artist":{"name":"The Cinematic Orchestra","mbid":"7c158ea8-c0aa-410e-bdc1-20bba9759577"}},"album":{"name":"Ma Fleur","mbid":"63ebd406-fd8c-4382-a4b8-08b5d205c2c3","artist":{"name":"The Cinematic Orchestra","mbid":"7c158ea8-c0aa-410e-bdc1-20bba9759577"}}},{"timestamp":{"iso":"2010-01-08T15:48:47","unixtimestamp":1262965727},"track":{"name":"See You","mbid":"322bc3bc-93eb-48f3-9f30-a2295687eb5c","artist":{"name":"Flunk","mbid":"101e0102-841f-4858-972b-edf716ee67c9"}},"uncorrectedTrack":{"name":"See You","mbid":"322bc3bc-93eb-48f3-9f30-a2295687eb5c","artist":{"name":"Flunk","mbid":"101e0102-841f-4858-972b-edf716ee67c9"}},"album":{"name":"Personal Stereo","mbid":"bcc7d391-9e77-437a-b207-afa30629da3a","artist":{"name":"Flunk","mbid":"101e0102-841f-4858-972b-edf716ee67c9"}}},{"timestamp":{"iso":"2010-01-08T15:48:47","unixtimestamp":1262965727},"track":{"name":"See You","mbid":"322bc3bc-93eb-48f3-9f30-a2295687eb5c","artist":{"name":"Flunk","mbid":"101e0102-841f-4858-972b-edf716ee67c9"}},"uncorrectedTrack":{"name":"See You","mbid":"322bc3bc-93eb-48f3-9f30-a2295687eb5c","artist":{"name":"Flunk","mbid":"101e0102-841f-4858-972b-edf716ee67c9"}},"album":{"name":"Personal Stereo","mbid":"bcc7d391-9e77-437a-b207-afa30629da3a","artist":{"name":"Flunk","mbid":"101e0102-841f-4858-972b-edf716ee67c9"}}},{"timestamp":{"iso":"2010-01-08T15:53:32","unixtimestamp":1262966012},"track":{"name":"Microcuts","artist":{"name":"FC/Kahuna"}},"uncorrectedTrack":{"name":"Microcuts","artist":{"name":"FC/Kahuna"}},"album":{"name":"Machine Says Yes","artist":{"name":"FC/Kahuna"}}},{"timestamp":{"iso":"2010-01-08T16:01:08","unixtimestamp":1262966468},"track":{"name":"Grass-Hopper","mbid":"6207ab25-d56d-455c-8b52-560dc6187dfd","artist":{"name":"Lemongrass","mbid":"3f23c754-8049-44bd-92ca-44a4bacb4380"}},"uncorrectedTrack":{"name":"Grass-Hopper","mbid":"6207ab25-d56d-455c-8b52-560dc6187dfd","artist":{"name":"Lemongrass","mbid":"3f23c754-8049-44bd-92ca-44a4bacb4380"}},"album":{"name":"Filmothèque","mbid":"0256e435-b6e1-4c49-96e1-2fcf290f361b","artist":{"name":"Lemongrass","mbid":"3f23c754-8049-44bd-92ca-44a4bacb4380"}}},{"timestamp":{"iso":"2010-01-08T16:01:08","unixtimestamp":1262966468},"track":{"name":"Grass-Hopper","mbid":"6207ab25-d56d-455c-8b52-560dc6187dfd","artist":{"name":"Lemongrass","mbid":"3f23c754-8049-44bd-92ca-44a4bacb4380"}},"uncorrectedTrack":{"name":"Grass-Hopper","mbid":"6207ab25-d56d-455c-8b52-560dc6187dfd","artist":{"name":"Lemongrass","mbid":"3f23c754-8049-44bd-92ca-44a4bacb4380"}},"album":{"name":"Filmothèque","mbid":"0256e435-b6e1-4c49-96e1-2fcf290f361b","artist":{"name":"Lemongrass","mbid":"3f23c754-8049-44bd-92ca-44a4bacb4380"}}},{"timestamp":{"iso":"2010-01-08T16:06:11","unixtimestamp":1262966771},"track":{"name":"Seeya Later","mbid":"34909e06-8449-4018-a385-33aef249419f","artist":{"name":"Boards of Canada","mbid":"69158f97-4c07-4c4e-baf8-4e4ab1ed666e"}},"uncorrectedTrack":{"name":"Seeya Later","mbid":"34909e06-8449-4018-a385-33aef249419f","artist":{"name":"Boards of Canada","mbid":"69158f97-4c07-4c4e-baf8-4e4ab1ed666e"}},"album":{"name":"Twoism","mbid":"7447f9a9-6111-38a3-95a3-9bee16f25ca3","artist":{"name":"Boards of Canada","mbid":"69158f97-4c07-4c4e-baf8-4e4ab1ed666e"}}},{"timestamp":{"iso":"2010-01-08T16:10:24","unixtimestamp":1262967024},"track":{"name":"Throw Up Your Hands feat. Djinji Brown","artist":{"name":"Fila Brazillia","mbid":"21267448-e8aa-40f5-90cb-f9ef26ccc009"}},"uncorrectedTrack":{"name":"Throw Up Your Hands feat. Djinji Brown","artist":{"name":"Fila Brazillia","mbid":"21267448-e8aa-40f5-90cb-f9ef26ccc009"}},"album":{"name":"23 twelves","mbid":"b0a6f808-8f95-4822-8abc-999ad389443d","artist":{"name":"Various Artists","mbid":"023671ff-b1ad-4133-a4f3-aadaaadfd2e0"}}},{"timestamp":{"iso":"2010-01-08T16:15:33","unixtimestamp":1262967333},"track":{"name":"The Child","mbid":"8ff8f122-0f0b-4bea-bea6-5da7086de759","artist":{"name":"Alex Gopher","mbid":"ee1a6d4a-b1ff-46a8-acf2-af575424bda5"}},"uncorrectedTrack":{"name":"The Child","mbid":"8ff8f122-0f0b-4bea-bea6-5da7086de759","artist":{"name":"Alex Gopher","mbid":"ee1a6d4a-b1ff-46a8-acf2-af575424bda5"}},"album":{"name":"You My Baby \u0026 I","artist":{"name":"Alex Gopher","mbid":"ee1a6d4a-b1ff-46a8-acf2-af575424bda5"}}},{"timestamp":{"iso":"2010-01-08T16:20:08","unixtimestamp":1262967608},"track":{"name":"Pilots","mbid":"0828f627-5fa7-460f-81fb-b2ea575dffa4","artist":{"name":"Goldfrapp","mbid":"7b885d42-3c41-4f43-9944-a5855ec5155e"}},"uncorrectedTrack":{"name":"Pilots","mbid":"0828f627-5fa7-460f-81fb-b2ea575dffa4","artist":{"name":"Goldfrapp","mbid":"7b885d42-3c41-4f43-9944-a5855ec5155e"}},"album":{"name":"Felt Mountain","mbid":"6d98b8a4-ed2f-4503-9ce4-20ebaac25109","artist":{"name":"Goldfrapp","mbid":"7b885d42-3c41-4f43-9944-a5855ec5155e"}}},{"timestamp":{"iso":"2010-01-08T16:20:08","unixtimestamp":1262967608},"track":{"name":"Pilots","mbid":"0828f627-5fa7-460f-81fb-b2ea575dffa4","artist":{"name":"Goldfrapp","mbid":"7b885d42-3c41-4f43-9944-a5855ec5155e"}},"uncorrectedTrack":{"name":"Pilots","mbid":"0828f627-5fa7-460f-81fb-b2ea575dffa4","artist":{"name":"Goldfrapp","mbid":"7b885d42-3c41-4f43-9944-a5855ec5155e"}},"album":{"name":"Felt Mountain","mbid":"6d98b8a4-ed2f-4503-9ce4-20ebaac25109","artist":{"name":"Goldfrapp","mbid":"7b885d42-3c41-4f43-9944-a5855ec5155e"}}},{"timestamp":{"iso":"2010-01-08T16:29:38","unixtimestamp":1262968178},"track":{"name":"At The End Of The Sky (Radio Edit)","mbid":"b098876a-6cda-468f-bf9b-2b20f9e379bd","artist":{"name":"Darkel","mbid":"f5699bbd-3ceb-4c7f-97ff-66e1cb7290b2"}},"uncorrectedTrack":{"name":"At The End Of The Sky (Radio Edit)","mbid":"b098876a-6cda-468f-bf9b-2b20f9e379bd","artist":{"name":"Darkel","mbid":"f5699bbd-3ceb-4c7f-97ff-66e1cb7290b2"}}},{"timestamp":{"iso":"2010-01-08T16:29:38","unixtimestamp":1262968178},"track":{"name":"At The End Of The Sky (Radio Edit)","mbid":"b098876a-6cda-468f-bf9b-2b20f9e379bd","artist":{"name":"Darkel","mbid":"f5699bbd-3ceb-4c7f-97ff-66e1cb7290b2"}},"uncorrectedTrack":{"name":"At The End Of The Sky (Radio Edit)","mbid":"b098876a-6cda-468f-bf9b-2b20f9e379bd","artist":{"name":"Darkel","mbid":"f5699bbd-3ceb-4c7f-97ff-66e1cb7290b2"}}},{"timestamp":{"iso":"2010-01-08T16:37:19","unixtimestamp":1262968639},"track":{"name":"Somersault","mbid":"2670fb47-3afd-4b47-9fa5-499a0780fd2d","artist":{"name":"Zero 7","mbid":"c23b637b-97c6-41eb-8ef6-6c724efc80a8"}},"uncorrectedTrack":{"name":"Somersault","mbid":"2670fb47-3afd-4b47-9fa5-499a0780fd2d","artist":{"name":"Zero 7","mbid":"c23b637b-97c6-41eb-8ef6-6c724efc80a8"}},"album":{"name":"When It Falls","mbid":"5f2c4480-bb97-40d8-b6c2-a82733dc40d9","artist":{"name":"Zero 7","mbid":"c23b637b-97c6-41eb-8ef6-6c724efc80a8"}}},{"timestamp":{"iso":"2010-01-08T16:44:17","unixtimestamp":1262969057},"track":{"name":"Divine","mbid":"56f0d24a-0146-460b-aa83-dc331509416b","artist":{"name":"Sébastien Tellier","mbid":"ac69016f-42cc-4322-b70e-101458b769aa"}},"uncorrectedTrack":{"name":"Divine","mbid":"56f0d24a-0146-460b-aa83-dc331509416b","artist":{"name":"Sébastien Tellier","mbid":"ac69016f-42cc-4322-b70e-101458b769aa"}},"album":{"name":"Sexuality","mbid":"1e324340-286e-3405-ba9c-91a86626b10b","artist":{"name":"Sébastien Tellier","mbid":"ac69016f-42cc-4322-b70e-101458b769aa"}}},{"timestamp":{"iso":"2010-01-08T16:47:27","unixtimestamp":1262969247},"track":{"name":"Unfinished Sympathy","mbid":"505b2dec-19ba-43ab-ac8d-eb26223eac9f","artist":{"name":"Massive Attack","mbid":"10adbe5e-a2c0-4bf3-8249-2b4cbf6e6ca8"}},"uncorrectedTrack":{"name":"Unfinished Sympathy","mbid":"505b2dec-19ba-43ab-ac8d-eb26223eac9f","artist":{"name":"Massive Attack","mbid":"10adbe5e-a2c0-4bf3-8249-2b4cbf6e6ca8"}},"album":{"name":"Blue Lines","mbid":"96ccdd6e-ef20-32b2-ac99-8840c1a191c1","artist":{"name":"Massive Attack","mbid":"10adbe5e-a2c0-4bf3-8249-2b4cbf6e6ca8"}}},{"timestamp":{"iso":"2010-01-08T16:52:36","unixtimestamp":1262969556},"track":{"name":"Marching The Hate Machines Into The Sun (Feat The Flaming Lips)","artist":{"name":"Thievery Corporation","mbid":"a505bb48-ad65-4af4-ae47-29149715bff9"}},"uncorrectedTrack":{"name":"Marching The Hate Machines Into The Sun (Feat The Flaming Lips)","artist":{"name":"Thievery Corporation","mbid":"a505bb48-ad65-4af4-ae47-29149715bff9"}}},{"timestamp":{"iso":"2010-01-08T16:52:36","unixtimestamp":1262969556},"track":{"name":"Marching The Hate Machines Into The Sun (Feat The Flaming Lips)","artist":{"name":"Thievery Corporation","mbid":"a505bb48-ad65-4af4-ae47-29149715bff9"}},"uncorrectedTrack":{"name":"Marching The Hate Machines Into The Sun (Feat The Flaming Lips)","artist":{"name":"Thievery Corporation","mbid":"a505bb48-ad65-4af4-ae47-29149715bff9"}}},{"timestamp":{"iso":"2010-01-08T16:56:37","unixtimestamp":1262969797},"track":{"name":"Boss on the Boat","mbid":"1ea78a66-6f2a-43a4-832d-90bb7cebf4f3","artist":{"name":"Tosca","mbid":"3231d12a-c42d-4977-b2a4-a6e4d87978e1"}},"uncorrectedTrack":{"name":"Boss on the Boat","mbid":"1ea78a66-6f2a-43a4-832d-90bb7cebf4f3","artist":{"name":"Tosca","mbid":"3231d12a-c42d-4977-b2a4-a6e4d87978e1"}},"album":{"name":"Suzuki","mbid":"505f0ee9-6113-46aa-b44e-fbae0bcff839","artist":{"name":"Tosca","mbid":"3231d12a-c42d-4977-b2a4-a6e4d87978e1"}}},{"timestamp":{"iso":"2010-01-08T17:02:40","unixtimestamp":1262970160},"track":{"name":"Clear Day","mbid":"6b112621-c0db-4eb5-9903-e7cb531a2af8","artist":{"name":"Ulrich Schnauss","mbid":"1d4e1e22-36d7-46c7-822d-95bd5757c0e0"}},"uncorrectedTrack":{"name":"Clear Day","mbid":"6b112621-c0db-4eb5-9903-e7cb531a2af8","artist":{"name":"Ulrich Schnauss","mbid":"1d4e1e22-36d7-46c7-822d-95bd5757c0e0"}},"album":{"name":"A Strangely Isolated Place","mbid":"0de54c4d-05d9-4b9b-8df4-2ea46187b1da","artist":{"name":"Ulrich Schnauss","mbid":"1d4e1e22-36d7-46c7-822d-95bd5757c0e0"}}},{"timestamp":{"iso":"2010-01-08T17:10:25","unixtimestamp":1262970625},"track":{"name":"All There","mbid":"ae3c463c-fda3-4132-b725-5b04e8ae3b58","artist":{"name":"Lemongrass","mbid":"3f23c754-8049-44bd-92ca-44a4bacb4380"}},"uncorrectedTrack":{"name":"All There","mbid":"ae3c463c-fda3-4132-b725-5b04e8ae3b58","artist":{"name":"Lemongrass","mbid":"3f23c754-8049-44bd-92ca-44a4bacb4380"}},"album":{"name":"Skydiver","mbid":"4dbbd5ef-59de-471a-96ed-fc01b1630d14","artist":{"name":"Lemongrass","mbid":"3f23c754-8049-44bd-92ca-44a4bacb4380"}}},{"timestamp":{"iso":"2010-01-08T17:14:55","unixtimestamp":1262970895},"track":{"name":"The Other World","mbid":"8576aa86-e66f-42ee-89a0-9c38bdfcf382","artist":{"name":"Jakatta","mbid":"8f790e8d-a9c4-40eb-8213-b0dadb95d85a"}},"uncorrectedTrack":{"name":"The Other World","mbid":"8576aa86-e66f-42ee-89a0-9c38bdfcf382","artist":{"name":"Jakatta","mbid":"8f790e8d-a9c4-40eb-8213-b0dadb95d85a"}},"album":{"name":"Visions","mbid":"e73825bd-f4f7-4793-8543-9707d3225272","artist":{"name":"Jakatta","mbid":"8f790e8d-a9c4-40eb-8213-b0dadb95d85a"}}},{"timestamp":{"iso":"2010-01-12T23:25:18","unixtimestamp":1263338718},"track":{"name":"African Velvet","mbid":"09d1e667-b1d1-46ec-9b72-ba6332391b15","artist":{"name":"Air","mbid":"018dcc90-b1a2-400a-a96e-64b6a101f009"}},"uncorrectedTrack":{"name":"African Velvet","mbid":"09d1e667-b1d1-46ec-9b72-ba6332391b15","artist":{"name":"Air","mbid":"018dcc90-b1a2-400a-a96e-64b6a101f009"}}},{"timestamp":{"iso":"2010-01-13T00:32:35","unixtimestamp":1263342755},"track":{"name":"#1","mbid":"8256258b-439a-4413-a734-1637f1fa511f","artist":{"name":"Animal Collective","mbid":"0c751690-c784-4a4f-b1e4-c1de27d47581"}},"uncorrectedTrack":{"name":"#1","mbid":"8256258b-439a-4413-a734-1637f1fa511f","artist":{"name":"Animal Collective","mbid":"0c751690-c784-4a4f-b1e4-c1de27d47581"}},"album":{"name":"Strawberry Jam","mbid":"0e48536b-7d95-3f89-955f-96579a716cba","artist":{"name":"Animal Collective","mbid":"0c751690-c784-4a4f-b1e4-c1de27d47581"}}},{"timestamp":{"iso":"2010-01-13T00:37:09","unixtimestamp":1263343029},"track":{"name":"Alligator","mbid":"3606d7f4-1e40-4459-ad71-6c54a6a50f1c","artist":{"name":"Grizzly Bear","mbid":"59a7fbcb-ff74-494d-abd0-9c82359040c9"}},"uncorrectedTrack":{"name":"Alligator","mbid":"3606d7f4-1e40-4459-ad71-6c54a6a50f1c","artist":{"name":"Grizzly Bear","mbid":"59a7fbcb-ff74-494d-abd0-9c82359040c9"}},"album":{"name":"Horn Of Plenty","mbid":"7ba95761-f458-34f0-87f1-c9503dc7f610","artist":{"name":"Grizzly Bear","mbid":"59a7fbcb-ff74-494d-abd0-9c82359040c9"}}},{"timestamp":{"iso":"2010-01-13T00:38:33","unixtimestamp":1263343113},"track":{"name":"Take Pills","mbid":"e1704c41-11a5-4a74-b342-43034e072288","artist":{"name":"Panda Bear","mbid":"fd3c3f9f-a471-498e-ab3a-940ac20b6bbd"}},"uncorrectedTrack":{"name":"Take Pills","mbid":"e1704c41-11a5-4a74-b342-43034e072288","artist":{"name":"Panda Bear","mbid":"fd3c3f9f-a471-498e-ab3a-940ac20b6bbd"}},"album":{"name":"Person Pitch","mbid":"73087b9f-222c-4aca-bf51-778c9558e976","artist":{"name":"Panda Bear","mbid":"fd3c3f9f-a471-498e-ab3a-940ac20b6bbd"}}},{"timestamp":{"iso":"2010-01-13T00:43:59","unixtimestamp":1263343439},"track":{"name":"Gargoyle","mbid":"1a8fe700-b298-487d-88a4-17a40828a2e9","artist":{"name":"Terrestrial Tones","mbid":"94f205a2-c4fe-4649-9ac2-ca6ccc2d4c89"}},"uncorrectedTrack":{"name":"Gargoyle","mbid":"1a8fe700-b298-487d-88a4-17a40828a2e9","artist":{"name":"Terrestrial Tones","mbid":"94f205a2-c4fe-4649-9ac2-ca6ccc2d4c89"}},"album":{"name":"Dead Drunk","mbid":"ea5831b0-ba9a-385e-95d0-3bab5a2cc8bf","artist":{"name":"Terrestrial Tones","mbid":"94f205a2-c4fe-4649-9ac2-ca6ccc2d4c89"}}},{"timestamp":{"iso":"2010-01-13T00:46:37","unixtimestamp":1263343597},"track":{"name":"Never Stops","mbid":"9e2831c6-6ce6-4cd8-9e99-d0649dbdc1ff","artist":{"name":"Deerhunter","mbid":"4f416ed7-dda2-45de-a6f1-b986e861cf4b"}},"uncorrectedTrack":{"name":"Never Stops","mbid":"9e2831c6-6ce6-4cd8-9e99-d0649dbdc1ff","artist":{"name":"Deerhunter","mbid":"4f416ed7-dda2-45de-a6f1-b986e861cf4b"}}},{"timestamp":{"iso":"2010-01-13T00:52:04","unixtimestamp":1263343924},"track":{"name":"La Valse d\u0027Amélie (version piano)","artist":{"name":"Yann Tiersen","mbid":"12d432a3-feb0-49b1-a107-d20751880764"}},"uncorrectedTrack":{"name":"La Valse d\u0027Amélie (version piano)","artist":{"name":"Yann Tiersen","mbid":"12d432a3-feb0-49b1-a107-d20751880764"}},"album":{"name":"Le Fabuleux Destin d\u0027Amélie Poulain","artist":{"name":"Various Artists","mbid":"023671ff-b1ad-4133-a4f3-aadaaadfd2e0"}}},{"timestamp":{"iso":"2010-01-13T15:36:23","unixtimestamp":1263396983},"track":{"name":"I Can Talk","mbid":"37ef7e66-492e-42a3-bb33-16ff6af41023","artist":{"name":"Two Door Cinema Club","mbid":"6f1de078-6684-4792-820d-2ffad64c15ed"}},"uncorrectedTrack":{"name":"I Can Talk","mbid":"37ef7e66-492e-42a3-bb33-16ff6af41023","artist":{"name":"Two Door Cinema Club","mbid":"6f1de078-6684-4792-820d-2ffad64c15ed"}}},{"timestamp":{"iso":"2010-01-13T15:39:21","unixtimestamp":1263397161},"track":{"name":"Exit Music (for a Film)","mbid":"5d62ab3d-f2d4-48b6-906e-165cc0e4baf7","artist":{"name":"Vampire Weekend","mbid":"af37c51c-0790-4a29-b995-456f98a6b8c9"}},"uncorrectedTrack":{"name":"Exit Music (for a Film)","mbid":"5d62ab3d-f2d4-48b6-906e-165cc0e4baf7","artist":{"name":"Vampire Weekend","mbid":"af37c51c-0790-4a29-b995-456f98a6b8c9"}},"album":{"name":"Stereogum Presents... OK X: A Tribute To OK Computer","artist":{"name":"Various Artists","mbid":"023671ff-b1ad-4133-a4f3-aadaaadfd2e0"}}},{"timestamp":{"iso":"2010-01-13T15:43:21","unixtimestamp":1263397401},"track":{"name":"To Kingdom Come","mbid":"52598de8-ed6a-4359-b37d-066120cad665","artist":{"name":"Passion Pit","mbid":"daeec599-bf5d-4428-994a-e76ba5f86e2f"}},"uncorrectedTrack":{"name":"To Kingdom Come","mbid":"52598de8-ed6a-4359-b37d-066120cad665","artist":{"name":"Passion Pit","mbid":"daeec599-bf5d-4428-994a-e76ba5f86e2f"}}},{"timestamp":{"iso":"2010-01-13T15:48:40","unixtimestamp":1263397720},"track":{"name":"Oh, La","mbid":"511859ea-8c6f-46b2-89cd-2c193591b7e9","artist":{"name":"Ra Ra Riot","mbid":"d8f63b51-73e0-4f65-8bd3-bcfe6892fb0e"}},"uncorrectedTrack":{"name":"Oh, La","mbid":"511859ea-8c6f-46b2-89cd-2c193591b7e9","artist":{"name":"Ra Ra Riot","mbid":"d8f63b51-73e0-4f65-8bd3-bcfe6892fb0e"}}},{"timestamp":{"iso":"2010-01-13T15:51:23","unixtimestamp":1263397883},"track":{"name":"Black \u0026 Blue","mbid":"19501d18-5f0d-40ff-89ac-e7472ec843f4","artist":{"name":"Miike Snow","mbid":"753a1564-aaef-4d39-bc68-4a8d5e328cf7"}},"uncorrectedTrack":{"name":"Black \u0026 Blue","mbid":"19501d18-5f0d-40ff-89ac-e7472ec843f4","artist":{"name":"Miike Snow","mbid":"753a1564-aaef-4d39-bc68-4a8d5e328cf7"}}},{"timestamp":{"iso":"2010-01-13T15:55:05","unixtimestamp":1263398105},"track":{"name":"Lorabelle Lee","artist":{"name":"Discovery","mbid":"970dd74a-39f1-4f13-8929-6319f1ae05ec"}},"uncorrectedTrack":{"name":"Lorabelle Lee","artist":{"name":"Discovery","mbid":"970dd74a-39f1-4f13-8929-6319f1ae05ec"}},"album":{"name":"1995 International Barbershop Quartet Contest - First Round - Volume 9","artist":{"name":"Harmony Works"}}},{"timestamp":{"iso":"2010-01-13T16:10:15","unixtimestamp":1263399015},"track":{"name":"Sanctus","mbid":"d3bb54ec-da49-44e4-b22d-6240b40b891b","artist":{"name":"Wolfgang Amadeus Mozart","mbid":"255b884c-25e9-4da2-99e9-b104ed637eae"}},"uncorrectedTrack":{"name":"Sanctus","mbid":"d3bb54ec-da49-44e4-b22d-6240b40b891b","artist":{"name":"Wolfgang Amadeus Mozart","mbid":"255b884c-25e9-4da2-99e9-b104ed637eae"}},"album":{"name":"Requiem","mbid":"8bb6de92-cb1d-4780-af8d-09cabb748889","artist":{"name":"Wolfgang Amadeus Mozart","mbid":"255b884c-25e9-4da2-99e9-b104ed637eae"}}},{"timestamp":{"iso":"2010-01-18T23:53:19","unixtimestamp":1263858799},"track":{"name":"La mauvaise réputation","mbid":"924190fc-d11d-4be8-b289-e20183cd22f1","artist":{"name":"Georges Brassens","mbid":"b58165ba-ac55-49a1-8855-caf16c68f5f2"}},"uncorrectedTrack":{"name":"La mauvaise réputation","mbid":"924190fc-d11d-4be8-b289-e20183cd22f1","artist":{"name":"Georges Brassens","mbid":"b58165ba-ac55-49a1-8855-caf16c68f5f2"}},"album":{"name":"Les copains d\u0027abord","mbid":"49f31a78-d238-413e-b7f1-c6643f5df86c","artist":{"name":"Georges Brassens","mbid":"b58165ba-ac55-49a1-8855-caf16c68f5f2"}}},{"timestamp":{"iso":"2010-01-25T22:26:08","unixtimestamp":1264458368},"track":{"name":"La Valse d\u0027Amélie (version orchestre)","artist":{"name":"Yann Tiersen","mbid":"12d432a3-feb0-49b1-a107-d20751880764"}},"uncorrectedTrack":{"name":"La Valse d\u0027Amélie (version orchestre)","artist":{"name":"Yann Tiersen","mbid":"12d432a3-feb0-49b1-a107-d20751880764"}},"album":{"name":"Le Fabuleux Destin d\u0027Amélie Poulain","artist":{"name":"Various Artists","mbid":"023671ff-b1ad-4133-a4f3-aadaaadfd2e0"}}},{"timestamp":{"iso":"2010-01-25T22:28:11","unixtimestamp":1264458491},"track":{"name":"L\u0027enfance","mbid":"682d6aea-fe7b-475a-a44d-80a4fd4f57f4","artist":{"name":"Zbigniew Preisner","mbid":"d229ee11-fc4e-4a1c-8e0a-1e8f84950532"}},"uncorrectedTrack":{"name":"L\u0027enfance","mbid":"682d6aea-fe7b-475a-a44d-80a4fd4f57f4","artist":{"name":"Zbigniew Preisner","mbid":"d229ee11-fc4e-4a1c-8e0a-1e8f84950532"}},"album":{"name":"La Double Vie De Véronique","artist":{"name":"Antoni Wit - Choeurs Philharmoniques De Silesie - Grand Orchestre De Katowice"}}},{"timestamp":{"iso":"2010-01-25T22:39:40","unixtimestamp":1264459180},"track":{"name":"Mon amant de Saint-Jean","artist":{"name":"Lucienne Delyle","mbid":"82e0bc9c-2cf4-403d-939c-1d8c00767170"}},"uncorrectedTrack":{"name":"Mon amant de Saint-Jean","artist":{"name":"Lucienne Delyle","mbid":"82e0bc9c-2cf4-403d-939c-1d8c00767170"}},"album":{"name":"Les Temps Des Guinguettes","artist":{"name":"Mistinguett","mbid":"56f20419-8b60-43b6-815f-15db46905de5"}}},{"timestamp":{"iso":"2010-01-25T22:42:53","unixtimestamp":1264459373},"track":{"name":"Bad Crumbs","mbid":"6ddcc83a-ee00-43ab-827a-a59215f66a61","artist":{"name":"Animal Collective","mbid":"0c751690-c784-4a4f-b1e4-c1de27d47581"}},"uncorrectedTrack":{"name":"Bad Crumbs","mbid":"6ddcc83a-ee00-43ab-827a-a59215f66a61","artist":{"name":"Animal Collective","mbid":"0c751690-c784-4a4f-b1e4-c1de27d47581"}},"album":{"name":"Spirit They\u0027re Gone Spirit They\u0027ve Vanished/Danse Manatee","artist":{"name":"Animal Collective","mbid":"0c751690-c784-4a4f-b1e4-c1de27d47581"}}},{"timestamp":{"iso":"2010-01-25T22:44:44","unixtimestamp":1264459484},"track":{"name":"Sexe","mbid":"aa887e3b-b42b-4415-b57e-269c2eb7aa1f","artist":{"name":"Line Renaud","mbid":"2f2d054c-130d-4108-9827-1b4709766b4e"}},"uncorrectedTrack":{"name":"Sexe","mbid":"aa887e3b-b42b-4415-b57e-269c2eb7aa1f","artist":{"name":"Line Renaud","mbid":"2f2d054c-130d-4108-9827-1b4709766b4e"}},"album":{"name":"Ultra-Lounge, Vol. 4: Bachelor Pad Royale","artist":{"name":"Various Artists","mbid":"023671ff-b1ad-4133-a4f3-aadaaadfd2e0"}}},{"timestamp":{"iso":"2010-01-25T22:50:15","unixtimestamp":1264459815},"track":{"name":"La Redécouverte","mbid":"0285e1a8-aa26-4a28-a20f-d9b544898d30","artist":{"name":"Yann Tiersen","mbid":"12d432a3-feb0-49b1-a107-d20751880764"}},"uncorrectedTrack":{"name":"La Redécouverte","mbid":"0285e1a8-aa26-4a28-a20f-d9b544898d30","artist":{"name":"Yann Tiersen","mbid":"12d432a3-feb0-49b1-a107-d20751880764"}},"album":{"name":"Le Fabuleux Destin d\u0027Amélie Poulain","artist":{"name":"Various Artists","mbid":"023671ff-b1ad-4133-a4f3-aadaaadfd2e0"}}},{"timestamp":{"iso":"2010-01-27T00:00:32","unixtimestamp":1264550432},"track":{"name":"Let\u0027s Go Surfing","mbid":"1e3272a3-465c-49f3-87b8-447e47851d0a","artist":{"name":"The Drums","mbid":"c3ecef5d-84f3-4942-8c24-0a626343c3f4"}},"uncorrectedTrack":{"name":"Let\u0027s Go Surfing","mbid":"1e3272a3-465c-49f3-87b8-447e47851d0a","artist":{"name":"The Drums","mbid":"c3ecef5d-84f3-4942-8c24-0a626343c3f4"}},"album":{"name":"Forever","artist":{"name":"The Drums","mbid":"c3ecef5d-84f3-4942-8c24-0a626343c3f4"}}},{"timestamp":{"iso":"2010-01-27T00:03:29","unixtimestamp":1264550609},"track":{"name":"Exit Music (for a Film)","mbid":"5d62ab3d-f2d4-48b6-906e-165cc0e4baf7","artist":{"name":"Vampire Weekend","mbid":"af37c51c-0790-4a29-b995-456f98a6b8c9"}},"uncorrectedTrack":{"name":"Exit Music (for a Film)","mbid":"5d62ab3d-f2d4-48b6-906e-165cc0e4baf7","artist":{"name":"Vampire Weekend","mbid":"af37c51c-0790-4a29-b995-456f98a6b8c9"}},"album":{"name":"Stereogum Presents... OK X: A Tribute To OK Computer","artist":{"name":"Various Artists","mbid":"023671ff-b1ad-4133-a4f3-aadaaadfd2e0"}}},{"timestamp":{"iso":"2010-01-27T00:07:27","unixtimestamp":1264550847},"track":{"name":"Headache","mbid":"11aac094-f9de-4449-8e25-059a225265aa","artist":{"name":"Girls","mbid":"02d05d0b-034c-47a2-b795-34c900a5d16b"}},"uncorrectedTrack":{"name":"Headache","mbid":"11aac094-f9de-4449-8e25-059a225265aa","artist":{"name":"Girls","mbid":"02d05d0b-034c-47a2-b795-34c900a5d16b"}},"album":{"name":"\"Album\"","artist":{"name":"Girls","mbid":"02d05d0b-034c-47a2-b795-34c900a5d16b"}}},{"timestamp":{"iso":"2010-01-27T00:11:29","unixtimestamp":1264551089},"track":{"name":"Under Control","mbid":"055fa617-d212-4a46-a421-cedd557e4eb6","artist":{"name":"The Strokes","mbid":"f181961b-20f7-459e-89de-920ef03c7ed0"}},"uncorrectedTrack":{"name":"Under Control","mbid":"055fa617-d212-4a46-a421-cedd557e4eb6","artist":{"name":"The Strokes","mbid":"f181961b-20f7-459e-89de-920ef03c7ed0"}},"album":{"name":"Room on Fire","mbid":"0f3cb2a7-8f63-4fd5-a331-39844400b9e4","artist":{"name":"The Strokes","mbid":"f181961b-20f7-459e-89de-920ef03c7ed0"}}},{"timestamp":{"iso":"2010-01-27T00:14:46","unixtimestamp":1264551286},"track":{"name":"Sleepyhead","mbid":"e4f388d3-5427-4f25-8855-7e56be92b2cd","artist":{"name":"Passion Pit","mbid":"daeec599-bf5d-4428-994a-e76ba5f86e2f"}},"uncorrectedTrack":{"name":"Sleepyhead","mbid":"e4f388d3-5427-4f25-8855-7e56be92b2cd","artist":{"name":"Passion Pit","mbid":"daeec599-bf5d-4428-994a-e76ba5f86e2f"}}},{"timestamp":{"iso":"2010-01-27T00:17:44","unixtimestamp":1264551464},"track":{"name":"Swans (Life After Death)","mbid":"5261c2bb-c784-4b47-b574-d250de9473c1","artist":{"name":"Islands","mbid":"4de30660-26a8-4390-af6f-8fc0564e7e61"}},"uncorrectedTrack":{"name":"Swans (Life After Death)","mbid":"5261c2bb-c784-4b47-b574-d250de9473c1","artist":{"name":"Islands","mbid":"4de30660-26a8-4390-af6f-8fc0564e7e61"}}},{"timestamp":{"iso":"2010-01-27T00:27:19","unixtimestamp":1264552039},"track":{"name":"Rhthm \u0026 Soul","mbid":"068b3c0f-6dd4-4bf1-b82c-8ca0b520b3a3","artist":{"name":"Spoon","mbid":"0db1ad0b-3ac1-4425-b10a-3142e795895c"}},"uncorrectedTrack":{"name":"Rhthm \u0026 Soul","mbid":"068b3c0f-6dd4-4bf1-b82c-8ca0b520b3a3","artist":{"name":"Spoon","mbid":"0db1ad0b-3ac1-4425-b10a-3142e795895c"}},"album":{"name":"Ga Ga Ga Ga Ga","mbid":"186a9789-75f5-43fb-9bc5-170476769a27","artist":{"name":"Spoon","mbid":"0db1ad0b-3ac1-4425-b10a-3142e795895c"}}},{"timestamp":{"iso":"2010-01-27T00:32:18","unixtimestamp":1264552338},"track":{"name":"Dying Is Fine","mbid":"2acd19cf-f0db-479b-bbae-60ed8c388532","artist":{"name":"Ra Ra Riot","mbid":"d8f63b51-73e0-4f65-8bd3-bcfe6892fb0e"}},"uncorrectedTrack":{"name":"Dying Is Fine","mbid":"2acd19cf-f0db-479b-bbae-60ed8c388532","artist":{"name":"Ra Ra Riot","mbid":"d8f63b51-73e0-4f65-8bd3-bcfe6892fb0e"}},"album":{"name":"Ra Ra Riot","mbid":"5875a3e7-f952-4772-81c6-ee96b435205f","artist":{"name":"Ra Ra Riot","mbid":"d8f63b51-73e0-4f65-8bd3-bcfe6892fb0e"}}},{"timestamp":{"iso":"2010-01-27T00:57:20","unixtimestamp":1264553840},"track":{"name":"The Ballad Of Mack The Knife (Bonus Track)","artist":{"name":"Lotte Lenya","mbid":"244f758f-5154-49c8-b3e1-551491e502f3"}},"uncorrectedTrack":{"name":"The Ballad Of Mack The Knife (Bonus Track)","artist":{"name":"Lotte Lenya","mbid":"244f758f-5154-49c8-b3e1-551491e502f3"}},"album":{"name":"The Threepenny Opera","artist":{"name":"Lotte Lenya","mbid":"244f758f-5154-49c8-b3e1-551491e502f3"}}},{"timestamp":{"iso":"2010-01-28T17:23:39","unixtimestamp":1264699419},"track":{"name":"All in My Mind","mbid":"e68dc7a5-fe8d-4c01-a509-12148d04b1c9","artist":{"name":"Athome Project","mbid":"11e1456f-e2f6-4a00-9e88-490ee5ef5b0f"}},"uncorrectedTrack":{"name":"All in My Mind","mbid":"e68dc7a5-fe8d-4c01-a509-12148d04b1c9","artist":{"name":"Athome Project","mbid":"11e1456f-e2f6-4a00-9e88-490ee5ef5b0f"}},"album":{"name":"Bassic Instinct No. 3","artist":{"name":"Athome Project","mbid":"11e1456f-e2f6-4a00-9e88-490ee5ef5b0f"}}},{"timestamp":{"iso":"2010-01-28T17:27:28","unixtimestamp":1264699648},"track":{"name":"Swamp","mbid":"6694d5a1-3fa9-45a0-8514-9a3f9288f1a8","artist":{"name":"Télépopmusik","mbid":"265f242e-cf4e-4fbe-a3fe-43112387172f"}},"uncorrectedTrack":{"name":"Swamp","mbid":"6694d5a1-3fa9-45a0-8514-9a3f9288f1a8","artist":{"name":"Télépopmusik","mbid":"265f242e-cf4e-4fbe-a3fe-43112387172f"}},"album":{"name":"Angel Milk","mbid":"90e011e2-1a3b-483c-9684-355601689c0f","artist":{"name":"Télépopmusik","mbid":"265f242e-cf4e-4fbe-a3fe-43112387172f"}}},{"timestamp":{"iso":"2010-01-28T17:29:33","unixtimestamp":1264699773},"track":{"name":"Kelly Watch the Stars","mbid":"b6caa50a-01c5-4bb2-9db3-a66bc1305293","artist":{"name":"Air","mbid":"018dcc90-b1a2-400a-a96e-64b6a101f009"}},"uncorrectedTrack":{"name":"Kelly Watch the Stars","mbid":"b6caa50a-01c5-4bb2-9db3-a66bc1305293","artist":{"name":"Air","mbid":"018dcc90-b1a2-400a-a96e-64b6a101f009"}},"album":{"name":"Moon Safari","mbid":"66c2ceb8-d369-4d8c-b702-490838855977","artist":{"name":"Air","mbid":"018dcc90-b1a2-400a-a96e-64b6a101f009"}}},{"timestamp":{"iso":"2010-01-28T17:33:21","unixtimestamp":1264700001},"track":{"name":"Superstylin\u0027","mbid":"0211161a-9100-4215-8738-4d84d07378d3","artist":{"name":"Groove Armada","mbid":"35723b60-732e-4bd8-957f-320b416e7b7f"}},"uncorrectedTrack":{"name":"Superstylin\u0027","mbid":"0211161a-9100-4215-8738-4d84d07378d3","artist":{"name":"Groove Armada","mbid":"35723b60-732e-4bd8-957f-320b416e7b7f"}},"album":{"name":"Goodbye Country (Hello Nightclub)","mbid":"05142b87-6f1b-4219-9576-6bfe57aa3d19","artist":{"name":"Groove Armada","mbid":"35723b60-732e-4bd8-957f-320b416e7b7f"}}},{"timestamp":{"iso":"2010-01-31T00:38:28","unixtimestamp":1264898308},"track":{"name":"Still Frame","artist":{"name":"Lusine"}},"uncorrectedTrack":{"name":"Still Frame","artist":{"name":"Lusine"}},"album":{"name":"Serial Hodgepodge","artist":{"name":"Lusine"}}},{"timestamp":{"iso":"2010-01-31T00:45:59","unixtimestamp":1264898759},"track":{"name":"Betray","mbid":"3bff9e39-3c51-4fba-b9f1-060272076827","artist":{"name":"Son Lux","mbid":"afcd292c-3c1e-4708-af4a-991aadf957e4"}},"uncorrectedTrack":{"name":"Betray","mbid":"3bff9e39-3c51-4fba-b9f1-060272076827","artist":{"name":"Son Lux","mbid":"afcd292c-3c1e-4708-af4a-991aadf957e4"}},"album":{"name":"At War With Walls and Mazes","mbid":"0a7935d0-de42-4837-86ed-59b21f558d01","artist":{"name":"Son Lux","mbid":"afcd292c-3c1e-4708-af4a-991aadf957e4"}}},{"timestamp":{"iso":"2010-01-31T00:51:07","unixtimestamp":1264899067},"track":{"name":"Untitled One","mbid":"0f2db221-d1f5-4a51-a93d-95bb7db26cde","artist":{"name":"Odd Nosdam","mbid":"af256aa5-4bc7-4aca-9b89-55ca26fe5468"}},"uncorrectedTrack":{"name":"Untitled One","mbid":"0f2db221-d1f5-4a51-a93d-95bb7db26cde","artist":{"name":"Odd Nosdam","mbid":"af256aa5-4bc7-4aca-9b89-55ca26fe5468"}},"album":{"name":"Burner","mbid":"1c8a578c-e7ff-4738-88b5-c0276effa3b2","artist":{"name":"Odd Nosdam","mbid":"af256aa5-4bc7-4aca-9b89-55ca26fe5468"}}},{"timestamp":{"iso":"2010-01-31T15:18:14","unixtimestamp":1264951094},"track":{"name":"Stay","mbid":"ad8f64d1-6cd7-4423-b6c9-fe2485b2b4aa","artist":{"name":"Son Lux","mbid":"afcd292c-3c1e-4708-af4a-991aadf957e4"}},"uncorrectedTrack":{"name":"Stay","mbid":"ad8f64d1-6cd7-4423-b6c9-fe2485b2b4aa","artist":{"name":"Son Lux","mbid":"afcd292c-3c1e-4708-af4a-991aadf957e4"}},"album":{"name":"At War With Walls and Mazes","mbid":"0a7935d0-de42-4837-86ed-59b21f558d01","artist":{"name":"Son Lux","mbid":"afcd292c-3c1e-4708-af4a-991aadf957e4"}}},{"timestamp":{"iso":"2010-01-31T15:22:04","unixtimestamp":1264951324},"track":{"name":"Keep Up Appearance","mbid":"60e4cc42-72c2-47cc-831b-3fdf668a83b0","artist":{"name":"Dosh","mbid":"a6018f35-4de1-4003-8941-6f72012898e7"}},"uncorrectedTrack":{"name":"Keep Up Appearance","mbid":"60e4cc42-72c2-47cc-831b-3fdf668a83b0","artist":{"name":"Dosh","mbid":"a6018f35-4de1-4003-8941-6f72012898e7"}},"album":{"name":"Wolves and Wishes","mbid":"0040cd66-09e3-49a2-8fd4-64953ce200f1","artist":{"name":"Dosh","mbid":"a6018f35-4de1-4003-8941-6f72012898e7"}}},{"timestamp":{"iso":"2010-01-31T15:25:17","unixtimestamp":1264951517},"track":{"name":"Megans Present","mbid":"85004514-24b1-4c8a-a310-70209d9569b0","artist":{"name":"Khonnor","mbid":"5e738ade-7a4b-4221-987b-6588f0244952"}},"uncorrectedTrack":{"name":"Megans Present","mbid":"85004514-24b1-4c8a-a310-70209d9569b0","artist":{"name":"Khonnor","mbid":"5e738ade-7a4b-4221-987b-6588f0244952"}},"album":{"name":"Handwriting","mbid":"52a03cb6-2018-4c54-989b-17b963502993","artist":{"name":"Khonnor","mbid":"5e738ade-7a4b-4221-987b-6588f0244952"}}},{"timestamp":{"iso":"2010-01-31T15:29:26","unixtimestamp":1264951766},"track":{"name":"Ave Grave","mbid":"86704d54-a803-4014-8bc4-756fa0d92a1e","artist":{"name":"Thee More Shallows","mbid":"e00aa801-7772-43bb-af37-8b49fad1e026"}},"uncorrectedTrack":{"name":"Ave Grave","mbid":"86704d54-a803-4014-8bc4-756fa0d92a1e","artist":{"name":"Thee More Shallows","mbid":"e00aa801-7772-43bb-af37-8b49fad1e026"}},"album":{"name":"More Deep Cuts","mbid":"b515d121-8ad0-4cbc-b612-7144e4df9826","artist":{"name":"Thee More Shallows","mbid":"e00aa801-7772-43bb-af37-8b49fad1e026"}}},{"timestamp":{"iso":"2010-01-31T15:32:11","unixtimestamp":1264951931},"track":{"name":"Honeybee","mbid":"d944aae5-3fac-4496-b946-6d7dc8db218e","artist":{"name":"Au","mbid":"01515686-f67b-49a3-9b68-7b53914fc0a8"}},"uncorrectedTrack":{"name":"Honeybee","mbid":"d944aae5-3fac-4496-b946-6d7dc8db218e","artist":{"name":"Au","mbid":"01515686-f67b-49a3-9b68-7b53914fc0a8"}},"album":{"name":"Au","mbid":"da3627ac-8b33-37d9-bd12-171f689f753a","artist":{"name":"Au","mbid":"01515686-f67b-49a3-9b68-7b53914fc0a8"}}},{"timestamp":{"iso":"2010-01-31T15:33:36","unixtimestamp":1264952016},"track":{"name":"FuckedupfuckFuckup","mbid":"5139220e-04a8-4fe4-94fa-cc93585d6606","artist":{"name":"Fog","mbid":"5e76337e-20eb-4b30-bba4-a1b4f32933be"}},"uncorrectedTrack":{"name":"FuckedupfuckFuckup","mbid":"5139220e-04a8-4fe4-94fa-cc93585d6606","artist":{"name":"Fog","mbid":"5e76337e-20eb-4b30-bba4-a1b4f32933be"}},"album":{"name":"Fog","mbid":"25ce1732-aa05-48d0-8fb6-35da8b8086c3","artist":{"name":"Fog","mbid":"5e76337e-20eb-4b30-bba4-a1b4f32933be"}}},{"timestamp":{"iso":"2010-01-31T15:36:04","unixtimestamp":1264952164},"track":{"name":"Under Certain Things","mbid":"44f1af45-8fc9-47f8-9ae6-9c52e92f2145","artist":{"name":"SJ Esau","mbid":"1efb513d-ef4e-4e81-8e11-696ef81a4854"}},"uncorrectedTrack":{"name":"Under Certain Things","mbid":"44f1af45-8fc9-47f8-9ae6-9c52e92f2145","artist":{"name":"SJ Esau","mbid":"1efb513d-ef4e-4e81-8e11-696ef81a4854"}},"album":{"name":"Under Certain Things/Ariel","artist":{"name":"Various Artists","mbid":"023671ff-b1ad-4133-a4f3-aadaaadfd2e0"}}},{"timestamp":{"iso":"2010-01-31T15:40:43","unixtimestamp":1264952443},"track":{"name":"Back And Forth","mbid":"0d07def5-2273-493c-a6d0-1d0d41f2ab4d","artist":{"name":"Alias \u0026 Ehren"}},"uncorrectedTrack":{"name":"Back And Forth","mbid":"0d07def5-2273-493c-a6d0-1d0d41f2ab4d","artist":{"name":"Alias \u0026 Ehren"}},"album":{"name":"Lillian","mbid":"e3f5f507-467b-4d47-ac97-28022fb6b10e","artist":{"name":"Alias \u0026 Ehren"}}},{"timestamp":{"iso":"2010-01-31T15:45:46","unixtimestamp":1264952746},"track":{"name":"Sleeping Torpor","mbid":"c94b0db6-2516-4667-abb5-9e2bd02f42ea","artist":{"name":"Anathallo","mbid":"acd902c5-91df-4e1f-8dd6-7c4a348a4cb9"}},"uncorrectedTrack":{"name":"Sleeping Torpor","mbid":"c94b0db6-2516-4667-abb5-9e2bd02f42ea","artist":{"name":"Anathallo","mbid":"acd902c5-91df-4e1f-8dd6-7c4a348a4cb9"}}},{"timestamp":{"iso":"2010-01-31T15:51:20","unixtimestamp":1264953080},"track":{"name":"The Crow","mbid":"c7ff43f9-b058-47ff-bd22-dde217f61985","artist":{"name":"Subtle","mbid":"d42d210e-b903-42c5-bd85-48c91218dd44"}},"uncorrectedTrack":{"name":"The Crow","mbid":"c7ff43f9-b058-47ff-bd22-dde217f61985","artist":{"name":"Subtle","mbid":"d42d210e-b903-42c5-bd85-48c91218dd44"}},"album":{"name":"Exiting Arm","artist":{"name":"Subtle","mbid":"d42d210e-b903-42c5-bd85-48c91218dd44"}}},{"timestamp":{"iso":"2010-01-31T15:55:25","unixtimestamp":1264953325},"track":{"name":"Unmentionables","mbid":"a1736257-56ed-48c7-a360-98fb224af275","artist":{"name":"Parenthetical Girls","mbid":"58fffe42-217d-4346-8539-8ddc4f1c7daf"}},"uncorrectedTrack":{"name":"Unmentionables","mbid":"a1736257-56ed-48c7-a360-98fb224af275","artist":{"name":"Parenthetical Girls","mbid":"58fffe42-217d-4346-8539-8ddc4f1c7daf"}}},{"timestamp":{"iso":"2010-01-31T15:57:21","unixtimestamp":1264953441},"track":{"name":"The Unthinkable","artist":{"name":"Boom Bip","mbid":"e595ed1c-9251-4362-a816-534f141d16ce"}},"uncorrectedTrack":{"name":"The Unthinkable","artist":{"name":"Boom Bip","mbid":"e595ed1c-9251-4362-a816-534f141d16ce"}}},{"timestamp":{"iso":"2010-01-31T16:01:59","unixtimestamp":1264953719},"track":{"name":"Goddamn Telephone","mbid":"bae07484-a267-484c-9bfc-e57dc46952d1","artist":{"name":"Boom Bip \u0026 Doseone"}},"uncorrectedTrack":{"name":"Goddamn Telephone","mbid":"bae07484-a267-484c-9bfc-e57dc46952d1","artist":{"name":"Boom Bip \u0026 Doseone"}}},{"timestamp":{"iso":"2010-01-31T16:04:50","unixtimestamp":1264953890},"track":{"name":"Alice","mbid":"ed00f112-ef91-4a5c-bad1-348592e3734c","artist":{"name":"Sinner DC","mbid":"a951a227-21ca-4fe4-a0d7-9d98fd6cb18e"}},"uncorrectedTrack":{"name":"Alice","mbid":"ed00f112-ef91-4a5c-bad1-348592e3734c","artist":{"name":"Sinner DC","mbid":"a951a227-21ca-4fe4-a0d7-9d98fd6cb18e"}},"album":{"name":"Arkle Parkle Avenue - LP 2005","artist":{"name":"Sinner DC","mbid":"a951a227-21ca-4fe4-a0d7-9d98fd6cb18e"}}}]