[{"timestamp":{"iso":"2011-05-02T07:32:03","unixtimestamp":1304321523},"track":{"name":"Dance Yrself Clean","mbid":"14ccd58d-c7aa-4b7e-b456-9700c2261f85","artist":{"name":"LCD Soundsystem","mbid":"2aaf7396-6ab8-40f3-9776-a41c42c8e26b"}},"uncorrectedTrack":{"name":"Dance Yrself Clean","mbid":"14ccd58d-c7aa-4b7e-b456-9700c2261f85","artist":{"name":"LCD Soundsystem","mbid":"2aaf7396-6ab8-40f3-9776-a41c42c8e26b"}},"album":{"name":"This Is Happening","mbid":"f4ff70fd-2908-4540-9246-5922aa48987c","artist":{"name":"LCD Soundsystem","mbid":"2aaf7396-6ab8-40f3-9776-a41c42c8e26b"}}},{"timestamp":{"iso":"2011-05-02T07:42:49","unixtimestamp":1304322169},"track":{"name":"アラベスク","artist":{"name":"Lily Chou-Chou","mbid":"5652bb3e-f225-49de-9637-5aa1539b4a7c"}},"uncorrectedTrack":{"name":"アラベスク","artist":{"name":"LILY CHOU CHOU"}},"album":{"name":"呼吸","artist":{"name":"LILY CHOU CHOU"}}},{"timestamp":{"iso":"2011-05-02T07:48:52","unixtimestamp":1304322532},"track":{"name":"グライド","artist":{"name":"Lily Chou-Chou","mbid":"5652bb3e-f225-49de-9637-5aa1539b4a7c"}},"uncorrectedTrack":{"name":"グライド","artist":{"name":"LILY CHOU CHOU"}},"album":{"name":"呼吸","mbid":"39f4ddea-52d1-4a68-b48a-2c6492bab8b0","artist":{"name":"Lily Chou-Chou","mbid":"5652bb3e-f225-49de-9637-5aa1539b4a7c"}}},{"timestamp":{"iso":"2011-05-02T07:52:32","unixtimestamp":1304322752},"track":{"name":"回復する傷","artist":{"name":"Lily Chou-Chou","mbid":"5652bb3e-f225-49de-9637-5aa1539b4a7c"}},"uncorrectedTrack":{"name":"回復する傷","artist":{"name":"LILY CHOU CHOU"}},"album":{"name":"呼吸","mbid":"39f4ddea-52d1-4a68-b48a-2c6492bab8b0","artist":{"name":"Lily Chou-Chou","mbid":"5652bb3e-f225-49de-9637-5aa1539b4a7c"}}},{"timestamp":{"iso":"2011-05-02T07:55:38","unixtimestamp":1304322938},"track":{"name":"飽和","artist":{"name":"Lily Chou-Chou","mbid":"5652bb3e-f225-49de-9637-5aa1539b4a7c"}},"uncorrectedTrack":{"name":"飽和","artist":{"name":"LILY CHOU CHOU"}},"album":{"name":"呼吸","mbid":"39f4ddea-52d1-4a68-b48a-2c6492bab8b0","artist":{"name":"Lily Chou-Chou","mbid":"5652bb3e-f225-49de-9637-5aa1539b4a7c"}}},{"timestamp":{"iso":"2011-05-02T07:59:32","unixtimestamp":1304323172},"track":{"name":"エロティック","artist":{"name":"Lily Chou-Chou","mbid":"5652bb3e-f225-49de-9637-5aa1539b4a7c"}},"uncorrectedTrack":{"name":"エロティック","artist":{"name":"LILY CHOU CHOU"}},"album":{"name":"呼吸","artist":{"name":"LILY CHOU CHOU"}}},{"timestamp":{"iso":"2011-05-02T08:04:22","unixtimestamp":1304323462},"track":{"name":"共鳴(空虚な石)","artist":{"name":"Lily Chou-Chou","mbid":"5652bb3e-f225-49de-9637-5aa1539b4a7c"}},"uncorrectedTrack":{"name":"共鳴(空虚な石)","artist":{"name":"LILY CHOU CHOU"}},"album":{"name":"呼吸","artist":{"name":"LILY CHOU CHOU"}}},{"timestamp":{"iso":"2011-05-06T20:04:06","unixtimestamp":1304712246},"track":{"name":"Ghosts N Stuff","mbid":"05542e90-747e-439e-840a-fac5c246c444","artist":{"name":"deadmau5","mbid":"316f2aab-3477-4c62-bb08-eb04dcdcc18f"}},"uncorrectedTrack":{"name":"Ghosts N Stuff","mbid":"05542e90-747e-439e-840a-fac5c246c444","artist":{"name":"deadmau5","mbid":"316f2aab-3477-4c62-bb08-eb04dcdcc18f"}},"album":{"name":"It Sounds Like","mbid":"b0a03a16-3daa-4abd-89e6-50858f300246","artist":{"name":"deadmau5","mbid":"316f2aab-3477-4c62-bb08-eb04dcdcc18f"}}},{"timestamp":{"iso":"2011-05-06T20:10:55","unixtimestamp":1304712655},"track":{"name":"Tin Hat","artist":{"name":"Lusine"}},"uncorrectedTrack":{"name":"Tin Hat","artist":{"name":"Lusine"}},"album":{"name":"A Certain Distance","mbid":"8ac4688a-415e-475f-8aa2-824613cdd44b","artist":{"name":"Lusine"}}},{"timestamp":{"iso":"2011-05-06T21:17:49","unixtimestamp":1304716669},"track":{"name":"All Along the Watchtower","mbid":"073f604e-2937-422f-9f82-62036fab2b11","artist":{"name":"Bob Dylan","mbid":"25144665-e9ac-416f-aba3-0c8b4ee547d5"}},"uncorrectedTrack":{"name":"All Along the Watchtower","mbid":"073f604e-2937-422f-9f82-62036fab2b11","artist":{"name":"Bob Dylan","mbid":"25144665-e9ac-416f-aba3-0c8b4ee547d5"}},"album":{"name":"John Wesley Harding","mbid":"75f94fa3-ef32-45c6-81e3-7da31d0c8d8c","artist":{"name":"Bob Dylan","mbid":"25144665-e9ac-416f-aba3-0c8b4ee547d5"}}},{"timestamp":{"iso":"2011-05-10T06:11:39","unixtimestamp":1305007899},"track":{"name":"Two Dots","artist":{"name":"Lusine"}},"uncorrectedTrack":{"name":"Two Dots","artist":{"name":"Lusine"}},"album":{"name":"A Certain Distance","mbid":"8ac4688a-415e-475f-8aa2-824613cdd44b","artist":{"name":"Lusine"}}},{"timestamp":{"iso":"2011-05-10T06:16:19","unixtimestamp":1305008179},"track":{"name":"Days to Come (feat. Bajka)","artist":{"name":"Bonobo","mbid":"6f7dea51-1d02-4be1-b138-92078518350c"}},"uncorrectedTrack":{"name":"Days to Come (feat. Bajka)","artist":{"name":"Bonobo","mbid":"6f7dea51-1d02-4be1-b138-92078518350c"}},"album":{"name":"Days to Come","mbid":"6e99b4b6-42ca-4187-8249-68edaed60fe5","artist":{"name":"Bonobo","mbid":"6f7dea51-1d02-4be1-b138-92078518350c"}}},{"timestamp":{"iso":"2011-05-10T06:20:08","unixtimestamp":1305008408},"track":{"name":"Thick Of It","mbid":"ffd8bd2e-b7d7-44ed-a9bb-f14abcb94682","artist":{"name":"Lusine"}},"uncorrectedTrack":{"name":"Thick Of It","mbid":"ffd8bd2e-b7d7-44ed-a9bb-f14abcb94682","artist":{"name":"Lusine"}},"album":{"name":"A Certain Distance","mbid":"8ac4688a-415e-475f-8aa2-824613cdd44b","artist":{"name":"Lusine"}}},{"timestamp":{"iso":"2011-05-19T23:34:22","unixtimestamp":1305848062},"track":{"name":"African Velvet","mbid":"09d1e667-b1d1-46ec-9b72-ba6332391b15","artist":{"name":"Air","mbid":"018dcc90-b1a2-400a-a96e-64b6a101f009"}},"uncorrectedTrack":{"name":"African Velvet","mbid":"09d1e667-b1d1-46ec-9b72-ba6332391b15","artist":{"name":"Air","mbid":"018dcc90-b1a2-400a-a96e-64b6a101f009"}},"album":{"name":"Love 2","mbid":"476fe9ed-0df9-33b3-9de4-bf55666f1df9","artist":{"name":"Air","mbid":"018dcc90-b1a2-400a-a96e-64b6a101f009"}}},{"timestamp":{"iso":"2011-05-19T23:38:15","unixtimestamp":1305848295},"track":{"name":"Anyway","mbid":"2a8ffa4d-075d-402f-a973-8f4e067cb536","artist":{"name":"Télépopmusik","mbid":"265f242e-cf4e-4fbe-a3fe-43112387172f"}},"uncorrectedTrack":{"name":"Anyway","artist":{"name":"Telepopmusik"}},"album":{"name":"Angel Milk","artist":{"name":"Telepopmusik"}}},{"timestamp":{"iso":"2011-05-19T23:41:08","unixtimestamp":1305848468},"track":{"name":"Fear and Love","mbid":"65b11419-13dd-4217-9bde-cbd2b0750258","artist":{"name":"Morcheeba","mbid":"067102ea-9519-4622-9077-57ca4164cfbb"}},"uncorrectedTrack":{"name":"Fear and Love","mbid":"65b11419-13dd-4217-9bde-cbd2b0750258","artist":{"name":"Morcheeba","mbid":"067102ea-9519-4622-9077-57ca4164cfbb"}},"album":{"name":"Big Calm","mbid":"7c441e5d-2cc8-4dd9-b0fb-29f6769e7706","artist":{"name":"Morcheeba","mbid":"067102ea-9519-4622-9077-57ca4164cfbb"}}},{"timestamp":{"iso":"2011-05-19T23:46:08","unixtimestamp":1305848768},"track":{"name":"Tropical Disease","mbid":"24c7644b-fcc1-4e95-9c87-bd4fd47a7fe3","artist":{"name":"Air","mbid":"018dcc90-b1a2-400a-a96e-64b6a101f009"}},"uncorrectedTrack":{"name":"Tropical Disease","mbid":"24c7644b-fcc1-4e95-9c87-bd4fd47a7fe3","artist":{"name":"Air","mbid":"018dcc90-b1a2-400a-a96e-64b6a101f009"}},"album":{"name":"Love 2","mbid":"476fe9ed-0df9-33b3-9de4-bf55666f1df9","artist":{"name":"Air","mbid":"018dcc90-b1a2-400a-a96e-64b6a101f009"}}},{"timestamp":{"iso":"2011-05-19T23:52:58","unixtimestamp":1305849178},"track":{"name":"Fisticuffs At Dawn","mbid":"1c568030-2bc2-4a4c-85d2-defcb4e8452f","artist":{"name":"Little People","mbid":"0ab53372-ba70-4e7b-814b-12bc35fe4719"}},"uncorrectedTrack":{"name":"Fisticuffs At Dawn","mbid":"1c568030-2bc2-4a4c-85d2-defcb4e8452f","artist":{"name":"Little People","mbid":"0ab53372-ba70-4e7b-814b-12bc35fe4719"}},"album":{"name":"Mickey Mouse Operation","mbid":"db4d5128-f065-4938-8161-c50cf64b6f05","artist":{"name":"Little People","mbid":"0ab53372-ba70-4e7b-814b-12bc35fe4719"}}},{"timestamp":{"iso":"2011-05-19T23:54:00","unixtimestamp":1305849240},"track":{"name":"I Like Van Halen Because My Sister Says They Are Cool","mbid":"041a279f-e3d3-4f88-8dd7-b804979fe859","artist":{"name":"El Ten Eleven","mbid":"6c99afec-a207-4519-9d39-616880b6177b"}},"uncorrectedTrack":{"name":"I Like Van Halen Because My Sister Says Their Cool","artist":{"name":"El Ten Eleven","mbid":"6c99afec-a207-4519-9d39-616880b6177b"}},"album":{"name":"These Promises Are Being Videotaped","mbid":"711122ac-4e1a-48ed-bb36-75e286df01b8","artist":{"name":"El Ten Eleven","mbid":"6c99afec-a207-4519-9d39-616880b6177b"}}},{"timestamp":{"iso":"2011-05-19T23:57:54","unixtimestamp":1305849474},"track":{"name":"Behind Closed Doors (Edit)","mbid":"951f2896-c258-48e0-b3b8-53281b3a42f4","artist":{"name":"Little People","mbid":"0ab53372-ba70-4e7b-814b-12bc35fe4719"}},"uncorrectedTrack":{"name":"Behind Closed Doors (Edit)","mbid":"951f2896-c258-48e0-b3b8-53281b3a42f4","artist":{"name":"Little People","mbid":"0ab53372-ba70-4e7b-814b-12bc35fe4719"}},"album":{"name":"Mickey Mouse Operation","mbid":"db4d5128-f065-4938-8161-c50cf64b6f05","artist":{"name":"Little People","mbid":"0ab53372-ba70-4e7b-814b-12bc35fe4719"}}},{"timestamp":{"iso":"2011-05-20T00:03:23","unixtimestamp":1305849803},"track":{"name":"Lorge","mbid":"a44a78bc-625b-4625-9486-66ad5956fb3a","artist":{"name":"El Ten Eleven","mbid":"6c99afec-a207-4519-9d39-616880b6177b"}},"uncorrectedTrack":{"name":"Lorge","mbid":"a44a78bc-625b-4625-9486-66ad5956fb3a","artist":{"name":"El Ten Eleven","mbid":"6c99afec-a207-4519-9d39-616880b6177b"}},"album":{"name":"El Ten Eleven","mbid":"db3eebbe-4d38-4cf9-8e70-2ee2643bcac1","artist":{"name":"El Ten Eleven","mbid":"6c99afec-a207-4519-9d39-616880b6177b"}}},{"timestamp":{"iso":"2011-05-20T00:07:20","unixtimestamp":1305850040},"track":{"name":"Heaven\u0027s Light","mbid":"10d5dd2e-5e54-475b-8d4c-7db1b4dbeb78","artist":{"name":"Air","mbid":"018dcc90-b1a2-400a-a96e-64b6a101f009"}},"uncorrectedTrack":{"name":"Heaven\u0027s Light","mbid":"10d5dd2e-5e54-475b-8d4c-7db1b4dbeb78","artist":{"name":"Air","mbid":"018dcc90-b1a2-400a-a96e-64b6a101f009"}},"album":{"name":"Love 2","mbid":"476fe9ed-0df9-33b3-9de4-bf55666f1df9","artist":{"name":"Air","mbid":"018dcc90-b1a2-400a-a96e-64b6a101f009"}}},{"timestamp":{"iso":"2011-05-20T00:11:14","unixtimestamp":1305850274},"track":{"name":"Every Disguise","artist":{"name":"Lusine"}},"uncorrectedTrack":{"name":"Every Disguise","artist":{"name":"Lusine"}},"album":{"name":"A Certain Distance","mbid":"8ac4688a-415e-475f-8aa2-824613cdd44b","artist":{"name":"Lusine"}}},{"timestamp":{"iso":"2011-05-20T00:15:27","unixtimestamp":1305850527},"track":{"name":"Betray","mbid":"3bff9e39-3c51-4fba-b9f1-060272076827","artist":{"name":"Son Lux","mbid":"afcd292c-3c1e-4708-af4a-991aadf957e4"}},"uncorrectedTrack":{"name":"Betray","mbid":"3bff9e39-3c51-4fba-b9f1-060272076827","artist":{"name":"Son Lux","mbid":"afcd292c-3c1e-4708-af4a-991aadf957e4"}},"album":{"name":"At War with Walls and Mazes - 2008 - Flac","artist":{"name":"Son Lux","mbid":"afcd292c-3c1e-4708-af4a-991aadf957e4"}}},{"timestamp":{"iso":"2011-05-20T00:20:33","unixtimestamp":1305850833},"track":{"name":"Cirrus","mbid":"4c7d29c9-fe13-47f6-a03c-9db3916ba5da","artist":{"name":"Lusine"}},"uncorrectedTrack":{"name":"Cirrus","mbid":"4c7d29c9-fe13-47f6-a03c-9db3916ba5da","artist":{"name":"Lusine"}},"album":{"name":"A Certain Distance","mbid":"8ac4688a-415e-475f-8aa2-824613cdd44b","artist":{"name":"Lusine"}}},{"timestamp":{"iso":"2011-05-20T00:27:11","unixtimestamp":1305851231},"track":{"name":"Spotless Mind","mbid":"5e96d2b1-0caa-4151-a46f-d600baa05d93","artist":{"name":"Jon Brion","mbid":"a32e4aac-1db8-4dc6-be34-a813c4530627"}},"uncorrectedTrack":{"name":"Spotless Mind","mbid":"5e96d2b1-0caa-4151-a46f-d600baa05d93","artist":{"name":"Jon Brion","mbid":"a32e4aac-1db8-4dc6-be34-a813c4530627"}},"album":{"name":"Eternal Sunshine Of The Spotle","artist":{"name":"Jon Brion","mbid":"a32e4aac-1db8-4dc6-be34-a813c4530627"}}},{"timestamp":{"iso":"2011-05-20T00:28:24","unixtimestamp":1305851304},"track":{"name":"Tin Hat","artist":{"name":"Lusine"}},"uncorrectedTrack":{"name":"Tin Hat","artist":{"name":"Lusine"}},"album":{"name":"A Certain Distance","mbid":"8ac4688a-415e-475f-8aa2-824613cdd44b","artist":{"name":"Lusine"}}},{"timestamp":{"iso":"2011-05-20T00:33:05","unixtimestamp":1305851585},"track":{"name":"Winning A Battle, Losing The War","mbid":"bdca082e-1dbe-43a2-b1c0-d74eaafaf850","artist":{"name":"Kings of Convenience","mbid":"cf0f4547-ffbd-4011-98ad-0bec9ba022db"}},"uncorrectedTrack":{"name":"Winning A Battle, Losing The War","mbid":"bdca082e-1dbe-43a2-b1c0-d74eaafaf850","artist":{"name":"Kings of Convenience","mbid":"cf0f4547-ffbd-4011-98ad-0bec9ba022db"}},"album":{"name":"Quiet Is the New Loud","mbid":"f8e764f3-467d-4935-ba3d-32d898ed1c0b","artist":{"name":"Kings of Convenience","mbid":"cf0f4547-ffbd-4011-98ad-0bec9ba022db"}}},{"timestamp":{"iso":"2011-05-20T00:38:38","unixtimestamp":1305851918},"track":{"name":"Recurring","mbid":"8a20b745-f1a2-4d6a-8be9-849d9c5cef23","artist":{"name":"Bonobo","mbid":"6f7dea51-1d02-4be1-b138-92078518350c"}},"uncorrectedTrack":{"name":"Recurring","mbid":"8a20b745-f1a2-4d6a-8be9-849d9c5cef23","artist":{"name":"Bonobo","mbid":"6f7dea51-1d02-4be1-b138-92078518350c"}},"album":{"name":"Days to Come","mbid":"6e99b4b6-42ca-4187-8249-68edaed60fe5","artist":{"name":"Bonobo","mbid":"6f7dea51-1d02-4be1-b138-92078518350c"}}},{"timestamp":{"iso":"2011-05-20T00:43:45","unixtimestamp":1305852225},"track":{"name":"Isolate","mbid":"6265a50a-2df4-4739-810e-cd6515086752","artist":{"name":"Moby","mbid":"00810267-f0ac-45a6-ae99-0b8c9c18f3c2"}},"uncorrectedTrack":{"name":"Isolate","mbid":"6265a50a-2df4-4739-810e-cd6515086752","artist":{"name":"Moby","mbid":"00810267-f0ac-45a6-ae99-0b8c9c18f3c2"}},"album":{"name":"Wait for Me","mbid":"8e378c3e-0af4-373f-94fc-84c03e8b4374","artist":{"name":"Moby","mbid":"00810267-f0ac-45a6-ae99-0b8c9c18f3c2"}}},{"timestamp":{"iso":"2011-05-20T00:47:13","unixtimestamp":1305852433},"track":{"name":"Love","mbid":"0fb656c3-0670-40f1-8e69-52c80e42e2ec","artist":{"name":"Air","mbid":"018dcc90-b1a2-400a-a96e-64b6a101f009"}},"uncorrectedTrack":{"name":"Love","mbid":"0fb656c3-0670-40f1-8e69-52c80e42e2ec","artist":{"name":"Air","mbid":"018dcc90-b1a2-400a-a96e-64b6a101f009"}},"album":{"name":"Love 2","mbid":"476fe9ed-0df9-33b3-9de4-bf55666f1df9","artist":{"name":"Air","mbid":"018dcc90-b1a2-400a-a96e-64b6a101f009"}}},{"timestamp":{"iso":"2011-05-20T00:49:56","unixtimestamp":1305852596},"track":{"name":"Shot in the Back of the Head","mbid":"aa6a1e84-ad11-4e3c-90c3-a8a5553bf1d0","artist":{"name":"Moby","mbid":"00810267-f0ac-45a6-ae99-0b8c9c18f3c2"}},"uncorrectedTrack":{"name":"Shot in the Back of the Head","mbid":"aa6a1e84-ad11-4e3c-90c3-a8a5553bf1d0","artist":{"name":"Moby","mbid":"00810267-f0ac-45a6-ae99-0b8c9c18f3c2"}},"album":{"name":"Wait for Me","mbid":"8e378c3e-0af4-373f-94fc-84c03e8b4374","artist":{"name":"Moby","mbid":"00810267-f0ac-45a6-ae99-0b8c9c18f3c2"}}},{"timestamp":{"iso":"2011-05-20T00:53:12","unixtimestamp":1305852792},"track":{"name":"Start Shootin\u0027","mbid":"5277462c-f559-467a-9c2b-199226d02c31","artist":{"name":"Little People","mbid":"0ab53372-ba70-4e7b-814b-12bc35fe4719"}},"uncorrectedTrack":{"name":"Start Shootin\u0027","mbid":"5277462c-f559-467a-9c2b-199226d02c31","artist":{"name":"Little People","mbid":"0ab53372-ba70-4e7b-814b-12bc35fe4719"}},"album":{"name":"Mickey Mouse Operation","mbid":"db4d5128-f065-4938-8161-c50cf64b6f05","artist":{"name":"Little People","mbid":"0ab53372-ba70-4e7b-814b-12bc35fe4719"}}},{"timestamp":{"iso":"2011-05-20T00:56:48","unixtimestamp":1305853008},"track":{"name":"Missing the Light of the Day","mbid":"18543d36-3692-4d0d-bb29-664de59ae417","artist":{"name":"Air","mbid":"018dcc90-b1a2-400a-a96e-64b6a101f009"}},"uncorrectedTrack":{"name":"Missing the Light of the Day","mbid":"18543d36-3692-4d0d-bb29-664de59ae417","artist":{"name":"Air","mbid":"018dcc90-b1a2-400a-a96e-64b6a101f009"}},"album":{"name":"Love 2","mbid":"476fe9ed-0df9-33b3-9de4-bf55666f1df9","artist":{"name":"Air","mbid":"018dcc90-b1a2-400a-a96e-64b6a101f009"}}},{"timestamp":{"iso":"2011-05-20T01:01:15","unixtimestamp":1305853275},"track":{"name":"Singing Softly To Me","mbid":"4169a07d-abac-49b0-a12b-59a9c0e92fd5","artist":{"name":"Kings of Convenience","mbid":"cf0f4547-ffbd-4011-98ad-0bec9ba022db"}},"uncorrectedTrack":{"name":"Singing Softly To Me","mbid":"4169a07d-abac-49b0-a12b-59a9c0e92fd5","artist":{"name":"Kings of Convenience","mbid":"cf0f4547-ffbd-4011-98ad-0bec9ba022db"}},"album":{"name":"Quiet Is the New Loud","mbid":"f8e764f3-467d-4935-ba3d-32d898ed1c0b","artist":{"name":"Kings of Convenience","mbid":"cf0f4547-ffbd-4011-98ad-0bec9ba022db"}}},{"timestamp":{"iso":"2011-05-20T01:04:24","unixtimestamp":1305853464},"track":{"name":"Revolution 909","mbid":"fa61d962-db65-46af-bf16-3d8aef59c913","artist":{"name":"Daft Punk","mbid":"056e4f3e-d505-4dad-8ec1-d04f521cbb56"}},"uncorrectedTrack":{"name":"Revolution 909","mbid":"fa61d962-db65-46af-bf16-3d8aef59c913","artist":{"name":"Daft Punk","mbid":"056e4f3e-d505-4dad-8ec1-d04f521cbb56"}},"album":{"name":"Homework","mbid":"497f9acf-a695-332e-bc20-1c8745248550","artist":{"name":"Daft Punk","mbid":"056e4f3e-d505-4dad-8ec1-d04f521cbb56"}}},{"timestamp":{"iso":"2011-05-20T01:09:50","unixtimestamp":1305853790},"track":{"name":"Ketto","mbid":"9fa9aba0-d8e2-4177-8ee7-728f365a7cd4","artist":{"name":"Bonobo","mbid":"6f7dea51-1d02-4be1-b138-92078518350c"}},"uncorrectedTrack":{"name":"Ketto","mbid":"9fa9aba0-d8e2-4177-8ee7-728f365a7cd4","artist":{"name":"Bonobo","mbid":"6f7dea51-1d02-4be1-b138-92078518350c"}},"album":{"name":"Days to Come","mbid":"6e99b4b6-42ca-4187-8249-68edaed60fe5","artist":{"name":"Bonobo","mbid":"6f7dea51-1d02-4be1-b138-92078518350c"}}},{"timestamp":{"iso":"2011-05-20T01:14:57","unixtimestamp":1305854097},"track":{"name":"Intro","mbid":"bc82b95c-f0eb-4e74-a521-dcd828b25ee6","artist":{"name":"The xx","mbid":"c5c2ea1c-4bde-4f4d-bd0b-47b200bf99d6"}},"uncorrectedTrack":{"name":"Intro","mbid":"bc82b95c-f0eb-4e74-a521-dcd828b25ee6","artist":{"name":"The xx","mbid":"c5c2ea1c-4bde-4f4d-bd0b-47b200bf99d6"}},"album":{"name":"xx","mbid":"0a316273-a395-38c1-9464-940b5cb529dd","artist":{"name":"The xx","mbid":"c5c2ea1c-4bde-4f4d-bd0b-47b200bf99d6"}}},{"timestamp":{"iso":"2011-05-20T01:17:05","unixtimestamp":1305854225},"track":{"name":"Pale Horses (Apparat remix)","mbid":"72868471-26a0-4e81-adcd-26b5d3baf0be","artist":{"name":"Moby","mbid":"00810267-f0ac-45a6-ae99-0b8c9c18f3c2"}},"uncorrectedTrack":{"name":"Pale Horses [Apparat Dub]","artist":{"name":"Moby","mbid":"00810267-f0ac-45a6-ae99-0b8c9c18f3c2"}},"album":{"name":"Pale Horses","mbid":"7103d5cc-8c91-48a5-9c49-249c9d042c1b","artist":{"name":"Moby","mbid":"00810267-f0ac-45a6-ae99-0b8c9c18f3c2"}}},{"timestamp":{"iso":"2011-05-20T01:20:34","unixtimestamp":1305854434},"track":{"name":"Double Vision","artist":{"name":"Lusine"}},"uncorrectedTrack":{"name":"Double Vision","artist":{"name":"Lusine"}},"album":{"name":"A Certain Distance","mbid":"8ac4688a-415e-475f-8aa2-824613cdd44b","artist":{"name":"Lusine"}}},{"timestamp":{"iso":"2011-05-20T01:26:44","unixtimestamp":1305854804},"track":{"name":"Eitheror","mbid":"86a9e9a7-aa75-4448-9608-a3ca20e46dad","artist":{"name":"Little People","mbid":"0ab53372-ba70-4e7b-814b-12bc35fe4719"}},"uncorrectedTrack":{"name":"Eitheror","mbid":"86a9e9a7-aa75-4448-9608-a3ca20e46dad","artist":{"name":"Little People","mbid":"0ab53372-ba70-4e7b-814b-12bc35fe4719"}},"album":{"name":"Mickey Mouse Operation","mbid":"db4d5128-f065-4938-8161-c50cf64b6f05","artist":{"name":"Little People","mbid":"0ab53372-ba70-4e7b-814b-12bc35fe4719"}}},{"timestamp":{"iso":"2011-05-20T01:32:29","unixtimestamp":1305855149},"track":{"name":"Gravity","mbid":"3b5f5d0b-fafb-41da-b552-96e38f5bd3a0","artist":{"name":"Lusine"}},"uncorrectedTrack":{"name":"Gravity","mbid":"3b5f5d0b-fafb-41da-b552-96e38f5bd3a0","artist":{"name":"Lusine"}},"album":{"name":"A Certain Distance","mbid":"8ac4688a-415e-475f-8aa2-824613cdd44b","artist":{"name":"Lusine"}}},{"timestamp":{"iso":"2011-05-30T02:11:25","unixtimestamp":1306721485},"track":{"name":"Love","mbid":"0fb656c3-0670-40f1-8e69-52c80e42e2ec","artist":{"name":"Air","mbid":"018dcc90-b1a2-400a-a96e-64b6a101f009"}},"uncorrectedTrack":{"name":"Love","mbid":"0fb656c3-0670-40f1-8e69-52c80e42e2ec","artist":{"name":"Air","mbid":"018dcc90-b1a2-400a-a96e-64b6a101f009"}},"album":{"name":"Love 2","mbid":"476fe9ed-0df9-33b3-9de4-bf55666f1df9","artist":{"name":"Air","mbid":"018dcc90-b1a2-400a-a96e-64b6a101f009"}}},{"timestamp":{"iso":"2011-05-30T02:14:10","unixtimestamp":1306721650},"track":{"name":"Two Dots","artist":{"name":"Lusine"}},"uncorrectedTrack":{"name":"Two Dots","artist":{"name":"Lusine"}},"album":{"name":"A Certain Distance","mbid":"8ac4688a-415e-475f-8aa2-824613cdd44b","artist":{"name":"Lusine"}}},{"timestamp":{"iso":"2011-05-30T02:18:49","unixtimestamp":1306721929},"track":{"name":"Crowded Room","artist":{"name":"Lusine"}},"uncorrectedTrack":{"name":"Crowded Room","artist":{"name":"Lusine"}},"album":{"name":"A Certain Distance","mbid":"8ac4688a-415e-475f-8aa2-824613cdd44b","artist":{"name":"Lusine"}}},{"timestamp":{"iso":"2011-05-30T02:22:43","unixtimestamp":1306722163},"track":{"name":"I Like Van Halen Because My Sister Says They Are Cool","mbid":"041a279f-e3d3-4f88-8dd7-b804979fe859","artist":{"name":"El Ten Eleven","mbid":"6c99afec-a207-4519-9d39-616880b6177b"}},"uncorrectedTrack":{"name":"I Like Van Halen Because My Sister Says Their Cool","artist":{"name":"El Ten Eleven","mbid":"6c99afec-a207-4519-9d39-616880b6177b"}},"album":{"name":"These Promises Are Being Videotaped","mbid":"711122ac-4e1a-48ed-bb36-75e286df01b8","artist":{"name":"El Ten Eleven","mbid":"6c99afec-a207-4519-9d39-616880b6177b"}}},{"timestamp":{"iso":"2011-05-30T02:26:38","unixtimestamp":1306722398},"track":{"name":"Intro","mbid":"bc82b95c-f0eb-4e74-a521-dcd828b25ee6","artist":{"name":"The xx","mbid":"c5c2ea1c-4bde-4f4d-bd0b-47b200bf99d6"}},"uncorrectedTrack":{"name":"Intro","mbid":"bc82b95c-f0eb-4e74-a521-dcd828b25ee6","artist":{"name":"The xx","mbid":"c5c2ea1c-4bde-4f4d-bd0b-47b200bf99d6"}},"album":{"name":"xx","mbid":"0a316273-a395-38c1-9464-940b5cb529dd","artist":{"name":"The xx","mbid":"c5c2ea1c-4bde-4f4d-bd0b-47b200bf99d6"}}},{"timestamp":{"iso":"2011-05-30T02:28:46","unixtimestamp":1306722526},"track":{"name":"Revolution Solution","mbid":"f36edf59-a389-4aa6-86e7-c3e22f765981","artist":{"name":"Thievery Corporation","mbid":"a505bb48-ad65-4af4-ae47-29149715bff9"}},"uncorrectedTrack":{"name":"The Revolution Solution","artist":{"name":"Thievery Corporation","mbid":"a505bb48-ad65-4af4-ae47-29149715bff9"}},"album":{"name":"The Cosmic Game","mbid":"6ab8e549-13bc-39c0-b947-423ada5ee844","artist":{"name":"Thievery Corporation","mbid":"a505bb48-ad65-4af4-ae47-29149715bff9"}}},{"timestamp":{"iso":"2011-05-30T02:32:27","unixtimestamp":1306722747},"track":{"name":"Tropical Disease","mbid":"24c7644b-fcc1-4e95-9c87-bd4fd47a7fe3","artist":{"name":"Air","mbid":"018dcc90-b1a2-400a-a96e-64b6a101f009"}},"uncorrectedTrack":{"name":"Tropical Disease","mbid":"24c7644b-fcc1-4e95-9c87-bd4fd47a7fe3","artist":{"name":"Air","mbid":"018dcc90-b1a2-400a-a96e-64b6a101f009"}},"album":{"name":"Love 2","mbid":"476fe9ed-0df9-33b3-9de4-bf55666f1df9","artist":{"name":"Air","mbid":"018dcc90-b1a2-400a-a96e-64b6a101f009"}}}]