[{"timestamp":{"iso":"2011-09-13T04:25:36","unixtimestamp":1315887936},"track":{"name":"Old Old Fashioned","mbid":"01ca008a-cd78-4474-bb78-febc7e3a20f9","artist":{"name":"Frightened Rabbit","mbid":"dc21d171-7204-4759-9fd0-77d031aeb40c"}},"uncorrectedTrack":{"name":"Old Old Fashioned","mbid":"01ca008a-cd78-4474-bb78-febc7e3a20f9","artist":{"name":"Frightened Rabbit","mbid":"dc21d171-7204-4759-9fd0-77d031aeb40c"}},"album":{"name":"The Midnight Organ Fight","mbid":"c3df7206-f769-49bb-9f57-2f6110c65621","artist":{"name":"Frightened Rabbit","mbid":"dc21d171-7204-4759-9fd0-77d031aeb40c"}}},{"timestamp":{"iso":"2011-09-13T04:31:46","unixtimestamp":1315888306},"track":{"name":"Golden Bell","mbid":"dff2fcad-1c27-4b0a-a32e-d207bb2a5e01","artist":{"name":"Le Loup","mbid":"4d846168-a981-42f7-838f-fb80e4f5be7a"}},"uncorrectedTrack":{"name":"Golden Bell","mbid":"dff2fcad-1c27-4b0a-a32e-d207bb2a5e01","artist":{"name":"Le Loup","mbid":"4d846168-a981-42f7-838f-fb80e4f5be7a"}},"album":{"name":"Family","mbid":"1ecfddba-cbf5-42e6-b1ef-e8584b32a14e","artist":{"name":"Le Loup","mbid":"4d846168-a981-42f7-838f-fb80e4f5be7a"}}},{"timestamp":{"iso":"2011-09-13T04:32:53","unixtimestamp":1315888373},"track":{"name":"Love Lost","mbid":"37b25031-3af4-42d9-abe7-660aacc026ae","artist":{"name":"The Temper Trap","mbid":"bb6eaced-69dd-4636-829f-9f987acc4fc3"}},"uncorrectedTrack":{"name":"Love Lost","mbid":"37b25031-3af4-42d9-abe7-660aacc026ae","artist":{"name":"The Temper Trap","mbid":"bb6eaced-69dd-4636-829f-9f987acc4fc3"}},"album":{"name":"Conditions","mbid":"bff295ae-51d0-470f-b6a9-d511643e753e","artist":{"name":"The Temper Trap","mbid":"bb6eaced-69dd-4636-829f-9f987acc4fc3"}}},{"timestamp":{"iso":"2011-09-13T04:36:29","unixtimestamp":1315888589},"track":{"name":"Little Secrets","mbid":"6519f25d-1c27-42b8-b6ad-28604b6225bd","artist":{"name":"Passion Pit","mbid":"daeec599-bf5d-4428-994a-e76ba5f86e2f"}},"uncorrectedTrack":{"name":"Little Secrets","mbid":"6519f25d-1c27-42b8-b6ad-28604b6225bd","artist":{"name":"Passion Pit","mbid":"daeec599-bf5d-4428-994a-e76ba5f86e2f"}},"album":{"name":"Manners","mbid":"4ae747c7-64f6-4426-b385-a7870f71b133","artist":{"name":"Passion Pit","mbid":"daeec599-bf5d-4428-994a-e76ba5f86e2f"}}},{"timestamp":{"iso":"2011-09-13T04:40:28","unixtimestamp":1315888828},"track":{"name":"Perfect Disguise","mbid":"0b2dd8bc-8c7b-4de5-9a88-9a57f2930168","artist":{"name":"Modest Mouse","mbid":"a96ac800-bfcb-412a-8a63-0a98df600700"}},"uncorrectedTrack":{"name":"Perfect Disguise","mbid":"0b2dd8bc-8c7b-4de5-9a88-9a57f2930168","artist":{"name":"Modest Mouse","mbid":"a96ac800-bfcb-412a-8a63-0a98df600700"}},"album":{"name":"Moon \u0026 Antarctica","artist":{"name":"Modest Mouse","mbid":"a96ac800-bfcb-412a-8a63-0a98df600700"}}},{"timestamp":{"iso":"2011-09-13T04:43:10","unixtimestamp":1315888990},"track":{"name":"Head Rolls Off","mbid":"15dceec1-4ec3-4021-88b6-c5e9b8e856b2","artist":{"name":"Frightened Rabbit","mbid":"dc21d171-7204-4759-9fd0-77d031aeb40c"}},"uncorrectedTrack":{"name":"Head Rolls Off","mbid":"15dceec1-4ec3-4021-88b6-c5e9b8e856b2","artist":{"name":"Frightened Rabbit","mbid":"dc21d171-7204-4759-9fd0-77d031aeb40c"}},"album":{"name":"The Midnight Organ Fight","mbid":"c3df7206-f769-49bb-9f57-2f6110c65621","artist":{"name":"Frightened Rabbit","mbid":"dc21d171-7204-4759-9fd0-77d031aeb40c"}}},{"timestamp":{"iso":"2011-09-13T04:46:54","unixtimestamp":1315889214},"track":{"name":"October","mbid":"7f6488da-979c-4d21-a7a8-a48036aceb7a","artist":{"name":"Broken Bells","mbid":"62d364d2-550b-420e-b918-b3bd1e4a2efc"}},"uncorrectedTrack":{"name":"October","mbid":"7f6488da-979c-4d21-a7a8-a48036aceb7a","artist":{"name":"Broken Bells","mbid":"62d364d2-550b-420e-b918-b3bd1e4a2efc"}},"album":{"name":"Broken Bells","mbid":"e8f8ead8-7abb-42f2-8974-19c6b16cf4bf","artist":{"name":"Broken Bells","mbid":"62d364d2-550b-420e-b918-b3bd1e4a2efc"}}},{"timestamp":{"iso":"2011-09-13T04:50:34","unixtimestamp":1315889434},"track":{"name":"SonLux_Do_Master","artist":{"name":"Son Lux","mbid":"afcd292c-3c1e-4708-af4a-991aadf957e4"}},"uncorrectedTrack":{"name":"SonLux_Do_Master","artist":{"name":"Son Lux","mbid":"afcd292c-3c1e-4708-af4a-991aadf957e4"}}},{"timestamp":{"iso":"2011-09-13T04:57:18","unixtimestamp":1315889838},"track":{"name":"Wither","mbid":"78dffecc-7626-465d-8112-c093984661c9","artist":{"name":"Son Lux","mbid":"afcd292c-3c1e-4708-af4a-991aadf957e4"}},"uncorrectedTrack":{"name":"Wither","mbid":"78dffecc-7626-465d-8112-c093984661c9","artist":{"name":"Son Lux","mbid":"afcd292c-3c1e-4708-af4a-991aadf957e4"}},"album":{"name":"At War with Walls and Mazes - 2008 - Flac","artist":{"name":"Son Lux","mbid":"afcd292c-3c1e-4708-af4a-991aadf957e4"}}},{"timestamp":{"iso":"2011-09-13T05:01:19","unixtimestamp":1315890079},"track":{"name":"Go Do","mbid":"a5519bd0-c775-42a4-bc89-72f27943c1f0","artist":{"name":"Jónsi","mbid":"0ecc2c46-d335-485c-a077-240482609672"}},"uncorrectedTrack":{"name":"Go Do","mbid":"a5519bd0-c775-42a4-bc89-72f27943c1f0","artist":{"name":"Jónsi","mbid":"0ecc2c46-d335-485c-a077-240482609672"}},"album":{"name":"Go - Advance","artist":{"name":"Jónsi","mbid":"0ecc2c46-d335-485c-a077-240482609672"}}},{"timestamp":{"iso":"2011-09-13T05:06:07","unixtimestamp":1315890367},"track":{"name":"Animal Arithmetic","mbid":"4d18476c-b03f-47a8-85b5-f8fb130bcdc7","artist":{"name":"Jónsi","mbid":"0ecc2c46-d335-485c-a077-240482609672"}},"uncorrectedTrack":{"name":"Animal Arithmatic","artist":{"name":"Jónsi","mbid":"0ecc2c46-d335-485c-a077-240482609672"}},"album":{"name":"Go - Advance","artist":{"name":"Jónsi","mbid":"0ecc2c46-d335-485c-a077-240482609672"}}},{"timestamp":{"iso":"2011-09-13T05:09:12","unixtimestamp":1315890552},"track":{"name":"Tornado","mbid":"eacbda70-7ea6-40e9-85c6-96a5c8bf5df1","artist":{"name":"Jónsi","mbid":"0ecc2c46-d335-485c-a077-240482609672"}},"uncorrectedTrack":{"name":"Tornado","mbid":"eacbda70-7ea6-40e9-85c6-96a5c8bf5df1","artist":{"name":"Jónsi","mbid":"0ecc2c46-d335-485c-a077-240482609672"}},"album":{"name":"Go - Advance","artist":{"name":"Jónsi","mbid":"0ecc2c46-d335-485c-a077-240482609672"}}},{"timestamp":{"iso":"2011-09-13T05:13:27","unixtimestamp":1315890807},"track":{"name":"Boy Lilikoi","mbid":"1a7c3f1b-3cbf-4134-98b8-cb4b3e7fcea6","artist":{"name":"Jónsi","mbid":"0ecc2c46-d335-485c-a077-240482609672"}},"uncorrectedTrack":{"name":"Boy Lilikoi","mbid":"1a7c3f1b-3cbf-4134-98b8-cb4b3e7fcea6","artist":{"name":"Jónsi","mbid":"0ecc2c46-d335-485c-a077-240482609672"}},"album":{"name":"Go - Advance","artist":{"name":"Jónsi","mbid":"0ecc2c46-d335-485c-a077-240482609672"}}},{"timestamp":{"iso":"2011-09-13T05:17:55","unixtimestamp":1315891075},"track":{"name":"Sinking Friendships","mbid":"d4818138-acbc-4899-9428-c0e978832a45","artist":{"name":"Jónsi","mbid":"0ecc2c46-d335-485c-a077-240482609672"}},"uncorrectedTrack":{"name":"Sinking Friendships","mbid":"d4818138-acbc-4899-9428-c0e978832a45","artist":{"name":"Jónsi","mbid":"0ecc2c46-d335-485c-a077-240482609672"}},"album":{"name":"Go - Advance","artist":{"name":"Jónsi","mbid":"0ecc2c46-d335-485c-a077-240482609672"}}},{"timestamp":{"iso":"2011-09-13T05:22:39","unixtimestamp":1315891359},"track":{"name":"Kolniður","mbid":"7ef7f93d-0966-4f84-af21-192a2c149b21","artist":{"name":"Jónsi","mbid":"0ecc2c46-d335-485c-a077-240482609672"}},"uncorrectedTrack":{"name":"Kolniður","mbid":"7ef7f93d-0966-4f84-af21-192a2c149b21","artist":{"name":"Jónsi","mbid":"0ecc2c46-d335-485c-a077-240482609672"}},"album":{"name":"Go - Advance","artist":{"name":"Jónsi","mbid":"0ecc2c46-d335-485c-a077-240482609672"}}},{"timestamp":{"iso":"2011-09-13T05:26:34","unixtimestamp":1315891594},"track":{"name":"Grow Till Tall","mbid":"5ad75770-7b60-4efb-b947-85bd64581ca0","artist":{"name":"Jónsi","mbid":"0ecc2c46-d335-485c-a077-240482609672"}},"uncorrectedTrack":{"name":"Grow Til Tall","artist":{"name":"Jónsi","mbid":"0ecc2c46-d335-485c-a077-240482609672"}},"album":{"name":"Go - Advance","artist":{"name":"Jónsi","mbid":"0ecc2c46-d335-485c-a077-240482609672"}}},{"timestamp":{"iso":"2011-09-13T05:31:47","unixtimestamp":1315891907},"track":{"name":"Around Us","mbid":"5274a9b3-acaf-41fa-a934-978c427debf4","artist":{"name":"Jónsi","mbid":"0ecc2c46-d335-485c-a077-240482609672"}},"uncorrectedTrack":{"name":"Around Us","mbid":"5274a9b3-acaf-41fa-a934-978c427debf4","artist":{"name":"Jónsi","mbid":"0ecc2c46-d335-485c-a077-240482609672"}},"album":{"name":"Go - Advance","artist":{"name":"Jónsi","mbid":"0ecc2c46-d335-485c-a077-240482609672"}}},{"timestamp":{"iso":"2011-09-13T05:36:19","unixtimestamp":1315892179},"track":{"name":"Clair de lune","mbid":"8bf270c0-2147-4452-a0fd-becb80de80f2","artist":{"name":"Claude Debussy","mbid":"be50643c-0377-4968-b48c-47e06b2e2a3b"}},"uncorrectedTrack":{"name":"Clair de lune","mbid":"8bf270c0-2147-4452-a0fd-becb80de80f2","artist":{"name":"Claude Debussy","mbid":"be50643c-0377-4968-b48c-47e06b2e2a3b"}},"album":{"name":"Für Elise - Romantic Piano Pieces","artist":{"name":"Claude Debussy","mbid":"be50643c-0377-4968-b48c-47e06b2e2a3b"}}},{"timestamp":{"iso":"2011-09-13T05:43:11","unixtimestamp":1315892591},"track":{"name":"Cello Suite No.1, 1. Prelude","artist":{"name":"Yo-Yo Ma"}},"uncorrectedTrack":{"name":"Cello Suite No.1, 1. Prelude","artist":{"name":"Yo-Yo Ma"}},"album":{"name":"Yo-Yo Ma-Bach: 6 Suites for Unac. Cello","artist":{"name":"Yo-Yo Ma"}}},{"timestamp":{"iso":"2011-09-13T05:54:41","unixtimestamp":1315893281},"track":{"name":"Clair de lune","mbid":"8bf270c0-2147-4452-a0fd-becb80de80f2","artist":{"name":"Claude Debussy","mbid":"be50643c-0377-4968-b48c-47e06b2e2a3b"}},"uncorrectedTrack":{"name":"Clair de lune","mbid":"8bf270c0-2147-4452-a0fd-becb80de80f2","artist":{"name":"Claude Debussy","mbid":"be50643c-0377-4968-b48c-47e06b2e2a3b"}},"album":{"name":"Für Elise - Romantic Piano Pieces","artist":{"name":"Claude Debussy","mbid":"be50643c-0377-4968-b48c-47e06b2e2a3b"}}},{"timestamp":{"iso":"2011-09-13T05:59:50","unixtimestamp":1315893590},"track":{"name":"Liebestraum Nr. 3","mbid":"1bab1075-8e13-4955-9179-b54385bc1137","artist":{"name":"Franz Liszt","mbid":"2cd475bb-1abd-40c4-9904-6d4b691c752c"}},"uncorrectedTrack":{"name":"Liebestraum Nr. 3","mbid":"1bab1075-8e13-4955-9179-b54385bc1137","artist":{"name":"Franz Liszt","mbid":"2cd475bb-1abd-40c4-9904-6d4b691c752c"}},"album":{"name":"Für Elise - Romantic Piano Pieces","artist":{"name":"Franz Liszt","mbid":"2cd475bb-1abd-40c4-9904-6d4b691c752c"}}},{"timestamp":{"iso":"2011-09-15T04:09:58","unixtimestamp":1316059798},"track":{"name":"Tornado","mbid":"eacbda70-7ea6-40e9-85c6-96a5c8bf5df1","artist":{"name":"Jónsi","mbid":"0ecc2c46-d335-485c-a077-240482609672"}},"uncorrectedTrack":{"name":"Tornado","mbid":"eacbda70-7ea6-40e9-85c6-96a5c8bf5df1","artist":{"name":"Jónsi","mbid":"0ecc2c46-d335-485c-a077-240482609672"}},"album":{"name":"Go - Advance","artist":{"name":"Jónsi","mbid":"0ecc2c46-d335-485c-a077-240482609672"}}},{"timestamp":{"iso":"2011-09-15T04:14:14","unixtimestamp":1316060054},"track":{"name":"Hengilás","mbid":"b19c2715-5e3b-43ea-b866-9e6cc0aba6eb","artist":{"name":"Jónsi","mbid":"0ecc2c46-d335-485c-a077-240482609672"}},"uncorrectedTrack":{"name":"Hengilas","artist":{"name":"Jónsi","mbid":"0ecc2c46-d335-485c-a077-240482609672"}},"album":{"name":"Go - Advance","artist":{"name":"Jónsi","mbid":"0ecc2c46-d335-485c-a077-240482609672"}}},{"timestamp":{"iso":"2011-09-15T04:18:29","unixtimestamp":1316060309},"track":{"name":"Kolniður","mbid":"7ef7f93d-0966-4f84-af21-192a2c149b21","artist":{"name":"Jónsi","mbid":"0ecc2c46-d335-485c-a077-240482609672"}},"uncorrectedTrack":{"name":"Kolniður","mbid":"7ef7f93d-0966-4f84-af21-192a2c149b21","artist":{"name":"Jónsi","mbid":"0ecc2c46-d335-485c-a077-240482609672"}},"album":{"name":"Go - Advance","artist":{"name":"Jónsi","mbid":"0ecc2c46-d335-485c-a077-240482609672"}}},{"timestamp":{"iso":"2011-09-15T04:22:24","unixtimestamp":1316060544},"track":{"name":"Boy Lilikoi","mbid":"1a7c3f1b-3cbf-4134-98b8-cb4b3e7fcea6","artist":{"name":"Jónsi","mbid":"0ecc2c46-d335-485c-a077-240482609672"}},"uncorrectedTrack":{"name":"Boy Lilikoi","mbid":"1a7c3f1b-3cbf-4134-98b8-cb4b3e7fcea6","artist":{"name":"Jónsi","mbid":"0ecc2c46-d335-485c-a077-240482609672"}},"album":{"name":"Go - Advance","artist":{"name":"Jónsi","mbid":"0ecc2c46-d335-485c-a077-240482609672"}}},{"timestamp":{"iso":"2011-09-15T04:26:51","unixtimestamp":1316060811},"track":{"name":"Around Us","mbid":"5274a9b3-acaf-41fa-a934-978c427debf4","artist":{"name":"Jónsi","mbid":"0ecc2c46-d335-485c-a077-240482609672"}},"uncorrectedTrack":{"name":"Around Us","mbid":"5274a9b3-acaf-41fa-a934-978c427debf4","artist":{"name":"Jónsi","mbid":"0ecc2c46-d335-485c-a077-240482609672"}},"album":{"name":"Go - Advance","artist":{"name":"Jónsi","mbid":"0ecc2c46-d335-485c-a077-240482609672"}}},{"timestamp":{"iso":"2011-09-16T03:16:55","unixtimestamp":1316143015},"track":{"name":"Zebra","mbid":"299431a4-7389-4a5d-a8bc-c3b2f3072c29","artist":{"name":"Beach House","mbid":"d5cc67b8-1cc4-453b-96e8-44487acdebea"}},"uncorrectedTrack":{"name":"Zebra","mbid":"299431a4-7389-4a5d-a8bc-c3b2f3072c29","artist":{"name":"Beach House","mbid":"d5cc67b8-1cc4-453b-96e8-44487acdebea"}},"album":{"name":"Teen Dream","mbid":"44f67ad5-cdff-3036-80e9-bee67402ded0","artist":{"name":"Beach House","mbid":"d5cc67b8-1cc4-453b-96e8-44487acdebea"}}},{"timestamp":{"iso":"2011-09-16T03:27:41","unixtimestamp":1316143661},"track":{"name":"Paper Romance - Feat. Fenech Soler \u0026 Saintsaviour","artist":{"name":"Groove Armada","mbid":"35723b60-732e-4bd8-957f-320b416e7b7f"}},"uncorrectedTrack":{"name":"Paper Romance - Feat. Fenech Soler \u0026 Saintsaviour","artist":{"name":"Groove Armada","mbid":"35723b60-732e-4bd8-957f-320b416e7b7f"}},"album":{"name":"Black Light","mbid":"5729aa51-bc0d-4dd1-9a06-57878e0e9b2c","artist":{"name":"Groove Armada","mbid":"35723b60-732e-4bd8-957f-320b416e7b7f"}}},{"timestamp":{"iso":"2011-09-16T03:33:58","unixtimestamp":1316144038},"track":{"name":"Don’t Turn the Lights On","artist":{"name":"Chromeo","mbid":"13f2e9fe-be3c-498d-a22d-b4ed5f0ffefc"}},"uncorrectedTrack":{"name":"Don’t Turn the Lights On","artist":{"name":"Chromeo","mbid":"13f2e9fe-be3c-498d-a22d-b4ed5f0ffefc"}},"album":{"name":"Business Casual","mbid":"7058e4cd-7882-314e-a77a-b3efa43aaf27","artist":{"name":"Chromeo","mbid":"13f2e9fe-be3c-498d-a22d-b4ed5f0ffefc"}}},{"timestamp":{"iso":"2011-09-16T03:38:30","unixtimestamp":1316144310},"track":{"name":"Rules Don\u0027t Stop","mbid":"2fae959a-54d1-44e0-a745-69fea5bf0227","artist":{"name":"We Are Scientists","mbid":"9386b36e-87f3-4716-a219-79a07a4e29cc"}},"uncorrectedTrack":{"name":"Rules Don\u0027t Stop","mbid":"2fae959a-54d1-44e0-a745-69fea5bf0227","artist":{"name":"We Are Scientists","mbid":"9386b36e-87f3-4716-a219-79a07a4e29cc"}},"album":{"name":"Rules Don\u0027t Stop","artist":{"name":"We Are Scientists","mbid":"9386b36e-87f3-4716-a219-79a07a4e29cc"}}},{"timestamp":{"iso":"2011-09-16T03:41:19","unixtimestamp":1316144479},"track":{"name":"Tighten Up","mbid":"cce899ad-8837-4623-b510-322f72bcf424","artist":{"name":"The Black Keys","mbid":"d15721d8-56b4-453d-b506-fc915b14cba2"}},"uncorrectedTrack":{"name":"Tighten Up","mbid":"cce899ad-8837-4623-b510-322f72bcf424","artist":{"name":"The Black Keys","mbid":"d15721d8-56b4-453d-b506-fc915b14cba2"}},"album":{"name":"Brothers","mbid":"710a1e4f-7207-4b06-82e1-96f926c9076f","artist":{"name":"The Black Keys","mbid":"d15721d8-56b4-453d-b506-fc915b14cba2"}}},{"timestamp":{"iso":"2011-09-16T03:44:50","unixtimestamp":1316144690},"track":{"name":"Flash Delirium","mbid":"18d2891e-c66a-4a9e-ab17-3836a7850a5d","artist":{"name":"MGMT","mbid":"50e6288e-3db5-4253-ae51-5e8738ef2c31"}},"uncorrectedTrack":{"name":"Flash Delirium","mbid":"18d2891e-c66a-4a9e-ab17-3836a7850a5d","artist":{"name":"MGMT","mbid":"50e6288e-3db5-4253-ae51-5e8738ef2c31"}},"album":{"name":"Congratulations","mbid":"3b5c6a9b-63d3-4de0-bbee-97f9e1eed1ad","artist":{"name":"MGMT","mbid":"50e6288e-3db5-4253-ae51-5e8738ef2c31"}}},{"timestamp":{"iso":"2011-09-16T03:49:06","unixtimestamp":1316144946},"track":{"name":"Trick Pony","mbid":"e6f36c60-46bd-48bc-85a3-db1123cf29db","artist":{"name":"Charlotte Gainsbourg","mbid":"6efa29c6-9995-48e0-9eaf-3809464a39a7"}},"uncorrectedTrack":{"name":"Trick Pony","mbid":"e6f36c60-46bd-48bc-85a3-db1123cf29db","artist":{"name":"Charlotte Gainsbourg","mbid":"6efa29c6-9995-48e0-9eaf-3809464a39a7"}},"album":{"name":"IRM","mbid":"75cb95e2-a202-4f3a-a122-743cfeb9eceb","artist":{"name":"Charlotte Gainsbourg","mbid":"6efa29c6-9995-48e0-9eaf-3809464a39a7"}}},{"timestamp":{"iso":"2011-09-16T03:51:58","unixtimestamp":1316145118},"track":{"name":"Around Us","mbid":"5274a9b3-acaf-41fa-a934-978c427debf4","artist":{"name":"Jónsi","mbid":"0ecc2c46-d335-485c-a077-240482609672"}},"uncorrectedTrack":{"name":"Around Us","mbid":"5274a9b3-acaf-41fa-a934-978c427debf4","artist":{"name":"Jónsi","mbid":"0ecc2c46-d335-485c-a077-240482609672"}},"album":{"name":"Go","mbid":"9511d78e-1068-3fa8-a393-c39d35e393c5","artist":{"name":"Jónsi","mbid":"0ecc2c46-d335-485c-a077-240482609672"}}},{"timestamp":{"iso":"2011-09-16T03:57:16","unixtimestamp":1316145436},"track":{"name":"Splitting the Atom","mbid":"7dc65e43-96e4-441c-9ddf-44714c42c653","artist":{"name":"Massive Attack","mbid":"10adbe5e-a2c0-4bf3-8249-2b4cbf6e6ca8"}},"uncorrectedTrack":{"name":"Splitting the Atom","mbid":"7dc65e43-96e4-441c-9ddf-44714c42c653","artist":{"name":"Massive Attack","mbid":"10adbe5e-a2c0-4bf3-8249-2b4cbf6e6ca8"}},"album":{"name":"Heligoland","mbid":"5042d45d-6a48-4546-bdf5-26f01caa3a43","artist":{"name":"Massive Attack","mbid":"10adbe5e-a2c0-4bf3-8249-2b4cbf6e6ca8"}}},{"timestamp":{"iso":"2011-09-16T04:02:33","unixtimestamp":1316145753},"track":{"name":"The Space Ahead","mbid":"aefbe231-a8d6-4047-b8a0-72c4568315f2","artist":{"name":"Zémaria","mbid":"372d2b4e-a1f7-4937-a3b4-f0437b0ac94e"}},"uncorrectedTrack":{"name":"The Space Ahead","artist":{"name":"zemaria"}},"album":{"name":"Any Distance","artist":{"name":"zemaria"}}},{"timestamp":{"iso":"2011-09-16T04:06:09","unixtimestamp":1316145969},"track":{"name":"Rhinestone Eyes","mbid":"c64706c1-5b5f-44b2-bf60-96b96e221e13","artist":{"name":"Gorillaz","mbid":"e21857d5-3256-4547-afb3-4b6ded592596"}},"uncorrectedTrack":{"name":"Rhinestone Eyes","mbid":"c64706c1-5b5f-44b2-bf60-96b96e221e13","artist":{"name":"Gorillaz","mbid":"e21857d5-3256-4547-afb3-4b6ded592596"}},"album":{"name":"Plastic Beach","mbid":"2bf1fb73-456f-45c3-9b7a-9edae7e8e99e","artist":{"name":"Gorillaz","mbid":"e21857d5-3256-4547-afb3-4b6ded592596"}}},{"timestamp":{"iso":"2011-09-16T04:09:29","unixtimestamp":1316146169},"track":{"name":"I Can Change","mbid":"8192f2b1-1dda-4f3f-a1b1-2ffd40d53ab2","artist":{"name":"LCD Soundsystem","mbid":"2aaf7396-6ab8-40f3-9776-a41c42c8e26b"}},"uncorrectedTrack":{"name":"I Can Change","mbid":"8192f2b1-1dda-4f3f-a1b1-2ffd40d53ab2","artist":{"name":"LCD Soundsystem","mbid":"2aaf7396-6ab8-40f3-9776-a41c42c8e26b"}},"album":{"name":"This Is Happening","mbid":"f4ff70fd-2908-4540-9246-5922aa48987c","artist":{"name":"LCD Soundsystem","mbid":"2aaf7396-6ab8-40f3-9776-a41c42c8e26b"}}},{"timestamp":{"iso":"2011-09-16T04:15:24","unixtimestamp":1316146524},"track":{"name":"Snowflake","mbid":"eda1d9a3-2123-4313-b769-da09832d0646","artist":{"name":"Malachai","mbid":"14bea269-bc57-46f3-bc21-8731a458d815"}},"uncorrectedTrack":{"name":"Snowflake","mbid":"eda1d9a3-2123-4313-b769-da09832d0646","artist":{"name":"Malachai","mbid":"14bea269-bc57-46f3-bc21-8731a458d815"}},"album":{"name":"Ugly Side Of Love","mbid":"c59f1500-395d-4e37-b4ad-1cddbadcb34f","artist":{"name":"Malachai","mbid":"14bea269-bc57-46f3-bc21-8731a458d815"}}},{"timestamp":{"iso":"2011-09-16T04:18:55","unixtimestamp":1316146735},"track":{"name":"Odessa","mbid":"05ae8409-a0c5-44a0-ad9d-907fa07d2717","artist":{"name":"Caribou","mbid":"735e3514-a8ae-401f-af3b-6300df1b8d2c"}},"uncorrectedTrack":{"name":"Odessa","mbid":"05ae8409-a0c5-44a0-ad9d-907fa07d2717","artist":{"name":"Caribou","mbid":"735e3514-a8ae-401f-af3b-6300df1b8d2c"}},"album":{"name":"Swim","mbid":"0c727a84-e19b-3217-b47c-2228c786d46a","artist":{"name":"Caribou","mbid":"735e3514-a8ae-401f-af3b-6300df1b8d2c"}}},{"timestamp":{"iso":"2011-09-16T04:23:16","unixtimestamp":1316146996},"track":{"name":"D-moll - Session1","artist":{"name":"Tosca","mbid":"3231d12a-c42d-4977-b2a4-a6e4d87978e1"}},"uncorrectedTrack":{"name":"D-moll - Session1","artist":{"name":"Tosca","mbid":"3231d12a-c42d-4977-b2a4-a6e4d87978e1"}},"album":{"name":"Dehli 9","artist":{"name":"Tosca","mbid":"3231d12a-c42d-4977-b2a4-a6e4d87978e1"}}},{"timestamp":{"iso":"2011-09-16T04:26:49","unixtimestamp":1316147209},"track":{"name":"Einschlaf - Session2","artist":{"name":"Tosca","mbid":"3231d12a-c42d-4977-b2a4-a6e4d87978e1"}},"uncorrectedTrack":{"name":"Einschlaf - Session2","artist":{"name":"Tosca","mbid":"3231d12a-c42d-4977-b2a4-a6e4d87978e1"}},"album":{"name":"Dehli 9","artist":{"name":"Tosca","mbid":"3231d12a-c42d-4977-b2a4-a6e4d87978e1"}}},{"timestamp":{"iso":"2011-09-16T04:28:40","unixtimestamp":1316147320},"track":{"name":"Wien In E - Session 3","artist":{"name":"Tosca","mbid":"3231d12a-c42d-4977-b2a4-a6e4d87978e1"}},"uncorrectedTrack":{"name":"Wien In E - Session 3","artist":{"name":"Tosca","mbid":"3231d12a-c42d-4977-b2a4-a6e4d87978e1"}},"album":{"name":"Dehli 9","artist":{"name":"Tosca","mbid":"3231d12a-c42d-4977-b2a4-a6e4d87978e1"}}},{"timestamp":{"iso":"2011-09-16T04:31:53","unixtimestamp":1316147513},"track":{"name":"Schwimmer - Session 4","artist":{"name":"Tosca","mbid":"3231d12a-c42d-4977-b2a4-a6e4d87978e1"}},"uncorrectedTrack":{"name":"Schwimmer - Session 4","artist":{"name":"Tosca","mbid":"3231d12a-c42d-4977-b2a4-a6e4d87978e1"}},"album":{"name":"Dehli 9","artist":{"name":"Tosca","mbid":"3231d12a-c42d-4977-b2a4-a6e4d87978e1"}}},{"timestamp":{"iso":"2011-09-16T04:35:36","unixtimestamp":1316147736},"track":{"name":"1504 / 7 - Session 5","artist":{"name":"Tosca","mbid":"3231d12a-c42d-4977-b2a4-a6e4d87978e1"}},"uncorrectedTrack":{"name":"1504 / 7 - Session 5","artist":{"name":"Tosca","mbid":"3231d12a-c42d-4977-b2a4-a6e4d87978e1"}},"album":{"name":"Dehli 9","artist":{"name":"Tosca","mbid":"3231d12a-c42d-4977-b2a4-a6e4d87978e1"}}},{"timestamp":{"iso":"2011-09-16T04:39:02","unixtimestamp":1316147942},"track":{"name":"Slow Hell - Session 6","artist":{"name":"Tosca","mbid":"3231d12a-c42d-4977-b2a4-a6e4d87978e1"}},"uncorrectedTrack":{"name":"Slow Hell - Session 6","artist":{"name":"Tosca","mbid":"3231d12a-c42d-4977-b2a4-a6e4d87978e1"}},"album":{"name":"Dehli 9","artist":{"name":"Tosca","mbid":"3231d12a-c42d-4977-b2a4-a6e4d87978e1"}}},{"timestamp":{"iso":"2011-09-16T04:42:42","unixtimestamp":1316148162},"track":{"name":"Song - Session 7","artist":{"name":"Tosca","mbid":"3231d12a-c42d-4977-b2a4-a6e4d87978e1"}},"uncorrectedTrack":{"name":"Song - Session 7","artist":{"name":"Tosca","mbid":"3231d12a-c42d-4977-b2a4-a6e4d87978e1"}},"album":{"name":"Dehli 9","artist":{"name":"Tosca","mbid":"3231d12a-c42d-4977-b2a4-a6e4d87978e1"}}},{"timestamp":{"iso":"2011-09-16T04:45:40","unixtimestamp":1316148340},"track":{"name":"Romanze In Es - Session 8","artist":{"name":"Tosca","mbid":"3231d12a-c42d-4977-b2a4-a6e4d87978e1"}},"uncorrectedTrack":{"name":"Romanze In Es - Session 8","artist":{"name":"Tosca","mbid":"3231d12a-c42d-4977-b2a4-a6e4d87978e1"}},"album":{"name":"Dehli 9","artist":{"name":"Tosca","mbid":"3231d12a-c42d-4977-b2a4-a6e4d87978e1"}}},{"timestamp":{"iso":"2011-09-16T04:48:04","unixtimestamp":1316148484},"track":{"name":"Fluss - Session 9","artist":{"name":"Tosca","mbid":"3231d12a-c42d-4977-b2a4-a6e4d87978e1"}},"uncorrectedTrack":{"name":"Fluss - Session 9","artist":{"name":"Tosca","mbid":"3231d12a-c42d-4977-b2a4-a6e4d87978e1"}},"album":{"name":"Dehli 9","artist":{"name":"Tosca","mbid":"3231d12a-c42d-4977-b2a4-a6e4d87978e1"}}},{"timestamp":{"iso":"2011-09-16T04:54:17","unixtimestamp":1316148857},"track":{"name":"Ping - Session 10","artist":{"name":"Tosca","mbid":"3231d12a-c42d-4977-b2a4-a6e4d87978e1"}},"uncorrectedTrack":{"name":"Ping - Session 10","artist":{"name":"Tosca","mbid":"3231d12a-c42d-4977-b2a4-a6e4d87978e1"}},"album":{"name":"Dehli 9","artist":{"name":"Tosca","mbid":"3231d12a-c42d-4977-b2a4-a6e4d87978e1"}}},{"timestamp":{"iso":"2011-09-16T04:58:05","unixtimestamp":1316149085},"track":{"name":"2504 / 1 - Session 11","artist":{"name":"Tosca","mbid":"3231d12a-c42d-4977-b2a4-a6e4d87978e1"}},"uncorrectedTrack":{"name":"2504 / 1 - Session 11","artist":{"name":"Tosca","mbid":"3231d12a-c42d-4977-b2a4-a6e4d87978e1"}},"album":{"name":"Dehli 9","artist":{"name":"Tosca","mbid":"3231d12a-c42d-4977-b2a4-a6e4d87978e1"}}},{"timestamp":{"iso":"2011-09-16T05:01:12","unixtimestamp":1316149272},"track":{"name":"Piano 1 - Session 12","artist":{"name":"Tosca","mbid":"3231d12a-c42d-4977-b2a4-a6e4d87978e1"}},"uncorrectedTrack":{"name":"Piano 1 - Session 12","artist":{"name":"Tosca","mbid":"3231d12a-c42d-4977-b2a4-a6e4d87978e1"}},"album":{"name":"Dehli 9","artist":{"name":"Tosca","mbid":"3231d12a-c42d-4977-b2a4-a6e4d87978e1"}}},{"timestamp":{"iso":"2011-09-17T21:36:41","unixtimestamp":1316295401},"track":{"name":"Kids","mbid":"261b54ec-5552-4099-aa5b-035ceda6bca9","artist":{"name":"MGMT","mbid":"50e6288e-3db5-4253-ae51-5e8738ef2c31"}},"uncorrectedTrack":{"name":"Kids","mbid":"261b54ec-5552-4099-aa5b-035ceda6bca9","artist":{"name":"MGMT","mbid":"50e6288e-3db5-4253-ae51-5e8738ef2c31"}},"album":{"name":"Oracular Spectacular","mbid":"44e1c283-8a80-44b8-91d3-7e72b69228bf","artist":{"name":"MGMT","mbid":"50e6288e-3db5-4253-ae51-5e8738ef2c31"}}},{"timestamp":{"iso":"2011-09-17T21:42:28","unixtimestamp":1316295748},"track":{"name":"The Handshake","mbid":"19b5e04d-2e5a-4de3-90b6-22c6badc31b0","artist":{"name":"MGMT","mbid":"50e6288e-3db5-4253-ae51-5e8738ef2c31"}},"uncorrectedTrack":{"name":"The Handshake","mbid":"19b5e04d-2e5a-4de3-90b6-22c6badc31b0","artist":{"name":"MGMT","mbid":"50e6288e-3db5-4253-ae51-5e8738ef2c31"}},"album":{"name":"Oracular Spectacular","mbid":"44e1c283-8a80-44b8-91d3-7e72b69228bf","artist":{"name":"MGMT","mbid":"50e6288e-3db5-4253-ae51-5e8738ef2c31"}}},{"timestamp":{"iso":"2011-09-24T17:46:45","unixtimestamp":1316886405},"track":{"name":"Don\u0027t Look Back","mbid":"378dbdba-6bf9-415a-bbaf-d7ba89be62b4","artist":{"name":"Télépopmusik","mbid":"265f242e-cf4e-4fbe-a3fe-43112387172f"}},"uncorrectedTrack":{"name":"Don\u0027t Look Back","artist":{"name":"Telepopmusik"}},"album":{"name":"Angel Milk","artist":{"name":"Telepopmusik"}}},{"timestamp":{"iso":"2011-09-24T17:50:37","unixtimestamp":1316886637},"track":{"name":"Stop Running Away","artist":{"name":"Télépopmusik","mbid":"265f242e-cf4e-4fbe-a3fe-43112387172f"}},"uncorrectedTrack":{"name":"Stop Running Away","artist":{"name":"Telepopmusik"}},"album":{"name":"Angel Milk","artist":{"name":"Telepopmusik"}}},{"timestamp":{"iso":"2011-09-24T17:53:18","unixtimestamp":1316886798},"track":{"name":"Anyway","mbid":"2a8ffa4d-075d-402f-a973-8f4e067cb536","artist":{"name":"Télépopmusik","mbid":"265f242e-cf4e-4fbe-a3fe-43112387172f"}},"uncorrectedTrack":{"name":"Anyway","artist":{"name":"Telepopmusik"}},"album":{"name":"Angel Milk","artist":{"name":"Telepopmusik"}}},{"timestamp":{"iso":"2011-09-24T17:55:58","unixtimestamp":1316886958},"track":{"name":"Into Everything","mbid":"40cc5c2c-3df1-4448-8154-d4bc786871a0","artist":{"name":"Télépopmusik","mbid":"265f242e-cf4e-4fbe-a3fe-43112387172f"}},"uncorrectedTrack":{"name":"Into Everything","artist":{"name":"Telepopmusik"}},"album":{"name":"Angel Milk","artist":{"name":"Telepopmusik"}}},{"timestamp":{"iso":"2011-09-24T18:00:30","unixtimestamp":1316887230},"track":{"name":"Love\u0027s Almighty","artist":{"name":"Télépopmusik","mbid":"265f242e-cf4e-4fbe-a3fe-43112387172f"}},"uncorrectedTrack":{"name":"Love\u0027s Almighty","artist":{"name":"Telepopmusik"}},"album":{"name":"Angel Milk","artist":{"name":"Telepopmusik"}}},{"timestamp":{"iso":"2011-09-24T18:05:20","unixtimestamp":1316887520},"track":{"name":"Last Train to Wherever","mbid":"9327d00b-f5c9-4618-a216-2478b0e7525c","artist":{"name":"Télépopmusik","mbid":"265f242e-cf4e-4fbe-a3fe-43112387172f"}},"uncorrectedTrack":{"name":"Last Train to Forever","artist":{"name":"Telepopmusik"}},"album":{"name":"Angel Milk","artist":{"name":"Telepopmusik"}}},{"timestamp":{"iso":"2011-09-24T18:10:43","unixtimestamp":1316887843},"track":{"name":"Brighton Beach","mbid":"3c17f2f1-e0a0-4c6a-8c38-a7bbdc052943","artist":{"name":"Télépopmusik","mbid":"265f242e-cf4e-4fbe-a3fe-43112387172f"}},"uncorrectedTrack":{"name":"Brighton Beach","artist":{"name":"Telepopmusik"}},"album":{"name":"Angel Milk","artist":{"name":"Telepopmusik"}}},{"timestamp":{"iso":"2011-09-24T18:15:07","unixtimestamp":1316888107},"track":{"name":"Close","mbid":"3a1b89de-acc9-404f-be49-09cb2f950a83","artist":{"name":"Télépopmusik","mbid":"265f242e-cf4e-4fbe-a3fe-43112387172f"}},"uncorrectedTrack":{"name":"Close","artist":{"name":"Telepopmusik"}},"album":{"name":"Angel Milk","artist":{"name":"Telepopmusik"}}},{"timestamp":{"iso":"2011-09-24T18:18:26","unixtimestamp":1316888306},"track":{"name":"Swamp","mbid":"6694d5a1-3fa9-45a0-8514-9a3f9288f1a8","artist":{"name":"Télépopmusik","mbid":"265f242e-cf4e-4fbe-a3fe-43112387172f"}},"uncorrectedTrack":{"name":"Swamp","artist":{"name":"Telepopmusik"}},"album":{"name":"Angel Milk","artist":{"name":"Telepopmusik"}}},{"timestamp":{"iso":"2011-09-24T18:20:31","unixtimestamp":1316888431},"track":{"name":"Nothing\u0027s Burning","artist":{"name":"Télépopmusik","mbid":"265f242e-cf4e-4fbe-a3fe-43112387172f"}},"uncorrectedTrack":{"name":"Nothing\u0027s Burning","artist":{"name":"Telepopmusik"}},"album":{"name":"Angel Milk","artist":{"name":"Telepopmusik"}}},{"timestamp":{"iso":"2011-09-24T18:24:24","unixtimestamp":1316888664},"track":{"name":"Ambushed","mbid":"68836425-3c18-4ff1-ad3e-249984228ed9","artist":{"name":"Télépopmusik","mbid":"265f242e-cf4e-4fbe-a3fe-43112387172f"}},"uncorrectedTrack":{"name":"Ambushed","artist":{"name":"Telepopmusik"}},"album":{"name":"Angel Milk","artist":{"name":"Telepopmusik"}}},{"timestamp":{"iso":"2011-09-24T18:25:59","unixtimestamp":1316888759},"track":{"name":"Hollywood on My Toothpaste","mbid":"221a12d5-b29f-416f-871e-4ab8f1c6ca79","artist":{"name":"Télépopmusik","mbid":"265f242e-cf4e-4fbe-a3fe-43112387172f"}},"uncorrectedTrack":{"name":"Hollywood On My Toothpaste","artist":{"name":"Telepopmusik"}},"album":{"name":"Angel Milk","artist":{"name":"Telepopmusik"}}},{"timestamp":{"iso":"2011-09-24T18:31:28","unixtimestamp":1316889088},"track":{"name":"Tuesday","mbid":"038c1dcb-806c-4fdf-9e4b-ff60b914d232","artist":{"name":"Télépopmusik","mbid":"265f242e-cf4e-4fbe-a3fe-43112387172f"}},"uncorrectedTrack":{"name":"Tuesday","artist":{"name":"Telepopmusik"}},"album":{"name":"Angel Milk","artist":{"name":"Telepopmusik"}}},{"timestamp":{"iso":"2011-09-24T18:32:56","unixtimestamp":1316889176},"track":{"name":"Another Day","mbid":"c869efff-82e6-40d9-b915-3a284bcae4d1","artist":{"name":"Télépopmusik","mbid":"265f242e-cf4e-4fbe-a3fe-43112387172f"}},"uncorrectedTrack":{"name":"Another Day","artist":{"name":"Telepopmusik"}},"album":{"name":"Angel Milk","artist":{"name":"Telepopmusik"}}},{"timestamp":{"iso":"2011-09-24T18:46:18","unixtimestamp":1316889978},"track":{"name":"GO!","mbid":"6cc1eab4-1dff-4e5f-a361-cedd64f6c72a","artist":{"name":"Common","mbid":"c0a1179b-b14a-4d68-a3c1-1fdab16ed602"}},"uncorrectedTrack":{"name":"GO!","mbid":"6cc1eab4-1dff-4e5f-a361-cedd64f6c72a","artist":{"name":"Common","mbid":"c0a1179b-b14a-4d68-a3c1-1fdab16ed602"}},"album":{"name":"Go! Common Classics","mbid":"a229c074-a934-4e56-83c4-a0375d324c40","artist":{"name":"Common","mbid":"c0a1179b-b14a-4d68-a3c1-1fdab16ed602"}}},{"timestamp":{"iso":"2011-09-24T18:50:15","unixtimestamp":1316890215},"track":{"name":"Be (Intro)","mbid":"d8eaf536-34c7-4488-a3c6-6f4998a97f94","artist":{"name":"Common","mbid":"c0a1179b-b14a-4d68-a3c1-1fdab16ed602"}},"uncorrectedTrack":{"name":"Be (Intro)","mbid":"d8eaf536-34c7-4488-a3c6-6f4998a97f94","artist":{"name":"Common","mbid":"c0a1179b-b14a-4d68-a3c1-1fdab16ed602"}},"album":{"name":"Be","mbid":"077940e5-0912-38be-bf3c-699b38daa323","artist":{"name":"Common","mbid":"c0a1179b-b14a-4d68-a3c1-1fdab16ed602"}}},{"timestamp":{"iso":"2011-09-24T18:53:36","unixtimestamp":1316890416},"track":{"name":"Helena Beat","mbid":"5204ae67-afda-49fb-893c-a2dfc59d9ad2","artist":{"name":"Foster the People","mbid":"e0e1a584-dd0a-4bd1-88d1-c4c62895039d"}},"uncorrectedTrack":{"name":"Helena Beat","mbid":"5204ae67-afda-49fb-893c-a2dfc59d9ad2","artist":{"name":"Foster the People","mbid":"e0e1a584-dd0a-4bd1-88d1-c4c62895039d"}},"album":{"name":"Torches","mbid":"76e85923-4717-480e-ad0d-5d7ee4f361d9","artist":{"name":"Foster the People","mbid":"e0e1a584-dd0a-4bd1-88d1-c4c62895039d"}}},{"timestamp":{"iso":"2011-09-24T18:56:10","unixtimestamp":1316890570},"track":{"name":"Don\u0027t Stop (Color on the Walls)","mbid":"ac915b2f-1254-4772-965a-4e1c1f545361","artist":{"name":"Foster the People","mbid":"e0e1a584-dd0a-4bd1-88d1-c4c62895039d"}},"uncorrectedTrack":{"name":"Don\u0027t Stop (Color on the Walls)","mbid":"ac915b2f-1254-4772-965a-4e1c1f545361","artist":{"name":"Foster the People","mbid":"e0e1a584-dd0a-4bd1-88d1-c4c62895039d"}},"album":{"name":"Torches","mbid":"76e85923-4717-480e-ad0d-5d7ee4f361d9","artist":{"name":"Foster the People","mbid":"e0e1a584-dd0a-4bd1-88d1-c4c62895039d"}}},{"timestamp":{"iso":"2011-09-24T18:59:00","unixtimestamp":1316890740},"track":{"name":"Pumped Up Kicks","mbid":"fed44724-eae1-40b4-8404-4bd74db9c150","artist":{"name":"Foster the People","mbid":"e0e1a584-dd0a-4bd1-88d1-c4c62895039d"}},"uncorrectedTrack":{"name":"Pumped Up Kicks","mbid":"fed44724-eae1-40b4-8404-4bd74db9c150","artist":{"name":"Foster the People","mbid":"e0e1a584-dd0a-4bd1-88d1-c4c62895039d"}},"album":{"name":"Torches","mbid":"76e85923-4717-480e-ad0d-5d7ee4f361d9","artist":{"name":"Foster the People","mbid":"e0e1a584-dd0a-4bd1-88d1-c4c62895039d"}}}]