[{"timestamp":{"iso":"2011-04-20T22:08:41","unixtimestamp":1303337321},"track":{"name":"Ghosts N Stuff","mbid":"05542e90-747e-439e-840a-fac5c246c444","artist":{"name":"deadmau5","mbid":"316f2aab-3477-4c62-bb08-eb04dcdcc18f"}},"uncorrectedTrack":{"name":"Ghosts N Stuff","mbid":"05542e90-747e-439e-840a-fac5c246c444","artist":{"name":"deadmau5","mbid":"316f2aab-3477-4c62-bb08-eb04dcdcc18f"}},"album":{"name":"It Sounds Like","mbid":"b0a03a16-3daa-4abd-89e6-50858f300246","artist":{"name":"deadmau5","mbid":"316f2aab-3477-4c62-bb08-eb04dcdcc18f"}}},{"timestamp":{"iso":"2011-04-20T22:14:52","unixtimestamp":1303337692},"track":{"name":"Failure","mbid":"e7b20c18-7db0-4bfc-b4ed-2e5007df0557","artist":{"name":"Kings of Convenience","mbid":"cf0f4547-ffbd-4011-98ad-0bec9ba022db"}},"uncorrectedTrack":{"name":"Failure","mbid":"e7b20c18-7db0-4bfc-b4ed-2e5007df0557","artist":{"name":"Kings of Convenience","mbid":"cf0f4547-ffbd-4011-98ad-0bec9ba022db"}},"album":{"name":"Quiet Is the New Loud","mbid":"f8e764f3-467d-4935-ba3d-32d898ed1c0b","artist":{"name":"Kings of Convenience","mbid":"cf0f4547-ffbd-4011-98ad-0bec9ba022db"}}},{"timestamp":{"iso":"2011-04-20T22:18:26","unixtimestamp":1303337906},"track":{"name":"Nightlite (feat. Bajka)","mbid":"2de9c3e2-7412-49fb-b70c-a98917bee03a","artist":{"name":"Bonobo","mbid":"6f7dea51-1d02-4be1-b138-92078518350c"}},"uncorrectedTrack":{"name":"Nightlite (feat. Bajka)","mbid":"2de9c3e2-7412-49fb-b70c-a98917bee03a","artist":{"name":"Bonobo","mbid":"6f7dea51-1d02-4be1-b138-92078518350c"}},"album":{"name":"Days to Come","mbid":"6e99b4b6-42ca-4187-8249-68edaed60fe5","artist":{"name":"Bonobo","mbid":"6f7dea51-1d02-4be1-b138-92078518350c"}}},{"timestamp":{"iso":"2011-04-20T22:23:35","unixtimestamp":1303338215},"track":{"name":"Cirrus","mbid":"4c7d29c9-fe13-47f6-a03c-9db3916ba5da","artist":{"name":"Lusine"}},"uncorrectedTrack":{"name":"Cirrus","mbid":"4c7d29c9-fe13-47f6-a03c-9db3916ba5da","artist":{"name":"Lusine"}},"album":{"name":"A Certain Distance","mbid":"8ac4688a-415e-475f-8aa2-824613cdd44b","artist":{"name":"Lusine"}}},{"timestamp":{"iso":"2011-04-20T22:30:13","unixtimestamp":1303338613},"track":{"name":"Slip","mbid":"22e9527e-b6d1-49d1-9dc3-e616fd26c27d","artist":{"name":"Autechre","mbid":"410c9baf-5469-44f6-9852-826524b80c61"}},"uncorrectedTrack":{"name":"Slip","mbid":"22e9527e-b6d1-49d1-9dc3-e616fd26c27d","artist":{"name":"Autechre","mbid":"410c9baf-5469-44f6-9852-826524b80c61"}},"album":{"name":"Amber","mbid":"192a81e6-a335-4126-8fab-abb258ae8e0e","artist":{"name":"Autechre","mbid":"410c9baf-5469-44f6-9852-826524b80c61"}}},{"timestamp":{"iso":"2011-04-20T22:36:36","unixtimestamp":1303338996},"track":{"name":"Betray","mbid":"3bff9e39-3c51-4fba-b9f1-060272076827","artist":{"name":"Son Lux","mbid":"afcd292c-3c1e-4708-af4a-991aadf957e4"}},"uncorrectedTrack":{"name":"Betray","mbid":"3bff9e39-3c51-4fba-b9f1-060272076827","artist":{"name":"Son Lux","mbid":"afcd292c-3c1e-4708-af4a-991aadf957e4"}},"album":{"name":"At War with Walls and Mazes - 2008 - Flac","artist":{"name":"Son Lux","mbid":"afcd292c-3c1e-4708-af4a-991aadf957e4"}}},{"timestamp":{"iso":"2011-04-20T22:41:41","unixtimestamp":1303339301},"track":{"name":"Breathe","mbid":"9f3d6056-7852-4427-9bf2-cdec8b773ced","artist":{"name":"Télépopmusik","mbid":"265f242e-cf4e-4fbe-a3fe-43112387172f"}},"uncorrectedTrack":{"name":"Breathe","artist":{"name":"Telepopmusik"}},"album":{"name":"Genetic World","artist":{"name":"Telepopmusik"}}},{"timestamp":{"iso":"2011-04-28T05:01:38","unixtimestamp":1303966898},"track":{"name":"On Your Porch","mbid":"bbf57430-54d7-44d4-afc3-7debc02ec238","artist":{"name":"The Format","mbid":"81b07a2a-cdf0-4c5e-a68c-8d910e1f0ea6"}},"uncorrectedTrack":{"name":"On Your Porch","mbid":"bbf57430-54d7-44d4-afc3-7debc02ec238","artist":{"name":"The Format","mbid":"81b07a2a-cdf0-4c5e-a68c-8d910e1f0ea6"}},"album":{"name":"Interventions and Lullabies","artist":{"name":"The Format","mbid":"81b07a2a-cdf0-4c5e-a68c-8d910e1f0ea6"}}}]