[{"timestamp":{"iso":"2013-09-10T21:45:50","unixtimestamp":1378849550},"track":{"name":"Sticks \u0026 Stones","mbid":"273fd400-2ca6-4175-82f0-f745467b8539","artist":{"name":"Jónsi","mbid":"0ecc2c46-d335-485c-a077-240482609672"}},"uncorrectedTrack":{"name":"Sticks \u0026 Stones","mbid":"273fd400-2ca6-4175-82f0-f745467b8539","artist":{"name":"Jónsi","mbid":"0ecc2c46-d335-485c-a077-240482609672"}},"album":{"name":"How to Train Your Dragon","artist":{"name":"Jónsi","mbid":"0ecc2c46-d335-485c-a077-240482609672"}},"application":"Grooveshark"},{"timestamp":{"iso":"2013-09-10T21:50:26","unixtimestamp":1378849826},"track":{"name":"Gathering Stories","mbid":"0f5aa79e-5d57-45a9-9c22-b90d5ac2b5de","artist":{"name":"Jónsi","mbid":"0ecc2c46-d335-485c-a077-240482609672"}},"uncorrectedTrack":{"name":"Gathering Stories","mbid":"0f5aa79e-5d57-45a9-9c22-b90d5ac2b5de","artist":{"name":"Jónsi","mbid":"0ecc2c46-d335-485c-a077-240482609672"}},"album":{"name":"We Bought A Zoo (Official Soundtrack)","artist":{"name":"Jónsi","mbid":"0ecc2c46-d335-485c-a077-240482609672"}},"application":"Grooveshark"},{"timestamp":{"iso":"2013-09-10T21:54:23","unixtimestamp":1378850063},"track":{"name":"Why Not?","mbid":"9cfcd910-9fab-4399-92bd-e2102cbc25b5","artist":{"name":"Jónsi","mbid":"0ecc2c46-d335-485c-a077-240482609672"}},"uncorrectedTrack":{"name":"Why Not?","mbid":"9cfcd910-9fab-4399-92bd-e2102cbc25b5","artist":{"name":"Jónsi","mbid":"0ecc2c46-d335-485c-a077-240482609672"}},"album":{"name":"We Bought A Zoo (Original Motion Picture Soundtrack)","artist":{"name":"Jónsi","mbid":"0ecc2c46-d335-485c-a077-240482609672"}},"application":"Grooveshark"},{"timestamp":{"iso":"2013-09-10T22:07:46","unixtimestamp":1378850866},"track":{"name":"Sun","mbid":"357d0517-c7de-4b8d-a4d0-52ea53f4a1ca","artist":{"name":"Jónsi","mbid":"0ecc2c46-d335-485c-a077-240482609672"}},"uncorrectedTrack":{"name":"Sun","mbid":"357d0517-c7de-4b8d-a4d0-52ea53f4a1ca","artist":{"name":"Jónsi","mbid":"0ecc2c46-d335-485c-a077-240482609672"}},"album":{"name":"We Bought A Zoo (Original Motion Picture Soundtrack)","artist":{"name":"Jónsi","mbid":"0ecc2c46-d335-485c-a077-240482609672"}},"application":"Grooveshark"},{"timestamp":{"iso":"2013-09-10T22:08:17","unixtimestamp":1378850897},"track":{"name":"Brambles","mbid":"bba94601-ca63-4976-96d6-b6a27f778023","artist":{"name":"Jónsi","mbid":"0ecc2c46-d335-485c-a077-240482609672"}},"uncorrectedTrack":{"name":"Brambles","mbid":"bba94601-ca63-4976-96d6-b6a27f778023","artist":{"name":"Jónsi","mbid":"0ecc2c46-d335-485c-a077-240482609672"}},"album":{"name":"We Bought A Zoo (Original Motion Picture Soundtrack)","artist":{"name":"Jónsi","mbid":"0ecc2c46-d335-485c-a077-240482609672"}},"application":"Grooveshark"},{"timestamp":{"iso":"2013-09-10T22:12:16","unixtimestamp":1378851136},"track":{"name":"ævin endar","artist":{"name":"Jónsi","mbid":"0ecc2c46-d335-485c-a077-240482609672"}},"uncorrectedTrack":{"name":"Ævin Endar","mbid":"f9148096-998c-43ae-b861-56efb49c2e75","artist":{"name":"Jónsi","mbid":"0ecc2c46-d335-485c-a077-240482609672"}},"album":{"name":"We Bought A Zoo (Official Soundtrack)","artist":{"name":"Jónsi","mbid":"0ecc2c46-d335-485c-a077-240482609672"}},"application":"Grooveshark"},{"timestamp":{"iso":"2013-09-10T22:15:45","unixtimestamp":1378851345},"track":{"name":"Whole Made of Pieces","mbid":"4ecb76dc-aae3-463d-a796-b3b8e1d18386","artist":{"name":"Jónsi","mbid":"0ecc2c46-d335-485c-a077-240482609672"}},"uncorrectedTrack":{"name":"Whole Made of Pieces","mbid":"4ecb76dc-aae3-463d-a796-b3b8e1d18386","artist":{"name":"Jónsi","mbid":"0ecc2c46-d335-485c-a077-240482609672"}},"album":{"name":"We Bought A Zoo (Original Motion Picture Soundtrack)","artist":{"name":"Jónsi","mbid":"0ecc2c46-d335-485c-a077-240482609672"}},"application":"Grooveshark"},{"timestamp":{"iso":"2013-09-10T22:17:29","unixtimestamp":1378851449},"track":{"name":"Sink Ships","mbid":"248b834e-596f-438c-aebe-bb4e8be4ea2b","artist":{"name":"Jónsi","mbid":"0ecc2c46-d335-485c-a077-240482609672"}},"uncorrectedTrack":{"name":"Sink Ships","mbid":"248b834e-596f-438c-aebe-bb4e8be4ea2b","artist":{"name":"Jónsi","mbid":"0ecc2c46-d335-485c-a077-240482609672"}},"album":{"name":"We Bought A Zoo (Original Motion Picture Soundtrack)","artist":{"name":"Jónsi","mbid":"0ecc2c46-d335-485c-a077-240482609672"}},"application":"Grooveshark"},{"timestamp":{"iso":"2013-09-10T22:19:49","unixtimestamp":1378851589},"track":{"name":"Ã†vin Endar","artist":{"name":"Jónsi","mbid":"0ecc2c46-d335-485c-a077-240482609672"}},"uncorrectedTrack":{"name":"Ã†vin Endar","artist":{"name":"Jónsi","mbid":"0ecc2c46-d335-485c-a077-240482609672"}},"album":{"name":"We Bought A Zoo (Original Motion Picture Soundtrack)","artist":{"name":"Jónsi","mbid":"0ecc2c46-d335-485c-a077-240482609672"}},"application":"Grooveshark"},{"timestamp":{"iso":"2013-09-10T22:24:10","unixtimestamp":1378851850},"track":{"name":"First Day","mbid":"95bc13af-c5f9-4cda-aa1b-e2a2a32954f2","artist":{"name":"Jónsi","mbid":"0ecc2c46-d335-485c-a077-240482609672"}},"uncorrectedTrack":{"name":"First Day","mbid":"95bc13af-c5f9-4cda-aa1b-e2a2a32954f2","artist":{"name":"Jónsi","mbid":"0ecc2c46-d335-485c-a077-240482609672"}},"album":{"name":"We Bought A Zoo (Original Motion Picture Soundtrack)","artist":{"name":"Jónsi","mbid":"0ecc2c46-d335-485c-a077-240482609672"}},"application":"Grooveshark"},{"timestamp":{"iso":"2013-09-10T22:24:41","unixtimestamp":1378851881},"track":{"name":"Humming","mbid":"a3da9ab0-c882-40cb-aee0-fff8753465d2","artist":{"name":"Jónsi","mbid":"0ecc2c46-d335-485c-a077-240482609672"}},"uncorrectedTrack":{"name":"Humming","mbid":"a3da9ab0-c882-40cb-aee0-fff8753465d2","artist":{"name":"Jónsi","mbid":"0ecc2c46-d335-485c-a077-240482609672"}},"album":{"name":"We Bought A Zoo (Original Motion Picture Soundtrack)","artist":{"name":"Jónsi","mbid":"0ecc2c46-d335-485c-a077-240482609672"}},"application":"Grooveshark"},{"timestamp":{"iso":"2013-09-10T22:27:14","unixtimestamp":1378852034},"track":{"name":"We Bought a Zoo","mbid":"697377c5-372e-4cc0-86ca-6e274724e7d2","artist":{"name":"Jónsi","mbid":"0ecc2c46-d335-485c-a077-240482609672"}},"uncorrectedTrack":{"name":"We Bought a Zoo","mbid":"697377c5-372e-4cc0-86ca-6e274724e7d2","artist":{"name":"Jónsi","mbid":"0ecc2c46-d335-485c-a077-240482609672"}},"album":{"name":"We Bought A Zoo (Original Motion Picture Soundtrack)","artist":{"name":"Jónsi","mbid":"0ecc2c46-d335-485c-a077-240482609672"}},"application":"Grooveshark"},{"timestamp":{"iso":"2013-09-10T22:31:30","unixtimestamp":1378852290},"track":{"name":"SnÃ¦risendar","artist":{"name":"Jónsi","mbid":"0ecc2c46-d335-485c-a077-240482609672"}},"uncorrectedTrack":{"name":"SnÃ¦risendar","artist":{"name":"Jónsi","mbid":"0ecc2c46-d335-485c-a077-240482609672"}},"album":{"name":"We Bought A Zoo (Original Motion Picture Soundtrack)","artist":{"name":"Jónsi","mbid":"0ecc2c46-d335-485c-a077-240482609672"}},"application":"Grooveshark"},{"timestamp":{"iso":"2013-09-10T22:34:14","unixtimestamp":1378852454},"track":{"name":"New Piano Song","mbid":"82af1bc9-4f09-4e29-a1ff-d9274d74e524","artist":{"name":"Jónsi","mbid":"0ecc2c46-d335-485c-a077-240482609672"}},"uncorrectedTrack":{"name":"New Piano Song","mbid":"82af1bc9-4f09-4e29-a1ff-d9274d74e524","artist":{"name":"Jónsi","mbid":"0ecc2c46-d335-485c-a077-240482609672"}},"album":{"name":"Go live","mbid":"01b05833-8a80-3087-a2a2-0beb3931d2b8","artist":{"name":"Jónsi","mbid":"0ecc2c46-d335-485c-a077-240482609672"}},"application":"Grooveshark"},{"timestamp":{"iso":"2013-09-10T22:39:39","unixtimestamp":1378852779},"track":{"name":"Icicle Sleeves","mbid":"6fd60204-7f21-4c60-a787-585fb2bd6c7a","artist":{"name":"Jónsi","mbid":"0ecc2c46-d335-485c-a077-240482609672"}},"uncorrectedTrack":{"name":"Icicle Sleeves","mbid":"6fd60204-7f21-4c60-a787-585fb2bd6c7a","artist":{"name":"Jónsi","mbid":"0ecc2c46-d335-485c-a077-240482609672"}},"album":{"name":"Go live","mbid":"01b05833-8a80-3087-a2a2-0beb3931d2b8","artist":{"name":"Jónsi","mbid":"0ecc2c46-d335-485c-a077-240482609672"}},"application":"Grooveshark"},{"timestamp":{"iso":"2013-09-11T19:36:06","unixtimestamp":1378928166},"track":{"name":"Sticks \u0026 Stones","mbid":"273fd400-2ca6-4175-82f0-f745467b8539","artist":{"name":"Jónsi","mbid":"0ecc2c46-d335-485c-a077-240482609672"}},"uncorrectedTrack":{"name":"Sticks \u0026 Stones","mbid":"273fd400-2ca6-4175-82f0-f745467b8539","artist":{"name":"Jónsi","mbid":"0ecc2c46-d335-485c-a077-240482609672"}},"album":{"name":"How to Train Your Dragon","artist":{"name":"Jónsi","mbid":"0ecc2c46-d335-485c-a077-240482609672"}},"application":"Grooveshark"},{"timestamp":{"iso":"2013-09-11T19:40:24","unixtimestamp":1378928424},"track":{"name":"Gathering Stories","mbid":"0f5aa79e-5d57-45a9-9c22-b90d5ac2b5de","artist":{"name":"Jónsi","mbid":"0ecc2c46-d335-485c-a077-240482609672"}},"uncorrectedTrack":{"name":"Gathering Stories","mbid":"0f5aa79e-5d57-45a9-9c22-b90d5ac2b5de","artist":{"name":"Jónsi","mbid":"0ecc2c46-d335-485c-a077-240482609672"}},"album":{"name":"We Bought A Zoo (Official Soundtrack)","artist":{"name":"Jónsi","mbid":"0ecc2c46-d335-485c-a077-240482609672"}},"application":"Grooveshark"},{"timestamp":{"iso":"2013-09-11T19:44:21","unixtimestamp":1378928661},"track":{"name":"Why Not?","mbid":"9cfcd910-9fab-4399-92bd-e2102cbc25b5","artist":{"name":"Jónsi","mbid":"0ecc2c46-d335-485c-a077-240482609672"}},"uncorrectedTrack":{"name":"Why Not?","mbid":"9cfcd910-9fab-4399-92bd-e2102cbc25b5","artist":{"name":"Jónsi","mbid":"0ecc2c46-d335-485c-a077-240482609672"}},"album":{"name":"We Bought A Zoo (Original Motion Picture Soundtrack)","artist":{"name":"Jónsi","mbid":"0ecc2c46-d335-485c-a077-240482609672"}},"application":"Grooveshark"},{"timestamp":{"iso":"2013-09-11T19:50:24","unixtimestamp":1378929024},"track":{"name":"Sun","mbid":"357d0517-c7de-4b8d-a4d0-52ea53f4a1ca","artist":{"name":"Jónsi","mbid":"0ecc2c46-d335-485c-a077-240482609672"}},"uncorrectedTrack":{"name":"Sun","mbid":"357d0517-c7de-4b8d-a4d0-52ea53f4a1ca","artist":{"name":"Jónsi","mbid":"0ecc2c46-d335-485c-a077-240482609672"}},"album":{"name":"We Bought A Zoo (Original Motion Picture Soundtrack)","artist":{"name":"Jónsi","mbid":"0ecc2c46-d335-485c-a077-240482609672"}},"application":"Grooveshark"},{"timestamp":{"iso":"2013-09-11T19:50:55","unixtimestamp":1378929055},"track":{"name":"Brambles","mbid":"bba94601-ca63-4976-96d6-b6a27f778023","artist":{"name":"Jónsi","mbid":"0ecc2c46-d335-485c-a077-240482609672"}},"uncorrectedTrack":{"name":"Brambles","mbid":"bba94601-ca63-4976-96d6-b6a27f778023","artist":{"name":"Jónsi","mbid":"0ecc2c46-d335-485c-a077-240482609672"}},"album":{"name":"We Bought A Zoo (Original Motion Picture Soundtrack)","artist":{"name":"Jónsi","mbid":"0ecc2c46-d335-485c-a077-240482609672"}},"application":"Grooveshark"},{"timestamp":{"iso":"2013-09-11T19:53:19","unixtimestamp":1378929199},"track":{"name":"ævin endar","artist":{"name":"Jónsi","mbid":"0ecc2c46-d335-485c-a077-240482609672"}},"uncorrectedTrack":{"name":"Ævin Endar","mbid":"f9148096-998c-43ae-b861-56efb49c2e75","artist":{"name":"Jónsi","mbid":"0ecc2c46-d335-485c-a077-240482609672"}},"album":{"name":"We Bought A Zoo (Official Soundtrack)","artist":{"name":"Jónsi","mbid":"0ecc2c46-d335-485c-a077-240482609672"}},"application":"Grooveshark"},{"timestamp":{"iso":"2013-09-11T19:56:48","unixtimestamp":1378929408},"track":{"name":"Whole Made of Pieces","mbid":"4ecb76dc-aae3-463d-a796-b3b8e1d18386","artist":{"name":"Jónsi","mbid":"0ecc2c46-d335-485c-a077-240482609672"}},"uncorrectedTrack":{"name":"Whole Made of Pieces","mbid":"4ecb76dc-aae3-463d-a796-b3b8e1d18386","artist":{"name":"Jónsi","mbid":"0ecc2c46-d335-485c-a077-240482609672"}},"album":{"name":"We Bought A Zoo (Original Motion Picture Soundtrack)","artist":{"name":"Jónsi","mbid":"0ecc2c46-d335-485c-a077-240482609672"}},"application":"Grooveshark"},{"timestamp":{"iso":"2013-09-11T19:59:30","unixtimestamp":1378929570},"track":{"name":"Sink Ships","mbid":"248b834e-596f-438c-aebe-bb4e8be4ea2b","artist":{"name":"Jónsi","mbid":"0ecc2c46-d335-485c-a077-240482609672"}},"uncorrectedTrack":{"name":"Sink Ships","mbid":"248b834e-596f-438c-aebe-bb4e8be4ea2b","artist":{"name":"Jónsi","mbid":"0ecc2c46-d335-485c-a077-240482609672"}},"album":{"name":"We Bought A Zoo (Original Motion Picture Soundtrack)","artist":{"name":"Jónsi","mbid":"0ecc2c46-d335-485c-a077-240482609672"}},"application":"Grooveshark"},{"timestamp":{"iso":"2013-09-11T20:01:50","unixtimestamp":1378929710},"track":{"name":"Ã†vin Endar","artist":{"name":"Jónsi","mbid":"0ecc2c46-d335-485c-a077-240482609672"}},"uncorrectedTrack":{"name":"Ã†vin Endar","artist":{"name":"Jónsi","mbid":"0ecc2c46-d335-485c-a077-240482609672"}},"album":{"name":"We Bought A Zoo (Original Motion Picture Soundtrack)","artist":{"name":"Jónsi","mbid":"0ecc2c46-d335-485c-a077-240482609672"}},"application":"Grooveshark"},{"timestamp":{"iso":"2013-09-11T20:06:12","unixtimestamp":1378929972},"track":{"name":"First Day","mbid":"95bc13af-c5f9-4cda-aa1b-e2a2a32954f2","artist":{"name":"Jónsi","mbid":"0ecc2c46-d335-485c-a077-240482609672"}},"uncorrectedTrack":{"name":"First Day","mbid":"95bc13af-c5f9-4cda-aa1b-e2a2a32954f2","artist":{"name":"Jónsi","mbid":"0ecc2c46-d335-485c-a077-240482609672"}},"album":{"name":"We Bought A Zoo (Original Motion Picture Soundtrack)","artist":{"name":"Jónsi","mbid":"0ecc2c46-d335-485c-a077-240482609672"}},"application":"Grooveshark"},{"timestamp":{"iso":"2013-09-11T20:06:42","unixtimestamp":1378930002},"track":{"name":"Humming","mbid":"a3da9ab0-c882-40cb-aee0-fff8753465d2","artist":{"name":"Jónsi","mbid":"0ecc2c46-d335-485c-a077-240482609672"}},"uncorrectedTrack":{"name":"Humming","mbid":"a3da9ab0-c882-40cb-aee0-fff8753465d2","artist":{"name":"Jónsi","mbid":"0ecc2c46-d335-485c-a077-240482609672"}},"album":{"name":"We Bought A Zoo (Original Motion Picture Soundtrack)","artist":{"name":"Jónsi","mbid":"0ecc2c46-d335-485c-a077-240482609672"}},"application":"Grooveshark"},{"timestamp":{"iso":"2013-09-11T20:09:15","unixtimestamp":1378930155},"track":{"name":"We Bought a Zoo","mbid":"697377c5-372e-4cc0-86ca-6e274724e7d2","artist":{"name":"Jónsi","mbid":"0ecc2c46-d335-485c-a077-240482609672"}},"uncorrectedTrack":{"name":"We Bought a Zoo","mbid":"697377c5-372e-4cc0-86ca-6e274724e7d2","artist":{"name":"Jónsi","mbid":"0ecc2c46-d335-485c-a077-240482609672"}},"album":{"name":"We Bought A Zoo (Original Motion Picture Soundtrack)","artist":{"name":"Jónsi","mbid":"0ecc2c46-d335-485c-a077-240482609672"}},"application":"Grooveshark"},{"timestamp":{"iso":"2013-09-11T20:13:31","unixtimestamp":1378930411},"track":{"name":"SnÃ¦risendar","artist":{"name":"Jónsi","mbid":"0ecc2c46-d335-485c-a077-240482609672"}},"uncorrectedTrack":{"name":"SnÃ¦risendar","artist":{"name":"Jónsi","mbid":"0ecc2c46-d335-485c-a077-240482609672"}},"album":{"name":"We Bought A Zoo (Original Motion Picture Soundtrack)","artist":{"name":"Jónsi","mbid":"0ecc2c46-d335-485c-a077-240482609672"}},"application":"Grooveshark"},{"timestamp":{"iso":"2013-09-11T20:16:15","unixtimestamp":1378930575},"track":{"name":"New Piano Song","mbid":"82af1bc9-4f09-4e29-a1ff-d9274d74e524","artist":{"name":"Jónsi","mbid":"0ecc2c46-d335-485c-a077-240482609672"}},"uncorrectedTrack":{"name":"New Piano Song","mbid":"82af1bc9-4f09-4e29-a1ff-d9274d74e524","artist":{"name":"Jónsi","mbid":"0ecc2c46-d335-485c-a077-240482609672"}},"album":{"name":"Go live","mbid":"01b05833-8a80-3087-a2a2-0beb3931d2b8","artist":{"name":"Jónsi","mbid":"0ecc2c46-d335-485c-a077-240482609672"}},"application":"Grooveshark"},{"timestamp":{"iso":"2013-09-11T20:21:22","unixtimestamp":1378930882},"track":{"name":"Stars in Still Water","mbid":"1569b631-4ae5-4cf1-a989-ac4623c2d3d6","artist":{"name":"Jónsi","mbid":"0ecc2c46-d335-485c-a077-240482609672"}},"uncorrectedTrack":{"name":"Stars in Still Water","mbid":"1569b631-4ae5-4cf1-a989-ac4623c2d3d6","artist":{"name":"Jónsi","mbid":"0ecc2c46-d335-485c-a077-240482609672"}},"album":{"name":"Go live","mbid":"01b05833-8a80-3087-a2a2-0beb3931d2b8","artist":{"name":"Jónsi","mbid":"0ecc2c46-d335-485c-a077-240482609672"}},"application":"Grooveshark"},{"timestamp":{"iso":"2013-09-11T20:27:10","unixtimestamp":1378931230},"track":{"name":"Icicle Sleeves","mbid":"6fd60204-7f21-4c60-a787-585fb2bd6c7a","artist":{"name":"Jónsi","mbid":"0ecc2c46-d335-485c-a077-240482609672"}},"uncorrectedTrack":{"name":"Icicle Sleeves","mbid":"6fd60204-7f21-4c60-a787-585fb2bd6c7a","artist":{"name":"Jónsi","mbid":"0ecc2c46-d335-485c-a077-240482609672"}},"album":{"name":"Go live","mbid":"01b05833-8a80-3087-a2a2-0beb3931d2b8","artist":{"name":"Jónsi","mbid":"0ecc2c46-d335-485c-a077-240482609672"}},"application":"Grooveshark"},{"timestamp":{"iso":"2013-09-11T20:32:34","unixtimestamp":1378931554},"track":{"name":"Saint Naive","mbid":"672f381b-2f42-4fec-805e-05102b34d600","artist":{"name":"Jónsi","mbid":"0ecc2c46-d335-485c-a077-240482609672"}},"uncorrectedTrack":{"name":"Saint Naive","mbid":"672f381b-2f42-4fec-805e-05102b34d600","artist":{"name":"Jónsi","mbid":"0ecc2c46-d335-485c-a077-240482609672"}},"album":{"name":"Go live","mbid":"01b05833-8a80-3087-a2a2-0beb3931d2b8","artist":{"name":"Jónsi","mbid":"0ecc2c46-d335-485c-a077-240482609672"}},"application":"Grooveshark"},{"timestamp":{"iso":"2013-09-11T20:37:45","unixtimestamp":1378931865},"track":{"name":"Go Do","mbid":"a5519bd0-c775-42a4-bc89-72f27943c1f0","artist":{"name":"Jónsi","mbid":"0ecc2c46-d335-485c-a077-240482609672"}},"uncorrectedTrack":{"name":"Go Do","mbid":"a5519bd0-c775-42a4-bc89-72f27943c1f0","artist":{"name":"Jónsi","mbid":"0ecc2c46-d335-485c-a077-240482609672"}},"album":{"name":"Go live","mbid":"01b05833-8a80-3087-a2a2-0beb3931d2b8","artist":{"name":"Jónsi","mbid":"0ecc2c46-d335-485c-a077-240482609672"}},"application":"Grooveshark"},{"timestamp":{"iso":"2013-09-11T20:42:30","unixtimestamp":1378932150},"track":{"name":"Tornado","mbid":"eacbda70-7ea6-40e9-85c6-96a5c8bf5df1","artist":{"name":"Jónsi","mbid":"0ecc2c46-d335-485c-a077-240482609672"}},"uncorrectedTrack":{"name":"Tornado","mbid":"eacbda70-7ea6-40e9-85c6-96a5c8bf5df1","artist":{"name":"Jónsi","mbid":"0ecc2c46-d335-485c-a077-240482609672"}},"album":{"name":"Go live","mbid":"01b05833-8a80-3087-a2a2-0beb3931d2b8","artist":{"name":"Jónsi","mbid":"0ecc2c46-d335-485c-a077-240482609672"}},"application":"Grooveshark"},{"timestamp":{"iso":"2013-09-11T20:49:38","unixtimestamp":1378932578},"track":{"name":"Hengilás","mbid":"b19c2715-5e3b-43ea-b866-9e6cc0aba6eb","artist":{"name":"Jónsi","mbid":"0ecc2c46-d335-485c-a077-240482609672"}},"uncorrectedTrack":{"name":"Hengilás","mbid":"b19c2715-5e3b-43ea-b866-9e6cc0aba6eb","artist":{"name":"Jónsi","mbid":"0ecc2c46-d335-485c-a077-240482609672"}},"album":{"name":"Go live","mbid":"01b05833-8a80-3087-a2a2-0beb3931d2b8","artist":{"name":"Jónsi","mbid":"0ecc2c46-d335-485c-a077-240482609672"}},"application":"Grooveshark"},{"timestamp":{"iso":"2013-09-11T22:08:21","unixtimestamp":1378937301},"track":{"name":"Grow Till Tall","mbid":"5ad75770-7b60-4efb-b947-85bd64581ca0","artist":{"name":"Jónsi","mbid":"0ecc2c46-d335-485c-a077-240482609672"}},"uncorrectedTrack":{"name":"Grow Till Tall","mbid":"5ad75770-7b60-4efb-b947-85bd64581ca0","artist":{"name":"Jónsi","mbid":"0ecc2c46-d335-485c-a077-240482609672"}},"album":{"name":"Go live","mbid":"01b05833-8a80-3087-a2a2-0beb3931d2b8","artist":{"name":"Jónsi","mbid":"0ecc2c46-d335-485c-a077-240482609672"}},"application":"Grooveshark"}]