[{"timestamp":{"iso":"2011-02-05T06:12:05","unixtimestamp":1296886325},"track":{"name":"AM180","artist":{"name":"Grandaddy","mbid":"9d4c4835-c71a-4647-a4fc-263e26832cd0"}},"uncorrectedTrack":{"name":"AM180","artist":{"name":"Grandaddy","mbid":"9d4c4835-c71a-4647-a4fc-263e26832cd0"}},"album":{"name":"28 Days Later OST","artist":{"name":"Grandaddy","mbid":"9d4c4835-c71a-4647-a4fc-263e26832cd0"}}},{"timestamp":{"iso":"2011-02-05T06:15:27","unixtimestamp":1296886527},"track":{"name":"Revolution 909","mbid":"fa61d962-db65-46af-bf16-3d8aef59c913","artist":{"name":"Daft Punk","mbid":"056e4f3e-d505-4dad-8ec1-d04f521cbb56"}},"uncorrectedTrack":{"name":"Revolution 909","mbid":"fa61d962-db65-46af-bf16-3d8aef59c913","artist":{"name":"Daft Punk","mbid":"056e4f3e-d505-4dad-8ec1-d04f521cbb56"}},"album":{"name":"Homework","mbid":"497f9acf-a695-332e-bc20-1c8745248550","artist":{"name":"Daft Punk","mbid":"056e4f3e-d505-4dad-8ec1-d04f521cbb56"}}},{"timestamp":{"iso":"2011-02-05T06:20:54","unixtimestamp":1296886854},"track":{"name":"Failure","mbid":"e7b20c18-7db0-4bfc-b4ed-2e5007df0557","artist":{"name":"Kings of Convenience","mbid":"cf0f4547-ffbd-4011-98ad-0bec9ba022db"}},"uncorrectedTrack":{"name":"Failure","mbid":"e7b20c18-7db0-4bfc-b4ed-2e5007df0557","artist":{"name":"Kings of Convenience","mbid":"cf0f4547-ffbd-4011-98ad-0bec9ba022db"}},"album":{"name":"Quiet Is the New Loud","mbid":"f8e764f3-467d-4935-ba3d-32d898ed1c0b","artist":{"name":"Kings of Convenience","mbid":"cf0f4547-ffbd-4011-98ad-0bec9ba022db"}}},{"timestamp":{"iso":"2011-02-05T06:24:28","unixtimestamp":1296887068},"track":{"name":"Evolution Revolution Love","mbid":"0f1202c5-0fe4-4da0-ad33-ae39adb32e2d","artist":{"name":"Tricky","mbid":"5bf64d94-efd9-4334-96fd-e6197b0b02b8"}},"uncorrectedTrack":{"name":"Evolution Revolution Love","mbid":"0f1202c5-0fe4-4da0-ad33-ae39adb32e2d","artist":{"name":"Tricky","mbid":"5bf64d94-efd9-4334-96fd-e6197b0b02b8"}},"album":{"name":"Blowback","mbid":"6485601e-be67-386f-b758-5b4346617bfc","artist":{"name":"Tricky","mbid":"5bf64d94-efd9-4334-96fd-e6197b0b02b8"}}},{"timestamp":{"iso":"2011-02-05T06:28:37","unixtimestamp":1296887317},"track":{"name":"Gravity","mbid":"3b5f5d0b-fafb-41da-b552-96e38f5bd3a0","artist":{"name":"Lusine"}},"uncorrectedTrack":{"name":"Gravity","mbid":"3b5f5d0b-fafb-41da-b552-96e38f5bd3a0","artist":{"name":"Lusine"}},"album":{"name":"A Certain Distance","mbid":"8ac4688a-415e-475f-8aa2-824613cdd44b","artist":{"name":"Lusine"}}},{"timestamp":{"iso":"2011-02-05T06:33:46","unixtimestamp":1296887626},"track":{"name":"Pale Horses (Apparat remix)","mbid":"72868471-26a0-4e81-adcd-26b5d3baf0be","artist":{"name":"Moby","mbid":"00810267-f0ac-45a6-ae99-0b8c9c18f3c2"}},"uncorrectedTrack":{"name":"Pale Horses [Apparat Dub]","artist":{"name":"Moby","mbid":"00810267-f0ac-45a6-ae99-0b8c9c18f3c2"}},"album":{"name":"Pale Horses","mbid":"7103d5cc-8c91-48a5-9c49-249c9d042c1b","artist":{"name":"Moby","mbid":"00810267-f0ac-45a6-ae99-0b8c9c18f3c2"}}},{"timestamp":{"iso":"2011-02-05T06:37:15","unixtimestamp":1296887835},"track":{"name":"Brighton Beach","mbid":"3c17f2f1-e0a0-4c6a-8c38-a7bbdc052943","artist":{"name":"Télépopmusik","mbid":"265f242e-cf4e-4fbe-a3fe-43112387172f"}},"uncorrectedTrack":{"name":"Brighton Beach","artist":{"name":"Telepopmusik"}},"album":{"name":"Angel Milk","artist":{"name":"Telepopmusik"}}},{"timestamp":{"iso":"2011-02-05T06:41:39","unixtimestamp":1296888099},"track":{"name":"Let\u0027s Go Again","mbid":"2d5f77d0-2090-4a46-8c4b-1de6d4b84c67","artist":{"name":"Télépopmusik","mbid":"265f242e-cf4e-4fbe-a3fe-43112387172f"}},"uncorrectedTrack":{"name":"Let\u0027s Go Again","artist":{"name":"Telepopmusik"}},"album":{"name":"Genetic World","artist":{"name":"Telepopmusik"}}},{"timestamp":{"iso":"2011-02-05T06:45:12","unixtimestamp":1296888312},"track":{"name":"Spotless Mind","mbid":"5e96d2b1-0caa-4151-a46f-d600baa05d93","artist":{"name":"Jon Brion","mbid":"a32e4aac-1db8-4dc6-be34-a813c4530627"}},"uncorrectedTrack":{"name":"Spotless Mind","mbid":"5e96d2b1-0caa-4151-a46f-d600baa05d93","artist":{"name":"Jon Brion","mbid":"a32e4aac-1db8-4dc6-be34-a813c4530627"}},"album":{"name":"Eternal Sunshine Of The Spotle","artist":{"name":"Jon Brion","mbid":"a32e4aac-1db8-4dc6-be34-a813c4530627"}}},{"timestamp":{"iso":"2011-02-05T06:46:25","unixtimestamp":1296888385},"track":{"name":"Thick Of It","mbid":"ffd8bd2e-b7d7-44ed-a9bb-f14abcb94682","artist":{"name":"Lusine"}},"uncorrectedTrack":{"name":"Thick Of It","mbid":"ffd8bd2e-b7d7-44ed-a9bb-f14abcb94682","artist":{"name":"Lusine"}},"album":{"name":"A Certain Distance","mbid":"8ac4688a-415e-475f-8aa2-824613cdd44b","artist":{"name":"Lusine"}}},{"timestamp":{"iso":"2011-02-05T06:52:51","unixtimestamp":1296888771},"track":{"name":"Behind Closed Doors (Edit)","mbid":"951f2896-c258-48e0-b3b8-53281b3a42f4","artist":{"name":"Little People","mbid":"0ab53372-ba70-4e7b-814b-12bc35fe4719"}},"uncorrectedTrack":{"name":"Behind Closed Doors (Edit)","mbid":"951f2896-c258-48e0-b3b8-53281b3a42f4","artist":{"name":"Little People","mbid":"0ab53372-ba70-4e7b-814b-12bc35fe4719"}},"album":{"name":"Mickey Mouse Operation","mbid":"db4d5128-f065-4938-8161-c50cf64b6f05","artist":{"name":"Little People","mbid":"0ab53372-ba70-4e7b-814b-12bc35fe4719"}}},{"timestamp":{"iso":"2011-02-05T06:58:01","unixtimestamp":1296889081},"track":{"name":"Love","mbid":"0fb656c3-0670-40f1-8e69-52c80e42e2ec","artist":{"name":"Air","mbid":"018dcc90-b1a2-400a-a96e-64b6a101f009"}},"uncorrectedTrack":{"name":"Love","mbid":"0fb656c3-0670-40f1-8e69-52c80e42e2ec","artist":{"name":"Air","mbid":"018dcc90-b1a2-400a-a96e-64b6a101f009"}},"album":{"name":"Love 2","mbid":"476fe9ed-0df9-33b3-9de4-bf55666f1df9","artist":{"name":"Air","mbid":"018dcc90-b1a2-400a-a96e-64b6a101f009"}}},{"timestamp":{"iso":"2011-02-05T07:00:45","unixtimestamp":1296889245},"track":{"name":"3 Plus 4","mbid":"a7b352ea-3f45-45d0-a4ec-321fc2351142","artist":{"name":"El Ten Eleven","mbid":"6c99afec-a207-4519-9d39-616880b6177b"}},"uncorrectedTrack":{"name":"3 Plus 4","mbid":"a7b352ea-3f45-45d0-a4ec-321fc2351142","artist":{"name":"El Ten Eleven","mbid":"6c99afec-a207-4519-9d39-616880b6177b"}},"album":{"name":"Every Direction Is North","mbid":"66483cbd-ba45-46be-9d99-c06d87f8198f","artist":{"name":"El Ten Eleven","mbid":"6c99afec-a207-4519-9d39-616880b6177b"}}},{"timestamp":{"iso":"2011-02-05T07:04:56","unixtimestamp":1296889496},"track":{"name":"Nightlite (feat. Bajka)","mbid":"2de9c3e2-7412-49fb-b70c-a98917bee03a","artist":{"name":"Bonobo","mbid":"6f7dea51-1d02-4be1-b138-92078518350c"}},"uncorrectedTrack":{"name":"Nightlite (feat. Bajka)","mbid":"2de9c3e2-7412-49fb-b70c-a98917bee03a","artist":{"name":"Bonobo","mbid":"6f7dea51-1d02-4be1-b138-92078518350c"}},"album":{"name":"Days to Come","mbid":"6e99b4b6-42ca-4187-8249-68edaed60fe5","artist":{"name":"Bonobo","mbid":"6f7dea51-1d02-4be1-b138-92078518350c"}}},{"timestamp":{"iso":"2011-02-05T07:10:06","unixtimestamp":1296889806},"track":{"name":"Tin Hat","artist":{"name":"Lusine"}},"uncorrectedTrack":{"name":"Tin Hat","artist":{"name":"Lusine"}},"album":{"name":"A Certain Distance","mbid":"8ac4688a-415e-475f-8aa2-824613cdd44b","artist":{"name":"Lusine"}}},{"timestamp":{"iso":"2011-02-05T07:14:47","unixtimestamp":1296890087},"track":{"name":"Breathe (radio edit)","mbid":"1fd44a56-29cb-4e42-944f-08e5e4d6c883","artist":{"name":"Télépopmusik","mbid":"265f242e-cf4e-4fbe-a3fe-43112387172f"}},"uncorrectedTrack":{"name":"Breathe [Radio Edit]","artist":{"name":"Télépopmusik","mbid":"265f242e-cf4e-4fbe-a3fe-43112387172f"}},"album":{"name":"Breathe","mbid":"d507e77a-8338-4fcd-bb93-300c9abd6d39","artist":{"name":"Télépopmusik","mbid":"265f242e-cf4e-4fbe-a3fe-43112387172f"}}},{"timestamp":{"iso":"2011-02-05T07:18:01","unixtimestamp":1296890281},"track":{"name":"Walk With Me Reprise","artist":{"name":"Moby","mbid":"00810267-f0ac-45a6-ae99-0b8c9c18f3c2"}},"uncorrectedTrack":{"name":"Walk With Me Reprise","artist":{"name":"Moby","mbid":"00810267-f0ac-45a6-ae99-0b8c9c18f3c2"}},"album":{"name":"Pale Horses","mbid":"7103d5cc-8c91-48a5-9c49-249c9d042c1b","artist":{"name":"Moby","mbid":"00810267-f0ac-45a6-ae99-0b8c9c18f3c2"}}},{"timestamp":{"iso":"2011-02-05T07:21:27","unixtimestamp":1296890487},"track":{"name":"Slip","mbid":"22e9527e-b6d1-49d1-9dc3-e616fd26c27d","artist":{"name":"Autechre","mbid":"410c9baf-5469-44f6-9852-826524b80c61"}},"uncorrectedTrack":{"name":"Slip","mbid":"22e9527e-b6d1-49d1-9dc3-e616fd26c27d","artist":{"name":"Autechre","mbid":"410c9baf-5469-44f6-9852-826524b80c61"}},"album":{"name":"Amber","mbid":"192a81e6-a335-4126-8fab-abb258ae8e0e","artist":{"name":"Autechre","mbid":"410c9baf-5469-44f6-9852-826524b80c61"}}},{"timestamp":{"iso":"2011-02-06T07:22:16","unixtimestamp":1296976936},"track":{"name":"Anyway","mbid":"2a8ffa4d-075d-402f-a973-8f4e067cb536","artist":{"name":"Télépopmusik","mbid":"265f242e-cf4e-4fbe-a3fe-43112387172f"}},"uncorrectedTrack":{"name":"Anyway","artist":{"name":"Telepopmusik"}},"album":{"name":"Angel Milk","artist":{"name":"Telepopmusik"}}},{"timestamp":{"iso":"2011-02-06T07:24:57","unixtimestamp":1296977097},"track":{"name":"Breathe","mbid":"9f3d6056-7852-4427-9bf2-cdec8b773ced","artist":{"name":"Télépopmusik","mbid":"265f242e-cf4e-4fbe-a3fe-43112387172f"}},"uncorrectedTrack":{"name":"Breathe","artist":{"name":"Telepopmusik"}},"album":{"name":"Genetic World","artist":{"name":"Telepopmusik"}}},{"timestamp":{"iso":"2011-02-06T07:30:09","unixtimestamp":1296977409},"track":{"name":"Let\u0027s Go Again","mbid":"2d5f77d0-2090-4a46-8c4b-1de6d4b84c67","artist":{"name":"Télépopmusik","mbid":"265f242e-cf4e-4fbe-a3fe-43112387172f"}},"uncorrectedTrack":{"name":"Let\u0027s Go Again","artist":{"name":"Telepopmusik"}},"album":{"name":"Genetic World","artist":{"name":"Telepopmusik"}}},{"timestamp":{"iso":"2011-02-11T05:23:12","unixtimestamp":1297401792},"track":{"name":"That\u0027s The Way I Like It","artist":{"name":"Elliot (Sarah Chalke)"}},"uncorrectedTrack":{"name":"That\u0027s The Way I Like It","artist":{"name":"Elliot (Sarah Chalke)"}},"album":{"name":"Scrubs Season 3","artist":{"name":"Elliot (Sarah Chalke)"}}},{"timestamp":{"iso":"2011-02-24T06:10:44","unixtimestamp":1298527844},"track":{"name":"Comptine D\u0027un Autre été","mbid":"fcac08d6-58e2-4d09-8cf5-1e5fda1d0818","artist":{"name":"Yann Tiersen","mbid":"12d432a3-feb0-49b1-a107-d20751880764"}},"uncorrectedTrack":{"name":"Comptine D\u0027un Autre été","mbid":"fcac08d6-58e2-4d09-8cf5-1e5fda1d0818","artist":{"name":"Yann Tiersen","mbid":"12d432a3-feb0-49b1-a107-d20751880764"}},"album":{"name":"Amélie Poulain Ost","artist":{"name":"Yann Tiersen","mbid":"12d432a3-feb0-49b1-a107-d20751880764"}}},{"timestamp":{"iso":"2011-02-24T06:13:13","unixtimestamp":1298527993},"track":{"name":"Frederic Chopin Prelude in E Minor, Op. 28, No. 4","artist":{"name":"The Pianist"}},"uncorrectedTrack":{"name":"Frederic Chopin Prelude in E Minor, Op. 28, No. 4","artist":{"name":"The Pianist"}},"album":{"name":"Soundtrack","artist":{"name":"The Pianist"}}},{"timestamp":{"iso":"2011-02-24T06:15:49","unixtimestamp":1298528149},"track":{"name":"Frederic Chopin - Nocturne in C-sharp Minor (1830)","artist":{"name":"The Pianist"}},"uncorrectedTrack":{"name":"Frederic Chopin - Nocturne in C-sharp Minor (1830)","artist":{"name":"The Pianist"}},"album":{"name":"Soundtrack","artist":{"name":"The Pianist"}}},{"timestamp":{"iso":"2011-02-24T06:20:00","unixtimestamp":1298528400},"track":{"name":"Wojciech Kilar - Moving To The Ghetto Oct. 31, 1940","artist":{"name":"The Pianist"}},"uncorrectedTrack":{"name":"Wojciech Kilar - Moving To The Ghetto Oct. 31, 1940","artist":{"name":"The Pianist"}},"album":{"name":"Soundtrack","artist":{"name":"The Pianist"}}},{"timestamp":{"iso":"2011-02-24T06:21:32","unixtimestamp":1298528492},"track":{"name":"La Dispute","mbid":"0289c732-2f4c-4180-976f-3f3ee2a25d54","artist":{"name":"Yann Tiersen","mbid":"12d432a3-feb0-49b1-a107-d20751880764"}},"uncorrectedTrack":{"name":"La Dispute","mbid":"0289c732-2f4c-4180-976f-3f3ee2a25d54","artist":{"name":"Yann Tiersen","mbid":"12d432a3-feb0-49b1-a107-d20751880764"}},"album":{"name":"Le Phare","mbid":"7444f21b-8d8c-4194-b412-6dcdf7a2daf1","artist":{"name":"Yann Tiersen","mbid":"12d432a3-feb0-49b1-a107-d20751880764"}}},{"timestamp":{"iso":"2011-02-24T06:25:48","unixtimestamp":1298528748},"track":{"name":"Comptine d\u0027été n°1","mbid":"125faddb-30e7-4b0b-9d0b-14a782a9bae1","artist":{"name":"Yann Tiersen","mbid":"12d432a3-feb0-49b1-a107-d20751880764"}},"uncorrectedTrack":{"name":"Comptine d\u0027été n°1","mbid":"125faddb-30e7-4b0b-9d0b-14a782a9bae1","artist":{"name":"Yann Tiersen","mbid":"12d432a3-feb0-49b1-a107-d20751880764"}}},{"timestamp":{"iso":"2011-02-24T06:30:40","unixtimestamp":1298529040},"track":{"name":"Mother\u0027s Journey","mbid":"3ae9376b-8199-4228-9f29-9e832529773a","artist":{"name":"Yann Tiersen","mbid":"12d432a3-feb0-49b1-a107-d20751880764"}},"uncorrectedTrack":{"name":"Mother\u0027s Journey","mbid":"3ae9376b-8199-4228-9f29-9e832529773a","artist":{"name":"Yann Tiersen","mbid":"12d432a3-feb0-49b1-a107-d20751880764"}},"album":{"name":"Good Bye Lenin OST","artist":{"name":"Yann Tiersen","mbid":"12d432a3-feb0-49b1-a107-d20751880764"}}},{"timestamp":{"iso":"2011-02-24T06:34:43","unixtimestamp":1298529283},"track":{"name":"Frederic Chopin - Nocturne in E Minor, Op. 72, No. 1","artist":{"name":"The Pianist"}},"uncorrectedTrack":{"name":"Frederic Chopin - Nocturne in E Minor, Op. 72, No. 1","artist":{"name":"The Pianist"}},"album":{"name":"Soundtrack","artist":{"name":"The Pianist"}}},{"timestamp":{"iso":"2011-02-24T20:15:21","unixtimestamp":1298578521},"track":{"name":"The High Road","mbid":"e0adfd20-9ef5-4772-86d3-66977673cbff","artist":{"name":"Broken Bells","mbid":"62d364d2-550b-420e-b918-b3bd1e4a2efc"}},"uncorrectedTrack":{"name":"The High Road","mbid":"e0adfd20-9ef5-4772-86d3-66977673cbff","artist":{"name":"Broken Bells","mbid":"62d364d2-550b-420e-b918-b3bd1e4a2efc"}},"album":{"name":"Broken Bells","mbid":"e8f8ead8-7abb-42f2-8974-19c6b16cf4bf","artist":{"name":"Broken Bells","mbid":"62d364d2-550b-420e-b918-b3bd1e4a2efc"}}},{"timestamp":{"iso":"2011-02-24T20:19:15","unixtimestamp":1298578755},"track":{"name":"Diplomat\u0027s Son","artist":{"name":"Vampire Weekend","mbid":"af37c51c-0790-4a29-b995-456f98a6b8c9"}},"uncorrectedTrack":{"name":"Diplomat\u0027s Son","artist":{"name":"Vampire Weekend","mbid":"af37c51c-0790-4a29-b995-456f98a6b8c9"}},"album":{"name":"Contra","mbid":"6a37f216-01ce-4102-ae19-d3546925cc24","artist":{"name":"Vampire Weekend","mbid":"af37c51c-0790-4a29-b995-456f98a6b8c9"}}},{"timestamp":{"iso":"2011-02-24T20:25:17","unixtimestamp":1298579117},"track":{"name":"Campus","mbid":"1703691a-ec5d-45ae-a880-f3f2a6f7843c","artist":{"name":"Vampire Weekend","mbid":"af37c51c-0790-4a29-b995-456f98a6b8c9"}},"uncorrectedTrack":{"name":"Campus","mbid":"1703691a-ec5d-45ae-a880-f3f2a6f7843c","artist":{"name":"Vampire Weekend","mbid":"af37c51c-0790-4a29-b995-456f98a6b8c9"}},"album":{"name":"Vampire Weekend","mbid":"29436531-8e43-4e5e-9d36-037e775e2883","artist":{"name":"Vampire Weekend","mbid":"af37c51c-0790-4a29-b995-456f98a6b8c9"}}},{"timestamp":{"iso":"2011-02-24T20:28:12","unixtimestamp":1298579292},"track":{"name":"The Ghost Inside","mbid":"d9804075-a4e6-4b68-a1a1-3abc04aacf8e","artist":{"name":"Broken Bells","mbid":"62d364d2-550b-420e-b918-b3bd1e4a2efc"}},"uncorrectedTrack":{"name":"The Ghost Inside","mbid":"d9804075-a4e6-4b68-a1a1-3abc04aacf8e","artist":{"name":"Broken Bells","mbid":"62d364d2-550b-420e-b918-b3bd1e4a2efc"}},"album":{"name":"Broken Bells","mbid":"e8f8ead8-7abb-42f2-8974-19c6b16cf4bf","artist":{"name":"Broken Bells","mbid":"62d364d2-550b-420e-b918-b3bd1e4a2efc"}}},{"timestamp":{"iso":"2011-02-24T20:31:31","unixtimestamp":1298579491},"track":{"name":"October","mbid":"7f6488da-979c-4d21-a7a8-a48036aceb7a","artist":{"name":"Broken Bells","mbid":"62d364d2-550b-420e-b918-b3bd1e4a2efc"}},"uncorrectedTrack":{"name":"October","mbid":"7f6488da-979c-4d21-a7a8-a48036aceb7a","artist":{"name":"Broken Bells","mbid":"62d364d2-550b-420e-b918-b3bd1e4a2efc"}},"album":{"name":"Broken Bells","mbid":"e8f8ead8-7abb-42f2-8974-19c6b16cf4bf","artist":{"name":"Broken Bells","mbid":"62d364d2-550b-420e-b918-b3bd1e4a2efc"}}},{"timestamp":{"iso":"2011-02-24T20:35:11","unixtimestamp":1298579711},"track":{"name":"I Think Ur a Contra","mbid":"1c242a81-e3b1-4afd-b661-79889a8e7d58","artist":{"name":"Vampire Weekend","mbid":"af37c51c-0790-4a29-b995-456f98a6b8c9"}},"uncorrectedTrack":{"name":"I Think Ur a Contra","mbid":"1c242a81-e3b1-4afd-b661-79889a8e7d58","artist":{"name":"Vampire Weekend","mbid":"af37c51c-0790-4a29-b995-456f98a6b8c9"}},"album":{"name":"Contra","mbid":"6a37f216-01ce-4102-ae19-d3546925cc24","artist":{"name":"Vampire Weekend","mbid":"af37c51c-0790-4a29-b995-456f98a6b8c9"}}},{"timestamp":{"iso":"2011-02-24T20:39:37","unixtimestamp":1298579977},"track":{"name":"Bed Space","mbid":"8170a61b-4c1d-40b7-9ee9-be5f2e63fcaa","artist":{"name":"Darwin Deez","mbid":"9946d737-38d1-4625-94ea-0cf1f8cce8be"}},"uncorrectedTrack":{"name":"Bed Space","mbid":"8170a61b-4c1d-40b7-9ee9-be5f2e63fcaa","artist":{"name":"Darwin Deez","mbid":"9946d737-38d1-4625-94ea-0cf1f8cce8be"}},"album":{"name":"Darwin Deez","mbid":"42542170-fa86-4097-b473-f09a11162cde","artist":{"name":"Darwin Deez","mbid":"9946d737-38d1-4625-94ea-0cf1f8cce8be"}}},{"timestamp":{"iso":"2011-02-24T20:43:10","unixtimestamp":1298580190},"track":{"name":"The Twist","mbid":"cb3ba18f-7ccb-4cd6-b206-fd707fa5842d","artist":{"name":"Frightened Rabbit","mbid":"dc21d171-7204-4759-9fd0-77d031aeb40c"}},"uncorrectedTrack":{"name":"The Twist","mbid":"cb3ba18f-7ccb-4cd6-b206-fd707fa5842d","artist":{"name":"Frightened Rabbit","mbid":"dc21d171-7204-4759-9fd0-77d031aeb40c"}},"album":{"name":"The Midnight Organ Fight","mbid":"c3df7206-f769-49bb-9f57-2f6110c65621","artist":{"name":"Frightened Rabbit","mbid":"dc21d171-7204-4759-9fd0-77d031aeb40c"}}},{"timestamp":{"iso":"2011-02-24T20:46:41","unixtimestamp":1298580401},"track":{"name":"Running on Empty","artist":{"name":"Wonderful Noise"}},"uncorrectedTrack":{"name":"Running on Empty","artist":{"name":"Wonderful Noise"}}},{"timestamp":{"iso":"2011-02-24T20:51:23","unixtimestamp":1298580683},"track":{"name":"Clouds Over Greenland","artist":{"name":"Wonderful Noise"}},"uncorrectedTrack":{"name":"Clouds Over Greenland","artist":{"name":"Wonderful Noise"}}},{"timestamp":{"iso":"2011-02-24T20:53:12","unixtimestamp":1298580792},"track":{"name":"Running on Empty","artist":{"name":"Wonderful Noise"}},"uncorrectedTrack":{"name":"Running on Empty","artist":{"name":"Wonderful Noise"}}},{"timestamp":{"iso":"2011-02-25T00:51:24","unixtimestamp":1298595084},"track":{"name":"Clouds Over Greenland","artist":{"name":"Wonderful Noise"}},"uncorrectedTrack":{"name":"Clouds Over Greenland","artist":{"name":"Wonderful Noise"}}},{"timestamp":{"iso":"2011-02-25T00:53:13","unixtimestamp":1298595193},"track":{"name":"School!","artist":{"name":"Wonderful Noise"}},"uncorrectedTrack":{"name":"School!","artist":{"name":"Wonderful Noise"}}},{"timestamp":{"iso":"2011-02-25T00:56:10","unixtimestamp":1298595370},"track":{"name":"Running on Empty","artist":{"name":"Wonderful Noise"}},"uncorrectedTrack":{"name":"Running on Empty","artist":{"name":"Wonderful Noise"}}},{"timestamp":{"iso":"2011-02-25T01:01:29","unixtimestamp":1298595689},"track":{"name":"Running on Empty","artist":{"name":"Wonderful Noise"}},"uncorrectedTrack":{"name":"Running on Empty","artist":{"name":"Wonderful Noise"}}},{"timestamp":{"iso":"2011-02-25T01:06:06","unixtimestamp":1298595966},"track":{"name":"Running on Empty","artist":{"name":"Wonderful Noise"}},"uncorrectedTrack":{"name":"Running on Empty","artist":{"name":"Wonderful Noise"}}},{"timestamp":{"iso":"2011-02-25T01:10:43","unixtimestamp":1298596243},"track":{"name":"Running on Empty","artist":{"name":"Wonderful Noise"}},"uncorrectedTrack":{"name":"Running on Empty","artist":{"name":"Wonderful Noise"}}},{"timestamp":{"iso":"2011-02-25T01:15:20","unixtimestamp":1298596520},"track":{"name":"Running on Empty","artist":{"name":"Wonderful Noise"}},"uncorrectedTrack":{"name":"Running on Empty","artist":{"name":"Wonderful Noise"}}},{"timestamp":{"iso":"2011-02-27T22:53:51","unixtimestamp":1298847231},"track":{"name":"African Velvet","mbid":"09d1e667-b1d1-46ec-9b72-ba6332391b15","artist":{"name":"Air","mbid":"018dcc90-b1a2-400a-a96e-64b6a101f009"}},"uncorrectedTrack":{"name":"African Velvet","mbid":"09d1e667-b1d1-46ec-9b72-ba6332391b15","artist":{"name":"Air","mbid":"018dcc90-b1a2-400a-a96e-64b6a101f009"}},"album":{"name":"Love 2","mbid":"476fe9ed-0df9-33b3-9de4-bf55666f1df9","artist":{"name":"Air","mbid":"018dcc90-b1a2-400a-a96e-64b6a101f009"}}},{"timestamp":{"iso":"2011-02-27T23:21:33","unixtimestamp":1298848893},"track":{"name":"Brighton Beach","mbid":"3c17f2f1-e0a0-4c6a-8c38-a7bbdc052943","artist":{"name":"Télépopmusik","mbid":"265f242e-cf4e-4fbe-a3fe-43112387172f"}},"uncorrectedTrack":{"name":"Brighton Beach","artist":{"name":"Telepopmusik"}},"album":{"name":"Angel Milk","artist":{"name":"Telepopmusik"}}},{"timestamp":{"iso":"2011-02-27T23:25:56","unixtimestamp":1298849156},"track":{"name":"You Can Tell It To Everybody","mbid":"1d58b26a-e72a-4181-a517-fffcb2a46ec1","artist":{"name":"Air","mbid":"018dcc90-b1a2-400a-a96e-64b6a101f009"}},"uncorrectedTrack":{"name":"You Can Tell It To Everybody","mbid":"1d58b26a-e72a-4181-a517-fffcb2a46ec1","artist":{"name":"Air","mbid":"018dcc90-b1a2-400a-a96e-64b6a101f009"}},"album":{"name":"Love 2","mbid":"476fe9ed-0df9-33b3-9de4-bf55666f1df9","artist":{"name":"Air","mbid":"018dcc90-b1a2-400a-a96e-64b6a101f009"}}},{"timestamp":{"iso":"2011-02-27T23:30:07","unixtimestamp":1298849407},"track":{"name":"Revolution 909","mbid":"fa61d962-db65-46af-bf16-3d8aef59c913","artist":{"name":"Daft Punk","mbid":"056e4f3e-d505-4dad-8ec1-d04f521cbb56"}},"uncorrectedTrack":{"name":"Revolution 909","mbid":"fa61d962-db65-46af-bf16-3d8aef59c913","artist":{"name":"Daft Punk","mbid":"056e4f3e-d505-4dad-8ec1-d04f521cbb56"}},"album":{"name":"Homework","mbid":"497f9acf-a695-332e-bc20-1c8745248550","artist":{"name":"Daft Punk","mbid":"056e4f3e-d505-4dad-8ec1-d04f521cbb56"}}},{"timestamp":{"iso":"2011-02-27T23:36:11","unixtimestamp":1298849771},"track":{"name":"Ketto","mbid":"9fa9aba0-d8e2-4177-8ee7-728f365a7cd4","artist":{"name":"Bonobo","mbid":"6f7dea51-1d02-4be1-b138-92078518350c"}},"uncorrectedTrack":{"name":"Ketto","mbid":"9fa9aba0-d8e2-4177-8ee7-728f365a7cd4","artist":{"name":"Bonobo","mbid":"6f7dea51-1d02-4be1-b138-92078518350c"}},"album":{"name":"Days to Come","mbid":"6e99b4b6-42ca-4187-8249-68edaed60fe5","artist":{"name":"Bonobo","mbid":"6f7dea51-1d02-4be1-b138-92078518350c"}}},{"timestamp":{"iso":"2011-02-27T23:41:18","unixtimestamp":1298850078},"track":{"name":"Jltf","mbid":"05df9ebb-c604-4c5c-b5fe-85cdc2e67b8e","artist":{"name":"Moby","mbid":"00810267-f0ac-45a6-ae99-0b8c9c18f3c2"}},"uncorrectedTrack":{"name":"Jltf","mbid":"05df9ebb-c604-4c5c-b5fe-85cdc2e67b8e","artist":{"name":"Moby","mbid":"00810267-f0ac-45a6-ae99-0b8c9c18f3c2"}},"album":{"name":"Wait for Me","mbid":"8e378c3e-0af4-373f-94fc-84c03e8b4374","artist":{"name":"Moby","mbid":"00810267-f0ac-45a6-ae99-0b8c9c18f3c2"}}},{"timestamp":{"iso":"2011-02-27T23:46:22","unixtimestamp":1298850382},"track":{"name":"Crowded Room","artist":{"name":"Lusine"}},"uncorrectedTrack":{"name":"Crowded Room","artist":{"name":"Lusine"}},"album":{"name":"A Certain Distance","mbid":"8ac4688a-415e-475f-8aa2-824613cdd44b","artist":{"name":"Lusine"}}},{"timestamp":{"iso":"2011-02-27T23:51:47","unixtimestamp":1298850707},"track":{"name":"Operation Costs (Disassembled Mix)","artist":{"name":"Lusine"}},"uncorrectedTrack":{"name":"Operation Costs (Disassembled)","artist":{"name":"Lusine"}},"album":{"name":"A Certain Distance","mbid":"8ac4688a-415e-475f-8aa2-824613cdd44b","artist":{"name":"Lusine"}}},{"timestamp":{"iso":"2011-02-27T23:56:21","unixtimestamp":1298850981},"track":{"name":"Double Vision","artist":{"name":"Lusine"}},"uncorrectedTrack":{"name":"Double Vision","artist":{"name":"Lusine"}},"album":{"name":"A Certain Distance","mbid":"8ac4688a-415e-475f-8aa2-824613cdd44b","artist":{"name":"Lusine"}}},{"timestamp":{"iso":"2011-02-28T00:02:31","unixtimestamp":1298851351},"track":{"name":"Revolution Solution","mbid":"f36edf59-a389-4aa6-86e7-c3e22f765981","artist":{"name":"Thievery Corporation","mbid":"a505bb48-ad65-4af4-ae47-29149715bff9"}},"uncorrectedTrack":{"name":"The Revolution Solution","artist":{"name":"Thievery Corporation","mbid":"a505bb48-ad65-4af4-ae47-29149715bff9"}},"album":{"name":"The Cosmic Game","mbid":"6ab8e549-13bc-39c0-b947-423ada5ee844","artist":{"name":"Thievery Corporation","mbid":"a505bb48-ad65-4af4-ae47-29149715bff9"}}},{"timestamp":{"iso":"2011-02-28T00:06:12","unixtimestamp":1298851572},"track":{"name":"Night Hunter","mbid":"099147aa-1efd-4f1e-be75-0b254f769eee","artist":{"name":"Air","mbid":"018dcc90-b1a2-400a-a96e-64b6a101f009"}},"uncorrectedTrack":{"name":"Night Hunter","mbid":"099147aa-1efd-4f1e-be75-0b254f769eee","artist":{"name":"Air","mbid":"018dcc90-b1a2-400a-a96e-64b6a101f009"}},"album":{"name":"Love 2","mbid":"476fe9ed-0df9-33b3-9de4-bf55666f1df9","artist":{"name":"Air","mbid":"018dcc90-b1a2-400a-a96e-64b6a101f009"}}},{"timestamp":{"iso":"2011-02-28T00:10:26","unixtimestamp":1298851826},"track":{"name":"Idiom","mbid":"b0b08fea-3766-491e-a7bc-6db92c7525b7","artist":{"name":"Little People","mbid":"0ab53372-ba70-4e7b-814b-12bc35fe4719"}},"uncorrectedTrack":{"name":"Idiom","mbid":"b0b08fea-3766-491e-a7bc-6db92c7525b7","artist":{"name":"Little People","mbid":"0ab53372-ba70-4e7b-814b-12bc35fe4719"}},"album":{"name":"Mickey Mouse Operation","mbid":"db4d5128-f065-4938-8161-c50cf64b6f05","artist":{"name":"Little People","mbid":"0ab53372-ba70-4e7b-814b-12bc35fe4719"}}},{"timestamp":{"iso":"2011-02-28T00:16:12","unixtimestamp":1298852172},"track":{"name":"Ready for the Floor","mbid":"97d9e80a-a0e9-4c66-b2d1-e97d4f341b1a","artist":{"name":"Hot Chip","mbid":"d8915e13-d67a-4aa0-9c0b-1f126af951af"}},"uncorrectedTrack":{"name":"Ready for the Floor","mbid":"97d9e80a-a0e9-4c66-b2d1-e97d4f341b1a","artist":{"name":"Hot Chip","mbid":"d8915e13-d67a-4aa0-9c0b-1f126af951af"}},"album":{"name":"Ready for the Floor","mbid":"0a4160c7-36ff-4ce8-87b4-1f988301c963","artist":{"name":"Hot Chip","mbid":"d8915e13-d67a-4aa0-9c0b-1f126af951af"}}}]