[{"timestamp":{"iso":"2013-08-13T02:38:34","unixtimestamp":1376361514},"track":{"name":"ghetto fã¡cil","artist":{"name":"El Guincho","mbid":"7e57d8a2-e6eb-48dd-8e50-ff7eaa412ccb"}},"uncorrectedTrack":{"name":"Ghetto FÃ¡cil","artist":{"name":"El Guincho","mbid":"7e57d8a2-e6eb-48dd-8e50-ff7eaa412ccb"}},"album":{"name":"Pop Negro","mbid":"d1155ca2-d814-4f17-9426-743189f8d853","artist":{"name":"El Guincho","mbid":"7e57d8a2-e6eb-48dd-8e50-ff7eaa412ccb"}},"application":"Grooveshark"},{"timestamp":{"iso":"2013-08-13T02:41:18","unixtimestamp":1376361678},"track":{"name":"Diane Keaton","mbid":"528b6aad-77f0-4ad6-844d-60c7280706fc","artist":{"name":"Dënver","mbid":"de447818-fe86-423e-a2d5-b1e6138f4209"}},"uncorrectedTrack":{"name":"Diane Keaton","mbid":"528b6aad-77f0-4ad6-844d-60c7280706fc","artist":{"name":"Dënver","mbid":"de447818-fe86-423e-a2d5-b1e6138f4209"}},"album":{"name":"Música, Gramática, Gimnasia","mbid":"6ebe7264-0f5a-476b-92b6-28dff61932aa","artist":{"name":"Dënver","mbid":"de447818-fe86-423e-a2d5-b1e6138f4209"}},"application":"Grooveshark"},{"timestamp":{"iso":"2013-08-13T02:48:30","unixtimestamp":1376362110},"track":{"name":"Como siempre soÃ±Ã©","artist":{"name":"Javiera Mena","mbid":"904d15da-bd29-40d2-b69e-24612f18803e"}},"uncorrectedTrack":{"name":"Como siempre soÃ±Ã©","artist":{"name":"Javiera Mena","mbid":"904d15da-bd29-40d2-b69e-24612f18803e"}},"album":{"name":"Esquemas juveniles","mbid":"bea922ba-68ee-4af0-9bb4-0f58c502c4c7","artist":{"name":"Javiera Mena","mbid":"904d15da-bd29-40d2-b69e-24612f18803e"}},"application":"Grooveshark"},{"timestamp":{"iso":"2013-08-13T02:53:21","unixtimestamp":1376362401},"track":{"name":"Paraiso de menta","mbid":"e8c7da31-1f14-48ec-8ee1-a07cb5f87cb3","artist":{"name":"Dënver","mbid":"de447818-fe86-423e-a2d5-b1e6138f4209"}},"uncorrectedTrack":{"name":"Paraiso de menta","mbid":"e8c7da31-1f14-48ec-8ee1-a07cb5f87cb3","artist":{"name":"Dënver","mbid":"de447818-fe86-423e-a2d5-b1e6138f4209"}},"album":{"name":"Totoral","mbid":"1b709114-e5da-407a-b095-31230e45a0fa","artist":{"name":"Dënver","mbid":"de447818-fe86-423e-a2d5-b1e6138f4209"}},"application":"Grooveshark"},{"timestamp":{"iso":"2013-08-13T02:57:20","unixtimestamp":1376362640},"track":{"name":"Bombay","mbid":"a83b7d8c-0a85-47b5-a09f-2d198327e341","artist":{"name":"El Guincho","mbid":"7e57d8a2-e6eb-48dd-8e50-ff7eaa412ccb"}},"uncorrectedTrack":{"name":"Bombay","mbid":"a83b7d8c-0a85-47b5-a09f-2d198327e341","artist":{"name":"El Guincho","mbid":"7e57d8a2-e6eb-48dd-8e50-ff7eaa412ccb"}},"album":{"name":"Pop Negro","mbid":"d1155ca2-d814-4f17-9426-743189f8d853","artist":{"name":"El Guincho","mbid":"7e57d8a2-e6eb-48dd-8e50-ff7eaa412ccb"}},"application":"Grooveshark"},{"timestamp":{"iso":"2013-08-13T03:07:32","unixtimestamp":1376363252},"track":{"name":"Casan (No puedo bloquear lo que quiero dar)","mbid":"6ceb6514-a51b-4685-a22b-b28884a72b0d","artist":{"name":"Javiera Mena","mbid":"904d15da-bd29-40d2-b69e-24612f18803e"}},"uncorrectedTrack":{"name":"Casan (No puedo bloquear lo que quiero dar)","mbid":"6ceb6514-a51b-4685-a22b-b28884a72b0d","artist":{"name":"Javiera Mena","mbid":"904d15da-bd29-40d2-b69e-24612f18803e"}},"album":{"name":"Esquemas juveniles","mbid":"bea922ba-68ee-4af0-9bb4-0f58c502c4c7","artist":{"name":"Javiera Mena","mbid":"904d15da-bd29-40d2-b69e-24612f18803e"}},"application":"Grooveshark"},{"timestamp":{"iso":"2013-08-13T03:12:02","unixtimestamp":1376363522},"track":{"name":"Perlas","mbid":"cb244150-220a-4466-b07a-f91f698b1c54","artist":{"name":"Javiera Mena","mbid":"904d15da-bd29-40d2-b69e-24612f18803e"}},"uncorrectedTrack":{"name":"Perlas","mbid":"cb244150-220a-4466-b07a-f91f698b1c54","artist":{"name":"Javiera Mena","mbid":"904d15da-bd29-40d2-b69e-24612f18803e"}},"album":{"name":"Esquemas juveniles","mbid":"bea922ba-68ee-4af0-9bb4-0f58c502c4c7","artist":{"name":"Javiera Mena","mbid":"904d15da-bd29-40d2-b69e-24612f18803e"}},"application":"Grooveshark"},{"timestamp":{"iso":"2013-08-13T03:17:28","unixtimestamp":1376363848},"track":{"name":"Palmitos Park","mbid":"03dd1f0d-1b78-49bb-9de8-cad73560837d","artist":{"name":"El Guincho","mbid":"7e57d8a2-e6eb-48dd-8e50-ff7eaa412ccb"}},"uncorrectedTrack":{"name":"Palmitos Park","mbid":"03dd1f0d-1b78-49bb-9de8-cad73560837d","artist":{"name":"El Guincho","mbid":"7e57d8a2-e6eb-48dd-8e50-ff7eaa412ccb"}},"album":{"name":"Alegranza","mbid":"08cd6dab-f1e1-3360-b139-4b25e03d36a1","artist":{"name":"El Guincho","mbid":"7e57d8a2-e6eb-48dd-8e50-ff7eaa412ccb"}},"application":"Grooveshark"}]