[{"timestamp":{"iso":"2007-06-01T05:25:54","unixtimestamp":1180675554},"track":{"name":"Love","artist":{"name":"G. Love \u0026 Special Sauce","mbid":"dbf7c761-e332-467b-b4d9-aafe06bbcf8f"}},"uncorrectedTrack":{"name":"Love","artist":{"name":"G. Love \u0026 Special Sauce","mbid":"dbf7c761-e332-467b-b4d9-aafe06bbcf8f"}}},{"timestamp":{"iso":"2007-06-01T05:30:04","unixtimestamp":1180675804},"track":{"name":"Garbage Man","mbid":"0c68e9f3-1512-4c92-a569-273391c7815e","artist":{"name":"G. Love \u0026 Special Sauce","mbid":"dbf7c761-e332-467b-b4d9-aafe06bbcf8f"}},"uncorrectedTrack":{"name":"Garbage Man","mbid":"0c68e9f3-1512-4c92-a569-273391c7815e","artist":{"name":"G. Love \u0026 Special Sauce","mbid":"dbf7c761-e332-467b-b4d9-aafe06bbcf8f"}}},{"timestamp":{"iso":"2007-06-01T05:31:57","unixtimestamp":1180675917},"track":{"name":"Astronaut","mbid":"0caebe4e-072f-45ec-8453-5268dc8d8f95","artist":{"name":"G. Love \u0026 Special Sauce","mbid":"dbf7c761-e332-467b-b4d9-aafe06bbcf8f"}},"uncorrectedTrack":{"name":"Astronaut","mbid":"0caebe4e-072f-45ec-8453-5268dc8d8f95","artist":{"name":"G. Love \u0026 Special Sauce","mbid":"dbf7c761-e332-467b-b4d9-aafe06bbcf8f"}},"album":{"name":"The Hustle","artist":{"name":"G. Love \u0026 Special Sauce","mbid":"dbf7c761-e332-467b-b4d9-aafe06bbcf8f"}}},{"timestamp":{"iso":"2007-06-01T05:34:43","unixtimestamp":1180676083},"track":{"name":"G Love and Special Sauce - Gimme Some Lovin\u0027","artist":{"name":"G. Love \u0026 Special Sauce","mbid":"dbf7c761-e332-467b-b4d9-aafe06bbcf8f"}},"uncorrectedTrack":{"name":"G Love and Special Sauce - Gimme Some Lovin\u0027","artist":{"name":"G. Love \u0026 Special Sauce","mbid":"dbf7c761-e332-467b-b4d9-aafe06bbcf8f"}}},{"timestamp":{"iso":"2007-06-01T05:42:31","unixtimestamp":1180676551},"track":{"name":"Into the Night","mbid":"19851aab-6340-4377-b37c-3a41a8a5074e","artist":{"name":"The Cynic Project","mbid":"b7240c46-e965-4f24-9b60-55d4c7acb402"}},"uncorrectedTrack":{"name":"Into the Night","mbid":"19851aab-6340-4377-b37c-3a41a8a5074e","artist":{"name":"The Cynic Project","mbid":"b7240c46-e965-4f24-9b60-55d4c7acb402"}}},{"timestamp":{"iso":"2007-06-01T05:45:53","unixtimestamp":1180676753},"track":{"name":"Endless Palm","mbid":"6879ba88-a2d7-4764-9dd1-e89146e667f0","artist":{"name":"The Cynic Project","mbid":"b7240c46-e965-4f24-9b60-55d4c7acb402"}},"uncorrectedTrack":{"name":"Endless Palm","mbid":"6879ba88-a2d7-4764-9dd1-e89146e667f0","artist":{"name":"The Cynic Project","mbid":"b7240c46-e965-4f24-9b60-55d4c7acb402"}}},{"timestamp":{"iso":"2007-06-01T05:48:34","unixtimestamp":1180676914},"track":{"name":"Blue Cherry","mbid":"8861ba2e-3b98-46e6-a425-0d5373c77c1a","artist":{"name":"The Cynic Project","mbid":"b7240c46-e965-4f24-9b60-55d4c7acb402"}},"uncorrectedTrack":{"name":"Blue Cherry","mbid":"8861ba2e-3b98-46e6-a425-0d5373c77c1a","artist":{"name":"The Cynic Project","mbid":"b7240c46-e965-4f24-9b60-55d4c7acb402"}}},{"timestamp":{"iso":"2007-06-01T05:51:21","unixtimestamp":1180677081},"track":{"name":"Lost in Paradise","mbid":"8c17cfd5-d27c-4b72-babc-00587e77e50d","artist":{"name":"The Cynic Project","mbid":"b7240c46-e965-4f24-9b60-55d4c7acb402"}},"uncorrectedTrack":{"name":"Lost in Paradise","mbid":"8c17cfd5-d27c-4b72-babc-00587e77e50d","artist":{"name":"The Cynic Project","mbid":"b7240c46-e965-4f24-9b60-55d4c7acb402"}}},{"timestamp":{"iso":"2007-06-01T05:54:21","unixtimestamp":1180677261},"track":{"name":"On Top of the World [happy hardcore mix]","artist":{"name":"The Cynic Project","mbid":"b7240c46-e965-4f24-9b60-55d4c7acb402"}},"uncorrectedTrack":{"name":"On Top of the World [happy hardcore mix]","artist":{"name":"The Cynic Project","mbid":"b7240c46-e965-4f24-9b60-55d4c7acb402"}}},{"timestamp":{"iso":"2007-06-01T05:57:54","unixtimestamp":1180677474},"track":{"name":"Sidewinder","mbid":"01eed6c6-682b-4993-b39b-572ab6e87ed0","artist":{"name":"The Cynic Project","mbid":"b7240c46-e965-4f24-9b60-55d4c7acb402"}},"uncorrectedTrack":{"name":"Sidewinder","mbid":"01eed6c6-682b-4993-b39b-572ab6e87ed0","artist":{"name":"The Cynic Project","mbid":"b7240c46-e965-4f24-9b60-55d4c7acb402"}}},{"timestamp":{"iso":"2007-06-01T06:01:04","unixtimestamp":1180677664},"track":{"name":"Matrix","artist":{"name":"The Cynic Project","mbid":"b7240c46-e965-4f24-9b60-55d4c7acb402"}},"uncorrectedTrack":{"name":"Matrix","artist":{"name":"The Cynic Project","mbid":"b7240c46-e965-4f24-9b60-55d4c7acb402"}}},{"timestamp":{"iso":"2007-06-01T06:04:07","unixtimestamp":1180677847},"track":{"name":"Daftendirekt","mbid":"10cdacde-e54a-412a-863b-81d9ea6b3df2","artist":{"name":"Daft Punk","mbid":"056e4f3e-d505-4dad-8ec1-d04f521cbb56"}},"uncorrectedTrack":{"name":"Daftendirekt","mbid":"10cdacde-e54a-412a-863b-81d9ea6b3df2","artist":{"name":"Daft Punk","mbid":"056e4f3e-d505-4dad-8ec1-d04f521cbb56"}},"album":{"name":"Homework","mbid":"497f9acf-a695-332e-bc20-1c8745248550","artist":{"name":"Daft Punk","mbid":"056e4f3e-d505-4dad-8ec1-d04f521cbb56"}}},{"timestamp":{"iso":"2007-06-01T06:07:48","unixtimestamp":1180678068},"track":{"name":"Revolution 909","mbid":"fa61d962-db65-46af-bf16-3d8aef59c913","artist":{"name":"Daft Punk","mbid":"056e4f3e-d505-4dad-8ec1-d04f521cbb56"}},"uncorrectedTrack":{"name":"Revolution 909","mbid":"fa61d962-db65-46af-bf16-3d8aef59c913","artist":{"name":"Daft Punk","mbid":"056e4f3e-d505-4dad-8ec1-d04f521cbb56"}},"album":{"name":"Homework","mbid":"497f9acf-a695-332e-bc20-1c8745248550","artist":{"name":"Daft Punk","mbid":"056e4f3e-d505-4dad-8ec1-d04f521cbb56"}}},{"timestamp":{"iso":"2007-06-01T06:11:59","unixtimestamp":1180678319},"track":{"name":"AM180","artist":{"name":"Grandaddy","mbid":"9d4c4835-c71a-4647-a4fc-263e26832cd0"}},"uncorrectedTrack":{"name":"AM180","artist":{"name":"Grandaddy","mbid":"9d4c4835-c71a-4647-a4fc-263e26832cd0"}}},{"timestamp":{"iso":"2007-06-01T06:15:21","unixtimestamp":1180678521},"track":{"name":"Goodbye","mbid":"783cbdde-1cea-4e66-99fd-3f9bed1bd9af","artist":{"name":"Kevin Shields","mbid":"49b34ba3-46a2-40af-b6c0-6f1fab93af8b"}},"uncorrectedTrack":{"name":"Goodbye","mbid":"783cbdde-1cea-4e66-99fd-3f9bed1bd9af","artist":{"name":"Kevin Shields","mbid":"49b34ba3-46a2-40af-b6c0-6f1fab93af8b"}},"album":{"name":"Lost in Translation","mbid":"3a27798e-f3df-485d-b50d-5b2ddd3c908a","artist":{"name":"Various Artists","mbid":"023671ff-b1ad-4133-a4f3-aadaaadfd2e0"}}},{"timestamp":{"iso":"2007-06-01T06:18:05","unixtimestamp":1180678685},"track":{"name":"Just Like Honey","mbid":"2acd2802-b27c-4d3a-baf0-a20664a73c32","artist":{"name":"The Jesus and Mary Chain","mbid":"e938a15c-b17e-4e7a-9f68-ff0d536cab44"}},"uncorrectedTrack":{"name":"Just Like Honey","mbid":"2acd2802-b27c-4d3a-baf0-a20664a73c32","artist":{"name":"The Jesus and Mary Chain","mbid":"e938a15c-b17e-4e7a-9f68-ff0d536cab44"}},"album":{"name":"Lost in Translation","mbid":"3a27798e-f3df-485d-b50d-5b2ddd3c908a","artist":{"name":"Various Artists","mbid":"023671ff-b1ad-4133-a4f3-aadaaadfd2e0"}}},{"timestamp":{"iso":"2007-06-01T06:22:45","unixtimestamp":1180678965},"track":{"name":"Say Something New","mbid":"3bb786d3-b0c6-43ae-a660-c82bd9bd4572","artist":{"name":"The Concretes","mbid":"11b1a7c4-3a48-43f8-9d57-6a81fdd1eeba"}},"uncorrectedTrack":{"name":"Say Something New","mbid":"3bb786d3-b0c6-43ae-a660-c82bd9bd4572","artist":{"name":"The Concretes","mbid":"11b1a7c4-3a48-43f8-9d57-6a81fdd1eeba"}},"album":{"name":"The Concretes","mbid":"06992ec4-1e22-3c26-ba62-2e4f4c7de9a4","artist":{"name":"The Concretes","mbid":"11b1a7c4-3a48-43f8-9d57-6a81fdd1eeba"}}},{"timestamp":{"iso":"2007-06-01T06:27:12","unixtimestamp":1180679232},"track":{"name":"Fading Out","mbid":"d556c0ca-483a-4a94-8b07-6624c82a8a24","artist":{"name":"Primitive Radio Gods","mbid":"2c7b3a60-86dd-4733-9c12-30b21b530280"}},"uncorrectedTrack":{"name":"Fading Out","mbid":"d556c0ca-483a-4a94-8b07-6624c82a8a24","artist":{"name":"Primitive Radio Gods","mbid":"2c7b3a60-86dd-4733-9c12-30b21b530280"}}},{"timestamp":{"iso":"2007-06-01T06:31:03","unixtimestamp":1180679463},"track":{"name":"Standing Outside A Broken...","artist":{"name":"Primitive Radio Gods","mbid":"2c7b3a60-86dd-4733-9c12-30b21b530280"}},"uncorrectedTrack":{"name":"Standing Outside A Broken...","artist":{"name":"Primitive Radio Gods","mbid":"2c7b3a60-86dd-4733-9c12-30b21b530280"}}},{"timestamp":{"iso":"2007-06-01T22:13:46","unixtimestamp":1180736026},"track":{"name":"Bad Stone","mbid":"5e9fd195-fb74-4c68-96f0-d39192d6b4cb","artist":{"name":"The Crystal Method","mbid":"8e72cc9f-9e5f-4641-b7c9-3e7d1a4ef6a2"}},"uncorrectedTrack":{"name":"Bad Stone","mbid":"5e9fd195-fb74-4c68-96f0-d39192d6b4cb","artist":{"name":"The Crystal Method","mbid":"8e72cc9f-9e5f-4641-b7c9-3e7d1a4ef6a2"}},"album":{"name":"Vegas","mbid":"7a664645-ab08-4ffe-9ad2-a34c47029bb2","artist":{"name":"The Crystal Method","mbid":"8e72cc9f-9e5f-4641-b7c9-3e7d1a4ef6a2"}}},{"timestamp":{"iso":"2007-06-08T05:21:54","unixtimestamp":1181280114},"track":{"name":"Wonderwall","mbid":"192332dc-35b3-45c7-a602-2880f675ceb7","artist":{"name":"Oasis","mbid":"39ab1aed-75e0-4140-bd47-540276886b60"}},"uncorrectedTrack":{"name":"Wonderwall","mbid":"192332dc-35b3-45c7-a602-2880f675ceb7","artist":{"name":"Oasis","mbid":"39ab1aed-75e0-4140-bd47-540276886b60"}}},{"timestamp":{"iso":"2007-06-08T05:25:39","unixtimestamp":1181280339},"track":{"name":"Imagine","artist":{"name":"Roger, Roll"}},"uncorrectedTrack":{"name":"Imagine","artist":{"name":"Roger, Roll"}}},{"timestamp":{"iso":"2007-06-08T05:30:51","unixtimestamp":1181280651},"track":{"name":"Lucy in the Sky with Diamonds","mbid":"23b342d3-1f0b-4a0b-a419-d873cec3b259","artist":{"name":"The Beatles","mbid":"b10bbbfc-cf9e-42e0-be17-e2c3e1d2600d"}},"uncorrectedTrack":{"name":"Lucy in the Sky with Diamonds","mbid":"23b342d3-1f0b-4a0b-a419-d873cec3b259","artist":{"name":"The Beatles","mbid":"b10bbbfc-cf9e-42e0-be17-e2c3e1d2600d"}},"album":{"name":"1967-1970 (disc 1)","artist":{"name":"The Beatles","mbid":"b10bbbfc-cf9e-42e0-be17-e2c3e1d2600d"}}},{"timestamp":{"iso":"2007-06-08T05:33:11","unixtimestamp":1181280791},"track":{"name":"Across the Universe","mbid":"90aa777f-5c69-4ed6-8ef9-6a576423e6a2","artist":{"name":"The Beatles","mbid":"b10bbbfc-cf9e-42e0-be17-e2c3e1d2600d"}},"uncorrectedTrack":{"name":"Across the Universe","mbid":"90aa777f-5c69-4ed6-8ef9-6a576423e6a2","artist":{"name":"The Beatles","mbid":"b10bbbfc-cf9e-42e0-be17-e2c3e1d2600d"}}},{"timestamp":{"iso":"2007-06-08T05:58:53","unixtimestamp":1181282333},"track":{"name":"Hello Goodbye","artist":{"name":"The Beatles","mbid":"b10bbbfc-cf9e-42e0-be17-e2c3e1d2600d"}},"uncorrectedTrack":{"name":"Hello, Goodbye","mbid":"dac48c80-5345-4463-a20d-00abee6121f5","artist":{"name":"The Beatles","mbid":"b10bbbfc-cf9e-42e0-be17-e2c3e1d2600d"}},"album":{"name":"1967-1970 (disc 1)","artist":{"name":"The Beatles","mbid":"b10bbbfc-cf9e-42e0-be17-e2c3e1d2600d"}}},{"timestamp":{"iso":"2007-06-08T06:04:01","unixtimestamp":1181282641},"track":{"name":"I Am the Walrus","mbid":"e2519c67-b8fc-4954-a573-25e6d02ca201","artist":{"name":"The Beatles","mbid":"b10bbbfc-cf9e-42e0-be17-e2c3e1d2600d"}},"uncorrectedTrack":{"name":"I Am the Walrus","mbid":"e2519c67-b8fc-4954-a573-25e6d02ca201","artist":{"name":"The Beatles","mbid":"b10bbbfc-cf9e-42e0-be17-e2c3e1d2600d"}},"album":{"name":"1967-1970 (disc 1)","artist":{"name":"The Beatles","mbid":"b10bbbfc-cf9e-42e0-be17-e2c3e1d2600d"}}},{"timestamp":{"iso":"2007-06-11T09:06:48","unixtimestamp":1181552808},"track":{"name":"Forever Lost","mbid":"0d1b0921-8600-433f-be4a-366527cbf5dc","artist":{"name":"The Magic Numbers","mbid":"3b3531c4-cd2d-4df0-897c-a2e29b8341fc"}},"uncorrectedTrack":{"name":"Forever Lost","mbid":"0d1b0921-8600-433f-be4a-366527cbf5dc","artist":{"name":"The Magic Numbers","mbid":"3b3531c4-cd2d-4df0-897c-a2e29b8341fc"}}},{"timestamp":{"iso":"2007-06-11T09:10:37","unixtimestamp":1181553037},"track":{"name":"The Importance of Being Idle","mbid":"2ecf6538-5876-4ce3-8c1d-f1443e9d9b3d","artist":{"name":"Oasis","mbid":"39ab1aed-75e0-4140-bd47-540276886b60"}},"uncorrectedTrack":{"name":"The Importance of Being Idle","mbid":"2ecf6538-5876-4ce3-8c1d-f1443e9d9b3d","artist":{"name":"Oasis","mbid":"39ab1aed-75e0-4140-bd47-540276886b60"}}},{"timestamp":{"iso":"2007-06-11T09:14:19","unixtimestamp":1181553259},"track":{"name":"Waiting for the Sirens\u0027 Call","mbid":"56a6cefd-4311-4256-bb19-b47a208ad587","artist":{"name":"New Order","mbid":"bdcaf0ca-4718-40a9-b9b3-372b227b423a"}},"uncorrectedTrack":{"name":"Waiting for the Sirens\u0027 Call","mbid":"56a6cefd-4311-4256-bb19-b47a208ad587","artist":{"name":"New Order","mbid":"bdcaf0ca-4718-40a9-b9b3-372b227b423a"}}},{"timestamp":{"iso":"2007-06-11T09:18:00","unixtimestamp":1181553480},"track":{"name":"Bend \u0026 Break","mbid":"e66968f2-70de-4363-b86c-a778d20fbf24","artist":{"name":"Keane","mbid":"c7020c6d-cae9-4db3-92a7-e5c561cbad50"}},"uncorrectedTrack":{"name":"Bend \u0026 Break","mbid":"e66968f2-70de-4363-b86c-a778d20fbf24","artist":{"name":"Keane","mbid":"c7020c6d-cae9-4db3-92a7-e5c561cbad50"}}},{"timestamp":{"iso":"2007-06-11T09:20:06","unixtimestamp":1181553606},"track":{"name":"Ashes","mbid":"34a887f3-7255-475a-afbe-a548c35ef416","artist":{"name":"Embrace","mbid":"5e496316-c700-4934-ac1c-ba6bf43beb8f"}},"uncorrectedTrack":{"name":"Ashes","mbid":"34a887f3-7255-475a-afbe-a548c35ef416","artist":{"name":"Embrace","mbid":"5e496316-c700-4934-ac1c-ba6bf43beb8f"}}},{"timestamp":{"iso":"2007-06-11T09:24:22","unixtimestamp":1181553862},"track":{"name":"Fishing For A Dream","mbid":"0311fd75-0864-4545-b754-81de8af7313c","artist":{"name":"Turin Brakes","mbid":"2ecbd923-9daf-4f18-9250-e482ccec4c28"}},"uncorrectedTrack":{"name":"Fishing For A Dream","mbid":"0311fd75-0864-4545-b754-81de8af7313c","artist":{"name":"Turin Brakes","mbid":"2ecbd923-9daf-4f18-9250-e482ccec4c28"}}},{"timestamp":{"iso":"2007-06-11T09:28:29","unixtimestamp":1181554109},"track":{"name":"E-Pro","mbid":"31970bcd-4879-4040-ba46-c75ca9593519","artist":{"name":"Beck","mbid":"1cc5adcd-1422-4b5c-a3cd-3ecd4f43f506"}},"uncorrectedTrack":{"name":"E-Pro","mbid":"31970bcd-4879-4040-ba46-c75ca9593519","artist":{"name":"Beck","mbid":"1cc5adcd-1422-4b5c-a3cd-3ecd4f43f506"}}},{"timestamp":{"iso":"2007-06-11T09:32:06","unixtimestamp":1181554326},"track":{"name":"Black \u0026 White Town","mbid":"1262d4e2-b8c1-460f-a955-0949b31a1f29","artist":{"name":"Doves","mbid":"9de8f66e-3cd1-4f11-8328-38200f0612b0"}},"uncorrectedTrack":{"name":"Black \u0026 White Town","mbid":"1262d4e2-b8c1-460f-a955-0949b31a1f29","artist":{"name":"Doves","mbid":"9de8f66e-3cd1-4f11-8328-38200f0612b0"}}},{"timestamp":{"iso":"2007-06-11T09:36:18","unixtimestamp":1181554578},"track":{"name":"Devil","mbid":"9dbbdaac-d163-4883-b29d-c2522dfd61f4","artist":{"name":"Stereophonics","mbid":"0bfba3d3-6a04-4779-bb0a-df07df5b0558"}},"uncorrectedTrack":{"name":"Devil","mbid":"9dbbdaac-d163-4883-b29d-c2522dfd61f4","artist":{"name":"Stereophonics","mbid":"0bfba3d3-6a04-4779-bb0a-df07df5b0558"}}},{"timestamp":{"iso":"2007-06-11T09:40:58","unixtimestamp":1181554858},"track":{"name":"Wicked Soul","mbid":"2c5be92f-85aa-4f2f-b441-100642f0accd","artist":{"name":"Kubb","mbid":"9827118f-6484-414f-8f26-7a55b6c428ff"}},"uncorrectedTrack":{"name":"Wicked Soul","mbid":"2c5be92f-85aa-4f2f-b441-100642f0accd","artist":{"name":"Kubb","mbid":"9827118f-6484-414f-8f26-7a55b6c428ff"}}},{"timestamp":{"iso":"2007-06-11T09:44:55","unixtimestamp":1181555095},"track":{"name":"Forget My Myself","artist":{"name":"Elbow","mbid":"3cb3928a-526c-4a3d-93c5-53315fa9bde0"}},"uncorrectedTrack":{"name":"Forget My Myself","artist":{"name":"Elbow","mbid":"3cb3928a-526c-4a3d-93c5-53315fa9bde0"}}},{"timestamp":{"iso":"2007-06-11T09:50:08","unixtimestamp":1181555408},"track":{"name":"Lovers","artist":{"name":"Tears","mbid":"252ad06e-e364-49dc-9326-da6050fa6ae2"}},"uncorrectedTrack":{"name":"Lovers","artist":{"name":"Tears","mbid":"252ad06e-e364-49dc-9326-da6050fa6ae2"}}},{"timestamp":{"iso":"2007-06-11T09:53:59","unixtimestamp":1181555639},"track":{"name":"St. Petersburg","mbid":"04772eec-b58a-4a95-9fa2-db60081aa471","artist":{"name":"Supergrass","mbid":"6386ddff-0d13-4685-9f0a-a82bf022fb1c"}},"uncorrectedTrack":{"name":"St. Petersburg","mbid":"04772eec-b58a-4a95-9fa2-db60081aa471","artist":{"name":"Supergrass","mbid":"6386ddff-0d13-4685-9f0a-a82bf022fb1c"}}},{"timestamp":{"iso":"2007-06-11T09:57:30","unixtimestamp":1181555850},"track":{"name":"Tumble and Fall","mbid":"2d19f76a-1f85-49d4-b5e6-55ca81ce978a","artist":{"name":"Feeder","mbid":"88a4cd4e-5dee-4153-8462-0d5e43c75f47"}},"uncorrectedTrack":{"name":"Tumble and Fall","mbid":"2d19f76a-1f85-49d4-b5e6-55ca81ce978a","artist":{"name":"Feeder","mbid":"88a4cd4e-5dee-4153-8462-0d5e43c75f47"}}},{"timestamp":{"iso":"2007-06-11T10:02:13","unixtimestamp":1181556133},"track":{"name":"Wires","mbid":"80cc7a90-c2c6-4ca9-9dc8-cb7987e63452","artist":{"name":"Athlete","mbid":"906cbb69-b793-463a-832d-b5bf850f01a2"}},"uncorrectedTrack":{"name":"Wires","mbid":"80cc7a90-c2c6-4ca9-9dc8-cb7987e63452","artist":{"name":"Athlete","mbid":"906cbb69-b793-463a-832d-b5bf850f01a2"}}},{"timestamp":{"iso":"2007-06-11T10:06:18","unixtimestamp":1181556378},"track":{"name":"Cosy In The Rocket","mbid":"8f5fd9b8-8e42-41d7-b92b-3ddf3aeba03a","artist":{"name":"Psapp","mbid":"802f09ca-3f3f-4fc1-a5fc-0e8bebc15f62"}},"uncorrectedTrack":{"name":"Cosy In The Rocket","mbid":"8f5fd9b8-8e42-41d7-b92b-3ddf3aeba03a","artist":{"name":"Psapp","mbid":"802f09ca-3f3f-4fc1-a5fc-0e8bebc15f62"}},"album":{"name":"Grey\u0027s Anatomy","mbid":"936f534b-8f38-425f-a000-e385a3c489ee","artist":{"name":"Various Artists","mbid":"023671ff-b1ad-4133-a4f3-aadaaadfd2e0"}}},{"timestamp":{"iso":"2007-06-11T10:10:31","unixtimestamp":1181556631},"track":{"name":"Le Disko","mbid":"9efcface-5c17-4495-9e32-5ea9479910af","artist":{"name":"Shiny Toy Guns","mbid":"ad61e25e-5516-41e1-b60d-744e8220986e"}},"uncorrectedTrack":{"name":"Le Disko","mbid":"9efcface-5c17-4495-9e32-5ea9479910af","artist":{"name":"Shiny Toy Guns","mbid":"ad61e25e-5516-41e1-b60d-744e8220986e"}},"album":{"name":"We Are Pilots","mbid":"197cb8a1-9502-49c0-9d86-3411afabeb22","artist":{"name":"Shiny Toy Guns","mbid":"ad61e25e-5516-41e1-b60d-744e8220986e"}}},{"timestamp":{"iso":"2007-06-11T10:13:53","unixtimestamp":1181556833},"track":{"name":"Painted By Numbers","mbid":"6fb1f01c-9289-4173-a386-c492f95f6b0e","artist":{"name":"The Sounds","mbid":"3fa12d9c-7543-42a7-befc-43176b8bf58d"}},"uncorrectedTrack":{"name":"Painted By Numbers","mbid":"6fb1f01c-9289-4173-a386-c492f95f6b0e","artist":{"name":"The Sounds","mbid":"3fa12d9c-7543-42a7-befc-43176b8bf58d"}},"album":{"name":"Dying to Say This to You","mbid":"31841459-9072-4868-8598-e3bb9cb461c8","artist":{"name":"The Sounds","mbid":"3fa12d9c-7543-42a7-befc-43176b8bf58d"}}},{"timestamp":{"iso":"2007-06-11T10:17:33","unixtimestamp":1181557053},"track":{"name":"Nth Degree","mbid":"41ce4147-ddc4-44a9-aa10-c299f5b383db","artist":{"name":"Morningwood","mbid":"59745a87-e2d6-4892-9847-5c07b2708d6b"}},"uncorrectedTrack":{"name":"Nth Degree","mbid":"41ce4147-ddc4-44a9-aa10-c299f5b383db","artist":{"name":"Morningwood","mbid":"59745a87-e2d6-4892-9847-5c07b2708d6b"}}},{"timestamp":{"iso":"2007-06-11T10:28:46","unixtimestamp":1181557726},"track":{"name":"Lithium","mbid":"d9328141-5000-4f27-aa7a-31942ed47eb6","artist":{"name":"Nirvana","mbid":"5b11f4ce-a62d-471e-81fc-a69a8278c7da"}},"uncorrectedTrack":{"name":"Lithium","mbid":"d9328141-5000-4f27-aa7a-31942ed47eb6","artist":{"name":"Nirvana","mbid":"5b11f4ce-a62d-471e-81fc-a69a8278c7da"}},"album":{"name":"Nevermind","mbid":"eccae410-7577-4daa-b602-92d305828331","artist":{"name":"Nirvana","mbid":"5b11f4ce-a62d-471e-81fc-a69a8278c7da"}}},{"timestamp":{"iso":"2007-06-11T10:32:59","unixtimestamp":1181557979},"track":{"name":"Smells Like Teen Spirit","mbid":"a3b43c16-72b4-44eb-925b-91f6e65e6d5f","artist":{"name":"Nirvana","mbid":"5b11f4ce-a62d-471e-81fc-a69a8278c7da"}},"uncorrectedTrack":{"name":"Smells Like Teen Spirit","mbid":"a3b43c16-72b4-44eb-925b-91f6e65e6d5f","artist":{"name":"Nirvana","mbid":"5b11f4ce-a62d-471e-81fc-a69a8278c7da"}},"album":{"name":"Nevermind","mbid":"eccae410-7577-4daa-b602-92d305828331","artist":{"name":"Nirvana","mbid":"5b11f4ce-a62d-471e-81fc-a69a8278c7da"}}},{"timestamp":{"iso":"2007-06-11T10:37:38","unixtimestamp":1181558258},"track":{"name":"Spare Me the Details","mbid":"8b3d3ecc-662c-45d1-9e53-03a732ead282","artist":{"name":"The Offspring","mbid":"23a03e33-a603-404e-bcbf-2c00159d7067"}},"uncorrectedTrack":{"name":"Spare Me the Details","mbid":"8b3d3ecc-662c-45d1-9e53-03a732ead282","artist":{"name":"The Offspring","mbid":"23a03e33-a603-404e-bcbf-2c00159d7067"}},"album":{"name":"Splinter","mbid":"76515c05-662e-39e0-8a91-ca383ce2b4b9","artist":{"name":"The Offspring","mbid":"23a03e33-a603-404e-bcbf-2c00159d7067"}}},{"timestamp":{"iso":"2007-06-11T10:40:24","unixtimestamp":1181558424},"track":{"name":"(Can\u0027t Get My) Head Around You","mbid":"f1ae88e2-858a-41c4-8940-56b5d8d9ab97","artist":{"name":"The Offspring","mbid":"23a03e33-a603-404e-bcbf-2c00159d7067"}},"uncorrectedTrack":{"name":"Can\u0027t Get My Head Around You","artist":{"name":"The Offspring","mbid":"23a03e33-a603-404e-bcbf-2c00159d7067"}},"album":{"name":"Splinter","mbid":"76515c05-662e-39e0-8a91-ca383ce2b4b9","artist":{"name":"The Offspring","mbid":"23a03e33-a603-404e-bcbf-2c00159d7067"}}},{"timestamp":{"iso":"2007-06-11T10:42:46","unixtimestamp":1181558566},"track":{"name":"I Wanna Be Sedated","mbid":"31497042-871e-474e-a2dc-b156ff17d032","artist":{"name":"The Offspring","mbid":"23a03e33-a603-404e-bcbf-2c00159d7067"}},"uncorrectedTrack":{"name":"I Wanna Be Sedated","mbid":"31497042-871e-474e-a2dc-b156ff17d032","artist":{"name":"The Offspring","mbid":"23a03e33-a603-404e-bcbf-2c00159d7067"}}},{"timestamp":{"iso":"2007-06-11T10:45:35","unixtimestamp":1181558735},"track":{"name":"Don\u0027t Ask Me","mbid":"cda3cd75-6dba-49c0-933d-5e255864cf3f","artist":{"name":"OK Go","mbid":"e132d370-2a59-4437-8610-756df28a5a02"}},"uncorrectedTrack":{"name":"Don\u0027t Ask Me","mbid":"cda3cd75-6dba-49c0-933d-5e255864cf3f","artist":{"name":"OK Go","mbid":"e132d370-2a59-4437-8610-756df28a5a02"}},"album":{"name":"OK Go","mbid":"eab5afd8-0704-4b2c-8937-c146db0929d2","artist":{"name":"OK Go","mbid":"e132d370-2a59-4437-8610-756df28a5a02"}}},{"timestamp":{"iso":"2007-06-11T10:48:41","unixtimestamp":1181558921},"track":{"name":"Just Another","mbid":"b8919ab3-48f6-4bdc-a85d-8ebda656c6b2","artist":{"name":"Pete Yorn","mbid":"3533dea4-218c-4fc9-ab6e-2e3dc0ffde6e"}},"uncorrectedTrack":{"name":"Just Another","mbid":"b8919ab3-48f6-4bdc-a85d-8ebda656c6b2","artist":{"name":"Pete Yorn","mbid":"3533dea4-218c-4fc9-ab6e-2e3dc0ffde6e"}}},{"timestamp":{"iso":"2007-06-12T19:23:37","unixtimestamp":1181676217},"track":{"name":"Bad Stone","mbid":"5e9fd195-fb74-4c68-96f0-d39192d6b4cb","artist":{"name":"The Crystal Method","mbid":"8e72cc9f-9e5f-4641-b7c9-3e7d1a4ef6a2"}},"uncorrectedTrack":{"name":"Bad Stone","mbid":"5e9fd195-fb74-4c68-96f0-d39192d6b4cb","artist":{"name":"The Crystal Method","mbid":"8e72cc9f-9e5f-4641-b7c9-3e7d1a4ef6a2"}},"album":{"name":"Vegas","mbid":"7a664645-ab08-4ffe-9ad2-a34c47029bb2","artist":{"name":"The Crystal Method","mbid":"8e72cc9f-9e5f-4641-b7c9-3e7d1a4ef6a2"}}},{"timestamp":{"iso":"2007-06-12T19:28:41","unixtimestamp":1181676521},"track":{"name":"Savoir Faire","artist":{"name":"Thievery Corporation","mbid":"a505bb48-ad65-4af4-ae47-29149715bff9"}},"uncorrectedTrack":{"name":"Savoir Faire","artist":{"name":"Thievery Corporation","mbid":"a505bb48-ad65-4af4-ae47-29149715bff9"}},"album":{"name":"Abductions and Reconstructions","mbid":"4bd15a42-66f1-4e59-9157-d11e288ce5d2","artist":{"name":"Thievery Corporation","mbid":"a505bb48-ad65-4af4-ae47-29149715bff9"}}},{"timestamp":{"iso":"2007-06-12T19:33:47","unixtimestamp":1181676827},"track":{"name":"Painted By Numbers","mbid":"6fb1f01c-9289-4173-a386-c492f95f6b0e","artist":{"name":"The Sounds","mbid":"3fa12d9c-7543-42a7-befc-43176b8bf58d"}},"uncorrectedTrack":{"name":"Painted By Numbers","mbid":"6fb1f01c-9289-4173-a386-c492f95f6b0e","artist":{"name":"The Sounds","mbid":"3fa12d9c-7543-42a7-befc-43176b8bf58d"}},"album":{"name":"Dying to Say This to You","mbid":"31841459-9072-4868-8598-e3bb9cb461c8","artist":{"name":"The Sounds","mbid":"3fa12d9c-7543-42a7-befc-43176b8bf58d"}}},{"timestamp":{"iso":"2007-06-12T19:36:53","unixtimestamp":1181677013},"track":{"name":"Just Like Honey","mbid":"2acd2802-b27c-4d3a-baf0-a20664a73c32","artist":{"name":"The Jesus and Mary Chain","mbid":"e938a15c-b17e-4e7a-9f68-ff0d536cab44"}},"uncorrectedTrack":{"name":"Just Like Honey","mbid":"2acd2802-b27c-4d3a-baf0-a20664a73c32","artist":{"name":"The Jesus and Mary Chain","mbid":"e938a15c-b17e-4e7a-9f68-ff0d536cab44"}},"album":{"name":"Lost in Translation","mbid":"3a27798e-f3df-485d-b50d-5b2ddd3c908a","artist":{"name":"Various Artists","mbid":"023671ff-b1ad-4133-a4f3-aadaaadfd2e0"}}},{"timestamp":{"iso":"2007-06-12T19:38:53","unixtimestamp":1181677133},"track":{"name":"Phone Call","mbid":"a014bd4c-1cfb-411c-ba09-4aeb9ad47860","artist":{"name":"Jon Brion","mbid":"a32e4aac-1db8-4dc6-be34-a813c4530627"}},"uncorrectedTrack":{"name":"Phone Call","mbid":"a014bd4c-1cfb-411c-ba09-4aeb9ad47860","artist":{"name":"Jon Brion","mbid":"a32e4aac-1db8-4dc6-be34-a813c4530627"}}},{"timestamp":{"iso":"2007-06-12T19:41:04","unixtimestamp":1181677264},"track":{"name":"Le Disko","mbid":"9efcface-5c17-4495-9e32-5ea9479910af","artist":{"name":"Shiny Toy Guns","mbid":"ad61e25e-5516-41e1-b60d-744e8220986e"}},"uncorrectedTrack":{"name":"Le Disko","mbid":"9efcface-5c17-4495-9e32-5ea9479910af","artist":{"name":"Shiny Toy Guns","mbid":"ad61e25e-5516-41e1-b60d-744e8220986e"}},"album":{"name":"We Are Pilots","mbid":"197cb8a1-9502-49c0-9d86-3411afabeb22","artist":{"name":"Shiny Toy Guns","mbid":"ad61e25e-5516-41e1-b60d-744e8220986e"}}},{"timestamp":{"iso":"2007-06-12T19:44:44","unixtimestamp":1181677484},"track":{"name":"Cosy In The Rocket","mbid":"8f5fd9b8-8e42-41d7-b92b-3ddf3aeba03a","artist":{"name":"Psapp","mbid":"802f09ca-3f3f-4fc1-a5fc-0e8bebc15f62"}},"uncorrectedTrack":{"name":"Cosy In The Rocket","mbid":"8f5fd9b8-8e42-41d7-b92b-3ddf3aeba03a","artist":{"name":"Psapp","mbid":"802f09ca-3f3f-4fc1-a5fc-0e8bebc15f62"}},"album":{"name":"Grey\u0027s Anatomy","mbid":"936f534b-8f38-425f-a000-e385a3c489ee","artist":{"name":"Various Artists","mbid":"023671ff-b1ad-4133-a4f3-aadaaadfd2e0"}}},{"timestamp":{"iso":"2007-06-13T07:54:53","unixtimestamp":1181721293},"track":{"name":"The Modern Age","mbid":"37cfd866-1a70-4b84-8070-63611c9bfccc","artist":{"name":"The Strokes","mbid":"f181961b-20f7-459e-89de-920ef03c7ed0"}},"uncorrectedTrack":{"name":"The Modern Age","mbid":"37cfd866-1a70-4b84-8070-63611c9bfccc","artist":{"name":"The Strokes","mbid":"f181961b-20f7-459e-89de-920ef03c7ed0"}}},{"timestamp":{"iso":"2007-06-13T07:58:32","unixtimestamp":1181721512},"track":{"name":"Is This It","mbid":"35ab4a07-cb21-43cb-86f3-140df6cef165","artist":{"name":"The Strokes","mbid":"f181961b-20f7-459e-89de-920ef03c7ed0"}},"uncorrectedTrack":{"name":"Is This It","mbid":"35ab4a07-cb21-43cb-86f3-140df6cef165","artist":{"name":"The Strokes","mbid":"f181961b-20f7-459e-89de-920ef03c7ed0"}}},{"timestamp":{"iso":"2007-06-13T08:01:07","unixtimestamp":1181721667},"track":{"name":"Soma","mbid":"45f4d906-fb66-4528-8fd9-bf5c0f0e024e","artist":{"name":"The Strokes","mbid":"f181961b-20f7-459e-89de-920ef03c7ed0"}},"uncorrectedTrack":{"name":"Soma","mbid":"45f4d906-fb66-4528-8fd9-bf5c0f0e024e","artist":{"name":"The Strokes","mbid":"f181961b-20f7-459e-89de-920ef03c7ed0"}}},{"timestamp":{"iso":"2007-06-13T08:04:20","unixtimestamp":1181721860},"track":{"name":"Barely Legal","mbid":"598c0b2c-09d0-437b-a796-a5ff51567822","artist":{"name":"The Strokes","mbid":"f181961b-20f7-459e-89de-920ef03c7ed0"}},"uncorrectedTrack":{"name":"Barely Legal","mbid":"598c0b2c-09d0-437b-a796-a5ff51567822","artist":{"name":"The Strokes","mbid":"f181961b-20f7-459e-89de-920ef03c7ed0"}}},{"timestamp":{"iso":"2007-06-13T08:07:48","unixtimestamp":1181722068},"track":{"name":"Someday","mbid":"4488a1b0-5eca-4bd6-8eb1-5ea3ea91aabe","artist":{"name":"The Strokes","mbid":"f181961b-20f7-459e-89de-920ef03c7ed0"}},"uncorrectedTrack":{"name":"Someday","mbid":"4488a1b0-5eca-4bd6-8eb1-5ea3ea91aabe","artist":{"name":"The Strokes","mbid":"f181961b-20f7-459e-89de-920ef03c7ed0"}}},{"timestamp":{"iso":"2007-06-13T08:10:53","unixtimestamp":1181722253},"track":{"name":"Alone, Together","mbid":"6b72c707-1329-44e5-842d-8c8fae3a2b4d","artist":{"name":"The Strokes","mbid":"f181961b-20f7-459e-89de-920ef03c7ed0"}},"uncorrectedTrack":{"name":"Alone, Together","mbid":"6b72c707-1329-44e5-842d-8c8fae3a2b4d","artist":{"name":"The Strokes","mbid":"f181961b-20f7-459e-89de-920ef03c7ed0"}}},{"timestamp":{"iso":"2007-06-13T08:14:03","unixtimestamp":1181722443},"track":{"name":"Last Nite","mbid":"3a3042ee-0083-4164-be82-77271d4a405f","artist":{"name":"The Strokes","mbid":"f181961b-20f7-459e-89de-920ef03c7ed0"}},"uncorrectedTrack":{"name":"Last Nite","mbid":"3a3042ee-0083-4164-be82-77271d4a405f","artist":{"name":"The Strokes","mbid":"f181961b-20f7-459e-89de-920ef03c7ed0"}}},{"timestamp":{"iso":"2007-06-13T08:17:31","unixtimestamp":1181722651},"track":{"name":"Hard to Explain","mbid":"46bd3ddd-d910-4fa1-8eb5-9d6053f3794b","artist":{"name":"The Strokes","mbid":"f181961b-20f7-459e-89de-920ef03c7ed0"}},"uncorrectedTrack":{"name":"Hard to Explain","mbid":"46bd3ddd-d910-4fa1-8eb5-9d6053f3794b","artist":{"name":"The Strokes","mbid":"f181961b-20f7-459e-89de-920ef03c7ed0"}}},{"timestamp":{"iso":"2007-06-13T08:20:50","unixtimestamp":1181722850},"track":{"name":"When It Started","mbid":"21bfc993-c40f-487e-a5e2-377c61fd8699","artist":{"name":"The Strokes","mbid":"f181961b-20f7-459e-89de-920ef03c7ed0"}},"uncorrectedTrack":{"name":"When It Started","mbid":"21bfc993-c40f-487e-a5e2-377c61fd8699","artist":{"name":"The Strokes","mbid":"f181961b-20f7-459e-89de-920ef03c7ed0"}}},{"timestamp":{"iso":"2007-06-13T08:23:57","unixtimestamp":1181723037},"track":{"name":"Trying Your Luck","mbid":"7d1a6a7a-2d47-44df-837d-d8af2f0a70e1","artist":{"name":"The Strokes","mbid":"f181961b-20f7-459e-89de-920ef03c7ed0"}},"uncorrectedTrack":{"name":"Trying Your Luck","mbid":"7d1a6a7a-2d47-44df-837d-d8af2f0a70e1","artist":{"name":"The Strokes","mbid":"f181961b-20f7-459e-89de-920ef03c7ed0"}}},{"timestamp":{"iso":"2007-06-13T08:27:14","unixtimestamp":1181723234},"track":{"name":"Take It or Leave It","mbid":"8c358e02-2e58-4294-bdcd-e58aae755960","artist":{"name":"The Strokes","mbid":"f181961b-20f7-459e-89de-920ef03c7ed0"}},"uncorrectedTrack":{"name":"Take It or Leave It","mbid":"8c358e02-2e58-4294-bdcd-e58aae755960","artist":{"name":"The Strokes","mbid":"f181961b-20f7-459e-89de-920ef03c7ed0"}}},{"timestamp":{"iso":"2007-06-13T08:30:15","unixtimestamp":1181723415},"track":{"name":"What Ever Happened?","mbid":"f0597f71-44c4-4023-9e96-eff0066a96c1","artist":{"name":"The Strokes","mbid":"f181961b-20f7-459e-89de-920ef03c7ed0"}},"uncorrectedTrack":{"name":"What Ever Happened?","mbid":"f0597f71-44c4-4023-9e96-eff0066a96c1","artist":{"name":"The Strokes","mbid":"f181961b-20f7-459e-89de-920ef03c7ed0"}},"album":{"name":"Room on Fire","mbid":"0f3cb2a7-8f63-4fd5-a331-39844400b9e4","artist":{"name":"The Strokes","mbid":"f181961b-20f7-459e-89de-920ef03c7ed0"}}},{"timestamp":{"iso":"2007-06-13T08:33:28","unixtimestamp":1181723608},"track":{"name":"Reptilia","artist":{"name":"The Strokes","mbid":"f181961b-20f7-459e-89de-920ef03c7ed0"}},"uncorrectedTrack":{"name":"Reptilia","artist":{"name":"The Strokes","mbid":"f181961b-20f7-459e-89de-920ef03c7ed0"}},"album":{"name":"Room on Fire","mbid":"0f3cb2a7-8f63-4fd5-a331-39844400b9e4","artist":{"name":"The Strokes","mbid":"f181961b-20f7-459e-89de-920ef03c7ed0"}}},{"timestamp":{"iso":"2007-06-13T08:36:58","unixtimestamp":1181723818},"track":{"name":"Automatic Stop","mbid":"67f3edb0-df9b-4dd1-bf96-35293ffa7b57","artist":{"name":"The Strokes","mbid":"f181961b-20f7-459e-89de-920ef03c7ed0"}},"uncorrectedTrack":{"name":"Automatic Stop","mbid":"67f3edb0-df9b-4dd1-bf96-35293ffa7b57","artist":{"name":"The Strokes","mbid":"f181961b-20f7-459e-89de-920ef03c7ed0"}},"album":{"name":"Room on Fire","mbid":"0f3cb2a7-8f63-4fd5-a331-39844400b9e4","artist":{"name":"The Strokes","mbid":"f181961b-20f7-459e-89de-920ef03c7ed0"}}},{"timestamp":{"iso":"2007-06-13T08:39:53","unixtimestamp":1181723993},"track":{"name":"12:51","mbid":"00cad42d-390b-4aea-a370-3ed0cca1c508","artist":{"name":"The Strokes","mbid":"f181961b-20f7-459e-89de-920ef03c7ed0"}},"uncorrectedTrack":{"name":"12:51","mbid":"00cad42d-390b-4aea-a370-3ed0cca1c508","artist":{"name":"The Strokes","mbid":"f181961b-20f7-459e-89de-920ef03c7ed0"}},"album":{"name":"Room on Fire","mbid":"0f3cb2a7-8f63-4fd5-a331-39844400b9e4","artist":{"name":"The Strokes","mbid":"f181961b-20f7-459e-89de-920ef03c7ed0"}}},{"timestamp":{"iso":"2007-06-13T08:42:37","unixtimestamp":1181724157},"track":{"name":"You Talk Way Too Much","mbid":"e9d490f9-e5d2-403e-97e8-1e971582a214","artist":{"name":"The Strokes","mbid":"f181961b-20f7-459e-89de-920ef03c7ed0"}},"uncorrectedTrack":{"name":"You Talk Way Too Much","mbid":"e9d490f9-e5d2-403e-97e8-1e971582a214","artist":{"name":"The Strokes","mbid":"f181961b-20f7-459e-89de-920ef03c7ed0"}},"album":{"name":"Room on Fire","mbid":"0f3cb2a7-8f63-4fd5-a331-39844400b9e4","artist":{"name":"The Strokes","mbid":"f181961b-20f7-459e-89de-920ef03c7ed0"}}},{"timestamp":{"iso":"2007-06-13T08:45:43","unixtimestamp":1181724343},"track":{"name":"Between Love \u0026 Hate","mbid":"b1f13985-c8db-44bd-ab02-3c2567a9fe3d","artist":{"name":"The Strokes","mbid":"f181961b-20f7-459e-89de-920ef03c7ed0"}},"uncorrectedTrack":{"name":"Between Love \u0026 Hate","mbid":"b1f13985-c8db-44bd-ab02-3c2567a9fe3d","artist":{"name":"The Strokes","mbid":"f181961b-20f7-459e-89de-920ef03c7ed0"}},"album":{"name":"Room on Fire","mbid":"0f3cb2a7-8f63-4fd5-a331-39844400b9e4","artist":{"name":"The Strokes","mbid":"f181961b-20f7-459e-89de-920ef03c7ed0"}}},{"timestamp":{"iso":"2007-06-13T08:48:44","unixtimestamp":1181724524},"track":{"name":"Meet Me In The Bathroom","mbid":"38187971-abb3-42c6-ab69-592791fd4c7d","artist":{"name":"The Strokes","mbid":"f181961b-20f7-459e-89de-920ef03c7ed0"}},"uncorrectedTrack":{"name":"Meet Me In The Bathroom","mbid":"38187971-abb3-42c6-ab69-592791fd4c7d","artist":{"name":"The Strokes","mbid":"f181961b-20f7-459e-89de-920ef03c7ed0"}},"album":{"name":"Room on Fire","mbid":"0f3cb2a7-8f63-4fd5-a331-39844400b9e4","artist":{"name":"The Strokes","mbid":"f181961b-20f7-459e-89de-920ef03c7ed0"}}},{"timestamp":{"iso":"2007-06-13T08:51:42","unixtimestamp":1181724702},"track":{"name":"Under Control","mbid":"055fa617-d212-4a46-a421-cedd557e4eb6","artist":{"name":"The Strokes","mbid":"f181961b-20f7-459e-89de-920ef03c7ed0"}},"uncorrectedTrack":{"name":"Under Control","mbid":"055fa617-d212-4a46-a421-cedd557e4eb6","artist":{"name":"The Strokes","mbid":"f181961b-20f7-459e-89de-920ef03c7ed0"}},"album":{"name":"Room on Fire","mbid":"0f3cb2a7-8f63-4fd5-a331-39844400b9e4","artist":{"name":"The Strokes","mbid":"f181961b-20f7-459e-89de-920ef03c7ed0"}}},{"timestamp":{"iso":"2007-06-13T08:54:21","unixtimestamp":1181724861},"track":{"name":"The Way It Is","mbid":"6d5271da-6e99-4a70-9e54-710657d01602","artist":{"name":"The Strokes","mbid":"f181961b-20f7-459e-89de-920ef03c7ed0"}},"uncorrectedTrack":{"name":"The Way It Is","mbid":"6d5271da-6e99-4a70-9e54-710657d01602","artist":{"name":"The Strokes","mbid":"f181961b-20f7-459e-89de-920ef03c7ed0"}},"album":{"name":"Room on Fire","mbid":"0f3cb2a7-8f63-4fd5-a331-39844400b9e4","artist":{"name":"The Strokes","mbid":"f181961b-20f7-459e-89de-920ef03c7ed0"}}},{"timestamp":{"iso":"2007-06-13T08:57:02","unixtimestamp":1181725022},"track":{"name":"The End Has No End","mbid":"1fcb9915-3617-4609-b569-c8ff3edf681a","artist":{"name":"The Strokes","mbid":"f181961b-20f7-459e-89de-920ef03c7ed0"}},"uncorrectedTrack":{"name":"The End Has No End","mbid":"1fcb9915-3617-4609-b569-c8ff3edf681a","artist":{"name":"The Strokes","mbid":"f181961b-20f7-459e-89de-920ef03c7ed0"}},"album":{"name":"Room on Fire","mbid":"0f3cb2a7-8f63-4fd5-a331-39844400b9e4","artist":{"name":"The Strokes","mbid":"f181961b-20f7-459e-89de-920ef03c7ed0"}}},{"timestamp":{"iso":"2007-06-13T08:59:48","unixtimestamp":1181725188},"track":{"name":"I Can\u0027t Win","mbid":"efb52aa1-8c66-4dcb-b61a-2ad1c8564984","artist":{"name":"The Strokes","mbid":"f181961b-20f7-459e-89de-920ef03c7ed0"}},"uncorrectedTrack":{"name":"I Can\u0027t Win","mbid":"efb52aa1-8c66-4dcb-b61a-2ad1c8564984","artist":{"name":"The Strokes","mbid":"f181961b-20f7-459e-89de-920ef03c7ed0"}},"album":{"name":"Room on Fire","mbid":"0f3cb2a7-8f63-4fd5-a331-39844400b9e4","artist":{"name":"The Strokes","mbid":"f181961b-20f7-459e-89de-920ef03c7ed0"}}},{"timestamp":{"iso":"2007-06-14T02:51:45","unixtimestamp":1181789505},"track":{"name":"Dat Phan (long)","artist":{"name":"Dat Phan"}},"uncorrectedTrack":{"name":"Dat Phan (long)","artist":{"name":"Dat Phan"}}},{"timestamp":{"iso":"2007-06-14T21:47:35","unixtimestamp":1181857655},"track":{"name":"Transcontinental","mbid":"d0788e25-7128-49f4-992c-6a35db1e8564","artist":{"name":"Pedro the Lion","mbid":"2f360fd9-6440-4896-9f45-8156e8b0b204"}},"uncorrectedTrack":{"name":"Transcontinental","mbid":"d0788e25-7128-49f4-992c-6a35db1e8564","artist":{"name":"Pedro the Lion","mbid":"2f360fd9-6440-4896-9f45-8156e8b0b204"}},"album":{"name":"Achilles Heel","mbid":"8265675c-28ee-4ed4-80ff-86f87e8c9229","artist":{"name":"Pedro the Lion","mbid":"2f360fd9-6440-4896-9f45-8156e8b0b204"}}},{"timestamp":{"iso":"2007-06-14T21:53:31","unixtimestamp":1181858011},"track":{"name":"d\u003drt","artist":{"name":"Roger, Roll"}},"uncorrectedTrack":{"name":"d\u003drt","artist":{"name":"Roger, Roll"}}},{"timestamp":{"iso":"2007-06-14T21:57:01","unixtimestamp":1181858221},"track":{"name":"Don\u0027t Hesitate","artist":{"name":"Roger, Roll"}},"uncorrectedTrack":{"name":"Don\u0027t Hesitate","artist":{"name":"Roger, Roll"}}},{"timestamp":{"iso":"2007-06-14T21:59:49","unixtimestamp":1181858389},"track":{"name":"The Essence of Things","artist":{"name":"Roger, Roll"}},"uncorrectedTrack":{"name":"The Essence of Things","artist":{"name":"Roger, Roll"}}},{"timestamp":{"iso":"2007-06-14T22:01:49","unixtimestamp":1181858509},"track":{"name":"The Annual Song","artist":{"name":"Roger, Roll"}},"uncorrectedTrack":{"name":"The Annual Song","artist":{"name":"Roger, Roll"}}},{"timestamp":{"iso":"2007-06-14T22:03:28","unixtimestamp":1181858608},"track":{"name":"Into The Pavement With Light","artist":{"name":"Roger, Roll"}},"uncorrectedTrack":{"name":"Into The Pavement With Light","artist":{"name":"Roger, Roll"}}},{"timestamp":{"iso":"2007-06-14T23:40:11","unixtimestamp":1181864411},"track":{"name":"d\u003drt","artist":{"name":"Roger, Roll"}},"uncorrectedTrack":{"name":"d\u003drt","artist":{"name":"Roger, Roll"}}},{"timestamp":{"iso":"2007-06-14T23:43:30","unixtimestamp":1181864610},"track":{"name":"A Present","artist":{"name":"Roger, Roll"}},"uncorrectedTrack":{"name":"A Present","artist":{"name":"Roger, Roll"}}},{"timestamp":{"iso":"2007-06-14T23:45:39","unixtimestamp":1181864739},"track":{"name":"Falling Out of Love (With You)","artist":{"name":"Roger, Roll"}},"uncorrectedTrack":{"name":"Falling Out of Love (With You)","artist":{"name":"Roger, Roll"}}},{"timestamp":{"iso":"2007-06-15T04:35:22","unixtimestamp":1181882122},"track":{"name":"Into The Pavement With Light","artist":{"name":"Roger, Roll"}},"uncorrectedTrack":{"name":"Into The Pavement With Light","artist":{"name":"Roger, Roll"}}},{"timestamp":{"iso":"2007-06-17T19:46:43","unixtimestamp":1182109603},"track":{"name":"Viben","mbid":"19548b06-edfd-444f-a5a1-14a165065dda","artist":{"name":"K-Liber","mbid":"c3404f17-4550-46fb-bfef-f3a9592a15f5"}},"uncorrectedTrack":{"name":"Viben","mbid":"19548b06-edfd-444f-a5a1-14a165065dda","artist":{"name":"K-Liber","mbid":"c3404f17-4550-46fb-bfef-f3a9592a15f5"}}},{"timestamp":{"iso":"2007-06-17T19:51:24","unixtimestamp":1182109884},"track":{"name":"Diamond Dogs","mbid":"0777a7a5-4f14-436e-b68f-6dded27f7969","artist":{"name":"Beck","mbid":"1cc5adcd-1422-4b5c-a3cd-3ecd4f43f506"}},"uncorrectedTrack":{"name":"Diamond Dogs","mbid":"0777a7a5-4f14-436e-b68f-6dded27f7969","artist":{"name":"Beck","mbid":"1cc5adcd-1422-4b5c-a3cd-3ecd4f43f506"}},"album":{"name":"Moulin Rouge","artist":{"name":"Various Artists","mbid":"023671ff-b1ad-4133-a4f3-aadaaadfd2e0"}}},{"timestamp":{"iso":"2007-06-17T19:57:54","unixtimestamp":1182110274},"track":{"name":"Mr. Brightside","mbid":"38237e2b-3516-47d9-8e85-03e2e3a41a93","artist":{"name":"The Killers","mbid":"24b4aee8-32ed-4163-98f7-55bae67411ae"}},"uncorrectedTrack":{"name":"Mr Brightside","mbid":"069eb7ed-792b-4ba2-ad59-ac4a7de514b4","artist":{"name":"The Killers","mbid":"24b4aee8-32ed-4163-98f7-55bae67411ae"}},"album":{"name":"Mr Brightside","mbid":"1c31768d-a733-4016-8c21-33df1018c466","artist":{"name":"The Killers","mbid":"24b4aee8-32ed-4163-98f7-55bae67411ae"}}},{"timestamp":{"iso":"2007-06-17T20:01:59","unixtimestamp":1182110519},"track":{"name":"Why I\u0027m Here","mbid":"012efc20-4e06-418f-979f-4b75427c3ad0","artist":{"name":"Oleander","mbid":"8b890043-2576-4550-843e-f68fabfd37c6"}},"uncorrectedTrack":{"name":"Why I\u0027m Here","mbid":"012efc20-4e06-418f-979f-4b75427c3ad0","artist":{"name":"Oleander","mbid":"8b890043-2576-4550-843e-f68fabfd37c6"}},"album":{"name":"February Son","mbid":"444558cd-6725-4982-9d38-699196e90cb1","artist":{"name":"Oleander","mbid":"8b890043-2576-4550-843e-f68fabfd37c6"}}},{"timestamp":{"iso":"2007-06-19T06:37:55","unixtimestamp":1182235075},"track":{"name":"The girl in Byakkoya","artist":{"name":"平沢進","mbid":"31e7b30b-f960-408f-908b-c8e277308eab"}},"uncorrectedTrack":{"name":"The girl in Byakkoya","artist":{"name":"Susumu Hirasawa"}}},{"timestamp":{"iso":"2007-06-19T06:42:43","unixtimestamp":1182235363},"track":{"name":"The girl in Byakkoya","artist":{"name":"平沢進","mbid":"31e7b30b-f960-408f-908b-c8e277308eab"}},"uncorrectedTrack":{"name":"The girl in Byakkoya","artist":{"name":"Susumu Hirasawa"}}},{"timestamp":{"iso":"2007-06-19T06:47:31","unixtimestamp":1182235651},"track":{"name":"The girl in Byakkoya","artist":{"name":"平沢進","mbid":"31e7b30b-f960-408f-908b-c8e277308eab"}},"uncorrectedTrack":{"name":"The girl in Byakkoya","artist":{"name":"Susumu Hirasawa"}}},{"timestamp":{"iso":"2007-06-19T06:52:20","unixtimestamp":1182235940},"track":{"name":"The girl in Byakkoya","artist":{"name":"平沢進","mbid":"31e7b30b-f960-408f-908b-c8e277308eab"}},"uncorrectedTrack":{"name":"The girl in Byakkoya","artist":{"name":"Susumu Hirasawa"}}},{"timestamp":{"iso":"2007-06-19T06:57:08","unixtimestamp":1182236228},"track":{"name":"The girl in Byakkoya","artist":{"name":"平沢進","mbid":"31e7b30b-f960-408f-908b-c8e277308eab"}},"uncorrectedTrack":{"name":"The girl in Byakkoya","artist":{"name":"Susumu Hirasawa"}}},{"timestamp":{"iso":"2007-06-19T07:01:55","unixtimestamp":1182236515},"track":{"name":"The girl in Byakkoya","artist":{"name":"平沢進","mbid":"31e7b30b-f960-408f-908b-c8e277308eab"}},"uncorrectedTrack":{"name":"The girl in Byakkoya","artist":{"name":"Susumu Hirasawa"}}},{"timestamp":{"iso":"2007-06-19T08:54:26","unixtimestamp":1182243266},"track":{"name":"Sunset on Ibiza","artist":{"name":"Tiësto","mbid":"163a0256-f137-4b6f-8922-77941cbb9532"}},"uncorrectedTrack":{"name":"Sunset on Ibiza","artist":{"name":"DJ Tiësto"}},"album":{"name":"Magik, Vol. 7: Live in Los Angeles","artist":{"name":"DJ Tiësto"}}},{"timestamp":{"iso":"2007-06-19T08:59:07","unixtimestamp":1182243547},"track":{"name":"Butterfly","mbid":"f3138ecd-8b17-4bc9-a1bd-01a3ed6bfd69","artist":{"name":"DJ Mystik","mbid":"6ce9aa3b-a58b-40dc-94f5-954da0a279d1"}},"uncorrectedTrack":{"name":"Butterfly","mbid":"f3138ecd-8b17-4bc9-a1bd-01a3ed6bfd69","artist":{"name":"DJ Mystik","mbid":"6ce9aa3b-a58b-40dc-94f5-954da0a279d1"}}},{"timestamp":{"iso":"2007-06-19T09:02:05","unixtimestamp":1182243725},"track":{"name":"Matrix","artist":{"name":"The Cynic Project","mbid":"b7240c46-e965-4f24-9b60-55d4c7acb402"}},"uncorrectedTrack":{"name":"Matrix","artist":{"name":"The Cynic Project","mbid":"b7240c46-e965-4f24-9b60-55d4c7acb402"}}},{"timestamp":{"iso":"2007-06-19T09:05:35","unixtimestamp":1182243935},"track":{"name":"Ratio Shmatio","mbid":"18b0191b-efc2-4e4a-aa4d-003ce8677b55","artist":{"name":"Infected Mushroom","mbid":"eab76c9f-ff91-4431-b6dd-3b976c598020"}},"uncorrectedTrack":{"name":"Ratio Schmatio","artist":{"name":"Infected Mushroom","mbid":"eab76c9f-ff91-4431-b6dd-3b976c598020"}},"album":{"name":"IM the Supervisor","mbid":"a5729dba-6ff4-492c-9ba6-da6538d0f80b","artist":{"name":"Infected Mushroom","mbid":"eab76c9f-ff91-4431-b6dd-3b976c598020"}}},{"timestamp":{"iso":"2007-06-19T09:07:30","unixtimestamp":1182244050},"track":{"name":"I Wish","mbid":"98237014-8abe-453d-800f-b6e88b2cbc14","artist":{"name":"Infected Mushroom","mbid":"eab76c9f-ff91-4431-b6dd-3b976c598020"}},"uncorrectedTrack":{"name":"I Wish","mbid":"98237014-8abe-453d-800f-b6e88b2cbc14","artist":{"name":"Infected Mushroom","mbid":"eab76c9f-ff91-4431-b6dd-3b976c598020"}}},{"timestamp":{"iso":"2007-06-19T09:11:57","unixtimestamp":1182244317},"track":{"name":"Halcyon \u0026 On \u0026 On","mbid":"6dbd5ed0-cb02-4f52-a0cd-17427dc05bc8","artist":{"name":"Orbital","mbid":"c5691882-9bc7-4c25-9bac-2d81dc9ef636"}},"uncorrectedTrack":{"name":"Halcyon \u0026 On \u0026 On","mbid":"6dbd5ed0-cb02-4f52-a0cd-17427dc05bc8","artist":{"name":"Orbital","mbid":"c5691882-9bc7-4c25-9bac-2d81dc9ef636"}},"album":{"name":"Orbital 2","mbid":"30079fc6-9c87-3c17-af1c-2a9b5deb641e","artist":{"name":"Orbital","mbid":"c5691882-9bc7-4c25-9bac-2d81dc9ef636"}}},{"timestamp":{"iso":"2007-06-19T09:25:37","unixtimestamp":1182245137},"track":{"name":"Vocal","artist":{"name":"The World is Coming In"}},"uncorrectedTrack":{"name":"Vocal","artist":{"name":"The World is Coming In"}}},{"timestamp":{"iso":"2007-06-19T09:34:37","unixtimestamp":1182245677},"track":{"name":"Way Out","mbid":"99c0504a-57ad-46ce-a227-43509ae28bee","artist":{"name":"Orbital","mbid":"c5691882-9bc7-4c25-9bac-2d81dc9ef636"}},"uncorrectedTrack":{"name":"Way Out","mbid":"99c0504a-57ad-46ce-a227-43509ae28bee","artist":{"name":"Orbital","mbid":"c5691882-9bc7-4c25-9bac-2d81dc9ef636"}},"album":{"name":"Middle of Nowhere","artist":{"name":"Orbital","mbid":"c5691882-9bc7-4c25-9bac-2d81dc9ef636"}}},{"timestamp":{"iso":"2007-06-19T09:53:22","unixtimestamp":1182246802},"track":{"name":"The girl in Byakkoya","artist":{"name":"平沢進","mbid":"31e7b30b-f960-408f-908b-c8e277308eab"}},"uncorrectedTrack":{"name":"The girl in Byakkoya","artist":{"name":"Susumu Hirasawa"}}},{"timestamp":{"iso":"2007-06-20T07:22:53","unixtimestamp":1182324173},"track":{"name":"The girl in Byakkoya","artist":{"name":"平沢進","mbid":"31e7b30b-f960-408f-908b-c8e277308eab"}},"uncorrectedTrack":{"name":"The girl in Byakkoya","artist":{"name":"Susumu Hirasawa"}}},{"timestamp":{"iso":"2007-06-21T06:37:32","unixtimestamp":1182407852},"track":{"name":"Cello Suite No. 1 in G Major, BWV 1007: I. Prélude","artist":{"name":"Yo-Yo Ma"}},"uncorrectedTrack":{"name":"Cello Suite No. 1 in G Major, BWV 1007: I. Prélude","artist":{"name":"Yo-Yo Ma"}}},{"timestamp":{"iso":"2007-06-21T06:41:42","unixtimestamp":1182408102},"track":{"name":"Piano Sonata No 2 OP 36 II","artist":{"name":"Sergei Rachmaninoff"}},"uncorrectedTrack":{"name":"Piano Sonata No 2 OP 36 II","artist":{"name":"Sergei Rachmaninoff"}}},{"timestamp":{"iso":"2007-06-21T06:46:20","unixtimestamp":1182408380},"track":{"name":"Für Elise","mbid":"288124f4-e135-4994-974f-1e7c05dc657d","artist":{"name":"Ludwig van Beethoven","mbid":"1f9df192-a621-4f54-8850-2c5373b7eac9"}},"uncorrectedTrack":{"name":"Für Elise","mbid":"288124f4-e135-4994-974f-1e7c05dc657d","artist":{"name":"Ludwig van Beethoven","mbid":"1f9df192-a621-4f54-8850-2c5373b7eac9"}}},{"timestamp":{"iso":"2007-06-21T06:50:18","unixtimestamp":1182408618},"track":{"name":"Moonlight Sonata - Adagio Sostenuto","artist":{"name":"Ludwig van Beethoven","mbid":"1f9df192-a621-4f54-8850-2c5373b7eac9"}},"uncorrectedTrack":{"name":"Moonlight Sonata - Adagio Sostenuto","artist":{"name":"Ludwig van Beethoven","mbid":"1f9df192-a621-4f54-8850-2c5373b7eac9"}}},{"timestamp":{"iso":"2007-06-21T06:56:37","unixtimestamp":1182408997},"track":{"name":"Fantaisie-Impromptu","mbid":"e09c1001-1f70-4880-b687-12889a40159b","artist":{"name":"Frédéric Chopin"}},"uncorrectedTrack":{"name":"Fantaisie-Impromptu","mbid":"e09c1001-1f70-4880-b687-12889a40159b","artist":{"name":"Frédéric Chopin"}}},{"timestamp":{"iso":"2007-06-21T07:01:33","unixtimestamp":1182409293},"track":{"name":"Harp Study","mbid":"5e330f70-00c7-4e30-9bc6-4ac2a26cc4fd","artist":{"name":"Frédéric Chopin"}},"uncorrectedTrack":{"name":"Harp Study","mbid":"5e330f70-00c7-4e30-9bc6-4ac2a26cc4fd","artist":{"name":"Frédéric Chopin"}}},{"timestamp":{"iso":"2007-06-21T07:15:31","unixtimestamp":1182410131},"track":{"name":"Fantaisie-Impromptu","mbid":"e09c1001-1f70-4880-b687-12889a40159b","artist":{"name":"Frédéric Chopin"}},"uncorrectedTrack":{"name":"Fantaisie-Impromptu","mbid":"e09c1001-1f70-4880-b687-12889a40159b","artist":{"name":"Frédéric Chopin"}}},{"timestamp":{"iso":"2007-06-21T07:20:47","unixtimestamp":1182410447},"track":{"name":"Cello Suite No. 1 in G Major, BWV 1007: V. Menuett I \u0026 II","artist":{"name":"Yo-Yo Ma"}},"uncorrectedTrack":{"name":"Cello Suite No. 1 in G Major, BWV 1007: V. Menuett I \u0026 II","artist":{"name":"Yo-Yo Ma"}}},{"timestamp":{"iso":"2007-06-21T07:23:59","unixtimestamp":1182410639},"track":{"name":"Harp Study","mbid":"5e330f70-00c7-4e30-9bc6-4ac2a26cc4fd","artist":{"name":"Frédéric Chopin"}},"uncorrectedTrack":{"name":"Harp Study","mbid":"5e330f70-00c7-4e30-9bc6-4ac2a26cc4fd","artist":{"name":"Frédéric Chopin"}}},{"timestamp":{"iso":"2007-06-21T07:27:23","unixtimestamp":1182410843},"track":{"name":"Für Elise","mbid":"288124f4-e135-4994-974f-1e7c05dc657d","artist":{"name":"Ludwig van Beethoven","mbid":"1f9df192-a621-4f54-8850-2c5373b7eac9"}},"uncorrectedTrack":{"name":"Für Elise","mbid":"288124f4-e135-4994-974f-1e7c05dc657d","artist":{"name":"Ludwig van Beethoven","mbid":"1f9df192-a621-4f54-8850-2c5373b7eac9"}}},{"timestamp":{"iso":"2007-06-21T07:31:21","unixtimestamp":1182411081},"track":{"name":"Moonlight Sonata - Adagio Sostenuto","artist":{"name":"Ludwig van Beethoven","mbid":"1f9df192-a621-4f54-8850-2c5373b7eac9"}},"uncorrectedTrack":{"name":"Moonlight Sonata - Adagio Sostenuto","artist":{"name":"Ludwig van Beethoven","mbid":"1f9df192-a621-4f54-8850-2c5373b7eac9"}}},{"timestamp":{"iso":"2007-06-21T07:36:42","unixtimestamp":1182411402},"track":{"name":"Cello Suite No. 1 in G Major, BWV 1007: III. Courante","artist":{"name":"Yo-Yo Ma"}},"uncorrectedTrack":{"name":"Cello Suite No. 1 in G Major, BWV 1007: III. Courante","artist":{"name":"Yo-Yo Ma"}}},{"timestamp":{"iso":"2007-06-21T07:38:50","unixtimestamp":1182411530},"track":{"name":"Cello Suite No. 1 in G Major, BWV 1007: VI. Gigue","artist":{"name":"Yo-Yo Ma"}},"uncorrectedTrack":{"name":"Cello Suite No. 1 in G Major, BWV 1007: VI. Gigue","artist":{"name":"Yo-Yo Ma"}}},{"timestamp":{"iso":"2007-06-21T07:41:40","unixtimestamp":1182411700},"track":{"name":"Homesickness","mbid":"8e9c163a-ddf7-4bd3-a63b-5ab5dfd822ba","artist":{"name":"Edvard Grieg","mbid":"013c8e5b-d72a-4cd3-8dee-6c64d6125823"}},"uncorrectedTrack":{"name":"Homesickness","mbid":"8e9c163a-ddf7-4bd3-a63b-5ab5dfd822ba","artist":{"name":"Edvard Grieg","mbid":"013c8e5b-d72a-4cd3-8dee-6c64d6125823"}}},{"timestamp":{"iso":"2007-06-21T07:45:59","unixtimestamp":1182411959},"track":{"name":"Liebestraum Nr. 3","mbid":"1bab1075-8e13-4955-9179-b54385bc1137","artist":{"name":"Franz Liszt","mbid":"2cd475bb-1abd-40c4-9904-6d4b691c752c"}},"uncorrectedTrack":{"name":"Liebestraum Nr. 3","mbid":"1bab1075-8e13-4955-9179-b54385bc1137","artist":{"name":"Franz Liszt","mbid":"2cd475bb-1abd-40c4-9904-6d4b691c752c"}}},{"timestamp":{"iso":"2007-06-21T07:50:59","unixtimestamp":1182412259},"track":{"name":"Impromptu Nr. 4","artist":{"name":"Franz Schubert","mbid":"51a7375f-8094-4981-b9e7-136754f32bdd"}},"uncorrectedTrack":{"name":"Impromptu Nr. 4","artist":{"name":"Franz Schubert","mbid":"51a7375f-8094-4981-b9e7-136754f32bdd"}}},{"timestamp":{"iso":"2007-06-21T07:58:21","unixtimestamp":1182412701},"track":{"name":"Raindrop Prelude","mbid":"6d74b218-59a4-47f4-9493-3d9ff776d5ba","artist":{"name":"Frédéric Chopin"}},"uncorrectedTrack":{"name":"Raindrop Prelude","mbid":"6d74b218-59a4-47f4-9493-3d9ff776d5ba","artist":{"name":"Frédéric Chopin"}}},{"timestamp":{"iso":"2007-06-21T08:03:12","unixtimestamp":1182412992},"track":{"name":"Cello Suite No. 1 in G Major, BWV 1007: II. Allemande","artist":{"name":"Yo-Yo Ma"}},"uncorrectedTrack":{"name":"Cello Suite No. 1 in G Major, BWV 1007: II. Allemande","artist":{"name":"Yo-Yo Ma"}}},{"timestamp":{"iso":"2007-06-21T08:07:29","unixtimestamp":1182413249},"track":{"name":"Cello Suite No. 1 in G Major, BWV 1007: IV. Sarabande","artist":{"name":"Yo-Yo Ma"}},"uncorrectedTrack":{"name":"Cello Suite No. 1 in G Major, BWV 1007: IV. Sarabande","artist":{"name":"Yo-Yo Ma"}}},{"timestamp":{"iso":"2007-06-21T08:11:07","unixtimestamp":1182413467},"track":{"name":"Cello Suite No. 2 in D Minor, BWV 1008: I. Prélude","artist":{"name":"Yo-Yo Ma"}},"uncorrectedTrack":{"name":"Cello Suite No. 2 in D Minor, BWV 1008: I. Prélude","artist":{"name":"Yo-Yo Ma"}}},{"timestamp":{"iso":"2007-06-21T08:15:52","unixtimestamp":1182413752},"track":{"name":"Cello Suite No. 3 in C Major, BWV 1009: I. Prélude","artist":{"name":"Yo-Yo Ma"}},"uncorrectedTrack":{"name":"Cello Suite No. 3 in C Major, BWV 1009: I. Prélude","artist":{"name":"Yo-Yo Ma"}}},{"timestamp":{"iso":"2007-06-21T08:19:27","unixtimestamp":1182413967},"track":{"name":"Piano Concerto No.1 in D minor - 1 Maestoso","artist":{"name":"Composer: Brahms; Pianist: Gilels; Conductor Jochum BPO"}},"uncorrectedTrack":{"name":"Piano Concerto No.1 in D minor - 1 Maestoso","artist":{"name":"Composer: Brahms; Pianist: Gilels; Conductor Jochum BPO"}}},{"timestamp":{"iso":"2007-06-21T08:43:37","unixtimestamp":1182415417},"track":{"name":"Piano Concerto No.1 in D minor - 2 Adagio","artist":{"name":"Composer: Brahms; Pianist: Gilels; Conductor Jochum BPO"}},"uncorrectedTrack":{"name":"Piano Concerto No.1 in D minor - 2 Adagio","artist":{"name":"Composer: Brahms; Pianist: Gilels; Conductor Jochum BPO"}}},{"timestamp":{"iso":"2007-06-21T08:58:22","unixtimestamp":1182416302},"track":{"name":"Piano Concerto No.1 in D minor - 3 Rondo","artist":{"name":"Composer: Brahms; Pianist: Gilels; Conductor Jochum BPO"}},"uncorrectedTrack":{"name":"Piano Concerto No.1 in D minor - 3 Rondo","artist":{"name":"Composer: Brahms; Pianist: Gilels; Conductor Jochum BPO"}}},{"timestamp":{"iso":"2007-06-21T09:10:56","unixtimestamp":1182417056},"track":{"name":"Concerto for Piano and Orchestra no. 2 in B flat major, op. 83 - III. Andante","artist":{"name":"Composer: Brahms; Piano: Gilels; Conductor: Jochum - BPO"}},"uncorrectedTrack":{"name":"Concerto for Piano and Orchestra no. 2 in B flat major, op. 83 - III. Andante","artist":{"name":"Composer: Brahms; Piano: Gilels; Conductor: Jochum - BPO"}}},{"timestamp":{"iso":"2007-06-21T09:24:55","unixtimestamp":1182417895},"track":{"name":"Gondoliera","mbid":"05fa6e23-20e1-421e-a432-63d90d311c86","artist":{"name":"Franz Liszt","mbid":"2cd475bb-1abd-40c4-9904-6d4b691c752c"}},"uncorrectedTrack":{"name":"Gondoliera","mbid":"05fa6e23-20e1-421e-a432-63d90d311c86","artist":{"name":"Franz Liszt","mbid":"2cd475bb-1abd-40c4-9904-6d4b691c752c"}}},{"timestamp":{"iso":"2007-06-23T02:15:18","unixtimestamp":1182564918},"track":{"name":"The girl in Byakkoya","artist":{"name":"平沢進","mbid":"31e7b30b-f960-408f-908b-c8e277308eab"}},"uncorrectedTrack":{"name":"The girl in Byakkoya","artist":{"name":"Susumu Hirasawa"}}},{"timestamp":{"iso":"2007-06-24T06:19:37","unixtimestamp":1182665977},"track":{"name":"Aureus","artist":{"name":"Terry Callier, Tina Grace, Nitin Sawhney"}},"uncorrectedTrack":{"name":"Aureus","artist":{"name":"Terry Callier, Tina Grace, Nitin Sawhney"}}},{"timestamp":{"iso":"2007-06-24T06:22:00","unixtimestamp":1182666120},"track":{"name":"Rain One","artist":{"name":"Terry Callier, Tina Grace, Nitin Sawhney, Tara Harrison"}},"uncorrectedTrack":{"name":"Rain One","artist":{"name":"Terry Callier, Tina Grace, Nitin Sawhney, Tara Harrison"}}},{"timestamp":{"iso":"2007-06-24T06:25:44","unixtimestamp":1182666344},"track":{"name":"Le Reveur","artist":{"name":"Helene Dorion, Natacha Atlas, Mathieu Lavoie"}},"uncorrectedTrack":{"name":"Le Reveur","artist":{"name":"Helene Dorion, Natacha Atlas, Mathieu Lavoie"}}},{"timestamp":{"iso":"2007-06-26T08:36:12","unixtimestamp":1182846972},"track":{"name":"Portions For Foxes","mbid":"468ac98e-d953-4a4d-bd4b-845d73b88eac","artist":{"name":"Rilo Kiley","mbid":"eaf6a7ca-105d-4a94-ba02-8c3e4040319a"}},"uncorrectedTrack":{"name":"Portions For Foxes","mbid":"468ac98e-d953-4a4d-bd4b-845d73b88eac","artist":{"name":"Rilo Kiley","mbid":"eaf6a7ca-105d-4a94-ba02-8c3e4040319a"}},"album":{"name":"Grey\u0027s Anatomy","mbid":"936f534b-8f38-425f-a000-e385a3c489ee","artist":{"name":"Various Artists","mbid":"023671ff-b1ad-4133-a4f3-aadaaadfd2e0"}}},{"timestamp":{"iso":"2007-06-26T08:39:47","unixtimestamp":1182847187},"track":{"name":"Little Man, What Now?","mbid":"6afbb287-b707-4f32-bc9f-f70fc34f465e","artist":{"name":"Morrissey","mbid":"013fa897-86db-41d3-8e9f-386c8a34f4e6"}},"uncorrectedTrack":{"name":"Little Man, What Now","artist":{"name":"Morrissey","mbid":"013fa897-86db-41d3-8e9f-386c8a34f4e6"}},"album":{"name":"Viva Hate","mbid":"b48a8a0c-49b8-3905-aefe-48d5f5c55da6","artist":{"name":"Morrissey","mbid":"013fa897-86db-41d3-8e9f-386c8a34f4e6"}}},{"timestamp":{"iso":"2007-06-26T08:42:29","unixtimestamp":1182847349},"track":{"name":"Just Stop","mbid":"773a6491-a2f3-4377-b673-d026e66672b6","artist":{"name":"Disturbed","mbid":"448579df-6b71-4c98-a8ba-5f8be40f2b90"}},"uncorrectedTrack":{"name":"Just Stop","mbid":"773a6491-a2f3-4377-b673-d026e66672b6","artist":{"name":"Disturbed","mbid":"448579df-6b71-4c98-a8ba-5f8be40f2b90"}},"album":{"name":"Ten Thousand Fists","mbid":"d618f88f-a4a7-4028-a9e7-a2f3bcc3d9c3","artist":{"name":"Disturbed","mbid":"448579df-6b71-4c98-a8ba-5f8be40f2b90"}}},{"timestamp":{"iso":"2007-06-26T08:45:26","unixtimestamp":1182847526},"track":{"name":"Eleanor Rigby","mbid":"c8702364-2282-42d0-8299-5569f955bef4","artist":{"name":"Paul McCartney","mbid":"ba550d0e-adac-4864-b88b-407cab5e76af"}},"uncorrectedTrack":{"name":"Eleanor Rigby","mbid":"c8702364-2282-42d0-8299-5569f955bef4","artist":{"name":"Paul McCartney","mbid":"ba550d0e-adac-4864-b88b-407cab5e76af"}}},{"timestamp":{"iso":"2007-06-26T08:48:30","unixtimestamp":1182847710},"track":{"name":"Let It Rain (Vocal Club Mix)","mbid":"da872e30-d783-4486-ba68-1ce76795fc61","artist":{"name":"4 Strings","mbid":"c0018380-fb1d-4d50-ad82-91cfc095b057"}},"uncorrectedTrack":{"name":"Let It Rain (Vocal Club Mix)","mbid":"da872e30-d783-4486-ba68-1ce76795fc61","artist":{"name":"4 Strings","mbid":"c0018380-fb1d-4d50-ad82-91cfc095b057"}}},{"timestamp":{"iso":"2007-06-26T08:54:27","unixtimestamp":1182848067},"track":{"name":"Cœur de parisienne - Reprise d\u0027Arletty","artist":{"name":"Rufus Wainwright","mbid":"78e46ae5-9bfd-433b-be3f-19e993d67ecc"}},"uncorrectedTrack":{"name":"Cœur de parisienne - Reprise d\u0027Arletty","artist":{"name":"Rufus Wainwright","mbid":"78e46ae5-9bfd-433b-be3f-19e993d67ecc"}},"album":{"name":"Want Two","mbid":"016855e8-0092-4811-b17b-381a946673c7","artist":{"name":"Rufus Wainwright","mbid":"78e46ae5-9bfd-433b-be3f-19e993d67ecc"}}},{"timestamp":{"iso":"2007-06-26T08:57:57","unixtimestamp":1182848277},"track":{"name":"Spotless Mind","mbid":"5e96d2b1-0caa-4151-a46f-d600baa05d93","artist":{"name":"Jon Brion","mbid":"a32e4aac-1db8-4dc6-be34-a813c4530627"}},"uncorrectedTrack":{"name":"Spotless Mind","mbid":"5e96d2b1-0caa-4151-a46f-d600baa05d93","artist":{"name":"Jon Brion","mbid":"a32e4aac-1db8-4dc6-be34-a813c4530627"}}},{"timestamp":{"iso":"2007-06-26T09:00:28","unixtimestamp":1182848428},"track":{"name":"The District Sleeps Alone Tonight","mbid":"06146e98-9abd-4226-a167-ae75ea586694","artist":{"name":"The Postal Service","mbid":"299278d3-25dd-4f30-bae4-5b571c28034d"}},"uncorrectedTrack":{"name":"The District Sleeps Alone Tonight","mbid":"06146e98-9abd-4226-a167-ae75ea586694","artist":{"name":"The Postal Service","mbid":"299278d3-25dd-4f30-bae4-5b571c28034d"}}},{"timestamp":{"iso":"2007-06-26T09:04:24","unixtimestamp":1182848664},"track":{"name":"Idle","artist":{"name":"Tool","mbid":"22c94bce-544f-49ba-afdc-026beac4fd3e"}},"uncorrectedTrack":{"name":"Idle","artist":{"name":"Tool","mbid":"22c94bce-544f-49ba-afdc-026beac4fd3e"}}},{"timestamp":{"iso":"2007-06-26T09:07:24","unixtimestamp":1182848844},"track":{"name":"Machete","mbid":"383e22ef-5148-4bff-af13-825c285d030e","artist":{"name":"Moby","mbid":"00810267-f0ac-45a6-ae99-0b8c9c18f3c2"}},"uncorrectedTrack":{"name":"Machete","mbid":"383e22ef-5148-4bff-af13-825c285d030e","artist":{"name":"Moby","mbid":"00810267-f0ac-45a6-ae99-0b8c9c18f3c2"}},"album":{"name":"Play","mbid":"025d4f1a-2e0a-3e0e-9808-f91f77340cf4","artist":{"name":"Moby","mbid":"00810267-f0ac-45a6-ae99-0b8c9c18f3c2"}}},{"timestamp":{"iso":"2007-06-26T09:10:56","unixtimestamp":1182849056},"track":{"name":"A Dream Upon Waking","mbid":"97ff21b8-db15-42c6-82b6-b411975727f3","artist":{"name":"Jon Brion","mbid":"a32e4aac-1db8-4dc6-be34-a813c4530627"}},"uncorrectedTrack":{"name":"A Dream Upon Waking","mbid":"97ff21b8-db15-42c6-82b6-b411975727f3","artist":{"name":"Jon Brion","mbid":"a32e4aac-1db8-4dc6-be34-a813c4530627"}}},{"timestamp":{"iso":"2007-06-26T09:14:40","unixtimestamp":1182849280},"track":{"name":"Why Does My Heart Feel So Bad?","mbid":"d39abe2d-d59d-4852-9f7e-efbbc7be251d","artist":{"name":"Moby","mbid":"00810267-f0ac-45a6-ae99-0b8c9c18f3c2"}},"uncorrectedTrack":{"name":"Why Does My Heart Feel So Bad?","mbid":"d39abe2d-d59d-4852-9f7e-efbbc7be251d","artist":{"name":"Moby","mbid":"00810267-f0ac-45a6-ae99-0b8c9c18f3c2"}},"album":{"name":"Play","mbid":"025d4f1a-2e0a-3e0e-9808-f91f77340cf4","artist":{"name":"Moby","mbid":"00810267-f0ac-45a6-ae99-0b8c9c18f3c2"}}},{"timestamp":{"iso":"2007-06-26T09:18:17","unixtimestamp":1182849497},"track":{"name":"Have it Your Way","artist":{"name":"Weak Sauce"}},"uncorrectedTrack":{"name":"Have it Your Way","artist":{"name":"Weak Sauce"}}},{"timestamp":{"iso":"2007-06-26T09:20:48","unixtimestamp":1182849648},"track":{"name":"Andúril","mbid":"4a51c6f9-ad47-434c-9fda-0a42bfb018bc","artist":{"name":"Howard Shore","mbid":"9b58672a-e68e-4972-956e-a8985a165a1f"}},"uncorrectedTrack":{"name":"Anduril","artist":{"name":"Howard Shore","mbid":"9b58672a-e68e-4972-956e-a8985a165a1f"}},"album":{"name":"The Lord of the Rings: The Return of the King","mbid":"492a9944-726d-4307-8c4b-73ab8b8c58cf","artist":{"name":"Howard Shore","mbid":"9b58672a-e68e-4972-956e-a8985a165a1f"}}},{"timestamp":{"iso":"2007-06-26T09:24:01","unixtimestamp":1182849841},"track":{"name":"New Born","mbid":"99341e50-ff58-42a4-a6bb-872def6d77e8","artist":{"name":"Muse","mbid":"1695c115-bf3f-4014-9966-2b0c50179193"}},"uncorrectedTrack":{"name":"New Born","mbid":"99341e50-ff58-42a4-a6bb-872def6d77e8","artist":{"name":"Muse","mbid":"1695c115-bf3f-4014-9966-2b0c50179193"}},"album":{"name":"Origin of Symmetry","mbid":"97d1b365-f93a-4be2-b9b0-c9cb1bae6fe3","artist":{"name":"Muse","mbid":"1695c115-bf3f-4014-9966-2b0c50179193"}}},{"timestamp":{"iso":"2007-06-26T09:30:00","unixtimestamp":1182850200},"track":{"name":"Staring At The Sun","mbid":"5ba02294-d158-4a52-992b-bbc12ca58fed","artist":{"name":"TV on the Radio","mbid":"eb872766-98f6-453d-883f-2ae908a18315"}},"uncorrectedTrack":{"name":"Staring At The Sun","mbid":"5ba02294-d158-4a52-992b-bbc12ca58fed","artist":{"name":"TV on the Radio","mbid":"eb872766-98f6-453d-883f-2ae908a18315"}},"album":{"name":"Young Liars","mbid":"c15e9bc3-825f-41fe-9cd6-29d5e609450f","artist":{"name":"TV on the Radio","mbid":"eb872766-98f6-453d-883f-2ae908a18315"}}},{"timestamp":{"iso":"2007-06-26T09:34:40","unixtimestamp":1182850480},"track":{"name":"Here (In Your Arms)","mbid":"574c630e-01f6-490b-9d74-96237c84ed60","artist":{"name":"Hellogoodbye","mbid":"3fa7095b-4447-465e-a784-14b07789d7a1"}},"uncorrectedTrack":{"name":"Here (In Your Arms)","mbid":"574c630e-01f6-490b-9d74-96237c84ed60","artist":{"name":"Hellogoodbye","mbid":"3fa7095b-4447-465e-a784-14b07789d7a1"}},"album":{"name":"Zombies! Aliens! Vampires! Dinosaurs!","mbid":"437b6335-ded3-4882-aa90-5a5c746b9b10","artist":{"name":"Hellogoodbye","mbid":"3fa7095b-4447-465e-a784-14b07789d7a1"}}},{"timestamp":{"iso":"2007-06-26T09:38:36","unixtimestamp":1182850716},"track":{"name":"Heaven For The Weather, Hell For The Company","mbid":"a01a3aa9-408f-4088-a855-cdea092cc22a","artist":{"name":"Lostprophets","mbid":"ef6e2e49-aa93-41bd-89b0-8c7d2f260a83"}},"uncorrectedTrack":{"name":"Heaven For The Weather, Hell For The Company","mbid":"a01a3aa9-408f-4088-a855-cdea092cc22a","artist":{"name":"Lostprophets","mbid":"ef6e2e49-aa93-41bd-89b0-8c7d2f260a83"}},"album":{"name":"Liberation Transmission","mbid":"1c2a2883-204b-36e9-b48d-62f1c33bc139","artist":{"name":"Lostprophets","mbid":"ef6e2e49-aa93-41bd-89b0-8c7d2f260a83"}}},{"timestamp":{"iso":"2007-06-26T09:42:35","unixtimestamp":1182850955},"track":{"name":"Plug In Baby","mbid":"1bedf1c8-001a-40f6-bab2-d8c57816c866","artist":{"name":"Muse","mbid":"1695c115-bf3f-4014-9966-2b0c50179193"}},"uncorrectedTrack":{"name":"Plug In Baby","mbid":"1bedf1c8-001a-40f6-bab2-d8c57816c866","artist":{"name":"Muse","mbid":"1695c115-bf3f-4014-9966-2b0c50179193"}},"album":{"name":"Origin of Symmetry","mbid":"97d1b365-f93a-4be2-b9b0-c9cb1bae6fe3","artist":{"name":"Muse","mbid":"1695c115-bf3f-4014-9966-2b0c50179193"}}},{"timestamp":{"iso":"2007-06-26T09:49:31","unixtimestamp":1182851371},"track":{"name":"The girl in Byakkoya","artist":{"name":"平沢進","mbid":"31e7b30b-f960-408f-908b-c8e277308eab"}},"uncorrectedTrack":{"name":"The girl in Byakkoya","artist":{"name":"Susumu Hirasawa"}}},{"timestamp":{"iso":"2007-06-26T09:54:22","unixtimestamp":1182851662},"track":{"name":"The girl in Byakkoya","artist":{"name":"平沢進","mbid":"31e7b30b-f960-408f-908b-c8e277308eab"}},"uncorrectedTrack":{"name":"The girl in Byakkoya","artist":{"name":"Susumu Hirasawa"}}},{"timestamp":{"iso":"2007-06-26T18:09:26","unixtimestamp":1182881366},"track":{"name":"Runner","artist":{"name":"平沢進","mbid":"31e7b30b-f960-408f-908b-c8e277308eab"}},"uncorrectedTrack":{"name":"Runner","artist":{"name":"Susumu Hirasawa"}}},{"timestamp":{"iso":"2007-06-26T18:11:49","unixtimestamp":1182881509},"track":{"name":"Byakkoya no musume","artist":{"name":"平沢進","mbid":"31e7b30b-f960-408f-908b-c8e277308eab"}},"uncorrectedTrack":{"name":"Byakkoya no Musume","artist":{"name":"Susumu Hirasawa"}}},{"timestamp":{"iso":"2007-06-26T18:16:23","unixtimestamp":1182881783},"track":{"name":"Dream Island Obsessional Park","mbid":"fe8f00a2-755b-4314-b8fd-f3abb30a4aa6","artist":{"name":"平沢進","mbid":"31e7b30b-f960-408f-908b-c8e277308eab"}},"uncorrectedTrack":{"name":"Dream Island Obsessional Park","artist":{"name":"Susumu Hirasawa"}},"album":{"name":"Paranoia Agent","mbid":"5e06ebf6-f5c2-42ef-8b52-2adfc304b2cc","artist":{"name":"Susumu Hirasawa"}}},{"timestamp":{"iso":"2007-06-26T18:20:10","unixtimestamp":1182882010},"track":{"name":"It Makes Me Wonder","mbid":"4a532ee2-5bc9-4667-adcd-d1f3c86d5f2f","artist":{"name":"Suzanne Vega","mbid":"cf119120-7df5-47d7-9dec-49f8837a4e40"}},"uncorrectedTrack":{"name":"It Makes Me Wonder","mbid":"4a532ee2-5bc9-4667-adcd-d1f3c86d5f2f","artist":{"name":"Suzanne Vega","mbid":"cf119120-7df5-47d7-9dec-49f8837a4e40"}},"album":{"name":"Songs In Red And Gray","mbid":"c7a304e3-cfd8-4a15-9b4d-afaf8537a8f4","artist":{"name":"Suzanne Vega","mbid":"cf119120-7df5-47d7-9dec-49f8837a4e40"}}},{"timestamp":{"iso":"2007-06-26T18:23:42","unixtimestamp":1182882222},"track":{"name":"Gloria/Us","artist":{"name":"Acceptance","mbid":"364e1151-40f0-476d-a437-8fc6427262e8"}},"uncorrectedTrack":{"name":"Gloria/Us","artist":{"name":"Acceptance","mbid":"364e1151-40f0-476d-a437-8fc6427262e8"}},"album":{"name":"Phantoms","mbid":"dc73104f-81f7-4030-9f1a-9db8799eeac1","artist":{"name":"Acceptance","mbid":"364e1151-40f0-476d-a437-8fc6427262e8"}}},{"timestamp":{"iso":"2007-06-26T19:08:27","unixtimestamp":1182884907},"track":{"name":"Cosy In The Rocket","mbid":"8f5fd9b8-8e42-41d7-b92b-3ddf3aeba03a","artist":{"name":"Psapp","mbid":"802f09ca-3f3f-4fc1-a5fc-0e8bebc15f62"}},"uncorrectedTrack":{"name":"Cosy In The Rocket","mbid":"8f5fd9b8-8e42-41d7-b92b-3ddf3aeba03a","artist":{"name":"Psapp","mbid":"802f09ca-3f3f-4fc1-a5fc-0e8bebc15f62"}},"album":{"name":"Grey\u0027s Anatomy","mbid":"936f534b-8f38-425f-a000-e385a3c489ee","artist":{"name":"Various Artists","mbid":"023671ff-b1ad-4133-a4f3-aadaaadfd2e0"}}},{"timestamp":{"iso":"2007-06-26T19:12:51","unixtimestamp":1182885171},"track":{"name":"Painted On My Heart","mbid":"35088ba6-891a-417a-9e84-1516ec2e0696","artist":{"name":"The Cult","mbid":"8846e4ff-0c19-4af2-872b-7a8dc7497f68"}},"uncorrectedTrack":{"name":"Painted On My Heart","mbid":"35088ba6-891a-417a-9e84-1516ec2e0696","artist":{"name":"The Cult","mbid":"8846e4ff-0c19-4af2-872b-7a8dc7497f68"}}},{"timestamp":{"iso":"2007-06-26T19:17:14","unixtimestamp":1182885434},"track":{"name":"Wow","mbid":"dc934bb2-69c2-4e63-a631-f549f2b3ce11","artist":{"name":"Snow Patrol","mbid":"a66999a7-ae5c-460e-ba94-1a01143ae847"}},"uncorrectedTrack":{"name":"Wow","mbid":"dc934bb2-69c2-4e63-a631-f549f2b3ce11","artist":{"name":"Snow Patrol","mbid":"a66999a7-ae5c-460e-ba94-1a01143ae847"}},"album":{"name":"Final Straw","mbid":"75798e41-980e-4463-ba43-b2d4f7e2a572","artist":{"name":"Snow Patrol","mbid":"a66999a7-ae5c-460e-ba94-1a01143ae847"}}},{"timestamp":{"iso":"2007-06-26T19:20:44","unixtimestamp":1182885644},"track":{"name":"Someday","mbid":"4488a1b0-5eca-4bd6-8eb1-5ea3ea91aabe","artist":{"name":"The Strokes","mbid":"f181961b-20f7-459e-89de-920ef03c7ed0"}},"uncorrectedTrack":{"name":"Someday","mbid":"4488a1b0-5eca-4bd6-8eb1-5ea3ea91aabe","artist":{"name":"The Strokes","mbid":"f181961b-20f7-459e-89de-920ef03c7ed0"}}},{"timestamp":{"iso":"2007-06-26T19:23:41","unixtimestamp":1182885821},"track":{"name":"Is This It","mbid":"35ab4a07-cb21-43cb-86f3-140df6cef165","artist":{"name":"The Strokes","mbid":"f181961b-20f7-459e-89de-920ef03c7ed0"}},"uncorrectedTrack":{"name":"Is This It","mbid":"35ab4a07-cb21-43cb-86f3-140df6cef165","artist":{"name":"The Strokes","mbid":"f181961b-20f7-459e-89de-920ef03c7ed0"}}},{"timestamp":{"iso":"2007-06-26T19:26:40","unixtimestamp":1182886000},"track":{"name":"The Modern Age","mbid":"37cfd866-1a70-4b84-8070-63611c9bfccc","artist":{"name":"The Strokes","mbid":"f181961b-20f7-459e-89de-920ef03c7ed0"}},"uncorrectedTrack":{"name":"The Modern Age","mbid":"37cfd866-1a70-4b84-8070-63611c9bfccc","artist":{"name":"The Strokes","mbid":"f181961b-20f7-459e-89de-920ef03c7ed0"}}},{"timestamp":{"iso":"2007-06-26T19:29:41","unixtimestamp":1182886181},"track":{"name":"Soma","mbid":"45f4d906-fb66-4528-8fd9-bf5c0f0e024e","artist":{"name":"The Strokes","mbid":"f181961b-20f7-459e-89de-920ef03c7ed0"}},"uncorrectedTrack":{"name":"Soma","mbid":"45f4d906-fb66-4528-8fd9-bf5c0f0e024e","artist":{"name":"The Strokes","mbid":"f181961b-20f7-459e-89de-920ef03c7ed0"}}},{"timestamp":{"iso":"2007-06-26T19:32:54","unixtimestamp":1182886374},"track":{"name":"Barely Legal","mbid":"598c0b2c-09d0-437b-a796-a5ff51567822","artist":{"name":"The Strokes","mbid":"f181961b-20f7-459e-89de-920ef03c7ed0"}},"uncorrectedTrack":{"name":"Barely Legal","mbid":"598c0b2c-09d0-437b-a796-a5ff51567822","artist":{"name":"The Strokes","mbid":"f181961b-20f7-459e-89de-920ef03c7ed0"}}},{"timestamp":{"iso":"2007-06-26T19:40:24","unixtimestamp":1182886824},"track":{"name":"Last Nite","mbid":"3a3042ee-0083-4164-be82-77271d4a405f","artist":{"name":"The Strokes","mbid":"f181961b-20f7-459e-89de-920ef03c7ed0"}},"uncorrectedTrack":{"name":"Last Nite","mbid":"3a3042ee-0083-4164-be82-77271d4a405f","artist":{"name":"The Strokes","mbid":"f181961b-20f7-459e-89de-920ef03c7ed0"}}},{"timestamp":{"iso":"2007-06-26T19:44:23","unixtimestamp":1182887063},"track":{"name":"When It Started","mbid":"21bfc993-c40f-487e-a5e2-377c61fd8699","artist":{"name":"The Strokes","mbid":"f181961b-20f7-459e-89de-920ef03c7ed0"}},"uncorrectedTrack":{"name":"When It Started","mbid":"21bfc993-c40f-487e-a5e2-377c61fd8699","artist":{"name":"The Strokes","mbid":"f181961b-20f7-459e-89de-920ef03c7ed0"}}},{"timestamp":{"iso":"2007-06-26T19:47:31","unixtimestamp":1182887251},"track":{"name":"Trying Your Luck","mbid":"7d1a6a7a-2d47-44df-837d-d8af2f0a70e1","artist":{"name":"The Strokes","mbid":"f181961b-20f7-459e-89de-920ef03c7ed0"}},"uncorrectedTrack":{"name":"Trying Your Luck","mbid":"7d1a6a7a-2d47-44df-837d-d8af2f0a70e1","artist":{"name":"The Strokes","mbid":"f181961b-20f7-459e-89de-920ef03c7ed0"}}},{"timestamp":{"iso":"2007-06-26T19:50:48","unixtimestamp":1182887448},"track":{"name":"Take It or Leave It","mbid":"8c358e02-2e58-4294-bdcd-e58aae755960","artist":{"name":"The Strokes","mbid":"f181961b-20f7-459e-89de-920ef03c7ed0"}},"uncorrectedTrack":{"name":"Take It or Leave It","mbid":"8c358e02-2e58-4294-bdcd-e58aae755960","artist":{"name":"The Strokes","mbid":"f181961b-20f7-459e-89de-920ef03c7ed0"}}},{"timestamp":{"iso":"2007-06-26T19:53:49","unixtimestamp":1182887629},"track":{"name":"What Ever Happened?","mbid":"f0597f71-44c4-4023-9e96-eff0066a96c1","artist":{"name":"The Strokes","mbid":"f181961b-20f7-459e-89de-920ef03c7ed0"}},"uncorrectedTrack":{"name":"What Ever Happened?","mbid":"f0597f71-44c4-4023-9e96-eff0066a96c1","artist":{"name":"The Strokes","mbid":"f181961b-20f7-459e-89de-920ef03c7ed0"}},"album":{"name":"Room on Fire","mbid":"0f3cb2a7-8f63-4fd5-a331-39844400b9e4","artist":{"name":"The Strokes","mbid":"f181961b-20f7-459e-89de-920ef03c7ed0"}}},{"timestamp":{"iso":"2007-06-26T19:57:02","unixtimestamp":1182887822},"track":{"name":"Reptilia","artist":{"name":"The Strokes","mbid":"f181961b-20f7-459e-89de-920ef03c7ed0"}},"uncorrectedTrack":{"name":"Reptilia","artist":{"name":"The Strokes","mbid":"f181961b-20f7-459e-89de-920ef03c7ed0"}},"album":{"name":"Room on Fire","mbid":"0f3cb2a7-8f63-4fd5-a331-39844400b9e4","artist":{"name":"The Strokes","mbid":"f181961b-20f7-459e-89de-920ef03c7ed0"}}},{"timestamp":{"iso":"2007-06-26T20:00:32","unixtimestamp":1182888032},"track":{"name":"Automatic Stop","mbid":"67f3edb0-df9b-4dd1-bf96-35293ffa7b57","artist":{"name":"The Strokes","mbid":"f181961b-20f7-459e-89de-920ef03c7ed0"}},"uncorrectedTrack":{"name":"Automatic Stop","mbid":"67f3edb0-df9b-4dd1-bf96-35293ffa7b57","artist":{"name":"The Strokes","mbid":"f181961b-20f7-459e-89de-920ef03c7ed0"}},"album":{"name":"Room on Fire","mbid":"0f3cb2a7-8f63-4fd5-a331-39844400b9e4","artist":{"name":"The Strokes","mbid":"f181961b-20f7-459e-89de-920ef03c7ed0"}}},{"timestamp":{"iso":"2007-06-26T20:03:27","unixtimestamp":1182888207},"track":{"name":"12:51","mbid":"00cad42d-390b-4aea-a370-3ed0cca1c508","artist":{"name":"The Strokes","mbid":"f181961b-20f7-459e-89de-920ef03c7ed0"}},"uncorrectedTrack":{"name":"12:51","mbid":"00cad42d-390b-4aea-a370-3ed0cca1c508","artist":{"name":"The Strokes","mbid":"f181961b-20f7-459e-89de-920ef03c7ed0"}},"album":{"name":"Room on Fire","mbid":"0f3cb2a7-8f63-4fd5-a331-39844400b9e4","artist":{"name":"The Strokes","mbid":"f181961b-20f7-459e-89de-920ef03c7ed0"}}},{"timestamp":{"iso":"2007-06-26T20:06:11","unixtimestamp":1182888371},"track":{"name":"You Talk Way Too Much","mbid":"e9d490f9-e5d2-403e-97e8-1e971582a214","artist":{"name":"The Strokes","mbid":"f181961b-20f7-459e-89de-920ef03c7ed0"}},"uncorrectedTrack":{"name":"You Talk Way Too Much","mbid":"e9d490f9-e5d2-403e-97e8-1e971582a214","artist":{"name":"The Strokes","mbid":"f181961b-20f7-459e-89de-920ef03c7ed0"}},"album":{"name":"Room on Fire","mbid":"0f3cb2a7-8f63-4fd5-a331-39844400b9e4","artist":{"name":"The Strokes","mbid":"f181961b-20f7-459e-89de-920ef03c7ed0"}}},{"timestamp":{"iso":"2007-06-26T20:10:07","unixtimestamp":1182888607},"track":{"name":"Meet Me In The Bathroom","mbid":"38187971-abb3-42c6-ab69-592791fd4c7d","artist":{"name":"The Strokes","mbid":"f181961b-20f7-459e-89de-920ef03c7ed0"}},"uncorrectedTrack":{"name":"Meet Me In The Bathroom","mbid":"38187971-abb3-42c6-ab69-592791fd4c7d","artist":{"name":"The Strokes","mbid":"f181961b-20f7-459e-89de-920ef03c7ed0"}},"album":{"name":"Room on Fire","mbid":"0f3cb2a7-8f63-4fd5-a331-39844400b9e4","artist":{"name":"The Strokes","mbid":"f181961b-20f7-459e-89de-920ef03c7ed0"}}},{"timestamp":{"iso":"2007-06-26T20:13:04","unixtimestamp":1182888784},"track":{"name":"Under Control","mbid":"055fa617-d212-4a46-a421-cedd557e4eb6","artist":{"name":"The Strokes","mbid":"f181961b-20f7-459e-89de-920ef03c7ed0"}},"uncorrectedTrack":{"name":"Under Control","mbid":"055fa617-d212-4a46-a421-cedd557e4eb6","artist":{"name":"The Strokes","mbid":"f181961b-20f7-459e-89de-920ef03c7ed0"}},"album":{"name":"Room on Fire","mbid":"0f3cb2a7-8f63-4fd5-a331-39844400b9e4","artist":{"name":"The Strokes","mbid":"f181961b-20f7-459e-89de-920ef03c7ed0"}}},{"timestamp":{"iso":"2007-06-26T20:15:44","unixtimestamp":1182888944},"track":{"name":"The Way It Is","mbid":"6d5271da-6e99-4a70-9e54-710657d01602","artist":{"name":"The Strokes","mbid":"f181961b-20f7-459e-89de-920ef03c7ed0"}},"uncorrectedTrack":{"name":"The Way It Is","mbid":"6d5271da-6e99-4a70-9e54-710657d01602","artist":{"name":"The Strokes","mbid":"f181961b-20f7-459e-89de-920ef03c7ed0"}},"album":{"name":"Room on Fire","mbid":"0f3cb2a7-8f63-4fd5-a331-39844400b9e4","artist":{"name":"The Strokes","mbid":"f181961b-20f7-459e-89de-920ef03c7ed0"}}},{"timestamp":{"iso":"2007-06-26T20:18:24","unixtimestamp":1182889104},"track":{"name":"The End Has No End","mbid":"1fcb9915-3617-4609-b569-c8ff3edf681a","artist":{"name":"The Strokes","mbid":"f181961b-20f7-459e-89de-920ef03c7ed0"}},"uncorrectedTrack":{"name":"The End Has No End","mbid":"1fcb9915-3617-4609-b569-c8ff3edf681a","artist":{"name":"The Strokes","mbid":"f181961b-20f7-459e-89de-920ef03c7ed0"}},"album":{"name":"Room on Fire","mbid":"0f3cb2a7-8f63-4fd5-a331-39844400b9e4","artist":{"name":"The Strokes","mbid":"f181961b-20f7-459e-89de-920ef03c7ed0"}}},{"timestamp":{"iso":"2007-06-26T20:21:10","unixtimestamp":1182889270},"track":{"name":"I Can\u0027t Win","mbid":"efb52aa1-8c66-4dcb-b61a-2ad1c8564984","artist":{"name":"The Strokes","mbid":"f181961b-20f7-459e-89de-920ef03c7ed0"}},"uncorrectedTrack":{"name":"I Can\u0027t Win","mbid":"efb52aa1-8c66-4dcb-b61a-2ad1c8564984","artist":{"name":"The Strokes","mbid":"f181961b-20f7-459e-89de-920ef03c7ed0"}},"album":{"name":"Room on Fire","mbid":"0f3cb2a7-8f63-4fd5-a331-39844400b9e4","artist":{"name":"The Strokes","mbid":"f181961b-20f7-459e-89de-920ef03c7ed0"}}},{"timestamp":{"iso":"2007-06-26T20:25:29","unixtimestamp":1182889529},"track":{"name":"Goodbye","mbid":"783cbdde-1cea-4e66-99fd-3f9bed1bd9af","artist":{"name":"Kevin Shields","mbid":"49b34ba3-46a2-40af-b6c0-6f1fab93af8b"}},"uncorrectedTrack":{"name":"Goodbye","mbid":"783cbdde-1cea-4e66-99fd-3f9bed1bd9af","artist":{"name":"Kevin Shields","mbid":"49b34ba3-46a2-40af-b6c0-6f1fab93af8b"}},"album":{"name":"Lost in Translation","mbid":"3a27798e-f3df-485d-b50d-5b2ddd3c908a","artist":{"name":"Various Artists","mbid":"023671ff-b1ad-4133-a4f3-aadaaadfd2e0"}}},{"timestamp":{"iso":"2007-06-26T20:28:41","unixtimestamp":1182889721},"track":{"name":"Tainted Love","mbid":"ffdd7345-d8cb-4d88-9801-6fbd0b877d69","artist":{"name":"Soft Cell","mbid":"7fb50287-029d-47cc-825a-235ca28024b2"}},"uncorrectedTrack":{"name":"Tainted Love","mbid":"ffdd7345-d8cb-4d88-9801-6fbd0b877d69","artist":{"name":"Soft Cell","mbid":"7fb50287-029d-47cc-825a-235ca28024b2"}}},{"timestamp":{"iso":"2007-06-26T20:34:19","unixtimestamp":1182890059},"track":{"name":"Autumn Shade","mbid":"36792243-19f1-4f7d-84c2-df0fdbdaddd6","artist":{"name":"The Vines","mbid":"4e045c96-538b-46ed-8ea8-7cae20b56574"}},"uncorrectedTrack":{"name":"Autumn Shade","mbid":"36792243-19f1-4f7d-84c2-df0fdbdaddd6","artist":{"name":"The Vines","mbid":"4e045c96-538b-46ed-8ea8-7cae20b56574"}},"album":{"name":"Highly Evolved","mbid":"e9ce3dd1-4d14-36f5-9a77-80eeea908ae8","artist":{"name":"The Vines","mbid":"4e045c96-538b-46ed-8ea8-7cae20b56574"}}},{"timestamp":{"iso":"2007-06-26T20:37:59","unixtimestamp":1182890279},"track":{"name":"Consequence","mbid":"87094d85-fe31-41b1-a5cb-908b37850203","artist":{"name":"The Notwist","mbid":"f180cec2-9421-4417-a841-c7372090d13d"}},"uncorrectedTrack":{"name":"Consequence","mbid":"87094d85-fe31-41b1-a5cb-908b37850203","artist":{"name":"The Notwist","mbid":"f180cec2-9421-4417-a841-c7372090d13d"}}},{"timestamp":{"iso":"2007-06-26T20:43:10","unixtimestamp":1182890590},"track":{"name":"Clubbed to Death","mbid":"d381eee1-12b1-4af1-9537-c8662612033e","artist":{"name":"Rob Dougan","mbid":"19f1a3c4-aae2-4818-9bbe-bdb30af32f6a"}},"uncorrectedTrack":{"name":"Clubbed to Death","mbid":"d381eee1-12b1-4af1-9537-c8662612033e","artist":{"name":"Rob Dougan","mbid":"19f1a3c4-aae2-4818-9bbe-bdb30af32f6a"}}},{"timestamp":{"iso":"2007-06-26T20:50:32","unixtimestamp":1182891032},"track":{"name":"We Will Become Silhouettes (Alternate Version)","artist":{"name":"The Postal Service","mbid":"299278d3-25dd-4f30-bae4-5b571c28034d"}},"uncorrectedTrack":{"name":"We Will Become Silhouettes (Alternate Version)","artist":{"name":"The Postal Service","mbid":"299278d3-25dd-4f30-bae4-5b571c28034d"}},"album":{"name":"Give Up","mbid":"5c05ea01-2f18-454b-9293-4e550439fe33","artist":{"name":"The Postal Service","mbid":"299278d3-25dd-4f30-bae4-5b571c28034d"}}},{"timestamp":{"iso":"2007-06-26T20:55:09","unixtimestamp":1182891309},"track":{"name":"Polaroid Girl","mbid":"1868dc9a-6111-4996-926f-0b58d25911a9","artist":{"name":"Massive Attack","mbid":"10adbe5e-a2c0-4bf3-8249-2b4cbf6e6ca8"}},"uncorrectedTrack":{"name":"Polaroid Girl","mbid":"1868dc9a-6111-4996-926f-0b58d25911a9","artist":{"name":"Massive Attack","mbid":"10adbe5e-a2c0-4bf3-8249-2b4cbf6e6ca8"}},"album":{"name":"Danny the Dog","mbid":"32a158aa-a70e-4f52-8320-3ec7d1752927","artist":{"name":"Massive Attack","mbid":"10adbe5e-a2c0-4bf3-8249-2b4cbf6e6ca8"}}},{"timestamp":{"iso":"2007-06-26T20:58:55","unixtimestamp":1182891535},"track":{"name":"Subterranean Homesick Alien","mbid":"3ce613fe-ded7-422b-abd8-d3531febb9f8","artist":{"name":"Radiohead","mbid":"a74b1b7f-71a5-4011-9441-d0b5e4122711"}},"uncorrectedTrack":{"name":"Subterranean Homesick Alien","mbid":"3ce613fe-ded7-422b-abd8-d3531febb9f8","artist":{"name":"Radiohead","mbid":"a74b1b7f-71a5-4011-9441-d0b5e4122711"}},"album":{"name":"OK Computer","mbid":"150a34e9-7495-4452-b5ae-094610c0d436","artist":{"name":"Radiohead","mbid":"a74b1b7f-71a5-4011-9441-d0b5e4122711"}}},{"timestamp":{"iso":"2007-06-26T21:03:16","unixtimestamp":1182891796},"track":{"name":"Creep","mbid":"637bf876-d766-491c-8790-7e303e83282b","artist":{"name":"Radiohead","mbid":"a74b1b7f-71a5-4011-9441-d0b5e4122711"}},"uncorrectedTrack":{"name":"Creep","mbid":"637bf876-d766-491c-8790-7e303e83282b","artist":{"name":"Radiohead","mbid":"a74b1b7f-71a5-4011-9441-d0b5e4122711"}},"album":{"name":"Pablo Honey","mbid":"b1a9b282-7f04-4d14-9aea-bcd2b33e3156","artist":{"name":"Radiohead","mbid":"a74b1b7f-71a5-4011-9441-d0b5e4122711"}}},{"timestamp":{"iso":"2007-06-26T21:05:44","unixtimestamp":1182891944},"track":{"name":"High and Dry","mbid":"fb5622cf-deaa-4ef6-aa0f-a845140cfadc","artist":{"name":"Radiohead","mbid":"a74b1b7f-71a5-4011-9441-d0b5e4122711"}},"uncorrectedTrack":{"name":"High and Dry","mbid":"fb5622cf-deaa-4ef6-aa0f-a845140cfadc","artist":{"name":"Radiohead","mbid":"a74b1b7f-71a5-4011-9441-d0b5e4122711"}},"album":{"name":"The Bends","mbid":"0b0ae271-728d-3899-af0a-0c9d5f2fcad8","artist":{"name":"Radiohead","mbid":"a74b1b7f-71a5-4011-9441-d0b5e4122711"}}},{"timestamp":{"iso":"2007-06-26T21:09:57","unixtimestamp":1182892197},"track":{"name":"My Iron Lung","mbid":"a7d6c226-08ab-4840-94c8-6c605afdbd1c","artist":{"name":"Radiohead","mbid":"a74b1b7f-71a5-4011-9441-d0b5e4122711"}},"uncorrectedTrack":{"name":"My Iron Lung","mbid":"a7d6c226-08ab-4840-94c8-6c605afdbd1c","artist":{"name":"Radiohead","mbid":"a74b1b7f-71a5-4011-9441-d0b5e4122711"}},"album":{"name":"The Bends","mbid":"0b0ae271-728d-3899-af0a-0c9d5f2fcad8","artist":{"name":"Radiohead","mbid":"a74b1b7f-71a5-4011-9441-d0b5e4122711"}}},{"timestamp":{"iso":"2007-06-26T21:14:13","unixtimestamp":1182892453},"track":{"name":"Bulletproof...I Wish I was","artist":{"name":"Radiohead","mbid":"a74b1b7f-71a5-4011-9441-d0b5e4122711"}},"uncorrectedTrack":{"name":"Bulletproof...I Wish I was","artist":{"name":"Radiohead","mbid":"a74b1b7f-71a5-4011-9441-d0b5e4122711"}},"album":{"name":"The Bends","mbid":"0b0ae271-728d-3899-af0a-0c9d5f2fcad8","artist":{"name":"Radiohead","mbid":"a74b1b7f-71a5-4011-9441-d0b5e4122711"}}}]