[{"timestamp":{"iso":"2011-06-01T05:15:27","unixtimestamp":1306905327},"track":{"name":"AM180","artist":{"name":"Grandaddy","mbid":"9d4c4835-c71a-4647-a4fc-263e26832cd0"}},"uncorrectedTrack":{"name":"AM180","artist":{"name":"Grandaddy","mbid":"9d4c4835-c71a-4647-a4fc-263e26832cd0"}},"album":{"name":"28 Days Later OST","artist":{"name":"Grandaddy","mbid":"9d4c4835-c71a-4647-a4fc-263e26832cd0"}}},{"timestamp":{"iso":"2011-06-01T05:18:48","unixtimestamp":1306905528},"track":{"name":"Let\u0027s Go Again","mbid":"2d5f77d0-2090-4a46-8c4b-1de6d4b84c67","artist":{"name":"Télépopmusik","mbid":"265f242e-cf4e-4fbe-a3fe-43112387172f"}},"uncorrectedTrack":{"name":"Let\u0027s Go Again","artist":{"name":"Telepopmusik"}},"album":{"name":"Genetic World","artist":{"name":"Telepopmusik"}}},{"timestamp":{"iso":"2011-06-01T05:22:22","unixtimestamp":1306905742},"track":{"name":"Take Me Away","mbid":"3cfc0328-904b-4f00-b72b-b7688c0707e6","artist":{"name":"Wade","mbid":"5bada733-53ff-4733-888c-fb563165277c"}},"uncorrectedTrack":{"name":"Take Me Away","mbid":"3cfc0328-904b-4f00-b72b-b7688c0707e6","artist":{"name":"Wade","mbid":"5bada733-53ff-4733-888c-fb563165277c"}},"album":{"name":"Midnight Soundz","mbid":"bf91ef45-4fdb-40b4-be2f-ee5db448ae7d","artist":{"name":"Wade","mbid":"5bada733-53ff-4733-888c-fb563165277c"}}},{"timestamp":{"iso":"2011-06-01T05:26:05","unixtimestamp":1306905965},"track":{"name":"Double Vision","artist":{"name":"Lusine"}},"uncorrectedTrack":{"name":"Double Vision","artist":{"name":"Lusine"}},"album":{"name":"A Certain Distance","mbid":"8ac4688a-415e-475f-8aa2-824613cdd44b","artist":{"name":"Lusine"}}},{"timestamp":{"iso":"2011-06-01T05:32:14","unixtimestamp":1306906334},"track":{"name":"Fear and Love","mbid":"65b11419-13dd-4217-9bde-cbd2b0750258","artist":{"name":"Morcheeba","mbid":"067102ea-9519-4622-9077-57ca4164cfbb"}},"uncorrectedTrack":{"name":"Fear and Love","mbid":"65b11419-13dd-4217-9bde-cbd2b0750258","artist":{"name":"Morcheeba","mbid":"067102ea-9519-4622-9077-57ca4164cfbb"}},"album":{"name":"Big Calm","mbid":"7c441e5d-2cc8-4dd9-b0fb-29f6769e7706","artist":{"name":"Morcheeba","mbid":"067102ea-9519-4622-9077-57ca4164cfbb"}}},{"timestamp":{"iso":"2011-06-01T05:37:15","unixtimestamp":1306906635},"track":{"name":"Breathe (radio edit)","mbid":"1fd44a56-29cb-4e42-944f-08e5e4d6c883","artist":{"name":"Télépopmusik","mbid":"265f242e-cf4e-4fbe-a3fe-43112387172f"}},"uncorrectedTrack":{"name":"Breathe [Radio Edit]","artist":{"name":"Télépopmusik","mbid":"265f242e-cf4e-4fbe-a3fe-43112387172f"}},"album":{"name":"Breathe","mbid":"d507e77a-8338-4fcd-bb93-300c9abd6d39","artist":{"name":"Télépopmusik","mbid":"265f242e-cf4e-4fbe-a3fe-43112387172f"}}},{"timestamp":{"iso":"2011-06-01T05:40:29","unixtimestamp":1306906829},"track":{"name":"The Sea","mbid":"2064f240-3f4e-4e8f-bf5d-6ceeee89fca1","artist":{"name":"Morcheeba","mbid":"067102ea-9519-4622-9077-57ca4164cfbb"}},"uncorrectedTrack":{"name":"The Sea","mbid":"2064f240-3f4e-4e8f-bf5d-6ceeee89fca1","artist":{"name":"Morcheeba","mbid":"067102ea-9519-4622-9077-57ca4164cfbb"}},"album":{"name":"Big Calm","mbid":"7c441e5d-2cc8-4dd9-b0fb-29f6769e7706","artist":{"name":"Morcheeba","mbid":"067102ea-9519-4622-9077-57ca4164cfbb"}}},{"timestamp":{"iso":"2011-06-01T05:46:14","unixtimestamp":1306907174},"track":{"name":"Love","mbid":"0fb656c3-0670-40f1-8e69-52c80e42e2ec","artist":{"name":"Air","mbid":"018dcc90-b1a2-400a-a96e-64b6a101f009"}},"uncorrectedTrack":{"name":"Love","mbid":"0fb656c3-0670-40f1-8e69-52c80e42e2ec","artist":{"name":"Air","mbid":"018dcc90-b1a2-400a-a96e-64b6a101f009"}},"album":{"name":"Love 2","mbid":"476fe9ed-0df9-33b3-9de4-bf55666f1df9","artist":{"name":"Air","mbid":"018dcc90-b1a2-400a-a96e-64b6a101f009"}}},{"timestamp":{"iso":"2011-06-01T05:48:44","unixtimestamp":1306907324},"track":{"name":"Shoulder Holster","mbid":"1bb5410f-e092-4525-9b7d-0c406037efce","artist":{"name":"Morcheeba","mbid":"067102ea-9519-4622-9077-57ca4164cfbb"}},"uncorrectedTrack":{"name":"Shoulder Holster","mbid":"1bb5410f-e092-4525-9b7d-0c406037efce","artist":{"name":"Morcheeba","mbid":"067102ea-9519-4622-9077-57ca4164cfbb"}},"album":{"name":"Big Calm","mbid":"7c441e5d-2cc8-4dd9-b0fb-29f6769e7706","artist":{"name":"Morcheeba","mbid":"067102ea-9519-4622-9077-57ca4164cfbb"}}},{"timestamp":{"iso":"2011-06-01T05:51:56","unixtimestamp":1306907516},"track":{"name":"Crowded Room","artist":{"name":"Lusine"}},"uncorrectedTrack":{"name":"Crowded Room","artist":{"name":"Lusine"}},"album":{"name":"A Certain Distance","mbid":"8ac4688a-415e-475f-8aa2-824613cdd44b","artist":{"name":"Lusine"}}},{"timestamp":{"iso":"2011-06-01T05:57:21","unixtimestamp":1306907841},"track":{"name":"Ghost Return","mbid":"1f19669b-de33-420a-a51f-2f0bfa0e591c","artist":{"name":"Moby","mbid":"00810267-f0ac-45a6-ae99-0b8c9c18f3c2"}},"uncorrectedTrack":{"name":"Ghost Return","mbid":"1f19669b-de33-420a-a51f-2f0bfa0e591c","artist":{"name":"Moby","mbid":"00810267-f0ac-45a6-ae99-0b8c9c18f3c2"}},"album":{"name":"Wait for Me","mbid":"8e378c3e-0af4-373f-94fc-84c03e8b4374","artist":{"name":"Moby","mbid":"00810267-f0ac-45a6-ae99-0b8c9c18f3c2"}}},{"timestamp":{"iso":"2011-06-01T06:00:00","unixtimestamp":1306908000},"track":{"name":"Ketto","mbid":"9fa9aba0-d8e2-4177-8ee7-728f365a7cd4","artist":{"name":"Bonobo","mbid":"6f7dea51-1d02-4be1-b138-92078518350c"}},"uncorrectedTrack":{"name":"Ketto","mbid":"9fa9aba0-d8e2-4177-8ee7-728f365a7cd4","artist":{"name":"Bonobo","mbid":"6f7dea51-1d02-4be1-b138-92078518350c"}},"album":{"name":"Days to Come","mbid":"6e99b4b6-42ca-4187-8249-68edaed60fe5","artist":{"name":"Bonobo","mbid":"6f7dea51-1d02-4be1-b138-92078518350c"}}},{"timestamp":{"iso":"2011-06-01T06:03:46","unixtimestamp":1306908226},"track":{"name":"Breathe","mbid":"9f3d6056-7852-4427-9bf2-cdec8b773ced","artist":{"name":"Télépopmusik","mbid":"265f242e-cf4e-4fbe-a3fe-43112387172f"}},"uncorrectedTrack":{"name":"Breathe","artist":{"name":"Telepopmusik"}},"album":{"name":"Genetic World","artist":{"name":"Telepopmusik"}}},{"timestamp":{"iso":"2011-06-01T06:08:28","unixtimestamp":1306908508},"track":{"name":"Evolution Revolution Love","mbid":"0f1202c5-0fe4-4da0-ad33-ae39adb32e2d","artist":{"name":"Tricky","mbid":"5bf64d94-efd9-4334-96fd-e6197b0b02b8"}},"uncorrectedTrack":{"name":"Evolution Revolution Love","mbid":"0f1202c5-0fe4-4da0-ad33-ae39adb32e2d","artist":{"name":"Tricky","mbid":"5bf64d94-efd9-4334-96fd-e6197b0b02b8"}},"album":{"name":"Blowback","mbid":"6485601e-be67-386f-b758-5b4346617bfc","artist":{"name":"Tricky","mbid":"5bf64d94-efd9-4334-96fd-e6197b0b02b8"}}},{"timestamp":{"iso":"2011-06-01T06:12:38","unixtimestamp":1306908758},"track":{"name":"Operation Costs","mbid":"7454b8a0-7b92-47b8-991c-7a99cee70bb5","artist":{"name":"Lusine"}},"uncorrectedTrack":{"name":"Operation Costs","mbid":"7454b8a0-7b92-47b8-991c-7a99cee70bb5","artist":{"name":"Lusine"}},"album":{"name":"A Certain Distance","mbid":"8ac4688a-415e-475f-8aa2-824613cdd44b","artist":{"name":"Lusine"}}},{"timestamp":{"iso":"2011-06-01T06:17:22","unixtimestamp":1306909042},"track":{"name":"Betray","mbid":"3bff9e39-3c51-4fba-b9f1-060272076827","artist":{"name":"Son Lux","mbid":"afcd292c-3c1e-4708-af4a-991aadf957e4"}},"uncorrectedTrack":{"name":"Betray","mbid":"3bff9e39-3c51-4fba-b9f1-060272076827","artist":{"name":"Son Lux","mbid":"afcd292c-3c1e-4708-af4a-991aadf957e4"}},"album":{"name":"At War with Walls and Mazes - 2008 - Flac","artist":{"name":"Son Lux","mbid":"afcd292c-3c1e-4708-af4a-991aadf957e4"}}},{"timestamp":{"iso":"2011-06-01T06:22:27","unixtimestamp":1306909347},"track":{"name":"Slow Light","mbid":"55e45e65-09fc-4e31-8d72-db6e2674c6d2","artist":{"name":"Moby","mbid":"00810267-f0ac-45a6-ae99-0b8c9c18f3c2"}},"uncorrectedTrack":{"name":"Slow Light","mbid":"55e45e65-09fc-4e31-8d72-db6e2674c6d2","artist":{"name":"Moby","mbid":"00810267-f0ac-45a6-ae99-0b8c9c18f3c2"}},"album":{"name":"Wait for Me","mbid":"8e378c3e-0af4-373f-94fc-84c03e8b4374","artist":{"name":"Moby","mbid":"00810267-f0ac-45a6-ae99-0b8c9c18f3c2"}}},{"timestamp":{"iso":"2011-06-01T06:26:28","unixtimestamp":1306909588},"track":{"name":"Pale Horses (Apparat remix)","mbid":"72868471-26a0-4e81-adcd-26b5d3baf0be","artist":{"name":"Moby","mbid":"00810267-f0ac-45a6-ae99-0b8c9c18f3c2"}},"uncorrectedTrack":{"name":"Pale Horses [Apparat Dub]","artist":{"name":"Moby","mbid":"00810267-f0ac-45a6-ae99-0b8c9c18f3c2"}},"album":{"name":"Pale Horses","mbid":"7103d5cc-8c91-48a5-9c49-249c9d042c1b","artist":{"name":"Moby","mbid":"00810267-f0ac-45a6-ae99-0b8c9c18f3c2"}}},{"timestamp":{"iso":"2011-06-01T06:29:57","unixtimestamp":1306909797},"track":{"name":"African Velvet","mbid":"09d1e667-b1d1-46ec-9b72-ba6332391b15","artist":{"name":"Air","mbid":"018dcc90-b1a2-400a-a96e-64b6a101f009"}},"uncorrectedTrack":{"name":"African Velvet","mbid":"09d1e667-b1d1-46ec-9b72-ba6332391b15","artist":{"name":"Air","mbid":"018dcc90-b1a2-400a-a96e-64b6a101f009"}},"album":{"name":"Love 2","mbid":"476fe9ed-0df9-33b3-9de4-bf55666f1df9","artist":{"name":"Air","mbid":"018dcc90-b1a2-400a-a96e-64b6a101f009"}}},{"timestamp":{"iso":"2011-06-01T06:33:49","unixtimestamp":1306910029},"track":{"name":"Breathe (extended mix)","mbid":"7b1c3cd4-2031-4280-b422-0eadaf7e280c","artist":{"name":"Télépopmusik","mbid":"265f242e-cf4e-4fbe-a3fe-43112387172f"}},"uncorrectedTrack":{"name":"Breathe (extended mix)","mbid":"7b1c3cd4-2031-4280-b422-0eadaf7e280c","artist":{"name":"Télépopmusik","mbid":"265f242e-cf4e-4fbe-a3fe-43112387172f"}},"album":{"name":"Breathe","mbid":"d507e77a-8338-4fcd-bb93-300c9abd6d39","artist":{"name":"Télépopmusik","mbid":"265f242e-cf4e-4fbe-a3fe-43112387172f"}}},{"timestamp":{"iso":"2011-06-14T19:12:32","unixtimestamp":1308078752},"track":{"name":"Happiness Factory [Coca-Cola Theme]","artist":{"name":"Benny Benassi","mbid":"674bf89f-8e70-4472-929d-6b4ed6f98c88"}},"uncorrectedTrack":{"name":"Happiness Factory [Coca-Cola Theme]","artist":{"name":"Benny Benassi","mbid":"674bf89f-8e70-4472-929d-6b4ed6f98c88"}},"album":{"name":"Benny Benassi - The Remix Sessions","mbid":"3a25f2e9-4d89-4849-b5fb-7214ae0df44d","artist":{"name":"Benny Benassi","mbid":"674bf89f-8e70-4472-929d-6b4ed6f98c88"}}},{"timestamp":{"iso":"2011-06-14T19:17:42","unixtimestamp":1308079062},"track":{"name":"Bad Sun [Moon Version]","artist":{"name":"The Bravery","mbid":"7e30debb-3308-49ab-a5ac-6d49319a5705"}},"uncorrectedTrack":{"name":"Bad Sun [Moon Version]","artist":{"name":"The Bravery","mbid":"7e30debb-3308-49ab-a5ac-6d49319a5705"}},"album":{"name":"The Moon","artist":{"name":"The Bravery","mbid":"7e30debb-3308-49ab-a5ac-6d49319a5705"}}},{"timestamp":{"iso":"2011-06-14T19:22:08","unixtimestamp":1308079328},"track":{"name":"Split Me Wide Open [Moon Version]","artist":{"name":"The Bravery","mbid":"7e30debb-3308-49ab-a5ac-6d49319a5705"}},"uncorrectedTrack":{"name":"Split Me Wide Open [Moon Version]","artist":{"name":"The Bravery","mbid":"7e30debb-3308-49ab-a5ac-6d49319a5705"}},"album":{"name":"The Moon","artist":{"name":"The Bravery","mbid":"7e30debb-3308-49ab-a5ac-6d49319a5705"}}},{"timestamp":{"iso":"2011-06-17T17:56:21","unixtimestamp":1308333381},"track":{"name":"Won\u0027t Get Fooled Again","artist":{"name":"The Who","mbid":"9fdaa16b-a6c4-4831-b87c-bc9ca8ce7eaa"}},"uncorrectedTrack":{"name":"Won\u0027t Get Fooled Again","artist":{"name":"The Who","mbid":"9fdaa16b-a6c4-4831-b87c-bc9ca8ce7eaa"}},"album":{"name":"Who\u0027s Next","mbid":"7f3e66af-9c0c-46a2-b650-f8a6617aa821","artist":{"name":"The Who","mbid":"9fdaa16b-a6c4-4831-b87c-bc9ca8ce7eaa"}}},{"timestamp":{"iso":"2011-06-18T00:22:50","unixtimestamp":1308356570},"track":{"name":"Bed Space","mbid":"8170a61b-4c1d-40b7-9ee9-be5f2e63fcaa","artist":{"name":"Darwin Deez","mbid":"9946d737-38d1-4625-94ea-0cf1f8cce8be"}},"uncorrectedTrack":{"name":"Bed Space","mbid":"8170a61b-4c1d-40b7-9ee9-be5f2e63fcaa","artist":{"name":"Darwin Deez","mbid":"9946d737-38d1-4625-94ea-0cf1f8cce8be"}},"album":{"name":"Darwin Deez","mbid":"42542170-fa86-4097-b473-f09a11162cde","artist":{"name":"Darwin Deez","mbid":"9946d737-38d1-4625-94ea-0cf1f8cce8be"}}},{"timestamp":{"iso":"2011-06-18T00:27:00","unixtimestamp":1308356820},"track":{"name":"Deep Sea Divers","mbid":"21df4625-c592-4548-8ee6-47056dbbedcf","artist":{"name":"Darwin Deez","mbid":"9946d737-38d1-4625-94ea-0cf1f8cce8be"}},"uncorrectedTrack":{"name":"Deep Sea Divers","mbid":"21df4625-c592-4548-8ee6-47056dbbedcf","artist":{"name":"Darwin Deez","mbid":"9946d737-38d1-4625-94ea-0cf1f8cce8be"}},"album":{"name":"Darwin Deez","mbid":"42542170-fa86-4097-b473-f09a11162cde","artist":{"name":"Darwin Deez","mbid":"9946d737-38d1-4625-94ea-0cf1f8cce8be"}}},{"timestamp":{"iso":"2011-06-18T00:30:45","unixtimestamp":1308357045},"track":{"name":"Islands","mbid":"30c0a907-bcce-4a16-8451-0aaa6f7d983c","artist":{"name":"The xx","mbid":"c5c2ea1c-4bde-4f4d-bd0b-47b200bf99d6"}},"uncorrectedTrack":{"name":"Islands","mbid":"30c0a907-bcce-4a16-8451-0aaa6f7d983c","artist":{"name":"The xx","mbid":"c5c2ea1c-4bde-4f4d-bd0b-47b200bf99d6"}},"album":{"name":"xx","mbid":"0a316273-a395-38c1-9464-940b5cb529dd","artist":{"name":"The xx","mbid":"c5c2ea1c-4bde-4f4d-bd0b-47b200bf99d6"}}},{"timestamp":{"iso":"2011-06-18T00:33:27","unixtimestamp":1308357207},"track":{"name":"Gravity Rides Everything","mbid":"1f6aa7f9-ff27-4974-bb70-baaf211a4f99","artist":{"name":"Modest Mouse","mbid":"a96ac800-bfcb-412a-8a63-0a98df600700"}},"uncorrectedTrack":{"name":"Gravity Rides Everything","mbid":"1f6aa7f9-ff27-4974-bb70-baaf211a4f99","artist":{"name":"Modest Mouse","mbid":"a96ac800-bfcb-412a-8a63-0a98df600700"}},"album":{"name":"Moon \u0026 Antarctica","artist":{"name":"Modest Mouse","mbid":"a96ac800-bfcb-412a-8a63-0a98df600700"}}},{"timestamp":{"iso":"2011-06-18T00:38:12","unixtimestamp":1308357492},"track":{"name":"YouandI","artist":{"name":"Wonderful Noise"}},"uncorrectedTrack":{"name":"YouandI","artist":{"name":"Wonderful Noise"}}},{"timestamp":{"iso":"2011-06-18T00:40:52","unixtimestamp":1308357652},"track":{"name":"YouandI","artist":{"name":"Wonderful Noise"}},"uncorrectedTrack":{"name":"YouandI","artist":{"name":"Wonderful Noise"}}},{"timestamp":{"iso":"2011-06-18T00:43:26","unixtimestamp":1308357806},"track":{"name":"Around Us","mbid":"5274a9b3-acaf-41fa-a934-978c427debf4","artist":{"name":"Jónsi","mbid":"0ecc2c46-d335-485c-a077-240482609672"}},"uncorrectedTrack":{"name":"Around Us","mbid":"5274a9b3-acaf-41fa-a934-978c427debf4","artist":{"name":"Jónsi","mbid":"0ecc2c46-d335-485c-a077-240482609672"}},"album":{"name":"Go - Advance","artist":{"name":"Jónsi","mbid":"0ecc2c46-d335-485c-a077-240482609672"}}},{"timestamp":{"iso":"2011-06-18T00:46:56","unixtimestamp":1308358016},"track":{"name":"Love Lost","mbid":"37b25031-3af4-42d9-abe7-660aacc026ae","artist":{"name":"The Temper Trap","mbid":"bb6eaced-69dd-4636-829f-9f987acc4fc3"}},"uncorrectedTrack":{"name":"Love Lost","mbid":"37b25031-3af4-42d9-abe7-660aacc026ae","artist":{"name":"The Temper Trap","mbid":"bb6eaced-69dd-4636-829f-9f987acc4fc3"}},"album":{"name":"Conditions","mbid":"bff295ae-51d0-470f-b6a9-d511643e753e","artist":{"name":"The Temper Trap","mbid":"bb6eaced-69dd-4636-829f-9f987acc4fc3"}}},{"timestamp":{"iso":"2011-06-20T16:02:21","unixtimestamp":1308585741},"track":{"name":"The High Road","mbid":"e0adfd20-9ef5-4772-86d3-66977673cbff","artist":{"name":"Broken Bells","mbid":"62d364d2-550b-420e-b918-b3bd1e4a2efc"}},"uncorrectedTrack":{"name":"The High Road","mbid":"e0adfd20-9ef5-4772-86d3-66977673cbff","artist":{"name":"Broken Bells","mbid":"62d364d2-550b-420e-b918-b3bd1e4a2efc"}},"album":{"name":"Broken Bells","mbid":"e8f8ead8-7abb-42f2-8974-19c6b16cf4bf","artist":{"name":"Broken Bells","mbid":"62d364d2-550b-420e-b918-b3bd1e4a2efc"}}},{"timestamp":{"iso":"2011-06-20T16:06:15","unixtimestamp":1308585975},"track":{"name":"Look at Me (When I Rock Wichoo)","mbid":"a1fa11d6-d742-46d0-8cc8-383d6afe6c9e","artist":{"name":"Black Kids","mbid":"38f953ac-af97-40b1-b95c-ab35cc0d7a81"}},"uncorrectedTrack":{"name":"Look at Me (When I Rock Wichoo)","mbid":"a1fa11d6-d742-46d0-8cc8-383d6afe6c9e","artist":{"name":"Black Kids","mbid":"38f953ac-af97-40b1-b95c-ab35cc0d7a81"}},"album":{"name":"Partie Traumatic","mbid":"5c351ab4-f722-4491-a165-021dcea3e59b","artist":{"name":"Black Kids","mbid":"38f953ac-af97-40b1-b95c-ab35cc0d7a81"}}},{"timestamp":{"iso":"2011-06-20T16:10:26","unixtimestamp":1308586226},"track":{"name":"Islands","mbid":"30c0a907-bcce-4a16-8451-0aaa6f7d983c","artist":{"name":"The xx","mbid":"c5c2ea1c-4bde-4f4d-bd0b-47b200bf99d6"}},"uncorrectedTrack":{"name":"Islands","mbid":"30c0a907-bcce-4a16-8451-0aaa6f7d983c","artist":{"name":"The xx","mbid":"c5c2ea1c-4bde-4f4d-bd0b-47b200bf99d6"}},"album":{"name":"xx","mbid":"0a316273-a395-38c1-9464-940b5cb529dd","artist":{"name":"The xx","mbid":"c5c2ea1c-4bde-4f4d-bd0b-47b200bf99d6"}}},{"timestamp":{"iso":"2011-06-20T16:13:07","unixtimestamp":1308586387},"track":{"name":"Witch","mbid":"61ec24e4-bad8-4e53-8901-93541d1b6b12","artist":{"name":"Maps \u0026 Atlases","mbid":"6b44cb91-8fdb-4e87-a1e4-cd0726efdc2b"}},"uncorrectedTrack":{"name":"Witch","mbid":"61ec24e4-bad8-4e53-8901-93541d1b6b12","artist":{"name":"Maps \u0026 Atlases","mbid":"6b44cb91-8fdb-4e87-a1e4-cd0726efdc2b"}},"album":{"name":"You And Me And The Mountain EP","artist":{"name":"Maps \u0026 Atlases","mbid":"6b44cb91-8fdb-4e87-a1e4-cd0726efdc2b"}}},{"timestamp":{"iso":"2011-06-20T16:34:34","unixtimestamp":1308587674},"track":{"name":"Taste","mbid":"db82033d-9dec-4730-87c7-15a6d4bb9397","artist":{"name":"Animal Collective","mbid":"0c751690-c784-4a4f-b1e4-c1de27d47581"}},"uncorrectedTrack":{"name":"Taste","mbid":"db82033d-9dec-4730-87c7-15a6d4bb9397","artist":{"name":"Animal Collective","mbid":"0c751690-c784-4a4f-b1e4-c1de27d47581"}},"album":{"name":"Merriweather Post Pavilion","mbid":"5fb66781-17d5-34c6-9ff0-eeba19d4e240","artist":{"name":"Animal Collective","mbid":"0c751690-c784-4a4f-b1e4-c1de27d47581"}}},{"timestamp":{"iso":"2011-06-20T16:38:28","unixtimestamp":1308587908},"track":{"name":"Stay","mbid":"ad8f64d1-6cd7-4423-b6c9-fe2485b2b4aa","artist":{"name":"Son Lux","mbid":"afcd292c-3c1e-4708-af4a-991aadf957e4"}},"uncorrectedTrack":{"name":"Stay","mbid":"ad8f64d1-6cd7-4423-b6c9-fe2485b2b4aa","artist":{"name":"Son Lux","mbid":"afcd292c-3c1e-4708-af4a-991aadf957e4"}},"album":{"name":"At War with Walls and Mazes - 2008 - Flac","artist":{"name":"Son Lux","mbid":"afcd292c-3c1e-4708-af4a-991aadf957e4"}}},{"timestamp":{"iso":"2011-06-20T16:42:15","unixtimestamp":1308588135},"track":{"name":"Bright Pink Bookmark","mbid":"e0ff4a85-0fc1-4f7f-9101-00b3d7790e0b","artist":{"name":"Frightened Rabbit","mbid":"dc21d171-7204-4759-9fd0-77d031aeb40c"}},"uncorrectedTrack":{"name":"Bright Pink Bookmark","mbid":"e0ff4a85-0fc1-4f7f-9101-00b3d7790e0b","artist":{"name":"Frightened Rabbit","mbid":"dc21d171-7204-4759-9fd0-77d031aeb40c"}},"album":{"name":"The Midnight Organ Fight","mbid":"c3df7206-f769-49bb-9f57-2f6110c65621","artist":{"name":"Frightened Rabbit","mbid":"dc21d171-7204-4759-9fd0-77d031aeb40c"}}},{"timestamp":{"iso":"2011-06-20T16:43:28","unixtimestamp":1308588208},"track":{"name":"Life Like Weeds","mbid":"2a748e3d-4622-4a5d-8a2c-70702f90b3f8","artist":{"name":"Modest Mouse","mbid":"a96ac800-bfcb-412a-8a63-0a98df600700"}},"uncorrectedTrack":{"name":"Life Like Weeds","mbid":"2a748e3d-4622-4a5d-8a2c-70702f90b3f8","artist":{"name":"Modest Mouse","mbid":"a96ac800-bfcb-412a-8a63-0a98df600700"}},"album":{"name":"Moon \u0026 Antarctica","artist":{"name":"Modest Mouse","mbid":"a96ac800-bfcb-412a-8a63-0a98df600700"}}},{"timestamp":{"iso":"2011-06-20T16:49:59","unixtimestamp":1308588599},"track":{"name":"Artichokes","mbid":"3be5cc93-92f5-4aa8-94cd-0a1d70bc2d2a","artist":{"name":"Maps \u0026 Atlases","mbid":"6b44cb91-8fdb-4e87-a1e4-cd0726efdc2b"}},"uncorrectedTrack":{"name":"Artichokes","mbid":"3be5cc93-92f5-4aa8-94cd-0a1d70bc2d2a","artist":{"name":"Maps \u0026 Atlases","mbid":"6b44cb91-8fdb-4e87-a1e4-cd0726efdc2b"}},"album":{"name":"You And Me And The Mountain EP","artist":{"name":"Maps \u0026 Atlases","mbid":"6b44cb91-8fdb-4e87-a1e4-cd0726efdc2b"}}},{"timestamp":{"iso":"2011-06-20T16:52:54","unixtimestamp":1308588774},"track":{"name":"The Coma Song [Bonus Track]","artist":{"name":"Darwin Deez","mbid":"9946d737-38d1-4625-94ea-0cf1f8cce8be"}},"uncorrectedTrack":{"name":"The Coma Song [Bonus Track]","artist":{"name":"Darwin Deez","mbid":"9946d737-38d1-4625-94ea-0cf1f8cce8be"}},"album":{"name":"Darwin Deez","mbid":"42542170-fa86-4097-b473-f09a11162cde","artist":{"name":"Darwin Deez","mbid":"9946d737-38d1-4625-94ea-0cf1f8cce8be"}}},{"timestamp":{"iso":"2011-06-20T16:55:58","unixtimestamp":1308588958},"track":{"name":"3 Inch Horses, Two Faced Monsters","mbid":"7ba41545-8e21-492c-a764-488b4f6e6e58","artist":{"name":"Modest Mouse","mbid":"a96ac800-bfcb-412a-8a63-0a98df600700"}},"uncorrectedTrack":{"name":"3 Inch Horses, Two Faced Monsters","mbid":"7ba41545-8e21-492c-a764-488b4f6e6e58","artist":{"name":"Modest Mouse","mbid":"a96ac800-bfcb-412a-8a63-0a98df600700"}},"album":{"name":"Everywhere \u0026 His Nasty Parlour Tricks","artist":{"name":"Modest Mouse","mbid":"a96ac800-bfcb-412a-8a63-0a98df600700"}}},{"timestamp":{"iso":"2011-06-20T17:00:12","unixtimestamp":1308589212},"track":{"name":"Ted Zancha","mbid":"64a3eef4-9f32-45b7-9f70-f81b8c041dec","artist":{"name":"Maps \u0026 Atlases","mbid":"6b44cb91-8fdb-4e87-a1e4-cd0726efdc2b"}},"uncorrectedTrack":{"name":"Ted Zancha","mbid":"64a3eef4-9f32-45b7-9f70-f81b8c041dec","artist":{"name":"Maps \u0026 Atlases","mbid":"6b44cb91-8fdb-4e87-a1e4-cd0726efdc2b"}},"album":{"name":"You And Me And The Mountain EP","artist":{"name":"Maps \u0026 Atlases","mbid":"6b44cb91-8fdb-4e87-a1e4-cd0726efdc2b"}}},{"timestamp":{"iso":"2011-06-20T17:03:28","unixtimestamp":1308589408},"track":{"name":"Everlasting Light","mbid":"4d596504-e897-430f-a4eb-01bac3d5b8b7","artist":{"name":"The Black Keys","mbid":"d15721d8-56b4-453d-b506-fc915b14cba2"}},"uncorrectedTrack":{"name":"Everlasting Light","mbid":"4d596504-e897-430f-a4eb-01bac3d5b8b7","artist":{"name":"The Black Keys","mbid":"d15721d8-56b4-453d-b506-fc915b14cba2"}},"album":{"name":"Brothers","mbid":"710a1e4f-7207-4b06-82e1-96f926c9076f","artist":{"name":"The Black Keys","mbid":"d15721d8-56b4-453d-b506-fc915b14cba2"}}},{"timestamp":{"iso":"2011-06-20T17:06:51","unixtimestamp":1308589611},"track":{"name":"Willful Suspension of Disbelief","mbid":"9e71cf4a-4029-4d22-ab37-bba4a6d4485a","artist":{"name":"Modest Mouse","mbid":"a96ac800-bfcb-412a-8a63-0a98df600700"}},"uncorrectedTrack":{"name":"Willful Suspension of Disbelief","mbid":"9e71cf4a-4029-4d22-ab37-bba4a6d4485a","artist":{"name":"Modest Mouse","mbid":"a96ac800-bfcb-412a-8a63-0a98df600700"}},"album":{"name":"Everywhere \u0026 His Nasty Parlour Tricks","artist":{"name":"Modest Mouse","mbid":"a96ac800-bfcb-412a-8a63-0a98df600700"}}},{"timestamp":{"iso":"2011-06-20T17:15:50","unixtimestamp":1308590150},"track":{"name":"Bed Space","mbid":"8170a61b-4c1d-40b7-9ee9-be5f2e63fcaa","artist":{"name":"Darwin Deez","mbid":"9946d737-38d1-4625-94ea-0cf1f8cce8be"}},"uncorrectedTrack":{"name":"Bed Space","mbid":"8170a61b-4c1d-40b7-9ee9-be5f2e63fcaa","artist":{"name":"Darwin Deez","mbid":"9946d737-38d1-4625-94ea-0cf1f8cce8be"}},"album":{"name":"Darwin Deez","mbid":"42542170-fa86-4097-b473-f09a11162cde","artist":{"name":"Darwin Deez","mbid":"9946d737-38d1-4625-94ea-0cf1f8cce8be"}}},{"timestamp":{"iso":"2011-06-20T17:19:22","unixtimestamp":1308590362},"track":{"name":"Happy Up Here","mbid":"034afea4-0c01-4ae2-8023-c09ddb944680","artist":{"name":"Röyksopp","mbid":"1c70a3fc-fa3c-4be1-8b55-c3192db8a884"}},"uncorrectedTrack":{"name":"Happy Up Here","mbid":"034afea4-0c01-4ae2-8023-c09ddb944680","artist":{"name":"Röyksopp","mbid":"1c70a3fc-fa3c-4be1-8b55-c3192db8a884"}},"album":{"name":"Junior","mbid":"07dab349-b3e0-4139-b976-35b8c7c2c9ca","artist":{"name":"Röyksopp","mbid":"1c70a3fc-fa3c-4be1-8b55-c3192db8a884"}}},{"timestamp":{"iso":"2011-06-20T17:22:06","unixtimestamp":1308590526},"track":{"name":"Epilogue","mbid":"7b6d9d2f-5d24-41e4-8beb-72d31c005e5c","artist":{"name":"Son Lux","mbid":"afcd292c-3c1e-4708-af4a-991aadf957e4"}},"uncorrectedTrack":{"name":"Epilogue","mbid":"7b6d9d2f-5d24-41e4-8beb-72d31c005e5c","artist":{"name":"Son Lux","mbid":"afcd292c-3c1e-4708-af4a-991aadf957e4"}},"album":{"name":"At War with Walls and Mazes - 2008 - Flac","artist":{"name":"Son Lux","mbid":"afcd292c-3c1e-4708-af4a-991aadf957e4"}}},{"timestamp":{"iso":"2011-06-20T17:25:10","unixtimestamp":1308590710},"track":{"name":"Tornado","mbid":"eacbda70-7ea6-40e9-85c6-96a5c8bf5df1","artist":{"name":"Jónsi","mbid":"0ecc2c46-d335-485c-a077-240482609672"}},"uncorrectedTrack":{"name":"Tornado","mbid":"eacbda70-7ea6-40e9-85c6-96a5c8bf5df1","artist":{"name":"Jónsi","mbid":"0ecc2c46-d335-485c-a077-240482609672"}},"album":{"name":"Go - Advance","artist":{"name":"Jónsi","mbid":"0ecc2c46-d335-485c-a077-240482609672"}}},{"timestamp":{"iso":"2011-06-20T17:29:25","unixtimestamp":1308590965},"track":{"name":"Float On","mbid":"03269b53-3d9e-46d9-90d5-94a5180db186","artist":{"name":"Modest Mouse","mbid":"a96ac800-bfcb-412a-8a63-0a98df600700"}},"uncorrectedTrack":{"name":"Float On","mbid":"03269b53-3d9e-46d9-90d5-94a5180db186","artist":{"name":"Modest Mouse","mbid":"a96ac800-bfcb-412a-8a63-0a98df600700"}},"album":{"name":"Good News For People Who Love Bad News","mbid":"10a503f6-265a-4850-93bd-78b18fc6e6b8","artist":{"name":"Modest Mouse","mbid":"a96ac800-bfcb-412a-8a63-0a98df600700"}}},{"timestamp":{"iso":"2011-06-20T17:32:54","unixtimestamp":1308591174},"track":{"name":"I\u0027m Not","mbid":"171040bd-bc70-49cf-8380-7e63c5a02b8c","artist":{"name":"Panda Bear","mbid":"fd3c3f9f-a471-498e-ab3a-940ac20b6bbd"}},"uncorrectedTrack":{"name":"I\u0027m Not","mbid":"171040bd-bc70-49cf-8380-7e63c5a02b8c","artist":{"name":"Panda Bear","mbid":"fd3c3f9f-a471-498e-ab3a-940ac20b6bbd"}},"album":{"name":"Person Pitch","mbid":"73087b9f-222c-4aca-bf51-778c9558e976","artist":{"name":"Panda Bear","mbid":"fd3c3f9f-a471-498e-ab3a-940ac20b6bbd"}}},{"timestamp":{"iso":"2011-06-20T17:36:53","unixtimestamp":1308591413},"track":{"name":"Down River","mbid":"ab6a12cc-c5c4-489a-aca1-190c15283ab5","artist":{"name":"The Temper Trap","mbid":"bb6eaced-69dd-4636-829f-9f987acc4fc3"}},"uncorrectedTrack":{"name":"Down River","mbid":"ab6a12cc-c5c4-489a-aca1-190c15283ab5","artist":{"name":"The Temper Trap","mbid":"bb6eaced-69dd-4636-829f-9f987acc4fc3"}},"album":{"name":"Conditions","mbid":"bff295ae-51d0-470f-b6a9-d511643e753e","artist":{"name":"The Temper Trap","mbid":"bb6eaced-69dd-4636-829f-9f987acc4fc3"}}},{"timestamp":{"iso":"2011-06-20T17:40:45","unixtimestamp":1308591645},"track":{"name":"Night Time","mbid":"782e46e7-6179-4cfa-b91e-1941037feeb0","artist":{"name":"The xx","mbid":"c5c2ea1c-4bde-4f4d-bd0b-47b200bf99d6"}},"uncorrectedTrack":{"name":"Night Time","mbid":"782e46e7-6179-4cfa-b91e-1941037feeb0","artist":{"name":"The xx","mbid":"c5c2ea1c-4bde-4f4d-bd0b-47b200bf99d6"}},"album":{"name":"xx","mbid":"0a316273-a395-38c1-9464-940b5cb529dd","artist":{"name":"The xx","mbid":"c5c2ea1c-4bde-4f4d-bd0b-47b200bf99d6"}}},{"timestamp":{"iso":"2011-06-22T16:39:10","unixtimestamp":1308760750},"track":{"name":"Old Old Fashioned","mbid":"01ca008a-cd78-4474-bb78-febc7e3a20f9","artist":{"name":"Frightened Rabbit","mbid":"dc21d171-7204-4759-9fd0-77d031aeb40c"}},"uncorrectedTrack":{"name":"Old Old Fashioned","mbid":"01ca008a-cd78-4474-bb78-febc7e3a20f9","artist":{"name":"Frightened Rabbit","mbid":"dc21d171-7204-4759-9fd0-77d031aeb40c"}},"album":{"name":"The Midnight Organ Fight","mbid":"c3df7206-f769-49bb-9f57-2f6110c65621","artist":{"name":"Frightened Rabbit","mbid":"dc21d171-7204-4759-9fd0-77d031aeb40c"}}},{"timestamp":{"iso":"2011-06-22T16:42:55","unixtimestamp":1308760975},"track":{"name":"She\u0027s Long Gone","mbid":"378a0908-45c2-4f9a-b149-456578e58678","artist":{"name":"The Black Keys","mbid":"d15721d8-56b4-453d-b506-fc915b14cba2"}},"uncorrectedTrack":{"name":"She\u0027s Long Gone","mbid":"378a0908-45c2-4f9a-b149-456578e58678","artist":{"name":"The Black Keys","mbid":"d15721d8-56b4-453d-b506-fc915b14cba2"}},"album":{"name":"Brothers","mbid":"710a1e4f-7207-4b06-82e1-96f926c9076f","artist":{"name":"The Black Keys","mbid":"d15721d8-56b4-453d-b506-fc915b14cba2"}}},{"timestamp":{"iso":"2011-06-22T16:46:40","unixtimestamp":1308761200},"track":{"name":"Doin\u0027 the Cockroach","mbid":"0aa30513-218e-47e8-a242-4dc9eb943c91","artist":{"name":"Modest Mouse","mbid":"a96ac800-bfcb-412a-8a63-0a98df600700"}},"uncorrectedTrack":{"name":"Doin\u0027 the Cockroach","mbid":"0aa30513-218e-47e8-a242-4dc9eb943c91","artist":{"name":"Modest Mouse","mbid":"a96ac800-bfcb-412a-8a63-0a98df600700"}},"album":{"name":"The Lonesome Crowded West","mbid":"2a6d8f7c-8cca-4fb1-9f8c-0de137837f0f","artist":{"name":"Modest Mouse","mbid":"a96ac800-bfcb-412a-8a63-0a98df600700"}}},{"timestamp":{"iso":"2011-06-22T16:50:59","unixtimestamp":1308761459},"track":{"name":"Your Head Is On Fire","mbid":"0d3e516c-bc7a-4b7c-b98f-9ea9e068d2b2","artist":{"name":"Broken Bells","mbid":"62d364d2-550b-420e-b918-b3bd1e4a2efc"}},"uncorrectedTrack":{"name":"Your Head Is On Fire","mbid":"0d3e516c-bc7a-4b7c-b98f-9ea9e068d2b2","artist":{"name":"Broken Bells","mbid":"62d364d2-550b-420e-b918-b3bd1e4a2efc"}},"album":{"name":"Broken Bells","mbid":"e8f8ead8-7abb-42f2-8974-19c6b16cf4bf","artist":{"name":"Broken Bells","mbid":"62d364d2-550b-420e-b918-b3bd1e4a2efc"}}},{"timestamp":{"iso":"2011-06-22T16:54:03","unixtimestamp":1308761643},"track":{"name":"All The Years","mbid":"7e8b6c07-9d5c-4ca9-8f40-2cbf349f0f2b","artist":{"name":"Beach House","mbid":"d5cc67b8-1cc4-453b-96e8-44487acdebea"}},"uncorrectedTrack":{"name":"All The Years","mbid":"7e8b6c07-9d5c-4ca9-8f40-2cbf349f0f2b","artist":{"name":"Beach House","mbid":"d5cc67b8-1cc4-453b-96e8-44487acdebea"}},"album":{"name":"Devotion","mbid":"1b22d999-b30b-356d-9370-c1e07d0223c5","artist":{"name":"Beach House","mbid":"d5cc67b8-1cc4-453b-96e8-44487acdebea"}}},{"timestamp":{"iso":"2011-06-22T16:57:39","unixtimestamp":1308761859},"track":{"name":"The Ghost Inside","mbid":"d9804075-a4e6-4b68-a1a1-3abc04aacf8e","artist":{"name":"Broken Bells","mbid":"62d364d2-550b-420e-b918-b3bd1e4a2efc"}},"uncorrectedTrack":{"name":"The Ghost Inside","mbid":"d9804075-a4e6-4b68-a1a1-3abc04aacf8e","artist":{"name":"Broken Bells","mbid":"62d364d2-550b-420e-b918-b3bd1e4a2efc"}},"album":{"name":"Broken Bells","mbid":"e8f8ead8-7abb-42f2-8974-19c6b16cf4bf","artist":{"name":"Broken Bells","mbid":"62d364d2-550b-420e-b918-b3bd1e4a2efc"}}},{"timestamp":{"iso":"2011-06-22T17:00:58","unixtimestamp":1308762058},"track":{"name":"Crystalised","mbid":"c3562dfa-25a1-4058-bf25-655d67bd00e3","artist":{"name":"The xx","mbid":"c5c2ea1c-4bde-4f4d-bd0b-47b200bf99d6"}},"uncorrectedTrack":{"name":"Crystalised","mbid":"c3562dfa-25a1-4058-bf25-655d67bd00e3","artist":{"name":"The xx","mbid":"c5c2ea1c-4bde-4f4d-bd0b-47b200bf99d6"}},"album":{"name":"xx","mbid":"0a316273-a395-38c1-9464-940b5cb529dd","artist":{"name":"The xx","mbid":"c5c2ea1c-4bde-4f4d-bd0b-47b200bf99d6"}}},{"timestamp":{"iso":"2011-06-22T17:04:20","unixtimestamp":1308762260},"track":{"name":"Love Lost","mbid":"37b25031-3af4-42d9-abe7-660aacc026ae","artist":{"name":"The Temper Trap","mbid":"bb6eaced-69dd-4636-829f-9f987acc4fc3"}},"uncorrectedTrack":{"name":"Love Lost","mbid":"37b25031-3af4-42d9-abe7-660aacc026ae","artist":{"name":"The Temper Trap","mbid":"bb6eaced-69dd-4636-829f-9f987acc4fc3"}},"album":{"name":"Conditions","mbid":"bff295ae-51d0-470f-b6a9-d511643e753e","artist":{"name":"The Temper Trap","mbid":"bb6eaced-69dd-4636-829f-9f987acc4fc3"}}},{"timestamp":{"iso":"2011-06-22T17:07:56","unixtimestamp":1308762476},"track":{"name":"Fader","mbid":"03b796ba-c38e-446a-adcd-83a49fb34eb3","artist":{"name":"The Temper Trap","mbid":"bb6eaced-69dd-4636-829f-9f987acc4fc3"}},"uncorrectedTrack":{"name":"Fader","mbid":"03b796ba-c38e-446a-adcd-83a49fb34eb3","artist":{"name":"The Temper Trap","mbid":"bb6eaced-69dd-4636-829f-9f987acc4fc3"}},"album":{"name":"Conditions","mbid":"bff295ae-51d0-470f-b6a9-d511643e753e","artist":{"name":"The Temper Trap","mbid":"bb6eaced-69dd-4636-829f-9f987acc4fc3"}}},{"timestamp":{"iso":"2011-06-22T17:11:08","unixtimestamp":1308762668},"track":{"name":"Satin in a Coffin","mbid":"28e150bc-582b-4a49-9a53-dd763861bff2","artist":{"name":"Modest Mouse","mbid":"a96ac800-bfcb-412a-8a63-0a98df600700"}},"uncorrectedTrack":{"name":"Satin in a Coffin","mbid":"28e150bc-582b-4a49-9a53-dd763861bff2","artist":{"name":"Modest Mouse","mbid":"a96ac800-bfcb-412a-8a63-0a98df600700"}},"album":{"name":"Good News For People Who Love Bad News","mbid":"10a503f6-265a-4850-93bd-78b18fc6e6b8","artist":{"name":"Modest Mouse","mbid":"a96ac800-bfcb-412a-8a63-0a98df600700"}}},{"timestamp":{"iso":"2011-06-22T17:13:43","unixtimestamp":1308762823},"track":{"name":"Let Your Love Grow Tall","mbid":"b657b5cc-b75d-4d9f-bdb1-b4673ee7aad6","artist":{"name":"Passion Pit","mbid":"daeec599-bf5d-4428-994a-e76ba5f86e2f"}},"uncorrectedTrack":{"name":"Let Your Love Grow Tall","mbid":"b657b5cc-b75d-4d9f-bdb1-b4673ee7aad6","artist":{"name":"Passion Pit","mbid":"daeec599-bf5d-4428-994a-e76ba5f86e2f"}},"album":{"name":"Manners","mbid":"4ae747c7-64f6-4426-b385-a7870f71b133","artist":{"name":"Passion Pit","mbid":"daeec599-bf5d-4428-994a-e76ba5f86e2f"}}},{"timestamp":{"iso":"2011-06-22T17:17:15","unixtimestamp":1308763035},"track":{"name":"Float On","mbid":"03269b53-3d9e-46d9-90d5-94a5180db186","artist":{"name":"Modest Mouse","mbid":"a96ac800-bfcb-412a-8a63-0a98df600700"}},"uncorrectedTrack":{"name":"Float On","mbid":"03269b53-3d9e-46d9-90d5-94a5180db186","artist":{"name":"Modest Mouse","mbid":"a96ac800-bfcb-412a-8a63-0a98df600700"}},"album":{"name":"Good News For People Who Love Bad News","mbid":"10a503f6-265a-4850-93bd-78b18fc6e6b8","artist":{"name":"Modest Mouse","mbid":"a96ac800-bfcb-412a-8a63-0a98df600700"}}},{"timestamp":{"iso":"2011-06-22T17:20:44","unixtimestamp":1308763244},"track":{"name":"The City","mbid":"14affcc0-df9f-4b97-a54c-c065de742d64","artist":{"name":"Darwin Deez","mbid":"9946d737-38d1-4625-94ea-0cf1f8cce8be"}},"uncorrectedTrack":{"name":"The City","mbid":"14affcc0-df9f-4b97-a54c-c065de742d64","artist":{"name":"Darwin Deez","mbid":"9946d737-38d1-4625-94ea-0cf1f8cce8be"}},"album":{"name":"Darwin Deez","mbid":"42542170-fa86-4097-b473-f09a11162cde","artist":{"name":"Darwin Deez","mbid":"9946d737-38d1-4625-94ea-0cf1f8cce8be"}}},{"timestamp":{"iso":"2011-06-22T17:24:56","unixtimestamp":1308763496},"track":{"name":"Golden Bell","mbid":"dff2fcad-1c27-4b0a-a32e-d207bb2a5e01","artist":{"name":"Le Loup","mbid":"4d846168-a981-42f7-838f-fb80e4f5be7a"}},"uncorrectedTrack":{"name":"Golden Bell","mbid":"dff2fcad-1c27-4b0a-a32e-d207bb2a5e01","artist":{"name":"Le Loup","mbid":"4d846168-a981-42f7-838f-fb80e4f5be7a"}},"album":{"name":"Family","mbid":"1ecfddba-cbf5-42e6-b1ef-e8584b32a14e","artist":{"name":"Le Loup","mbid":"4d846168-a981-42f7-838f-fb80e4f5be7a"}}},{"timestamp":{"iso":"2011-06-22T17:43:39","unixtimestamp":1308764619},"track":{"name":"A Celebration","mbid":"0e60dc46-c006-4acd-b5c6-9e07ac1067a3","artist":{"name":"Le Loup","mbid":"4d846168-a981-42f7-838f-fb80e4f5be7a"}},"uncorrectedTrack":{"name":"A Celebration","mbid":"0e60dc46-c006-4acd-b5c6-9e07ac1067a3","artist":{"name":"Le Loup","mbid":"4d846168-a981-42f7-838f-fb80e4f5be7a"}},"album":{"name":"Family","mbid":"1ecfddba-cbf5-42e6-b1ef-e8584b32a14e","artist":{"name":"Le Loup","mbid":"4d846168-a981-42f7-838f-fb80e4f5be7a"}}},{"timestamp":{"iso":"2011-06-22T17:51:35","unixtimestamp":1308765095},"track":{"name":"mazohyst of decadence","mbid":"786a7755-5291-461b-83c1-658c27c9eef4","artist":{"name":"DIR EN GREY","mbid":"ab309b83-904f-4e2c-8d11-a0223bba51f9"}},"uncorrectedTrack":{"name":"mazohyst of decadence","mbid":"786a7755-5291-461b-83c1-658c27c9eef4","artist":{"name":"DIR EN GREY","mbid":"ab309b83-904f-4e2c-8d11-a0223bba51f9"}},"album":{"name":"GAUZE","mbid":"1d5cae88-9b83-483b-b1d7-25b1febbaf3b","artist":{"name":"DIR EN GREY","mbid":"ab309b83-904f-4e2c-8d11-a0223bba51f9"}}},{"timestamp":{"iso":"2011-06-22T17:55:47","unixtimestamp":1308765347},"track":{"name":"Family","mbid":"98e898fb-e549-4b8b-8123-2caf3ec2fd60","artist":{"name":"Le Loup","mbid":"4d846168-a981-42f7-838f-fb80e4f5be7a"}},"uncorrectedTrack":{"name":"Family","mbid":"98e898fb-e549-4b8b-8123-2caf3ec2fd60","artist":{"name":"Le Loup","mbid":"4d846168-a981-42f7-838f-fb80e4f5be7a"}},"album":{"name":"Family","mbid":"1ecfddba-cbf5-42e6-b1ef-e8584b32a14e","artist":{"name":"Le Loup","mbid":"4d846168-a981-42f7-838f-fb80e4f5be7a"}}},{"timestamp":{"iso":"2011-06-22T17:59:59","unixtimestamp":1308765599},"track":{"name":"YouandI","artist":{"name":"Wonderful Noise"}},"uncorrectedTrack":{"name":"YouandI","artist":{"name":"Wonderful Noise"}}},{"timestamp":{"iso":"2011-06-22T18:03:51","unixtimestamp":1308765831},"track":{"name":"Useful Chamber","mbid":"6898fa3a-3755-45c9-b294-438c1e8072ba","artist":{"name":"Dirty Projectors","mbid":"71a94ed8-03cc-459a-bd35-a081ca88a402"}},"uncorrectedTrack":{"name":"Useful Chamber","mbid":"6898fa3a-3755-45c9-b294-438c1e8072ba","artist":{"name":"Dirty Projectors","mbid":"71a94ed8-03cc-459a-bd35-a081ca88a402"}},"album":{"name":"Bitte Orca","mbid":"5a5b5fe2-0898-3026-afb7-378fb8373752","artist":{"name":"Dirty Projectors","mbid":"71a94ed8-03cc-459a-bd35-a081ca88a402"}}},{"timestamp":{"iso":"2011-06-22T18:10:20","unixtimestamp":1308766220},"track":{"name":"X-Ray","mbid":"95cbc9dd-abc9-4f6d-a0f2-3576f16d49f0","artist":{"name":"The Maccabees","mbid":"83b86967-6b1a-4ca8-9cf0-c7cfe047ef3f"}},"uncorrectedTrack":{"name":"X-Ray","artist":{"name":"Maccabees, The"}},"album":{"name":"Colour It In [Special Edition]","artist":{"name":"Maccabees, The"}}},{"timestamp":{"iso":"2011-06-22T18:13:36","unixtimestamp":1308766416},"track":{"name":"The Good Times Are Killing Me","mbid":"4a763c58-6062-4731-b7af-307abb9abec5","artist":{"name":"Modest Mouse","mbid":"a96ac800-bfcb-412a-8a63-0a98df600700"}},"uncorrectedTrack":{"name":"The Good Times Are Killing Me","mbid":"4a763c58-6062-4731-b7af-307abb9abec5","artist":{"name":"Modest Mouse","mbid":"a96ac800-bfcb-412a-8a63-0a98df600700"}},"album":{"name":"Good News For People Who Love Bad News","mbid":"10a503f6-265a-4850-93bd-78b18fc6e6b8","artist":{"name":"Modest Mouse","mbid":"a96ac800-bfcb-412a-8a63-0a98df600700"}}},{"timestamp":{"iso":"2011-06-22T21:46:37","unixtimestamp":1308779197},"track":{"name":"Tiny Cities Made of Ashes","mbid":"056a86ed-b38d-422f-a955-39569fee259e","artist":{"name":"Modest Mouse","mbid":"a96ac800-bfcb-412a-8a63-0a98df600700"}},"uncorrectedTrack":{"name":"Tiny Cities Made of Ashes","mbid":"056a86ed-b38d-422f-a955-39569fee259e","artist":{"name":"Modest Mouse","mbid":"a96ac800-bfcb-412a-8a63-0a98df600700"}},"album":{"name":"Moon \u0026 Antarctica","artist":{"name":"Modest Mouse","mbid":"a96ac800-bfcb-412a-8a63-0a98df600700"}}},{"timestamp":{"iso":"2011-06-22T21:50:20","unixtimestamp":1308779420},"track":{"name":"Science of Fear","mbid":"367fcf42-053a-4364-b748-5c726a6c5dc8","artist":{"name":"The Temper Trap","mbid":"bb6eaced-69dd-4636-829f-9f987acc4fc3"}},"uncorrectedTrack":{"name":"Science of Fear","mbid":"367fcf42-053a-4364-b748-5c726a6c5dc8","artist":{"name":"The Temper Trap","mbid":"bb6eaced-69dd-4636-829f-9f987acc4fc3"}},"album":{"name":"Conditions","mbid":"bff295ae-51d0-470f-b6a9-d511643e753e","artist":{"name":"The Temper Trap","mbid":"bb6eaced-69dd-4636-829f-9f987acc4fc3"}}},{"timestamp":{"iso":"2011-06-22T21:54:40","unixtimestamp":1308779680},"track":{"name":"I Gave You All","mbid":"ceae0305-318f-42df-b85d-eceadeff1290","artist":{"name":"Mumford \u0026 Sons","mbid":"c44e9c22-ef82-4a77-9bcd-af6c958446d6"}},"uncorrectedTrack":{"name":"I Gave You All","artist":{"name":"Mumford And Sons"}},"album":{"name":"Sigh No More","artist":{"name":"Mumford And Sons"}}},{"timestamp":{"iso":"2011-06-22T21:59:00","unixtimestamp":1308779940},"track":{"name":"DNA","mbid":"12dc5db7-c110-42b7-a7ea-558bfcd1833d","artist":{"name":"Darwin Deez","mbid":"9946d737-38d1-4625-94ea-0cf1f8cce8be"}},"uncorrectedTrack":{"name":"DNA","mbid":"12dc5db7-c110-42b7-a7ea-558bfcd1833d","artist":{"name":"Darwin Deez","mbid":"9946d737-38d1-4625-94ea-0cf1f8cce8be"}},"album":{"name":"Darwin Deez","mbid":"42542170-fa86-4097-b473-f09a11162cde","artist":{"name":"Darwin Deez","mbid":"9946d737-38d1-4625-94ea-0cf1f8cce8be"}}},{"timestamp":{"iso":"2011-06-22T22:02:43","unixtimestamp":1308780163},"track":{"name":"Go Do","mbid":"a5519bd0-c775-42a4-bc89-72f27943c1f0","artist":{"name":"Jónsi","mbid":"0ecc2c46-d335-485c-a077-240482609672"}},"uncorrectedTrack":{"name":"Go Do","mbid":"a5519bd0-c775-42a4-bc89-72f27943c1f0","artist":{"name":"Jónsi","mbid":"0ecc2c46-d335-485c-a077-240482609672"}},"album":{"name":"Go - Advance","artist":{"name":"Jónsi","mbid":"0ecc2c46-d335-485c-a077-240482609672"}}},{"timestamp":{"iso":"2011-06-22T22:07:30","unixtimestamp":1308780450},"track":{"name":"Ten Cent Pistol","mbid":"16504f00-c736-4781-bbdb-b1292e41f743","artist":{"name":"The Black Keys","mbid":"d15721d8-56b4-453d-b506-fc915b14cba2"}},"uncorrectedTrack":{"name":"Ten Cent Pistol","mbid":"16504f00-c736-4781-bbdb-b1292e41f743","artist":{"name":"The Black Keys","mbid":"d15721d8-56b4-453d-b506-fc915b14cba2"}},"album":{"name":"Brothers","mbid":"710a1e4f-7207-4b06-82e1-96f926c9076f","artist":{"name":"The Black Keys","mbid":"d15721d8-56b4-453d-b506-fc915b14cba2"}}},{"timestamp":{"iso":"2011-06-22T22:11:59","unixtimestamp":1308780719},"track":{"name":"The Cold Part","mbid":"730f14f9-8185-437c-987d-b7f3db0e8fbe","artist":{"name":"Modest Mouse","mbid":"a96ac800-bfcb-412a-8a63-0a98df600700"}},"uncorrectedTrack":{"name":"The Cold Part","mbid":"730f14f9-8185-437c-987d-b7f3db0e8fbe","artist":{"name":"Modest Mouse","mbid":"a96ac800-bfcb-412a-8a63-0a98df600700"}},"album":{"name":"Moon \u0026 Antarctica","artist":{"name":"Modest Mouse","mbid":"a96ac800-bfcb-412a-8a63-0a98df600700"}}},{"timestamp":{"iso":"2011-06-22T22:16:26","unixtimestamp":1308780986},"track":{"name":"Life Like Weeds","mbid":"2a748e3d-4622-4a5d-8a2c-70702f90b3f8","artist":{"name":"Modest Mouse","mbid":"a96ac800-bfcb-412a-8a63-0a98df600700"}},"uncorrectedTrack":{"name":"Life Like Weeds","mbid":"2a748e3d-4622-4a5d-8a2c-70702f90b3f8","artist":{"name":"Modest Mouse","mbid":"a96ac800-bfcb-412a-8a63-0a98df600700"}},"album":{"name":"Moon \u0026 Antarctica","artist":{"name":"Modest Mouse","mbid":"a96ac800-bfcb-412a-8a63-0a98df600700"}}},{"timestamp":{"iso":"2011-06-22T22:22:58","unixtimestamp":1308781378},"track":{"name":"Never Gonna Give You Up","mbid":"db9d07c4-af44-4eff-8e35-56afc300242c","artist":{"name":"The Black Keys","mbid":"d15721d8-56b4-453d-b506-fc915b14cba2"}},"uncorrectedTrack":{"name":"Never Give You Up","artist":{"name":"The Black Keys","mbid":"d15721d8-56b4-453d-b506-fc915b14cba2"}},"album":{"name":"Brothers","mbid":"710a1e4f-7207-4b06-82e1-96f926c9076f","artist":{"name":"The Black Keys","mbid":"d15721d8-56b4-453d-b506-fc915b14cba2"}}},{"timestamp":{"iso":"2011-06-22T22:25:29","unixtimestamp":1308781529},"track":{"name":"Break","mbid":"ff61b6d7-f40b-47e7-9474-a828db999da6","artist":{"name":"Son Lux","mbid":"afcd292c-3c1e-4708-af4a-991aadf957e4"}},"uncorrectedTrack":{"name":"Break","mbid":"ff61b6d7-f40b-47e7-9474-a828db999da6","artist":{"name":"Son Lux","mbid":"afcd292c-3c1e-4708-af4a-991aadf957e4"}},"album":{"name":"At War with Walls and Mazes - 2008 - Flac","artist":{"name":"Son Lux","mbid":"afcd292c-3c1e-4708-af4a-991aadf957e4"}}},{"timestamp":{"iso":"2011-06-22T22:27:43","unixtimestamp":1308781663},"track":{"name":"Folds in Your Hands","mbid":"dd4dc55a-efa0-48cb-afef-1ac04ab39fa3","artist":{"name":"Passion Pit","mbid":"daeec599-bf5d-4428-994a-e76ba5f86e2f"}},"uncorrectedTrack":{"name":"Folds in Your Hands","mbid":"dd4dc55a-efa0-48cb-afef-1ac04ab39fa3","artist":{"name":"Passion Pit","mbid":"daeec599-bf5d-4428-994a-e76ba5f86e2f"}},"album":{"name":"Manners","mbid":"4ae747c7-64f6-4426-b385-a7870f71b133","artist":{"name":"Passion Pit","mbid":"daeec599-bf5d-4428-994a-e76ba5f86e2f"}}},{"timestamp":{"iso":"2011-06-22T22:31:23","unixtimestamp":1308781883},"track":{"name":"Grow Till Tall","mbid":"5ad75770-7b60-4efb-b947-85bd64581ca0","artist":{"name":"Jónsi","mbid":"0ecc2c46-d335-485c-a077-240482609672"}},"uncorrectedTrack":{"name":"Grow Til Tall","artist":{"name":"Jónsi","mbid":"0ecc2c46-d335-485c-a077-240482609672"}},"album":{"name":"Go - Advance","artist":{"name":"Jónsi","mbid":"0ecc2c46-d335-485c-a077-240482609672"}}},{"timestamp":{"iso":"2011-06-22T22:36:53","unixtimestamp":1308782213},"track":{"name":"The Cave","mbid":"9deb9582-576e-4a81-8720-deb4427ae615","artist":{"name":"Mumford \u0026 Sons","mbid":"c44e9c22-ef82-4a77-9bcd-af6c958446d6"}},"uncorrectedTrack":{"name":"The Cave","artist":{"name":"Mumford And Sons"}},"album":{"name":"Sigh No More","artist":{"name":"Mumford And Sons"}}},{"timestamp":{"iso":"2011-06-22T22:40:32","unixtimestamp":1308782432},"track":{"name":"Walking on a Dream","mbid":"63b9ac69-0a07-4ae9-a311-d7b8f054bd19","artist":{"name":"Empire of the Sun","mbid":"ac7e838c-3d95-47c2-92a9-81767ad7c217"}},"uncorrectedTrack":{"name":"Walking on a Dream","mbid":"63b9ac69-0a07-4ae9-a311-d7b8f054bd19","artist":{"name":"Empire of the Sun","mbid":"ac7e838c-3d95-47c2-92a9-81767ad7c217"}},"album":{"name":"Walking on a Dream","mbid":"216c1d78-ebde-4844-a647-8a670ba46571","artist":{"name":"Empire of the Sun","mbid":"ac7e838c-3d95-47c2-92a9-81767ad7c217"}}},{"timestamp":{"iso":"2011-06-22T22:43:50","unixtimestamp":1308782630},"track":{"name":"Citizen","mbid":"21a5606e-41c2-4603-8b17-087767872797","artist":{"name":"Broken Bells","mbid":"62d364d2-550b-420e-b918-b3bd1e4a2efc"}},"uncorrectedTrack":{"name":"Citizen","mbid":"21a5606e-41c2-4603-8b17-087767872797","artist":{"name":"Broken Bells","mbid":"62d364d2-550b-420e-b918-b3bd1e4a2efc"}},"album":{"name":"Broken Bells","mbid":"e8f8ead8-7abb-42f2-8974-19c6b16cf4bf","artist":{"name":"Broken Bells","mbid":"62d364d2-550b-420e-b918-b3bd1e4a2efc"}}},{"timestamp":{"iso":"2011-06-22T22:48:20","unixtimestamp":1308782900},"track":{"name":"Custom Concern (BBC Radio)","artist":{"name":"Modest Mouse","mbid":"a96ac800-bfcb-412a-8a63-0a98df600700"}},"uncorrectedTrack":{"name":"Custom Concern (BBC Radio)","artist":{"name":"Modest Mouse","mbid":"a96ac800-bfcb-412a-8a63-0a98df600700"}},"album":{"name":"Moon \u0026 Antarctica","artist":{"name":"Modest Mouse","mbid":"a96ac800-bfcb-412a-8a63-0a98df600700"}}},{"timestamp":{"iso":"2011-06-22T22:50:28","unixtimestamp":1308783028},"track":{"name":"Soldier On","mbid":"3be9ea79-fcf1-4dee-a50d-37252eba8583","artist":{"name":"The Temper Trap","mbid":"bb6eaced-69dd-4636-829f-9f987acc4fc3"}},"uncorrectedTrack":{"name":"Soldier On","mbid":"3be9ea79-fcf1-4dee-a50d-37252eba8583","artist":{"name":"The Temper Trap","mbid":"bb6eaced-69dd-4636-829f-9f987acc4fc3"}},"album":{"name":"Conditions","mbid":"bff295ae-51d0-470f-b6a9-d511643e753e","artist":{"name":"The Temper Trap","mbid":"bb6eaced-69dd-4636-829f-9f987acc4fc3"}}},{"timestamp":{"iso":"2011-06-22T22:56:28","unixtimestamp":1308783388},"track":{"name":"Bury Me With It","mbid":"064af85f-6a2b-4f38-9cce-073ed6363087","artist":{"name":"Modest Mouse","mbid":"a96ac800-bfcb-412a-8a63-0a98df600700"}},"uncorrectedTrack":{"name":"Bury Me With It","mbid":"064af85f-6a2b-4f38-9cce-073ed6363087","artist":{"name":"Modest Mouse","mbid":"a96ac800-bfcb-412a-8a63-0a98df600700"}},"album":{"name":"Good News For People Who Love Bad News","mbid":"10a503f6-265a-4850-93bd-78b18fc6e6b8","artist":{"name":"Modest Mouse","mbid":"a96ac800-bfcb-412a-8a63-0a98df600700"}}},{"timestamp":{"iso":"2011-06-22T23:00:17","unixtimestamp":1308783617},"track":{"name":"O.A.V.I.P.","mbid":"1f37429e-97b3-4c35-bc2f-5df9046507b1","artist":{"name":"The Maccabees","mbid":"83b86967-6b1a-4ca8-9cf0-c7cfe047ef3f"}},"uncorrectedTrack":{"name":"O.A.V.I.P.","artist":{"name":"Maccabees, The"}},"album":{"name":"Colour It In [Special Edition]","artist":{"name":"Maccabees, The"}}},{"timestamp":{"iso":"2011-06-22T23:02:38","unixtimestamp":1308783758},"track":{"name":"Home","mbid":"e97c0132-2a76-42f0-bad8-440e805f3cee","artist":{"name":"LCD Soundsystem","mbid":"2aaf7396-6ab8-40f3-9776-a41c42c8e26b"}},"uncorrectedTrack":{"name":"Home","mbid":"e97c0132-2a76-42f0-bad8-440e805f3cee","artist":{"name":"LCD Soundsystem","mbid":"2aaf7396-6ab8-40f3-9776-a41c42c8e26b"}},"album":{"name":"This Is Happening","mbid":"f4ff70fd-2908-4540-9246-5922aa48987c","artist":{"name":"LCD Soundsystem","mbid":"2aaf7396-6ab8-40f3-9776-a41c42c8e26b"}}},{"timestamp":{"iso":"2011-06-22T23:10:31","unixtimestamp":1308784231},"track":{"name":"Night Time","mbid":"782e46e7-6179-4cfa-b91e-1941037feeb0","artist":{"name":"The xx","mbid":"c5c2ea1c-4bde-4f4d-bd0b-47b200bf99d6"}},"uncorrectedTrack":{"name":"Night Time","mbid":"782e46e7-6179-4cfa-b91e-1941037feeb0","artist":{"name":"The xx","mbid":"c5c2ea1c-4bde-4f4d-bd0b-47b200bf99d6"}},"album":{"name":"xx","mbid":"0a316273-a395-38c1-9464-940b5cb529dd","artist":{"name":"The xx","mbid":"c5c2ea1c-4bde-4f4d-bd0b-47b200bf99d6"}}}]