[{"timestamp":{"iso":"2010-11-06T17:26:06","unixtimestamp":1289064366},"track":{"name":"Old Old Fashioned","mbid":"01ca008a-cd78-4474-bb78-febc7e3a20f9","artist":{"name":"Frightened Rabbit","mbid":"dc21d171-7204-4759-9fd0-77d031aeb40c"}},"uncorrectedTrack":{"name":"Old Old Fashioned","mbid":"01ca008a-cd78-4474-bb78-febc7e3a20f9","artist":{"name":"Frightened Rabbit","mbid":"dc21d171-7204-4759-9fd0-77d031aeb40c"}},"album":{"name":"The Midnight Organ Fight","mbid":"c3df7206-f769-49bb-9f57-2f6110c65621","artist":{"name":"Frightened Rabbit","mbid":"dc21d171-7204-4759-9fd0-77d031aeb40c"}}},{"timestamp":{"iso":"2010-11-06T17:29:50","unixtimestamp":1289064590},"track":{"name":"On the Other Side","mbid":"2f72fff0-8e8f-44dd-8218-35a4a0544f38","artist":{"name":"The Strokes","mbid":"f181961b-20f7-459e-89de-920ef03c7ed0"}},"uncorrectedTrack":{"name":"On the Other Side","mbid":"2f72fff0-8e8f-44dd-8218-35a4a0544f38","artist":{"name":"The Strokes","mbid":"f181961b-20f7-459e-89de-920ef03c7ed0"}},"album":{"name":"First Impressions of Earth","mbid":"b16327d6-aba8-4aff-814e-468a31db1776","artist":{"name":"The Strokes","mbid":"f181961b-20f7-459e-89de-920ef03c7ed0"}}},{"timestamp":{"iso":"2010-11-06T17:33:22","unixtimestamp":1289064802},"track":{"name":"The Modern Leper","mbid":"80845237-3651-4451-a10f-79a0b9dc01d8","artist":{"name":"Frightened Rabbit","mbid":"dc21d171-7204-4759-9fd0-77d031aeb40c"}},"uncorrectedTrack":{"name":"The Modern Leper","mbid":"80845237-3651-4451-a10f-79a0b9dc01d8","artist":{"name":"Frightened Rabbit","mbid":"dc21d171-7204-4759-9fd0-77d031aeb40c"}},"album":{"name":"The Midnight Organ Fight","mbid":"c3df7206-f769-49bb-9f57-2f6110c65621","artist":{"name":"Frightened Rabbit","mbid":"dc21d171-7204-4759-9fd0-77d031aeb40c"}}},{"timestamp":{"iso":"2010-11-06T17:41:56","unixtimestamp":1289065316},"track":{"name":"Revolution 909","mbid":"fa61d962-db65-46af-bf16-3d8aef59c913","artist":{"name":"Daft Punk","mbid":"056e4f3e-d505-4dad-8ec1-d04f521cbb56"}},"uncorrectedTrack":{"name":"Revolution 909","mbid":"fa61d962-db65-46af-bf16-3d8aef59c913","artist":{"name":"Daft Punk","mbid":"056e4f3e-d505-4dad-8ec1-d04f521cbb56"}},"album":{"name":"Homework","mbid":"497f9acf-a695-332e-bc20-1c8745248550","artist":{"name":"Daft Punk","mbid":"056e4f3e-d505-4dad-8ec1-d04f521cbb56"}}},{"timestamp":{"iso":"2010-11-06T17:47:41","unixtimestamp":1289065661},"track":{"name":"Robot Rock","mbid":"0ee9a738-2e2b-452a-bef4-96ad322e1f91","artist":{"name":"Daft Punk","mbid":"056e4f3e-d505-4dad-8ec1-d04f521cbb56"}},"uncorrectedTrack":{"name":"Robot Rock","mbid":"0ee9a738-2e2b-452a-bef4-96ad322e1f91","artist":{"name":"Daft Punk","mbid":"056e4f3e-d505-4dad-8ec1-d04f521cbb56"}},"album":{"name":"Human After All","mbid":"abbc40a0-2bcc-449e-bdd0-2dbae3213517","artist":{"name":"Daft Punk","mbid":"056e4f3e-d505-4dad-8ec1-d04f521cbb56"}}},{"timestamp":{"iso":"2010-11-06T17:52:49","unixtimestamp":1289065969},"track":{"name":"Digital Love","mbid":"23d7373b-7574-4ef5-ad1e-48f551611507","artist":{"name":"Daft Punk","mbid":"056e4f3e-d505-4dad-8ec1-d04f521cbb56"}},"uncorrectedTrack":{"name":"Digital Love","mbid":"23d7373b-7574-4ef5-ad1e-48f551611507","artist":{"name":"Daft Punk","mbid":"056e4f3e-d505-4dad-8ec1-d04f521cbb56"}},"album":{"name":"Discovery","mbid":"30e45d86-707d-4042-9df5-93724557aadb","artist":{"name":"Daft Punk","mbid":"056e4f3e-d505-4dad-8ec1-d04f521cbb56"}}},{"timestamp":{"iso":"2010-11-06T17:57:30","unixtimestamp":1289066250},"track":{"name":"Thinking About You","mbid":"8948741b-0fd0-48f1-92a7-9ed26fbdd3fe","artist":{"name":"Radiohead","mbid":"a74b1b7f-71a5-4011-9441-d0b5e4122711"}},"uncorrectedTrack":{"name":"Thinking About You","mbid":"8948741b-0fd0-48f1-92a7-9ed26fbdd3fe","artist":{"name":"Radiohead","mbid":"a74b1b7f-71a5-4011-9441-d0b5e4122711"}},"album":{"name":"Pablo Honey","mbid":"b1a9b282-7f04-4d14-9aea-bcd2b33e3156","artist":{"name":"Radiohead","mbid":"a74b1b7f-71a5-4011-9441-d0b5e4122711"}}},{"timestamp":{"iso":"2010-11-06T18:01:01","unixtimestamp":1289066461},"track":{"name":"Wildcat","mbid":"960944f0-2f97-48b7-90da-eb14dd7a01fd","artist":{"name":"Ratatat","mbid":"f467181e-d5e0-4285-b47e-e853dcc89ee7"}},"uncorrectedTrack":{"name":"Wildcat","mbid":"960944f0-2f97-48b7-90da-eb14dd7a01fd","artist":{"name":"Ratatat","mbid":"f467181e-d5e0-4285-b47e-e853dcc89ee7"}},"album":{"name":"Classics","mbid":"2a44e673-1ebb-3215-a2be-86f7f1f1f8b2","artist":{"name":"Ratatat","mbid":"f467181e-d5e0-4285-b47e-e853dcc89ee7"}}},{"timestamp":{"iso":"2010-11-06T18:05:22","unixtimestamp":1289066722},"track":{"name":"Montanita","mbid":"8cb4c999-53ba-43c3-b6f0-6a9fcf815557","artist":{"name":"Ratatat","mbid":"f467181e-d5e0-4285-b47e-e853dcc89ee7"}},"uncorrectedTrack":{"name":"Montanita","mbid":"8cb4c999-53ba-43c3-b6f0-6a9fcf815557","artist":{"name":"Ratatat","mbid":"f467181e-d5e0-4285-b47e-e853dcc89ee7"}},"album":{"name":"Classics","mbid":"2a44e673-1ebb-3215-a2be-86f7f1f1f8b2","artist":{"name":"Ratatat","mbid":"f467181e-d5e0-4285-b47e-e853dcc89ee7"}}},{"timestamp":{"iso":"2010-11-06T18:12:09","unixtimestamp":1289067129},"track":{"name":"Hard Sun","mbid":"9ecab1c5-2166-4369-9eeb-7c958a9c2312","artist":{"name":"Eddie Vedder","mbid":"1a60d6dd-9d3e-40fc-a66d-3184f9ee0d61"}},"uncorrectedTrack":{"name":"Hard Sun","mbid":"9ecab1c5-2166-4369-9eeb-7c958a9c2312","artist":{"name":"Eddie Vedder","mbid":"1a60d6dd-9d3e-40fc-a66d-3184f9ee0d61"}},"album":{"name":"Into the Wild","mbid":"683bf534-5ce1-4818-be2d-38ddcd864eb3","artist":{"name":"Eddie Vedder","mbid":"1a60d6dd-9d3e-40fc-a66d-3184f9ee0d61"}}},{"timestamp":{"iso":"2010-11-06T18:16:30","unixtimestamp":1289067390},"track":{"name":"No Ceiling","mbid":"ee409010-3ebe-4d11-ba72-eb775a453caf","artist":{"name":"Eddie Vedder","mbid":"1a60d6dd-9d3e-40fc-a66d-3184f9ee0d61"}},"uncorrectedTrack":{"name":"No Ceiling","mbid":"ee409010-3ebe-4d11-ba72-eb775a453caf","artist":{"name":"Eddie Vedder","mbid":"1a60d6dd-9d3e-40fc-a66d-3184f9ee0d61"}},"album":{"name":"Into the Wild","mbid":"683bf534-5ce1-4818-be2d-38ddcd864eb3","artist":{"name":"Eddie Vedder","mbid":"1a60d6dd-9d3e-40fc-a66d-3184f9ee0d61"}}},{"timestamp":{"iso":"2010-11-06T18:18:04","unixtimestamp":1289067484},"track":{"name":"Tuolumne","mbid":"312bef73-ecd4-47d0-8467-d3d8cd9f5ec7","artist":{"name":"Eddie Vedder","mbid":"1a60d6dd-9d3e-40fc-a66d-3184f9ee0d61"}},"uncorrectedTrack":{"name":"Tuolumne","mbid":"312bef73-ecd4-47d0-8467-d3d8cd9f5ec7","artist":{"name":"Eddie Vedder","mbid":"1a60d6dd-9d3e-40fc-a66d-3184f9ee0d61"}},"album":{"name":"Into the Wild","mbid":"683bf534-5ce1-4818-be2d-38ddcd864eb3","artist":{"name":"Eddie Vedder","mbid":"1a60d6dd-9d3e-40fc-a66d-3184f9ee0d61"}}},{"timestamp":{"iso":"2010-11-06T18:19:04","unixtimestamp":1289067544},"track":{"name":"Society","mbid":"0cd40864-4fcd-45e5-b44f-e1340918ddf4","artist":{"name":"Eddie Vedder","mbid":"1a60d6dd-9d3e-40fc-a66d-3184f9ee0d61"}},"uncorrectedTrack":{"name":"Society","mbid":"0cd40864-4fcd-45e5-b44f-e1340918ddf4","artist":{"name":"Eddie Vedder","mbid":"1a60d6dd-9d3e-40fc-a66d-3184f9ee0d61"}},"album":{"name":"Into the Wild","mbid":"683bf534-5ce1-4818-be2d-38ddcd864eb3","artist":{"name":"Eddie Vedder","mbid":"1a60d6dd-9d3e-40fc-a66d-3184f9ee0d61"}}},{"timestamp":{"iso":"2010-11-06T18:23:01","unixtimestamp":1289067781},"track":{"name":"End of the Road","mbid":"01d46f80-c458-48c8-9745-f18010df2369","artist":{"name":"Eddie Vedder","mbid":"1a60d6dd-9d3e-40fc-a66d-3184f9ee0d61"}},"uncorrectedTrack":{"name":"End of the Road","mbid":"01d46f80-c458-48c8-9745-f18010df2369","artist":{"name":"Eddie Vedder","mbid":"1a60d6dd-9d3e-40fc-a66d-3184f9ee0d61"}},"album":{"name":"Into the Wild","mbid":"683bf534-5ce1-4818-be2d-38ddcd864eb3","artist":{"name":"Eddie Vedder","mbid":"1a60d6dd-9d3e-40fc-a66d-3184f9ee0d61"}}},{"timestamp":{"iso":"2010-11-08T16:33:09","unixtimestamp":1289233989},"track":{"name":"GlobalNews: 08 Nov 10 AM Burma election/ 911 compensation/ Obama in India","artist":{"name":"BBC World Service","mbid":"323d9501-a524-42d2-ab82-8ec76000fb08"}},"uncorrectedTrack":{"name":"GlobalNews: 08 Nov 10 AM Burma election/ 911 compensation/ Obama in India","artist":{"name":"BBC World Service","mbid":"323d9501-a524-42d2-ab82-8ec76000fb08"}},"album":{"name":"Global News","artist":{"name":"BBC World Service","mbid":"323d9501-a524-42d2-ab82-8ec76000fb08"}}},{"timestamp":{"iso":"2010-11-16T22:05:00","unixtimestamp":1289945100},"track":{"name":"GlobalNews: 08 Nov 10 AM Burma election/ 911 compensation/ Obama in India","artist":{"name":"BBC World Service","mbid":"323d9501-a524-42d2-ab82-8ec76000fb08"}},"uncorrectedTrack":{"name":"GlobalNews: 08 Nov 10 AM Burma election/ 911 compensation/ Obama in India","artist":{"name":"BBC World Service","mbid":"323d9501-a524-42d2-ab82-8ec76000fb08"}},"album":{"name":"Global News","artist":{"name":"BBC World Service","mbid":"323d9501-a524-42d2-ab82-8ec76000fb08"}}},{"timestamp":{"iso":"2010-11-24T23:49:01","unixtimestamp":1290642541},"track":{"name":"Crawling Up a Hill","mbid":"cdaf258f-eea7-4857-9642-adaec9440747","artist":{"name":"Katie Melua","mbid":"39e32995-6515-40b2-a6f0-841524047edc"}},"uncorrectedTrack":{"name":"Crawling Up a Hill","mbid":"cdaf258f-eea7-4857-9642-adaec9440747","artist":{"name":"Katie Melua","mbid":"39e32995-6515-40b2-a6f0-841524047edc"}},"album":{"name":"Call Off the Search","mbid":"9f7c6acb-9dde-4f0e-b682-91c8fe9916a2","artist":{"name":"Katie Melua","mbid":"39e32995-6515-40b2-a6f0-841524047edc"}}},{"timestamp":{"iso":"2010-11-24T23:54:09","unixtimestamp":1290642849},"track":{"name":"Superstar (feat. Matthew Santos)","artist":{"name":"Lupe Fiasco","mbid":"cf15719f-51f9-4db8-a15d-5eed9664ce69"}},"uncorrectedTrack":{"name":"Superstar (feat. Matthew Santos)","artist":{"name":"Lupe Fiasco","mbid":"cf15719f-51f9-4db8-a15d-5eed9664ce69"}},"album":{"name":"Superstar","mbid":"483bc41c-7ee8-4da0-89c3-6236e95e5edf","artist":{"name":"Lupe Fiasco","mbid":"cf15719f-51f9-4db8-a15d-5eed9664ce69"}}},{"timestamp":{"iso":"2010-11-24T23:58:54","unixtimestamp":1290643134},"track":{"name":"YouandI","artist":{"name":"Wonderful Noise"}},"uncorrectedTrack":{"name":"YouandI","artist":{"name":"Wonderful Noise"}}},{"timestamp":{"iso":"2010-11-25T00:01:27","unixtimestamp":1290643287},"track":{"name":"Clouds Over Greenland","artist":{"name":"Wonderful Noise"}},"uncorrectedTrack":{"name":"Clouds Over Greenland","artist":{"name":"Wonderful Noise"}}},{"timestamp":{"iso":"2010-11-25T00:03:15","unixtimestamp":1290643395},"track":{"name":"The High Road","mbid":"e0adfd20-9ef5-4772-86d3-66977673cbff","artist":{"name":"Broken Bells","mbid":"62d364d2-550b-420e-b918-b3bd1e4a2efc"}},"uncorrectedTrack":{"name":"The High Road","mbid":"e0adfd20-9ef5-4772-86d3-66977673cbff","artist":{"name":"Broken Bells","mbid":"62d364d2-550b-420e-b918-b3bd1e4a2efc"}},"album":{"name":"Broken Bells","mbid":"e8f8ead8-7abb-42f2-8974-19c6b16cf4bf","artist":{"name":"Broken Bells","mbid":"62d364d2-550b-420e-b918-b3bd1e4a2efc"}}},{"timestamp":{"iso":"2010-11-25T00:07:07","unixtimestamp":1290643627},"track":{"name":"Kids","mbid":"261b54ec-5552-4099-aa5b-035ceda6bca9","artist":{"name":"MGMT","mbid":"50e6288e-3db5-4253-ae51-5e8738ef2c31"}},"uncorrectedTrack":{"name":"Kids","mbid":"261b54ec-5552-4099-aa5b-035ceda6bca9","artist":{"name":"MGMT","mbid":"50e6288e-3db5-4253-ae51-5e8738ef2c31"}},"album":{"name":"Oracular Spectacular","mbid":"44e1c283-8a80-44b8-91d3-7e72b69228bf","artist":{"name":"MGMT","mbid":"50e6288e-3db5-4253-ae51-5e8738ef2c31"}}},{"timestamp":{"iso":"2010-11-25T00:12:10","unixtimestamp":1290643930},"track":{"name":"The Ghost Inside","mbid":"d9804075-a4e6-4b68-a1a1-3abc04aacf8e","artist":{"name":"Broken Bells","mbid":"62d364d2-550b-420e-b918-b3bd1e4a2efc"}},"uncorrectedTrack":{"name":"The Ghost Inside","mbid":"d9804075-a4e6-4b68-a1a1-3abc04aacf8e","artist":{"name":"Broken Bells","mbid":"62d364d2-550b-420e-b918-b3bd1e4a2efc"}},"album":{"name":"Broken Bells","mbid":"e8f8ead8-7abb-42f2-8974-19c6b16cf4bf","artist":{"name":"Broken Bells","mbid":"62d364d2-550b-420e-b918-b3bd1e4a2efc"}}},{"timestamp":{"iso":"2010-11-25T00:15:29","unixtimestamp":1290644129},"track":{"name":"Old Old Fashioned","mbid":"01ca008a-cd78-4474-bb78-febc7e3a20f9","artist":{"name":"Frightened Rabbit","mbid":"dc21d171-7204-4759-9fd0-77d031aeb40c"}},"uncorrectedTrack":{"name":"Old Old Fashioned","mbid":"01ca008a-cd78-4474-bb78-febc7e3a20f9","artist":{"name":"Frightened Rabbit","mbid":"dc21d171-7204-4759-9fd0-77d031aeb40c"}},"album":{"name":"The Midnight Organ Fight","mbid":"c3df7206-f769-49bb-9f57-2f6110c65621","artist":{"name":"Frightened Rabbit","mbid":"dc21d171-7204-4759-9fd0-77d031aeb40c"}}},{"timestamp":{"iso":"2010-11-25T00:18:50","unixtimestamp":1290644330},"track":{"name":"Unforgetable","mbid":"455b1fa3-8e49-473e-acc7-46a1bd6ef36f","artist":{"name":"Nat King Cole","mbid":"1205c4f2-a18f-4ee6-80b5-97d4a7f0ae27"}},"uncorrectedTrack":{"name":"Unforgetable","mbid":"455b1fa3-8e49-473e-acc7-46a1bd6ef36f","artist":{"name":"Nat King Cole","mbid":"1205c4f2-a18f-4ee6-80b5-97d4a7f0ae27"}}},{"timestamp":{"iso":"2010-11-25T00:25:31","unixtimestamp":1290644731},"track":{"name":"Autumn in New York","mbid":"4dc3c8ef-7b0e-4fd2-8594-4b1c060b6a6d","artist":{"name":"Ella Fitzgerald \u0026 Louis Armstrong","mbid":"a69c83f7-6a87-4800-91e2-b4e00a21aeb6"}},"uncorrectedTrack":{"name":"Autumn in New York","mbid":"4dc3c8ef-7b0e-4fd2-8594-4b1c060b6a6d","artist":{"name":"Ella Fitzgerald \u0026 Louis Armstrong","mbid":"a69c83f7-6a87-4800-91e2-b4e00a21aeb6"}},"album":{"name":"The Best Of Ella Fitzgerald \u0026 Louis Armstrong","artist":{"name":"Ella Fitzgerald \u0026 Louis Armstrong","mbid":"a69c83f7-6a87-4800-91e2-b4e00a21aeb6"}}},{"timestamp":{"iso":"2010-11-25T00:41:15","unixtimestamp":1290645675},"track":{"name":"Tenderly","mbid":"067770dd-0bfc-4933-a2f7-1132c4f05535","artist":{"name":"Ella Fitzgerald \u0026 Louis Armstrong","mbid":"a69c83f7-6a87-4800-91e2-b4e00a21aeb6"}},"uncorrectedTrack":{"name":"Tenderly","mbid":"067770dd-0bfc-4933-a2f7-1132c4f05535","artist":{"name":"Ella Fitzgerald \u0026 Louis Armstrong","mbid":"a69c83f7-6a87-4800-91e2-b4e00a21aeb6"}},"album":{"name":"The Best Of Ella Fitzgerald \u0026 Louis Armstrong","artist":{"name":"Ella Fitzgerald \u0026 Louis Armstrong","mbid":"a69c83f7-6a87-4800-91e2-b4e00a21aeb6"}}},{"timestamp":{"iso":"2010-11-25T00:46:24","unixtimestamp":1290645984},"track":{"name":"Freddie Freeloader","mbid":"1a046969-6ddd-4071-8109-882238db57a0","artist":{"name":"Miles Davis","mbid":"561d854a-6a28-4aa7-8c99-323e6ce46c2a"}},"uncorrectedTrack":{"name":"Freddie Freeloader","mbid":"1a046969-6ddd-4071-8109-882238db57a0","artist":{"name":"Miles Davis","mbid":"561d854a-6a28-4aa7-8c99-323e6ce46c2a"}},"album":{"name":"Kind of Blue","mbid":"eef3606d-0843-370f-8ea9-73b949e8bdfc","artist":{"name":"Miles Davis","mbid":"561d854a-6a28-4aa7-8c99-323e6ce46c2a"}}},{"timestamp":{"iso":"2010-11-25T00:56:13","unixtimestamp":1290646573},"track":{"name":"Love Theme from \"Romeo and Juliet\"","mbid":"1348a4b5-3773-41c9-a472-6a8517b7b564","artist":{"name":"Henry Mancini","mbid":"009c44ea-e657-45d2-9238-2dee75e2fceb"}},"uncorrectedTrack":{"name":"Love Theme from \"Romeo and Juliet\"","mbid":"1348a4b5-3773-41c9-a472-6a8517b7b564","artist":{"name":"Henry Mancini","mbid":"009c44ea-e657-45d2-9238-2dee75e2fceb"}},"album":{"name":"Henry Mancini Greatest Hits","artist":{"name":"Henry Mancini","mbid":"009c44ea-e657-45d2-9238-2dee75e2fceb"}}},{"timestamp":{"iso":"2010-11-25T00:58:48","unixtimestamp":1290646728},"track":{"name":"Baby Elephant Walk","mbid":"971ffe4a-f61a-4315-aaa5-471dcb9a832c","artist":{"name":"Henry Mancini","mbid":"009c44ea-e657-45d2-9238-2dee75e2fceb"}},"uncorrectedTrack":{"name":"Baby Elephant Walk","mbid":"971ffe4a-f61a-4315-aaa5-471dcb9a832c","artist":{"name":"Henry Mancini","mbid":"009c44ea-e657-45d2-9238-2dee75e2fceb"}},"album":{"name":"Henry Mancini Greatest Hits","artist":{"name":"Henry Mancini","mbid":"009c44ea-e657-45d2-9238-2dee75e2fceb"}}},{"timestamp":{"iso":"2010-11-25T01:01:34","unixtimestamp":1290646894},"track":{"name":"Love Is Here to Stay","mbid":"19cb14df-72b5-42ac-8de9-3f30a6238e98","artist":{"name":"Ella Fitzgerald \u0026 Louis Armstrong","mbid":"a69c83f7-6a87-4800-91e2-b4e00a21aeb6"}},"uncorrectedTrack":{"name":"Love Is Here to Stay","mbid":"19cb14df-72b5-42ac-8de9-3f30a6238e98","artist":{"name":"Ella Fitzgerald \u0026 Louis Armstrong","mbid":"a69c83f7-6a87-4800-91e2-b4e00a21aeb6"}},"album":{"name":"The Best Of Ella Fitzgerald \u0026 Louis Armstrong","artist":{"name":"Ella Fitzgerald \u0026 Louis Armstrong","mbid":"a69c83f7-6a87-4800-91e2-b4e00a21aeb6"}}},{"timestamp":{"iso":"2010-11-25T01:05:34","unixtimestamp":1290647134},"track":{"name":"Crawling Up a Hill","mbid":"cdaf258f-eea7-4857-9642-adaec9440747","artist":{"name":"Katie Melua","mbid":"39e32995-6515-40b2-a6f0-841524047edc"}},"uncorrectedTrack":{"name":"Crawling Up a Hill","mbid":"cdaf258f-eea7-4857-9642-adaec9440747","artist":{"name":"Katie Melua","mbid":"39e32995-6515-40b2-a6f0-841524047edc"}},"album":{"name":"Call Off the Search","mbid":"9f7c6acb-9dde-4f0e-b682-91c8fe9916a2","artist":{"name":"Katie Melua","mbid":"39e32995-6515-40b2-a6f0-841524047edc"}}},{"timestamp":{"iso":"2010-11-25T01:08:59","unixtimestamp":1290647339},"track":{"name":"Under a Blanket of Blue","mbid":"1ea4fb19-8200-4ef8-a3ff-c3ff87dbc165","artist":{"name":"Ella Fitzgerald \u0026 Louis Armstrong","mbid":"a69c83f7-6a87-4800-91e2-b4e00a21aeb6"}},"uncorrectedTrack":{"name":"Under a Blanket of Blue","mbid":"1ea4fb19-8200-4ef8-a3ff-c3ff87dbc165","artist":{"name":"Ella Fitzgerald \u0026 Louis Armstrong","mbid":"a69c83f7-6a87-4800-91e2-b4e00a21aeb6"}},"album":{"name":"The Best Of Ella Fitzgerald \u0026 Louis Armstrong","artist":{"name":"Ella Fitzgerald \u0026 Louis Armstrong","mbid":"a69c83f7-6a87-4800-91e2-b4e00a21aeb6"}}},{"timestamp":{"iso":"2010-11-25T21:16:20","unixtimestamp":1290719780},"track":{"name":"Nature Boy","mbid":"134d1cfd-af1b-4a4b-a3c0-8c92ec468657","artist":{"name":"Nat King Cole","mbid":"1205c4f2-a18f-4ee6-80b5-97d4a7f0ae27"}},"uncorrectedTrack":{"name":"Nature Boy","mbid":"134d1cfd-af1b-4a4b-a3c0-8c92ec468657","artist":{"name":"Nat King Cole","mbid":"1205c4f2-a18f-4ee6-80b5-97d4a7f0ae27"}}},{"timestamp":{"iso":"2010-11-25T21:25:52","unixtimestamp":1290720352},"track":{"name":"A Profound Gass","mbid":"442cfc92-538f-4b37-ac70-62d701f48b51","artist":{"name":"Henry Mancini","mbid":"009c44ea-e657-45d2-9238-2dee75e2fceb"}},"uncorrectedTrack":{"name":"A Profound Gass","mbid":"442cfc92-538f-4b37-ac70-62d701f48b51","artist":{"name":"Henry Mancini","mbid":"009c44ea-e657-45d2-9238-2dee75e2fceb"}},"album":{"name":"Henry Mancini Greatest Hits","artist":{"name":"Henry Mancini","mbid":"009c44ea-e657-45d2-9238-2dee75e2fceb"}}},{"timestamp":{"iso":"2010-11-25T21:38:26","unixtimestamp":1290721106},"track":{"name":"Two for the Road (vocal)","mbid":"07e403e1-5072-4391-a575-902b34af6441","artist":{"name":"Henry Mancini","mbid":"009c44ea-e657-45d2-9238-2dee75e2fceb"}},"uncorrectedTrack":{"name":"Two for the Road (vocal)","mbid":"07e403e1-5072-4391-a575-902b34af6441","artist":{"name":"Henry Mancini","mbid":"009c44ea-e657-45d2-9238-2dee75e2fceb"}},"album":{"name":"Henry Mancini Greatest Hits","artist":{"name":"Henry Mancini","mbid":"009c44ea-e657-45d2-9238-2dee75e2fceb"}}},{"timestamp":{"iso":"2010-11-25T21:41:10","unixtimestamp":1290721270},"track":{"name":"Mr. Lucky","mbid":"b01e8742-eaf8-4bfd-a0ae-cf952f81a866","artist":{"name":"Henry Mancini","mbid":"009c44ea-e657-45d2-9238-2dee75e2fceb"}},"uncorrectedTrack":{"name":"Mr. Lucky","mbid":"b01e8742-eaf8-4bfd-a0ae-cf952f81a866","artist":{"name":"Henry Mancini","mbid":"009c44ea-e657-45d2-9238-2dee75e2fceb"}},"album":{"name":"Henry Mancini Greatest Hits","artist":{"name":"Henry Mancini","mbid":"009c44ea-e657-45d2-9238-2dee75e2fceb"}}},{"timestamp":{"iso":"2010-11-25T21:43:25","unixtimestamp":1290721405},"track":{"name":"On the Sunny Side of the Street","mbid":"29e2a2cb-6afd-4d61-a759-21ac9c1d4e5e","artist":{"name":"Frank Sinatra","mbid":"197450cd-0124-4164-b723-3c22dd16494d"}},"uncorrectedTrack":{"name":"On the Sunny Side of the Street","mbid":"29e2a2cb-6afd-4d61-a759-21ac9c1d4e5e","artist":{"name":"Frank Sinatra","mbid":"197450cd-0124-4164-b723-3c22dd16494d"}},"album":{"name":"This is Jazz","artist":{"name":"Frank Sinatra","mbid":"197450cd-0124-4164-b723-3c22dd16494d"}}},{"timestamp":{"iso":"2010-11-25T21:47:52","unixtimestamp":1290721672},"track":{"name":"Once I Loved (O Amor En Paz)","artist":{"name":"Frank Sinatra","mbid":"197450cd-0124-4164-b723-3c22dd16494d"}},"uncorrectedTrack":{"name":"Once I Loved (O Amor En Paz)","artist":{"name":"Frank Sinatra","mbid":"197450cd-0124-4164-b723-3c22dd16494d"}},"album":{"name":"Frank Albert Sinatra \u0026 Antonio Carlos Jobim","artist":{"name":"Frank Sinatra","mbid":"197450cd-0124-4164-b723-3c22dd16494d"}}},{"timestamp":{"iso":"2010-11-25T21:50:28","unixtimestamp":1290721828},"track":{"name":"Change Partners","mbid":"6703f778-9f26-432e-929f-54b28a7d8234","artist":{"name":"Frank Sinatra","mbid":"197450cd-0124-4164-b723-3c22dd16494d"}},"uncorrectedTrack":{"name":"Change Partners","mbid":"6703f778-9f26-432e-929f-54b28a7d8234","artist":{"name":"Frank Sinatra","mbid":"197450cd-0124-4164-b723-3c22dd16494d"}},"album":{"name":"Frank Albert Sinatra \u0026 Antonio Carlos Jobim","artist":{"name":"Frank Sinatra","mbid":"197450cd-0124-4164-b723-3c22dd16494d"}}},{"timestamp":{"iso":"2010-11-25T21:53:11","unixtimestamp":1290721991},"track":{"name":"A Shot In The Dark","mbid":"fafa6225-ab4b-47e8-a05b-0388609a435a","artist":{"name":"Henry Mancini","mbid":"009c44ea-e657-45d2-9238-2dee75e2fceb"}},"uncorrectedTrack":{"name":"A Shot In The Dark","mbid":"fafa6225-ab4b-47e8-a05b-0388609a435a","artist":{"name":"Henry Mancini","mbid":"009c44ea-e657-45d2-9238-2dee75e2fceb"}},"album":{"name":"Henry Mancini Greatest Hits","artist":{"name":"Henry Mancini","mbid":"009c44ea-e657-45d2-9238-2dee75e2fceb"}}},{"timestamp":{"iso":"2010-11-25T21:55:46","unixtimestamp":1290722146},"track":{"name":"Flamenco Sketches","mbid":"44830203-0b11-4c9d-840b-996cdbd9cd14","artist":{"name":"Miles Davis","mbid":"561d854a-6a28-4aa7-8c99-323e6ce46c2a"}},"uncorrectedTrack":{"name":"Flamenco Sketches","mbid":"44830203-0b11-4c9d-840b-996cdbd9cd14","artist":{"name":"Miles Davis","mbid":"561d854a-6a28-4aa7-8c99-323e6ce46c2a"}},"album":{"name":"Kind of Blue","mbid":"eef3606d-0843-370f-8ea9-73b949e8bdfc","artist":{"name":"Miles Davis","mbid":"561d854a-6a28-4aa7-8c99-323e6ce46c2a"}}},{"timestamp":{"iso":"2010-11-25T22:11:15","unixtimestamp":1290723075},"track":{"name":"The Pink Panther Theme","artist":{"name":"Henry Mancini","mbid":"009c44ea-e657-45d2-9238-2dee75e2fceb"}},"uncorrectedTrack":{"name":"The Pink Panther Theme","artist":{"name":"Henry Mancini","mbid":"009c44ea-e657-45d2-9238-2dee75e2fceb"}},"album":{"name":"Henry Mancini Greatest Hits","artist":{"name":"Henry Mancini","mbid":"009c44ea-e657-45d2-9238-2dee75e2fceb"}}},{"timestamp":{"iso":"2010-11-25T22:20:18","unixtimestamp":1290723618},"track":{"name":"If You Never Come to Me","mbid":"f27d4c0a-0acb-4af2-818f-db305faab315","artist":{"name":"Frank Sinatra","mbid":"197450cd-0124-4164-b723-3c22dd16494d"}},"uncorrectedTrack":{"name":"If You Never Come to Me","mbid":"f27d4c0a-0acb-4af2-818f-db305faab315","artist":{"name":"Frank Sinatra","mbid":"197450cd-0124-4164-b723-3c22dd16494d"}},"album":{"name":"Frank Albert Sinatra \u0026 Antonio Carlos Jobim","artist":{"name":"Frank Sinatra","mbid":"197450cd-0124-4164-b723-3c22dd16494d"}}},{"timestamp":{"iso":"2010-11-25T22:28:08","unixtimestamp":1290724088},"track":{"name":"Complainte De La Butte","mbid":"1213e830-0aa3-4b9f-b7cd-b3047c2c96ec","artist":{"name":"Rufus Wainwright","mbid":"78e46ae5-9bfd-433b-be3f-19e993d67ecc"}},"uncorrectedTrack":{"name":"Complainte De La Butte","mbid":"1213e830-0aa3-4b9f-b7cd-b3047c2c96ec","artist":{"name":"Rufus Wainwright","mbid":"78e46ae5-9bfd-433b-be3f-19e993d67ecc"}},"album":{"name":"Moulin Rouge","artist":{"name":"Various Artists","mbid":"023671ff-b1ad-4133-a4f3-aadaaadfd2e0"}}},{"timestamp":{"iso":"2010-11-29T04:01:45","unixtimestamp":1291003305},"track":{"name":"Mona Lisa","mbid":"9e32af81-7ab5-4211-b780-79812766016e","artist":{"name":"Nat King Cole","mbid":"1205c4f2-a18f-4ee6-80b5-97d4a7f0ae27"}},"uncorrectedTrack":{"name":"Mona Lisa","mbid":"9e32af81-7ab5-4211-b780-79812766016e","artist":{"name":"Nat King Cole","mbid":"1205c4f2-a18f-4ee6-80b5-97d4a7f0ae27"}}},{"timestamp":{"iso":"2010-11-29T04:05:15","unixtimestamp":1291003515},"track":{"name":"Nature Boy","mbid":"134d1cfd-af1b-4a4b-a3c0-8c92ec468657","artist":{"name":"Nat King Cole","mbid":"1205c4f2-a18f-4ee6-80b5-97d4a7f0ae27"}},"uncorrectedTrack":{"name":"Nature Boy","mbid":"134d1cfd-af1b-4a4b-a3c0-8c92ec468657","artist":{"name":"Nat King Cole","mbid":"1205c4f2-a18f-4ee6-80b5-97d4a7f0ae27"}}},{"timestamp":{"iso":"2010-11-29T04:07:39","unixtimestamp":1291003659},"track":{"name":"Lorraine","artist":{"name":"Nat King Cole","mbid":"1205c4f2-a18f-4ee6-80b5-97d4a7f0ae27"}},"uncorrectedTrack":{"name":"Lorraine","artist":{"name":"Nat King Cole","mbid":"1205c4f2-a18f-4ee6-80b5-97d4a7f0ae27"}}},{"timestamp":{"iso":"2010-11-29T04:18:45","unixtimestamp":1291004325},"track":{"name":"The Very Thought of You","mbid":"13a6768b-dcf9-41fc-beaa-0686b06a8907","artist":{"name":"Nat King Cole","mbid":"1205c4f2-a18f-4ee6-80b5-97d4a7f0ae27"}},"uncorrectedTrack":{"name":"The Very Thought of You","mbid":"13a6768b-dcf9-41fc-beaa-0686b06a8907","artist":{"name":"Nat King Cole","mbid":"1205c4f2-a18f-4ee6-80b5-97d4a7f0ae27"}}},{"timestamp":{"iso":"2010-11-29T04:31:11","unixtimestamp":1291005071},"track":{"name":"Along the Avenue","artist":{"name":"Nat King Cole","mbid":"1205c4f2-a18f-4ee6-80b5-97d4a7f0ae27"}},"uncorrectedTrack":{"name":"Along the Avenue","artist":{"name":"Nat King Cole","mbid":"1205c4f2-a18f-4ee6-80b5-97d4a7f0ae27"}}},{"timestamp":{"iso":"2010-11-29T04:42:41","unixtimestamp":1291005761},"track":{"name":"Straighten Up and Fly Right","mbid":"25775288-c54f-4dfe-b001-fc91cefdb7d3","artist":{"name":"Nat King Cole","mbid":"1205c4f2-a18f-4ee6-80b5-97d4a7f0ae27"}},"uncorrectedTrack":{"name":"Straighten Up and Fly Right","mbid":"25775288-c54f-4dfe-b001-fc91cefdb7d3","artist":{"name":"Nat King Cole","mbid":"1205c4f2-a18f-4ee6-80b5-97d4a7f0ae27"}}},{"timestamp":{"iso":"2010-11-29T04:45:20","unixtimestamp":1291005920},"track":{"name":"Unforgetable","mbid":"455b1fa3-8e49-473e-acc7-46a1bd6ef36f","artist":{"name":"Nat King Cole","mbid":"1205c4f2-a18f-4ee6-80b5-97d4a7f0ae27"}},"uncorrectedTrack":{"name":"Unforgetable","mbid":"455b1fa3-8e49-473e-acc7-46a1bd6ef36f","artist":{"name":"Nat King Cole","mbid":"1205c4f2-a18f-4ee6-80b5-97d4a7f0ae27"}}},{"timestamp":{"iso":"2010-11-29T05:08:01","unixtimestamp":1291007281},"track":{"name":"Frederic Chopin - Nocturne in C-sharp Minor (1830)","artist":{"name":"The Pianist"}},"uncorrectedTrack":{"name":"Frederic Chopin - Nocturne in C-sharp Minor (1830)","artist":{"name":"The Pianist"}},"album":{"name":"Soundtrack","artist":{"name":"The Pianist"}}},{"timestamp":{"iso":"2010-11-29T05:12:11","unixtimestamp":1291007531},"track":{"name":"Frederic Chopin - Nocturne in E Minor, Op. 72, No. 1","artist":{"name":"The Pianist"}},"uncorrectedTrack":{"name":"Frederic Chopin - Nocturne in E Minor, Op. 72, No. 1","artist":{"name":"The Pianist"}},"album":{"name":"Soundtrack","artist":{"name":"The Pianist"}}},{"timestamp":{"iso":"2010-11-29T05:16:41","unixtimestamp":1291007801},"track":{"name":"Frederic Chopin - Nocturne in C Minor, Op. 48 No. 1","artist":{"name":"The Pianist"}},"uncorrectedTrack":{"name":"Frederic Chopin - Nocturne in C Minor, Op. 48 No. 1","artist":{"name":"The Pianist"}},"album":{"name":"Soundtrack","artist":{"name":"The Pianist"}}},{"timestamp":{"iso":"2010-11-29T05:22:10","unixtimestamp":1291008130},"track":{"name":"Frederic Chopin Ballade No. 1 in G Minor, Op. 23","artist":{"name":"The Pianist"}},"uncorrectedTrack":{"name":"Frederic Chopin Ballade No. 1 in G Minor, Op. 23","artist":{"name":"The Pianist"}},"album":{"name":"Soundtrack","artist":{"name":"The Pianist"}}},{"timestamp":{"iso":"2010-11-29T05:39:57","unixtimestamp":1291009197},"track":{"name":"Frederic Chopin Waltz No. 3 in G Minor, Op. 32, No. 2","artist":{"name":"The Pianist"}},"uncorrectedTrack":{"name":"Frederic Chopin Waltz No. 3 in G Minor, Op. 32, No. 2","artist":{"name":"The Pianist"}},"album":{"name":"Soundtrack","artist":{"name":"The Pianist"}}},{"timestamp":{"iso":"2010-11-29T05:45:10","unixtimestamp":1291009510},"track":{"name":"Frederic Chopin Prelude in E Minor, Op. 28, No. 4","artist":{"name":"The Pianist"}},"uncorrectedTrack":{"name":"Frederic Chopin Prelude in E Minor, Op. 28, No. 4","artist":{"name":"The Pianist"}},"album":{"name":"Soundtrack","artist":{"name":"The Pianist"}}},{"timestamp":{"iso":"2010-11-29T05:47:42","unixtimestamp":1291009662},"track":{"name":"Grande Polonaise Brillante Proceder An Andante Spianato Op. 22 a","artist":{"name":"The Pianist"}},"uncorrectedTrack":{"name":"Grande Polonaise Brillante Proceder An Andante Spianato Op. 22 a","artist":{"name":"The Pianist"}},"album":{"name":"Soundtrack","artist":{"name":"The Pianist"}}},{"timestamp":{"iso":"2010-11-29T05:52:09","unixtimestamp":1291009929},"track":{"name":"Grande Polonaise Brillante Proceder An Andante Spianato Op. 22 b","artist":{"name":"The Pianist"}},"uncorrectedTrack":{"name":"Grande Polonaise Brillante Proceder An Andante Spianato Op. 22 b","artist":{"name":"The Pianist"}},"album":{"name":"Soundtrack","artist":{"name":"The Pianist"}}},{"timestamp":{"iso":"2010-11-29T06:01:41","unixtimestamp":1291010501},"track":{"name":"Wojciech Kilar - Moving To The Ghetto Oct. 31, 1940","artist":{"name":"The Pianist"}},"uncorrectedTrack":{"name":"Wojciech Kilar - Moving To The Ghetto Oct. 31, 1940","artist":{"name":"The Pianist"}},"album":{"name":"Soundtrack","artist":{"name":"The Pianist"}}},{"timestamp":{"iso":"2010-11-29T06:03:56","unixtimestamp":1291010636},"track":{"name":"Watching Lara","mbid":"c7283743-6f5a-4d38-ab19-213bae4d5ad2","artist":{"name":"Yann Tiersen","mbid":"12d432a3-feb0-49b1-a107-d20751880764"}},"uncorrectedTrack":{"name":"Watching Lara","mbid":"c7283743-6f5a-4d38-ab19-213bae4d5ad2","artist":{"name":"Yann Tiersen","mbid":"12d432a3-feb0-49b1-a107-d20751880764"}},"album":{"name":"Good Bye Lenin OST","artist":{"name":"Yann Tiersen","mbid":"12d432a3-feb0-49b1-a107-d20751880764"}}},{"timestamp":{"iso":"2010-11-29T06:05:26","unixtimestamp":1291010726},"track":{"name":"Comptine d\u0027été n°1","mbid":"125faddb-30e7-4b0b-9d0b-14a782a9bae1","artist":{"name":"Yann Tiersen","mbid":"12d432a3-feb0-49b1-a107-d20751880764"}},"uncorrectedTrack":{"name":"Comptine d\u0027été n°1","mbid":"125faddb-30e7-4b0b-9d0b-14a782a9bae1","artist":{"name":"Yann Tiersen","mbid":"12d432a3-feb0-49b1-a107-d20751880764"}}},{"timestamp":{"iso":"2010-11-29T06:07:43","unixtimestamp":1291010863},"track":{"name":"Frederic Chopin Waltz No. 3 in G Minor, Op. 32, No. 2","artist":{"name":"The Pianist"}},"uncorrectedTrack":{"name":"Frederic Chopin Waltz No. 3 in G Minor, Op. 32, No. 2","artist":{"name":"The Pianist"}},"album":{"name":"Soundtrack","artist":{"name":"The Pianist"}}},{"timestamp":{"iso":"2010-11-29T06:12:55","unixtimestamp":1291011175},"track":{"name":"Frederic Chopin - Nocturne in C-sharp Minor (1830)","artist":{"name":"The Pianist"}},"uncorrectedTrack":{"name":"Frederic Chopin - Nocturne in C-sharp Minor (1830)","artist":{"name":"The Pianist"}},"album":{"name":"Soundtrack","artist":{"name":"The Pianist"}}},{"timestamp":{"iso":"2010-11-29T06:17:06","unixtimestamp":1291011426},"track":{"name":"Le matin","mbid":"d34a83f4-63d9-4599-a0fb-0b3f45d6625b","artist":{"name":"Yann Tiersen","mbid":"12d432a3-feb0-49b1-a107-d20751880764"}},"uncorrectedTrack":{"name":"Le matin","mbid":"d34a83f4-63d9-4599-a0fb-0b3f45d6625b","artist":{"name":"Yann Tiersen","mbid":"12d432a3-feb0-49b1-a107-d20751880764"}},"album":{"name":"Les Retrouvailles","mbid":"31328e3a-01c8-4fb4-88f8-e23ede272cef","artist":{"name":"Yann Tiersen","mbid":"12d432a3-feb0-49b1-a107-d20751880764"}}},{"timestamp":{"iso":"2010-11-29T06:19:04","unixtimestamp":1291011544},"track":{"name":"Moonlight Sonata - Adagio Sostenuto","artist":{"name":"Ludwig van Beethoven","mbid":"1f9df192-a621-4f54-8850-2c5373b7eac9"}},"uncorrectedTrack":{"name":"Moonlight Sonata - Adagio Sostenuto","artist":{"name":"Ludwig van Beethoven","mbid":"1f9df192-a621-4f54-8850-2c5373b7eac9"}},"album":{"name":"Für Elise - Romantic Piano Pieces","artist":{"name":"Ludwig van Beethoven","mbid":"1f9df192-a621-4f54-8850-2c5373b7eac9"}}},{"timestamp":{"iso":"2010-11-29T06:25:12","unixtimestamp":1291011912},"track":{"name":"7  pm","artist":{"name":"Yann Tiersen","mbid":"12d432a3-feb0-49b1-a107-d20751880764"}},"uncorrectedTrack":{"name":"7  pm","artist":{"name":"Yann Tiersen","mbid":"12d432a3-feb0-49b1-a107-d20751880764"}},"album":{"name":"Les Retrouvailles","mbid":"31328e3a-01c8-4fb4-88f8-e23ede272cef","artist":{"name":"Yann Tiersen","mbid":"12d432a3-feb0-49b1-a107-d20751880764"}}},{"timestamp":{"iso":"2010-11-29T06:26:55","unixtimestamp":1291012015},"track":{"name":"7  pm","artist":{"name":"Yann Tiersen","mbid":"12d432a3-feb0-49b1-a107-d20751880764"}},"uncorrectedTrack":{"name":"7  pm","artist":{"name":"Yann Tiersen","mbid":"12d432a3-feb0-49b1-a107-d20751880764"}},"album":{"name":"Les Retrouvailles","mbid":"31328e3a-01c8-4fb4-88f8-e23ede272cef","artist":{"name":"Yann Tiersen","mbid":"12d432a3-feb0-49b1-a107-d20751880764"}}},{"timestamp":{"iso":"2010-11-29T06:29:37","unixtimestamp":1291012177},"track":{"name":"Comptine d\u0027été n°3","mbid":"4f8b3d08-9b18-4a28-87c2-ea86d08089d8","artist":{"name":"Yann Tiersen","mbid":"12d432a3-feb0-49b1-a107-d20751880764"}},"uncorrectedTrack":{"name":"Comptine d\u0027été n°3","mbid":"4f8b3d08-9b18-4a28-87c2-ea86d08089d8","artist":{"name":"Yann Tiersen","mbid":"12d432a3-feb0-49b1-a107-d20751880764"}}},{"timestamp":{"iso":"2010-11-29T06:31:31","unixtimestamp":1291012291},"track":{"name":"Grande Polonaise Brillante Proceder An Andante Spianato Op. 22 b","artist":{"name":"The Pianist"}},"uncorrectedTrack":{"name":"Grande Polonaise Brillante Proceder An Andante Spianato Op. 22 b","artist":{"name":"The Pianist"}},"album":{"name":"Soundtrack","artist":{"name":"The Pianist"}}},{"timestamp":{"iso":"2010-11-29T06:36:33","unixtimestamp":1291012593},"track":{"name":"Frederic Chopin Prelude in E Minor, Op. 28, No. 4","artist":{"name":"The Pianist"}},"uncorrectedTrack":{"name":"Frederic Chopin Prelude in E Minor, Op. 28, No. 4","artist":{"name":"The Pianist"}},"album":{"name":"Soundtrack","artist":{"name":"The Pianist"}}},{"timestamp":{"iso":"2010-11-29T06:40:32","unixtimestamp":1291012832},"track":{"name":"Comptine D\u0027été n°2","mbid":"d1bdf50c-38c3-42d2-9db4-43809cbaac27","artist":{"name":"Yann Tiersen","mbid":"12d432a3-feb0-49b1-a107-d20751880764"}},"uncorrectedTrack":{"name":"Comptine D\u0027été n°2","mbid":"d1bdf50c-38c3-42d2-9db4-43809cbaac27","artist":{"name":"Yann Tiersen","mbid":"12d432a3-feb0-49b1-a107-d20751880764"}}},{"timestamp":{"iso":"2010-11-29T06:42:46","unixtimestamp":1291012966},"track":{"name":"La maison","mbid":"4a14be17-0941-477b-8c58-df57d5c34851","artist":{"name":"Yann Tiersen","mbid":"12d432a3-feb0-49b1-a107-d20751880764"}},"uncorrectedTrack":{"name":"La maison","mbid":"4a14be17-0941-477b-8c58-df57d5c34851","artist":{"name":"Yann Tiersen","mbid":"12d432a3-feb0-49b1-a107-d20751880764"}},"album":{"name":"Amélie Poulain Ost","artist":{"name":"Yann Tiersen","mbid":"12d432a3-feb0-49b1-a107-d20751880764"}}}]