[{"timestamp":{"iso":"2013-07-23T23:20:17","unixtimestamp":1374621617},"track":{"name":"Nocturne No.2","mbid":"e47bbf42-3b8f-4be2-bc36-b455cd0c8a0a","artist":{"name":"Frédéric Chopin"}},"uncorrectedTrack":{"name":"Nocturne No.2","artist":{"name":"Chopin"}},"album":{"name":"40 Most Beautiful Piano","artist":{"name":"Chopin"}},"application":"Grooveshark"},{"timestamp":{"iso":"2013-07-23T23:25:18","unixtimestamp":1374621918},"track":{"name":"Nocturne No.1","mbid":"abc3864d-61ed-444f-9088-4c1a30bff729","artist":{"name":"Frédéric Chopin"}},"uncorrectedTrack":{"name":"Nocturne No.1","artist":{"name":"Chopin"}},"album":{"name":"40 Most Beautiful Piano","artist":{"name":"Chopin"}},"application":"Grooveshark"},{"timestamp":{"iso":"2013-07-23T23:32:45","unixtimestamp":1374622365},"track":{"name":"Chopin: Etude in E \"Tristesse\"","artist":{"name":"[unknown]","mbid":"0035056d-72ac-41fa-8ea6-0e27e55f42f7"}},"uncorrectedTrack":{"name":"Chopin: Etude in E \"Tristesse\"","artist":{"name":"Classical music"}},"album":{"name":"25 Piano Favorites","artist":{"name":"Classical music"}},"application":"Grooveshark"},{"timestamp":{"iso":"2013-07-23T23:33:16","unixtimestamp":1374622396},"track":{"name":"Ballade no.1 in G minor","mbid":"a9436d12-7e0a-493d-a161-6e72e585b042","artist":{"name":"Frédéric Chopin"}},"uncorrectedTrack":{"name":"Ballade No.1 in G minor","artist":{"name":"Chopin"}},"album":{"name":"Chopin","artist":{"name":"Chopin"}},"application":"Grooveshark"},{"timestamp":{"iso":"2013-07-23T23:43:39","unixtimestamp":1374623019},"track":{"name":"Etude in E major Op.10 No.3","artist":{"name":"Frédéric Chopin"}},"uncorrectedTrack":{"name":"Etude in E major Op.10 No.3","artist":{"name":"Frédéric Chopin"}},"album":{"name":"The Best of Chopin","mbid":"11075c70-39ca-458a-a36b-b9cf1572c181","artist":{"name":"Frédéric Chopin"}},"application":"Grooveshark"},{"timestamp":{"iso":"2013-07-24T00:42:00","unixtimestamp":1374626520},"track":{"name":"Chopin : Raindrop prelude","artist":{"name":"Frédéric Chopin"}},"uncorrectedTrack":{"name":"Chopin : Raindrop prelude","artist":{"name":"Chopin"}},"album":{"name":"Classics for Relaxation and Me","artist":{"name":"Chopin"}},"application":"Grooveshark"},{"timestamp":{"iso":"2013-07-24T00:44:56","unixtimestamp":1374626696},"track":{"name":"Nocturne for piano No.  2 in E flat major (\u0027Murmures de la Seine 2\u0027) Op. 9/2, B. 54/2","artist":{"name":"Frédéric Chopin"}},"uncorrectedTrack":{"name":"Nocturne for piano No.  2 in E flat major (\u0027Murmures de la Seine 2\u0027) Op. 9/2, B. 54/2","artist":{"name":"Frédéric Chopin"}},"album":{"name":"The Best of Chopin","mbid":"11075c70-39ca-458a-a36b-b9cf1572c181","artist":{"name":"Frédéric Chopin"}},"application":"Grooveshark"},{"timestamp":{"iso":"2013-07-26T05:22:06","unixtimestamp":1374816126},"track":{"name":"Sonata in g minor for flute, harp \u0026 cello","mbid":"92896ad5-6c1b-4701-bd86-1b6de457f629","artist":{"name":"Johann Sebastian Bach","mbid":"24f1766e-9635-4d58-a4d4-9413f9f98a4c"}},"uncorrectedTrack":{"name":"Sonata in G minor for Flute, Harp \u0026 Cello","artist":{"name":"Bach","mbid":"9cefb3f2-763c-47a3-bc1e-86f1f35206f0"}},"album":{"name":"Bach for Breakfast","artist":{"name":"Bach","mbid":"9cefb3f2-763c-47a3-bc1e-86f1f35206f0"}},"application":"Grooveshark"},{"timestamp":{"iso":"2013-07-26T05:31:41","unixtimestamp":1374816701},"track":{"name":"Piano Sonata No 14","artist":{"name":"Ludwig van Beethoven","mbid":"1f9df192-a621-4f54-8850-2c5373b7eac9"}},"uncorrectedTrack":{"name":"Piano Sonata No 14","artist":{"name":"Beethoven","mbid":"b160e4df-52f8-4487-8375-e8fc7de4970b"}},"album":{"name":"Moonlight Sonata","artist":{"name":"Beethoven","mbid":"b160e4df-52f8-4487-8375-e8fc7de4970b"}},"application":"Grooveshark"},{"timestamp":{"iso":"2013-07-26T05:38:25","unixtimestamp":1374817105},"track":{"name":"Beethoven - Piano Sonata no.23, Appassionata, Op.57, I. Allegro Assai","artist":{"name":"Ludwig van Beethoven","mbid":"1f9df192-a621-4f54-8850-2c5373b7eac9"}},"uncorrectedTrack":{"name":"Beethoven - Piano Sonata no.23, Appassionata, Op.57, I. Allegro Assai","artist":{"name":"Beethoven","mbid":"b160e4df-52f8-4487-8375-e8fc7de4970b"}},"album":{"name":"Piano","artist":{"name":"Beethoven","mbid":"b160e4df-52f8-4487-8375-e8fc7de4970b"}},"application":"Grooveshark"},{"timestamp":{"iso":"2013-07-26T20:24:51","unixtimestamp":1374870291},"track":{"name":"Piano Sonata No 14","artist":{"name":"Ludwig van Beethoven","mbid":"1f9df192-a621-4f54-8850-2c5373b7eac9"}},"uncorrectedTrack":{"name":"Piano Sonata No 14","artist":{"name":"Beethoven","mbid":"b160e4df-52f8-4487-8375-e8fc7de4970b"}},"album":{"name":"Moonlight Sonata","artist":{"name":"Beethoven","mbid":"b160e4df-52f8-4487-8375-e8fc7de4970b"}},"application":"Grooveshark"},{"timestamp":{"iso":"2013-07-26T20:31:34","unixtimestamp":1374870694},"track":{"name":"Beethoven - Piano Sonata no.23, Appassionata, Op.57, I. Allegro Assai","artist":{"name":"Ludwig van Beethoven","mbid":"1f9df192-a621-4f54-8850-2c5373b7eac9"}},"uncorrectedTrack":{"name":"Beethoven - Piano Sonata no.23, Appassionata, Op.57, I. Allegro Assai","artist":{"name":"Beethoven","mbid":"b160e4df-52f8-4487-8375-e8fc7de4970b"}},"album":{"name":"Piano","artist":{"name":"Beethoven","mbid":"b160e4df-52f8-4487-8375-e8fc7de4970b"}},"application":"Grooveshark"},{"timestamp":{"iso":"2013-07-26T20:34:24","unixtimestamp":1374870864},"track":{"name":"Beethoven - Piano Sonata no.23, Appassionata, Op.57, II. Andante con moto","artist":{"name":"Ludwig van Beethoven","mbid":"1f9df192-a621-4f54-8850-2c5373b7eac9"}},"uncorrectedTrack":{"name":"Beethoven - Piano Sonata no.23, Appassionata, Op.57, II. Andante con moto","artist":{"name":"Beethoven","mbid":"b160e4df-52f8-4487-8375-e8fc7de4970b"}},"album":{"name":"Piano","artist":{"name":"Beethoven","mbid":"b160e4df-52f8-4487-8375-e8fc7de4970b"}},"application":"Grooveshark"},{"timestamp":{"iso":"2013-07-26T20:41:13","unixtimestamp":1374871273},"track":{"name":"Piano Sonata No. 29 in B flat major (\u0027Hammerklavier\u0027) Op. 106: Allegro","artist":{"name":"Ludwig van Beethoven","mbid":"1f9df192-a621-4f54-8850-2c5373b7eac9"}},"uncorrectedTrack":{"name":"Piano Sonata No. 29 in B flat major (\u0027Hammerklavier\u0027) Op. 106: Allegro","artist":{"name":"Beethoven","mbid":"b160e4df-52f8-4487-8375-e8fc7de4970b"}},"album":{"name":"Beethoven: The Complete Piano Sonatas Richard Goode","artist":{"name":"Beethoven","mbid":"b160e4df-52f8-4487-8375-e8fc7de4970b"}},"application":"Grooveshark"},{"timestamp":{"iso":"2013-07-26T20:52:33","unixtimestamp":1374871953},"track":{"name":"Piano Sonata No. 29 in B flat major (\u0027Hammerklavier\u0027) Op. 106: Allegro","artist":{"name":"Ludwig van Beethoven","mbid":"1f9df192-a621-4f54-8850-2c5373b7eac9"}},"uncorrectedTrack":{"name":"Piano Sonata No. 29 in B flat major (\u0027Hammerklavier\u0027) Op. 106: Allegro","artist":{"name":"Beethoven","mbid":"b160e4df-52f8-4487-8375-e8fc7de4970b"}},"album":{"name":"Beethoven: The Complete Piano Sonatas Richard Goode","artist":{"name":"Beethoven","mbid":"b160e4df-52f8-4487-8375-e8fc7de4970b"}},"application":"Grooveshark"},{"timestamp":{"iso":"2013-07-26T22:25:49","unixtimestamp":1374877549},"track":{"name":"All That You Give","mbid":"91247ee5-9e3d-401c-b5b2-8bf63c11ec71","artist":{"name":"The Cinematic Orchestra","mbid":"7c158ea8-c0aa-410e-bdc1-20bba9759577"}},"uncorrectedTrack":{"name":"All That You Give","mbid":"91247ee5-9e3d-401c-b5b2-8bf63c11ec71","artist":{"name":"The Cinematic Orchestra","mbid":"7c158ea8-c0aa-410e-bdc1-20bba9759577"}},"album":{"name":"Every Day","mbid":"44270faa-917a-4415-be27-d7f0aab94d52","artist":{"name":"The Cinematic Orchestra","mbid":"7c158ea8-c0aa-410e-bdc1-20bba9759577"}},"application":"Grooveshark"},{"timestamp":{"iso":"2013-07-26T22:31:08","unixtimestamp":1374877868},"track":{"name":"Cinematic Orchestra - Burn Out","artist":{"name":"The Cinematic Orchestra","mbid":"7c158ea8-c0aa-410e-bdc1-20bba9759577"}},"uncorrectedTrack":{"name":"Cinematic Orchestra - Burn Out","artist":{"name":"The Cinematic Orchestra","mbid":"7c158ea8-c0aa-410e-bdc1-20bba9759577"}},"album":{"name":"Every Day","mbid":"44270faa-917a-4415-be27-d7f0aab94d52","artist":{"name":"The Cinematic Orchestra","mbid":"7c158ea8-c0aa-410e-bdc1-20bba9759577"}},"application":"Grooveshark"},{"timestamp":{"iso":"2013-07-26T22:41:22","unixtimestamp":1374878482},"track":{"name":"Cinematic Orchestra - Flite","artist":{"name":"The Cinematic Orchestra","mbid":"7c158ea8-c0aa-410e-bdc1-20bba9759577"}},"uncorrectedTrack":{"name":"Cinematic Orchestra - Flite","artist":{"name":"The Cinematic Orchestra","mbid":"7c158ea8-c0aa-410e-bdc1-20bba9759577"}},"album":{"name":"Every Day","mbid":"44270faa-917a-4415-be27-d7f0aab94d52","artist":{"name":"The Cinematic Orchestra","mbid":"7c158ea8-c0aa-410e-bdc1-20bba9759577"}},"application":"Grooveshark"},{"timestamp":{"iso":"2013-07-26T22:47:58","unixtimestamp":1374878878},"track":{"name":"Evolution - The Cinematic Orchestra, Fontella Bass","artist":{"name":"The Cinematic Orchestra","mbid":"7c158ea8-c0aa-410e-bdc1-20bba9759577"}},"uncorrectedTrack":{"name":"Evolution - The Cinematic Orchestra, Fontella Bass","artist":{"name":"The Cinematic Orchestra","mbid":"7c158ea8-c0aa-410e-bdc1-20bba9759577"}},"album":{"name":"Every Day","mbid":"44270faa-917a-4415-be27-d7f0aab94d52","artist":{"name":"The Cinematic Orchestra","mbid":"7c158ea8-c0aa-410e-bdc1-20bba9759577"}},"application":"Grooveshark"},{"timestamp":{"iso":"2013-07-26T22:49:01","unixtimestamp":1374878941},"track":{"name":"Cinematic Orchestra - Everyday","artist":{"name":"The Cinematic Orchestra","mbid":"7c158ea8-c0aa-410e-bdc1-20bba9759577"}},"uncorrectedTrack":{"name":"Cinematic Orchestra - Everyday","artist":{"name":"The Cinematic Orchestra","mbid":"7c158ea8-c0aa-410e-bdc1-20bba9759577"}},"album":{"name":"Every Day","mbid":"44270faa-917a-4415-be27-d7f0aab94d52","artist":{"name":"The Cinematic Orchestra","mbid":"7c158ea8-c0aa-410e-bdc1-20bba9759577"}},"application":"Grooveshark"},{"timestamp":{"iso":"2013-07-26T22:59:19","unixtimestamp":1374879559},"track":{"name":"Oregon (Japanese bonus track)","artist":{"name":"The Cinematic Orchestra","mbid":"7c158ea8-c0aa-410e-bdc1-20bba9759577"}},"uncorrectedTrack":{"name":"Oregon (Japanese bonus track)","artist":{"name":"The Cinematic Orchestra","mbid":"7c158ea8-c0aa-410e-bdc1-20bba9759577"}},"album":{"name":"Every Day","mbid":"44270faa-917a-4415-be27-d7f0aab94d52","artist":{"name":"The Cinematic Orchestra","mbid":"7c158ea8-c0aa-410e-bdc1-20bba9759577"}},"application":"Grooveshark"},{"timestamp":{"iso":"2013-07-26T23:03:31","unixtimestamp":1374879811},"track":{"name":"Horizon (feat. Niara Scarlett)","mbid":"7bdf3c32-b9fb-4a88-b996-bfcab2bf8438","artist":{"name":"The Cinematic Orchestra","mbid":"7c158ea8-c0aa-410e-bdc1-20bba9759577"}},"uncorrectedTrack":{"name":"Horizon (feat. Niara Scarlett)","mbid":"7bdf3c32-b9fb-4a88-b996-bfcab2bf8438","artist":{"name":"The Cinematic Orchestra","mbid":"7c158ea8-c0aa-410e-bdc1-20bba9759577"}},"album":{"name":"Every Day","mbid":"44270faa-917a-4415-be27-d7f0aab94d52","artist":{"name":"The Cinematic Orchestra","mbid":"7c158ea8-c0aa-410e-bdc1-20bba9759577"}},"application":"Grooveshark"},{"timestamp":{"iso":"2013-07-26T23:04:41","unixtimestamp":1374879881},"track":{"name":"I Wanna Be the One","mbid":"6c9371d9-9f33-43f7-b557-2656324937de","artist":{"name":"fun.","mbid":"136c4166-85b3-4994-aa04-59857c434199"}},"uncorrectedTrack":{"name":"I Wanna Be the One","mbid":"6c9371d9-9f33-43f7-b557-2656324937de","artist":{"name":"fun.","mbid":"136c4166-85b3-4994-aa04-59857c434199"}},"album":{"name":"Aim \u0026 Ignite","artist":{"name":"fun.","mbid":"136c4166-85b3-4994-aa04-59857c434199"}},"application":"Grooveshark"},{"timestamp":{"iso":"2013-07-26T23:08:20","unixtimestamp":1374880100},"track":{"name":"All That You Give (Dr Rockit R","artist":{"name":"The Cinematic Orchestra","mbid":"7c158ea8-c0aa-410e-bdc1-20bba9759577"}},"uncorrectedTrack":{"name":"All That You Give (Dr Rockit R","artist":{"name":"The Cinematic Orchestra","mbid":"7c158ea8-c0aa-410e-bdc1-20bba9759577"}},"album":{"name":"Every Day","mbid":"44270faa-917a-4415-be27-d7f0aab94d52","artist":{"name":"The Cinematic Orchestra","mbid":"7c158ea8-c0aa-410e-bdc1-20bba9759577"}},"application":"Grooveshark"},{"timestamp":{"iso":"2013-07-26T23:09:37","unixtimestamp":1374880177},"track":{"name":"To Build a Home","mbid":"84958440-f733-4230-a333-17f08eacf3db","artist":{"name":"The Cinematic Orchestra","mbid":"7c158ea8-c0aa-410e-bdc1-20bba9759577"}},"uncorrectedTrack":{"name":"To Build a Home","mbid":"84958440-f733-4230-a333-17f08eacf3db","artist":{"name":"The Cinematic Orchestra","mbid":"7c158ea8-c0aa-410e-bdc1-20bba9759577"}},"album":{"name":"Ma Fleur","mbid":"63ebd406-fd8c-4382-a4b8-08b5d205c2c3","artist":{"name":"The Cinematic Orchestra","mbid":"7c158ea8-c0aa-410e-bdc1-20bba9759577"}},"application":"Grooveshark"},{"timestamp":{"iso":"2013-07-26T23:15:46","unixtimestamp":1374880546},"track":{"name":"Time and Space","mbid":"2cc6550b-b89b-4c43-99f3-78c531e7af36","artist":{"name":"The Cinematic Orchestra","mbid":"7c158ea8-c0aa-410e-bdc1-20bba9759577"}},"uncorrectedTrack":{"name":"Time and Space","mbid":"2cc6550b-b89b-4c43-99f3-78c531e7af36","artist":{"name":"The Cinematic Orchestra","mbid":"7c158ea8-c0aa-410e-bdc1-20bba9759577"}},"album":{"name":"Ma Fleur","mbid":"63ebd406-fd8c-4382-a4b8-08b5d205c2c3","artist":{"name":"The Cinematic Orchestra","mbid":"7c158ea8-c0aa-410e-bdc1-20bba9759577"}},"application":"Grooveshark"}]