[{"timestamp":{"iso":"2010-10-18T01:48:26","unixtimestamp":1287366506},"track":{"name":"Byakkoya no musume","artist":{"name":"平沢進","mbid":"31e7b30b-f960-408f-908b-c8e277308eab"}},"uncorrectedTrack":{"name":"Byakkoya no Musume","artist":{"name":"Susumu Hirasawa"}},"album":{"name":"Paprika Soundtrack","artist":{"name":"Susumu Hirasawa"}}},{"timestamp":{"iso":"2010-10-18T01:56:50","unixtimestamp":1287367010},"track":{"name":"The High Road","mbid":"e0adfd20-9ef5-4772-86d3-66977673cbff","artist":{"name":"Broken Bells","mbid":"62d364d2-550b-420e-b918-b3bd1e4a2efc"}},"uncorrectedTrack":{"name":"The High Road","mbid":"e0adfd20-9ef5-4772-86d3-66977673cbff","artist":{"name":"Broken Bells","mbid":"62d364d2-550b-420e-b918-b3bd1e4a2efc"}},"album":{"name":"Broken Bells","mbid":"e8f8ead8-7abb-42f2-8974-19c6b16cf4bf","artist":{"name":"Broken Bells","mbid":"62d364d2-550b-420e-b918-b3bd1e4a2efc"}}},{"timestamp":{"iso":"2010-10-18T02:00:42","unixtimestamp":1287367242},"track":{"name":"African Velvet","mbid":"09d1e667-b1d1-46ec-9b72-ba6332391b15","artist":{"name":"Air","mbid":"018dcc90-b1a2-400a-a96e-64b6a101f009"}},"uncorrectedTrack":{"name":"African Velvet","mbid":"09d1e667-b1d1-46ec-9b72-ba6332391b15","artist":{"name":"Air","mbid":"018dcc90-b1a2-400a-a96e-64b6a101f009"}},"album":{"name":"Love 2","mbid":"476fe9ed-0df9-33b3-9de4-bf55666f1df9","artist":{"name":"Air","mbid":"018dcc90-b1a2-400a-a96e-64b6a101f009"}}},{"timestamp":{"iso":"2010-10-18T02:05:49","unixtimestamp":1287367549},"track":{"name":"Ghosts N Stuff","mbid":"05542e90-747e-439e-840a-fac5c246c444","artist":{"name":"deadmau5","mbid":"316f2aab-3477-4c62-bb08-eb04dcdcc18f"}},"uncorrectedTrack":{"name":"Ghosts N Stuff","mbid":"05542e90-747e-439e-840a-fac5c246c444","artist":{"name":"deadmau5","mbid":"316f2aab-3477-4c62-bb08-eb04dcdcc18f"}},"album":{"name":"It Sounds Like","mbid":"b0a03a16-3daa-4abd-89e6-50858f300246","artist":{"name":"deadmau5","mbid":"316f2aab-3477-4c62-bb08-eb04dcdcc18f"}}},{"timestamp":{"iso":"2010-10-18T02:10:14","unixtimestamp":1287367814},"track":{"name":"Old Old Fashioned","mbid":"01ca008a-cd78-4474-bb78-febc7e3a20f9","artist":{"name":"Frightened Rabbit","mbid":"dc21d171-7204-4759-9fd0-77d031aeb40c"}},"uncorrectedTrack":{"name":"Old Old Fashioned","mbid":"01ca008a-cd78-4474-bb78-febc7e3a20f9","artist":{"name":"Frightened Rabbit","mbid":"dc21d171-7204-4759-9fd0-77d031aeb40c"}},"album":{"name":"The Midnight Organ Fight","mbid":"c3df7206-f769-49bb-9f57-2f6110c65621","artist":{"name":"Frightened Rabbit","mbid":"dc21d171-7204-4759-9fd0-77d031aeb40c"}}},{"timestamp":{"iso":"2010-10-18T02:13:52","unixtimestamp":1287368032},"track":{"name":"Clouds Over Greenland","artist":{"name":"Wonderful Noise"}},"uncorrectedTrack":{"name":"Clouds Over Greenland","artist":{"name":"Wonderful Noise"}}},{"timestamp":{"iso":"2010-10-18T02:14:59","unixtimestamp":1287368099},"track":{"name":"anythingwildo","artist":{"name":"Wonderful Noise"}},"uncorrectedTrack":{"name":"anythingwildo","artist":{"name":"Wonderful Noise"}}},{"timestamp":{"iso":"2010-10-18T02:18:10","unixtimestamp":1287368290},"track":{"name":"YouandI","artist":{"name":"Wonderful Noise"}},"uncorrectedTrack":{"name":"YouandI","artist":{"name":"Wonderful Noise"}}},{"timestamp":{"iso":"2010-10-18T02:21:00","unixtimestamp":1287368460},"track":{"name":"The Modern Leper","mbid":"80845237-3651-4451-a10f-79a0b9dc01d8","artist":{"name":"Frightened Rabbit","mbid":"dc21d171-7204-4759-9fd0-77d031aeb40c"}},"uncorrectedTrack":{"name":"The Modern Leper","mbid":"80845237-3651-4451-a10f-79a0b9dc01d8","artist":{"name":"Frightened Rabbit","mbid":"dc21d171-7204-4759-9fd0-77d031aeb40c"}},"album":{"name":"The Midnight Organ Fight","mbid":"c3df7206-f769-49bb-9f57-2f6110c65621","artist":{"name":"Frightened Rabbit","mbid":"dc21d171-7204-4759-9fd0-77d031aeb40c"}}},{"timestamp":{"iso":"2010-10-18T02:24:49","unixtimestamp":1287368689},"track":{"name":"Toxic Girl","mbid":"0615a4a9-28a5-45e5-bb13-79be884fbc6c","artist":{"name":"Kings of Convenience","mbid":"cf0f4547-ffbd-4011-98ad-0bec9ba022db"}},"uncorrectedTrack":{"name":"Toxic Girl","mbid":"0615a4a9-28a5-45e5-bb13-79be884fbc6c","artist":{"name":"Kings of Convenience","mbid":"cf0f4547-ffbd-4011-98ad-0bec9ba022db"}},"album":{"name":"Quiet Is the New Loud","mbid":"f8e764f3-467d-4935-ba3d-32d898ed1c0b","artist":{"name":"Kings of Convenience","mbid":"cf0f4547-ffbd-4011-98ad-0bec9ba022db"}}},{"timestamp":{"iso":"2010-10-18T02:27:58","unixtimestamp":1287368878},"track":{"name":"Superstar (feat. Matthew Santos)","artist":{"name":"Lupe Fiasco","mbid":"cf15719f-51f9-4db8-a15d-5eed9664ce69"}},"uncorrectedTrack":{"name":"Superstar (feat. Matthew Santos)","artist":{"name":"Lupe Fiasco","mbid":"cf15719f-51f9-4db8-a15d-5eed9664ce69"}},"album":{"name":"Superstar","mbid":"483bc41c-7ee8-4da0-89c3-6236e95e5edf","artist":{"name":"Lupe Fiasco","mbid":"cf15719f-51f9-4db8-a15d-5eed9664ce69"}}},{"timestamp":{"iso":"2010-10-18T02:32:42","unixtimestamp":1287369162},"track":{"name":"Operation Costs","mbid":"7454b8a0-7b92-47b8-991c-7a99cee70bb5","artist":{"name":"Lusine"}},"uncorrectedTrack":{"name":"Operation Costs","mbid":"7454b8a0-7b92-47b8-991c-7a99cee70bb5","artist":{"name":"Lusine"}},"album":{"name":"A Certain Distance","mbid":"8ac4688a-415e-475f-8aa2-824613cdd44b","artist":{"name":"Lusine"}}},{"timestamp":{"iso":"2010-10-18T02:36:59","unixtimestamp":1287369419},"track":{"name":"Electric Feel","mbid":"a07231cc-0604-4c0b-9cbf-b86cf6845aaa","artist":{"name":"MGMT","mbid":"50e6288e-3db5-4253-ae51-5e8738ef2c31"}},"uncorrectedTrack":{"name":"Electric Feel","mbid":"a07231cc-0604-4c0b-9cbf-b86cf6845aaa","artist":{"name":"MGMT","mbid":"50e6288e-3db5-4253-ae51-5e8738ef2c31"}},"album":{"name":"Oracular Spectacular","mbid":"44e1c283-8a80-44b8-91d3-7e72b69228bf","artist":{"name":"MGMT","mbid":"50e6288e-3db5-4253-ae51-5e8738ef2c31"}}},{"timestamp":{"iso":"2010-10-18T02:40:49","unixtimestamp":1287369649},"track":{"name":"Slow Light","mbid":"55e45e65-09fc-4e31-8d72-db6e2674c6d2","artist":{"name":"Moby","mbid":"00810267-f0ac-45a6-ae99-0b8c9c18f3c2"}},"uncorrectedTrack":{"name":"Slow Light","mbid":"55e45e65-09fc-4e31-8d72-db6e2674c6d2","artist":{"name":"Moby","mbid":"00810267-f0ac-45a6-ae99-0b8c9c18f3c2"}},"album":{"name":"Wait for Me","mbid":"8e378c3e-0af4-373f-94fc-84c03e8b4374","artist":{"name":"Moby","mbid":"00810267-f0ac-45a6-ae99-0b8c9c18f3c2"}}},{"timestamp":{"iso":"2010-10-18T02:44:50","unixtimestamp":1287369890},"track":{"name":"Isolate","mbid":"6265a50a-2df4-4739-810e-cd6515086752","artist":{"name":"Moby","mbid":"00810267-f0ac-45a6-ae99-0b8c9c18f3c2"}},"uncorrectedTrack":{"name":"Isolate","mbid":"6265a50a-2df4-4739-810e-cd6515086752","artist":{"name":"Moby","mbid":"00810267-f0ac-45a6-ae99-0b8c9c18f3c2"}},"album":{"name":"Wait for Me","mbid":"8e378c3e-0af4-373f-94fc-84c03e8b4374","artist":{"name":"Moby","mbid":"00810267-f0ac-45a6-ae99-0b8c9c18f3c2"}}},{"timestamp":{"iso":"2010-10-18T02:48:52","unixtimestamp":1287370132},"track":{"name":"The Twist","mbid":"cb3ba18f-7ccb-4cd6-b206-fd707fa5842d","artist":{"name":"Frightened Rabbit","mbid":"dc21d171-7204-4759-9fd0-77d031aeb40c"}},"uncorrectedTrack":{"name":"The Twist","mbid":"cb3ba18f-7ccb-4cd6-b206-fd707fa5842d","artist":{"name":"Frightened Rabbit","mbid":"dc21d171-7204-4759-9fd0-77d031aeb40c"}},"album":{"name":"The Midnight Organ Fight","mbid":"c3df7206-f769-49bb-9f57-2f6110c65621","artist":{"name":"Frightened Rabbit","mbid":"dc21d171-7204-4759-9fd0-77d031aeb40c"}}},{"timestamp":{"iso":"2010-10-18T02:52:23","unixtimestamp":1287370343},"track":{"name":"Simple Twist of Fate","mbid":"497786af-1433-43db-b9a7-db5f9fb9f5ee","artist":{"name":"Bob Dylan","mbid":"25144665-e9ac-416f-aba3-0c8b4ee547d5"}},"uncorrectedTrack":{"name":"Simple Twist of Fate","mbid":"497786af-1433-43db-b9a7-db5f9fb9f5ee","artist":{"name":"Bob Dylan","mbid":"25144665-e9ac-416f-aba3-0c8b4ee547d5"}},"album":{"name":"Blood on the Tracks","mbid":"ca6637f0-65f2-48f6-8b9b-bb52b1deaa7a","artist":{"name":"Bob Dylan","mbid":"25144665-e9ac-416f-aba3-0c8b4ee547d5"}}},{"timestamp":{"iso":"2010-10-18T02:56:40","unixtimestamp":1287370600},"track":{"name":"Twisted Transistor","mbid":"0c4df965-8fc9-4fa6-9b82-6b43534924d4","artist":{"name":"Korn","mbid":"ac865b2e-bba8-4f5a-8756-dd40d5e39f46"}},"uncorrectedTrack":{"name":"Twisted Transistor","mbid":"0c4df965-8fc9-4fa6-9b82-6b43534924d4","artist":{"name":"Korn","mbid":"ac865b2e-bba8-4f5a-8756-dd40d5e39f46"}},"album":{"name":"See You on the Other Side","mbid":"cc3ebe4a-f596-4f74-b684-69054a0fa453","artist":{"name":"Korn","mbid":"ac865b2e-bba8-4f5a-8756-dd40d5e39f46"}}},{"timestamp":{"iso":"2010-10-18T02:59:42","unixtimestamp":1287370782},"track":{"name":"Coming Undone","mbid":"29096343-0958-4746-a509-fd236372cf09","artist":{"name":"Korn","mbid":"ac865b2e-bba8-4f5a-8756-dd40d5e39f46"}},"uncorrectedTrack":{"name":"Coming Undone","mbid":"29096343-0958-4746-a509-fd236372cf09","artist":{"name":"Korn","mbid":"ac865b2e-bba8-4f5a-8756-dd40d5e39f46"}},"album":{"name":"Coming Undone CDM","artist":{"name":"Korn","mbid":"ac865b2e-bba8-4f5a-8756-dd40d5e39f46"}}},{"timestamp":{"iso":"2010-10-18T03:03:43","unixtimestamp":1287371023},"track":{"name":"Spitfire","mbid":"6883096b-6342-4f50-86e7-702e79cdf354","artist":{"name":"The Prodigy","mbid":"4a4ee089-93b1-4470-af9a-6ff575d32704"}},"uncorrectedTrack":{"name":"Spitfire","mbid":"6883096b-6342-4f50-86e7-702e79cdf354","artist":{"name":"The Prodigy","mbid":"4a4ee089-93b1-4470-af9a-6ff575d32704"}},"album":{"name":"Their Law: The Singles 1990/2005","artist":{"name":"The Prodigy","mbid":"4a4ee089-93b1-4470-af9a-6ff575d32704"}}},{"timestamp":{"iso":"2010-10-19T22:49:36","unixtimestamp":1287528576},"track":{"name":"Ghosts N Stuff","mbid":"05542e90-747e-439e-840a-fac5c246c444","artist":{"name":"deadmau5","mbid":"316f2aab-3477-4c62-bb08-eb04dcdcc18f"}},"uncorrectedTrack":{"name":"Ghosts N Stuff","mbid":"05542e90-747e-439e-840a-fac5c246c444","artist":{"name":"deadmau5","mbid":"316f2aab-3477-4c62-bb08-eb04dcdcc18f"}},"album":{"name":"It Sounds Like","mbid":"b0a03a16-3daa-4abd-89e6-50858f300246","artist":{"name":"deadmau5","mbid":"316f2aab-3477-4c62-bb08-eb04dcdcc18f"}}},{"timestamp":{"iso":"2010-10-19T22:55:48","unixtimestamp":1287528948},"track":{"name":"Old Old Fashioned","mbid":"01ca008a-cd78-4474-bb78-febc7e3a20f9","artist":{"name":"Frightened Rabbit","mbid":"dc21d171-7204-4759-9fd0-77d031aeb40c"}},"uncorrectedTrack":{"name":"Old Old Fashioned","mbid":"01ca008a-cd78-4474-bb78-febc7e3a20f9","artist":{"name":"Frightened Rabbit","mbid":"dc21d171-7204-4759-9fd0-77d031aeb40c"}},"album":{"name":"The Midnight Organ Fight","mbid":"c3df7206-f769-49bb-9f57-2f6110c65621","artist":{"name":"Frightened Rabbit","mbid":"dc21d171-7204-4759-9fd0-77d031aeb40c"}}},{"timestamp":{"iso":"2010-10-19T22:59:31","unixtimestamp":1287529171},"track":{"name":"Derniere danse","artist":{"name":"Kyo","mbid":"016de4c4-6dfd-4f33-9655-0deaa85644bb"}},"uncorrectedTrack":{"name":"Derniere danse","artist":{"name":"Kyo","mbid":"016de4c4-6dfd-4f33-9655-0deaa85644bb"}}},{"timestamp":{"iso":"2010-10-19T23:03:19","unixtimestamp":1287529399},"track":{"name":"Tout Envoyer En L\u0027Air","mbid":"5b3106e2-764a-4a81-8591-f12d9c23deb0","artist":{"name":"Kyo","mbid":"016de4c4-6dfd-4f33-9655-0deaa85644bb"}},"uncorrectedTrack":{"name":"Tout Envoyer En L\u0027Air","mbid":"5b3106e2-764a-4a81-8591-f12d9c23deb0","artist":{"name":"Kyo","mbid":"016de4c4-6dfd-4f33-9655-0deaa85644bb"}}},{"timestamp":{"iso":"2010-10-19T23:06:31","unixtimestamp":1287529591},"track":{"name":"Vaporize","mbid":"1ab79466-00b5-46b0-be2a-c2d395003bf9","artist":{"name":"Broken Bells","mbid":"62d364d2-550b-420e-b918-b3bd1e4a2efc"}},"uncorrectedTrack":{"name":"Vaporize","mbid":"1ab79466-00b5-46b0-be2a-c2d395003bf9","artist":{"name":"Broken Bells","mbid":"62d364d2-550b-420e-b918-b3bd1e4a2efc"}},"album":{"name":"Broken Bells","mbid":"e8f8ead8-7abb-42f2-8974-19c6b16cf4bf","artist":{"name":"Broken Bells","mbid":"62d364d2-550b-420e-b918-b3bd1e4a2efc"}}},{"timestamp":{"iso":"2010-10-19T23:10:01","unixtimestamp":1287529801},"track":{"name":"Betray","mbid":"3bff9e39-3c51-4fba-b9f1-060272076827","artist":{"name":"Son Lux","mbid":"afcd292c-3c1e-4708-af4a-991aadf957e4"}},"uncorrectedTrack":{"name":"Betray","mbid":"3bff9e39-3c51-4fba-b9f1-060272076827","artist":{"name":"Son Lux","mbid":"afcd292c-3c1e-4708-af4a-991aadf957e4"}},"album":{"name":"At War with Walls and Mazes - 2008 - Flac","artist":{"name":"Son Lux","mbid":"afcd292c-3c1e-4708-af4a-991aadf957e4"}}},{"timestamp":{"iso":"2010-10-19T23:15:06","unixtimestamp":1287530106},"track":{"name":"Two Dots","artist":{"name":"Lusine"}},"uncorrectedTrack":{"name":"Two Dots","artist":{"name":"Lusine"}},"album":{"name":"A Certain Distance","mbid":"8ac4688a-415e-475f-8aa2-824613cdd44b","artist":{"name":"Lusine"}}},{"timestamp":{"iso":"2010-10-19T23:19:44","unixtimestamp":1287530384},"track":{"name":"The Ghost Inside","mbid":"d9804075-a4e6-4b68-a1a1-3abc04aacf8e","artist":{"name":"Broken Bells","mbid":"62d364d2-550b-420e-b918-b3bd1e4a2efc"}},"uncorrectedTrack":{"name":"The Ghost Inside","mbid":"d9804075-a4e6-4b68-a1a1-3abc04aacf8e","artist":{"name":"Broken Bells","mbid":"62d364d2-550b-420e-b918-b3bd1e4a2efc"}},"album":{"name":"Broken Bells","mbid":"e8f8ead8-7abb-42f2-8974-19c6b16cf4bf","artist":{"name":"Broken Bells","mbid":"62d364d2-550b-420e-b918-b3bd1e4a2efc"}}},{"timestamp":{"iso":"2010-10-19T23:23:03","unixtimestamp":1287530583},"track":{"name":"Je Cours","mbid":"4b5246c2-f5d3-4d9c-9f22-dbb3e3ccd6bf","artist":{"name":"Kyo","mbid":"016de4c4-6dfd-4f33-9655-0deaa85644bb"}},"uncorrectedTrack":{"name":"Je Cours","mbid":"4b5246c2-f5d3-4d9c-9f22-dbb3e3ccd6bf","artist":{"name":"Kyo","mbid":"016de4c4-6dfd-4f33-9655-0deaa85644bb"}},"album":{"name":"Le Chemin","mbid":"e614c12e-413f-427f-aa18-79f264cb0409","artist":{"name":"Kyo","mbid":"016de4c4-6dfd-4f33-9655-0deaa85644bb"}}},{"timestamp":{"iso":"2010-10-19T23:26:07","unixtimestamp":1287530767},"track":{"name":"Eitheror","mbid":"86a9e9a7-aa75-4448-9608-a3ca20e46dad","artist":{"name":"Little People","mbid":"0ab53372-ba70-4e7b-814b-12bc35fe4719"}},"uncorrectedTrack":{"name":"Eitheror","mbid":"86a9e9a7-aa75-4448-9608-a3ca20e46dad","artist":{"name":"Little People","mbid":"0ab53372-ba70-4e7b-814b-12bc35fe4719"}},"album":{"name":"Mickey Mouse Operation","mbid":"db4d5128-f065-4938-8161-c50cf64b6f05","artist":{"name":"Little People","mbid":"0ab53372-ba70-4e7b-814b-12bc35fe4719"}}},{"timestamp":{"iso":"2010-10-19T23:31:52","unixtimestamp":1287531112},"track":{"name":"Trap Doors","mbid":"15658687-52c8-4c9d-82f3-e7aa7d313650","artist":{"name":"Broken Bells","mbid":"62d364d2-550b-420e-b918-b3bd1e4a2efc"}},"uncorrectedTrack":{"name":"Trap Doors","mbid":"15658687-52c8-4c9d-82f3-e7aa7d313650","artist":{"name":"Broken Bells","mbid":"62d364d2-550b-420e-b918-b3bd1e4a2efc"}},"album":{"name":"Broken Bells","mbid":"e8f8ead8-7abb-42f2-8974-19c6b16cf4bf","artist":{"name":"Broken Bells","mbid":"62d364d2-550b-420e-b918-b3bd1e4a2efc"}}},{"timestamp":{"iso":"2010-10-19T23:35:11","unixtimestamp":1287531311},"track":{"name":"The Twist","mbid":"cb3ba18f-7ccb-4cd6-b206-fd707fa5842d","artist":{"name":"Frightened Rabbit","mbid":"dc21d171-7204-4759-9fd0-77d031aeb40c"}},"uncorrectedTrack":{"name":"The Twist","mbid":"cb3ba18f-7ccb-4cd6-b206-fd707fa5842d","artist":{"name":"Frightened Rabbit","mbid":"dc21d171-7204-4759-9fd0-77d031aeb40c"}},"album":{"name":"The Midnight Organ Fight","mbid":"c3df7206-f769-49bb-9f57-2f6110c65621","artist":{"name":"Frightened Rabbit","mbid":"dc21d171-7204-4759-9fd0-77d031aeb40c"}}},{"timestamp":{"iso":"2010-10-19T23:38:52","unixtimestamp":1287531532},"track":{"name":"Cousins","mbid":"c17a17ab-920b-48bb-873c-04827e72c9bf","artist":{"name":"Vampire Weekend","mbid":"af37c51c-0790-4a29-b995-456f98a6b8c9"}},"uncorrectedTrack":{"name":"Cousins","mbid":"c17a17ab-920b-48bb-873c-04827e72c9bf","artist":{"name":"Vampire Weekend","mbid":"af37c51c-0790-4a29-b995-456f98a6b8c9"}},"album":{"name":"Contra","mbid":"6a37f216-01ce-4102-ae19-d3546925cc24","artist":{"name":"Vampire Weekend","mbid":"af37c51c-0790-4a29-b995-456f98a6b8c9"}}},{"timestamp":{"iso":"2010-10-19T23:41:18","unixtimestamp":1287531678},"track":{"name":"I Think Ur a Contra","mbid":"1c242a81-e3b1-4afd-b661-79889a8e7d58","artist":{"name":"Vampire Weekend","mbid":"af37c51c-0790-4a29-b995-456f98a6b8c9"}},"uncorrectedTrack":{"name":"I Think Ur a Contra","mbid":"1c242a81-e3b1-4afd-b661-79889a8e7d58","artist":{"name":"Vampire Weekend","mbid":"af37c51c-0790-4a29-b995-456f98a6b8c9"}},"album":{"name":"Contra","mbid":"6a37f216-01ce-4102-ae19-d3546925cc24","artist":{"name":"Vampire Weekend","mbid":"af37c51c-0790-4a29-b995-456f98a6b8c9"}}},{"timestamp":{"iso":"2010-10-19T23:44:09","unixtimestamp":1287531849},"track":{"name":"The Kids Don\u0027t Stand a Chance","mbid":"02876cab-616f-4be0-be1b-aff583db982d","artist":{"name":"Vampire Weekend","mbid":"af37c51c-0790-4a29-b995-456f98a6b8c9"}},"uncorrectedTrack":{"name":"The Kids Don\u0027t Stand a Chance","mbid":"02876cab-616f-4be0-be1b-aff583db982d","artist":{"name":"Vampire Weekend","mbid":"af37c51c-0790-4a29-b995-456f98a6b8c9"}},"album":{"name":"Vampire Weekend","mbid":"29436531-8e43-4e5e-9d36-037e775e2883","artist":{"name":"Vampire Weekend","mbid":"af37c51c-0790-4a29-b995-456f98a6b8c9"}}},{"timestamp":{"iso":"2010-10-19T23:48:13","unixtimestamp":1287532093},"track":{"name":"Cape Cod Kwassa Kwassa","mbid":"0e4a0a65-1375-4539-9049-8a342f63337d","artist":{"name":"Vampire Weekend","mbid":"af37c51c-0790-4a29-b995-456f98a6b8c9"}},"uncorrectedTrack":{"name":"Cape Cod Kwassa Kwassa","mbid":"0e4a0a65-1375-4539-9049-8a342f63337d","artist":{"name":"Vampire Weekend","mbid":"af37c51c-0790-4a29-b995-456f98a6b8c9"}},"album":{"name":"Vampire Weekend (Blue CD-R)","artist":{"name":"Vampire Weekend","mbid":"af37c51c-0790-4a29-b995-456f98a6b8c9"}}},{"timestamp":{"iso":"2010-10-19T23:51:54","unixtimestamp":1287532314},"track":{"name":"One","artist":{"name":"Vampire Weekend","mbid":"af37c51c-0790-4a29-b995-456f98a6b8c9"}},"uncorrectedTrack":{"name":"One","artist":{"name":"Vampire Weekend","mbid":"af37c51c-0790-4a29-b995-456f98a6b8c9"}},"album":{"name":"Vampire Weekend (Blue CD-R)","artist":{"name":"Vampire Weekend","mbid":"af37c51c-0790-4a29-b995-456f98a6b8c9"}}},{"timestamp":{"iso":"2010-10-19T23:55:06","unixtimestamp":1287532506},"track":{"name":"Your Head Is On Fire","mbid":"0d3e516c-bc7a-4b7c-b98f-9ea9e068d2b2","artist":{"name":"Broken Bells","mbid":"62d364d2-550b-420e-b918-b3bd1e4a2efc"}},"uncorrectedTrack":{"name":"Your Head Is On Fire","mbid":"0d3e516c-bc7a-4b7c-b98f-9ea9e068d2b2","artist":{"name":"Broken Bells","mbid":"62d364d2-550b-420e-b918-b3bd1e4a2efc"}},"album":{"name":"Broken Bells","mbid":"e8f8ead8-7abb-42f2-8974-19c6b16cf4bf","artist":{"name":"Broken Bells","mbid":"62d364d2-550b-420e-b918-b3bd1e4a2efc"}}},{"timestamp":{"iso":"2010-10-19T23:58:10","unixtimestamp":1287532690},"track":{"name":"Clair de lune","mbid":"8bf270c0-2147-4452-a0fd-becb80de80f2","artist":{"name":"Claude Debussy","mbid":"be50643c-0377-4968-b48c-47e06b2e2a3b"}},"uncorrectedTrack":{"name":"Clair de lune","mbid":"8bf270c0-2147-4452-a0fd-becb80de80f2","artist":{"name":"Claude Debussy","mbid":"be50643c-0377-4968-b48c-47e06b2e2a3b"}},"album":{"name":"Für Elise - Romantic Piano Pieces","artist":{"name":"Claude Debussy","mbid":"be50643c-0377-4968-b48c-47e06b2e2a3b"}}},{"timestamp":{"iso":"2010-10-20T00:03:19","unixtimestamp":1287532999},"track":{"name":"I Like Van Halen Because My Sister Says They Are Cool","mbid":"041a279f-e3d3-4f88-8dd7-b804979fe859","artist":{"name":"El Ten Eleven","mbid":"6c99afec-a207-4519-9d39-616880b6177b"}},"uncorrectedTrack":{"name":"I Like Van Halen Because My Sister Says Their Cool","artist":{"name":"El Ten Eleven","mbid":"6c99afec-a207-4519-9d39-616880b6177b"}},"album":{"name":"These Promises Are Being Videotaped","mbid":"711122ac-4e1a-48ed-bb36-75e286df01b8","artist":{"name":"El Ten Eleven","mbid":"6c99afec-a207-4519-9d39-616880b6177b"}}},{"timestamp":{"iso":"2010-10-20T00:07:13","unixtimestamp":1287533233},"track":{"name":"Above The Clouds","mbid":"21ea50a4-a82e-48a7-a11d-40f9636e874e","artist":{"name":"Little People","mbid":"0ab53372-ba70-4e7b-814b-12bc35fe4719"}},"uncorrectedTrack":{"name":"Above The Clouds","mbid":"21ea50a4-a82e-48a7-a11d-40f9636e874e","artist":{"name":"Little People","mbid":"0ab53372-ba70-4e7b-814b-12bc35fe4719"}},"album":{"name":"Mickey Mouse Operation","mbid":"db4d5128-f065-4938-8161-c50cf64b6f05","artist":{"name":"Little People","mbid":"0ab53372-ba70-4e7b-814b-12bc35fe4719"}}},{"timestamp":{"iso":"2010-10-21T05:26:11","unixtimestamp":1287638771},"track":{"name":"Mutilated Lips","mbid":"9cc67fcb-fdde-4f58-ac14-3ce8b2050c59","artist":{"name":"Ween","mbid":"c0eee88b-47f2-4cd2-ac48-a045e902a432"}},"uncorrectedTrack":{"name":"Mutilated Lips","mbid":"9cc67fcb-fdde-4f58-ac14-3ce8b2050c59","artist":{"name":"Ween","mbid":"c0eee88b-47f2-4cd2-ac48-a045e902a432"}}},{"timestamp":{"iso":"2010-10-21T05:35:44","unixtimestamp":1287639344},"track":{"name":"Complainte De La Butte","mbid":"1213e830-0aa3-4b9f-b7cd-b3047c2c96ec","artist":{"name":"Rufus Wainwright","mbid":"78e46ae5-9bfd-433b-be3f-19e993d67ecc"}},"uncorrectedTrack":{"name":"Complainte De La Butte","mbid":"1213e830-0aa3-4b9f-b7cd-b3047c2c96ec","artist":{"name":"Rufus Wainwright","mbid":"78e46ae5-9bfd-433b-be3f-19e993d67ecc"}},"album":{"name":"Moulin Rouge","artist":{"name":"Multi Interprètes"}}},{"timestamp":{"iso":"2010-10-21T05:39:17","unixtimestamp":1287639557},"track":{"name":"(Sittin\u0027 On) The Dock of the Bay","mbid":"98698c61-aabb-42ed-abce-f1d9f82cff92","artist":{"name":"Otis Redding","mbid":"82b1f5fd-cd31-41a9-b5d4-7e33f0eb9751"}},"uncorrectedTrack":{"name":"(Sittin\u0027 On) The Dock of the Bay","mbid":"98698c61-aabb-42ed-abce-f1d9f82cff92","artist":{"name":"Otis Redding","mbid":"82b1f5fd-cd31-41a9-b5d4-7e33f0eb9751"}},"album":{"name":"Am Gold 1968","artist":{"name":"Otis Redding","mbid":"82b1f5fd-cd31-41a9-b5d4-7e33f0eb9751"}}},{"timestamp":{"iso":"2010-10-22T06:10:07","unixtimestamp":1287727807},"track":{"name":"My Old Ways","mbid":"0725a493-12d6-4814-81c2-dc765995ebca","artist":{"name":"Dr. Dog","mbid":"e9aed5e5-ed35-4244-872e-194862290295"}},"uncorrectedTrack":{"name":"My Old Ways","mbid":"0725a493-12d6-4814-81c2-dc765995ebca","artist":{"name":"Dr. Dog","mbid":"e9aed5e5-ed35-4244-872e-194862290295"}},"album":{"name":"We All Belong","mbid":"e1f629b0-518a-46d7-9fe7-aaabb70847e1","artist":{"name":"Dr. Dog","mbid":"e9aed5e5-ed35-4244-872e-194862290295"}}},{"timestamp":{"iso":"2010-10-22T06:12:33","unixtimestamp":1287727953},"track":{"name":"Better Times","mbid":"383e3095-5ea6-494a-9eeb-66e703973638","artist":{"name":"Beach House","mbid":"d5cc67b8-1cc4-453b-96e8-44487acdebea"}},"uncorrectedTrack":{"name":"Better Times","mbid":"383e3095-5ea6-494a-9eeb-66e703973638","artist":{"name":"Beach House","mbid":"d5cc67b8-1cc4-453b-96e8-44487acdebea"}},"album":{"name":"Teen Dream","mbid":"44f67ad5-cdff-3036-80e9-bee67402ded0","artist":{"name":"Beach House","mbid":"d5cc67b8-1cc4-453b-96e8-44487acdebea"}}},{"timestamp":{"iso":"2010-10-22T06:16:59","unixtimestamp":1287728219},"track":{"name":"Lover of Mine","mbid":"b539f6a0-9e06-47ef-b2a6-e1f0c0d98cbe","artist":{"name":"Beach House","mbid":"d5cc67b8-1cc4-453b-96e8-44487acdebea"}},"uncorrectedTrack":{"name":"Lover of Mine","mbid":"b539f6a0-9e06-47ef-b2a6-e1f0c0d98cbe","artist":{"name":"Beach House","mbid":"d5cc67b8-1cc4-453b-96e8-44487acdebea"}},"album":{"name":"Teen Dream","mbid":"44f67ad5-cdff-3036-80e9-bee67402ded0","artist":{"name":"Beach House","mbid":"d5cc67b8-1cc4-453b-96e8-44487acdebea"}}},{"timestamp":{"iso":"2010-10-22T06:22:06","unixtimestamp":1287728526},"track":{"name":"Real Love","mbid":"7224e25b-df76-4960-b171-817b908e2e41","artist":{"name":"Beach House","mbid":"d5cc67b8-1cc4-453b-96e8-44487acdebea"}},"uncorrectedTrack":{"name":"Real Love","mbid":"7224e25b-df76-4960-b171-817b908e2e41","artist":{"name":"Beach House","mbid":"d5cc67b8-1cc4-453b-96e8-44487acdebea"}},"album":{"name":"Teen Dream","mbid":"44f67ad5-cdff-3036-80e9-bee67402ded0","artist":{"name":"Beach House","mbid":"d5cc67b8-1cc4-453b-96e8-44487acdebea"}}},{"timestamp":{"iso":"2010-10-23T02:43:42","unixtimestamp":1287801822},"track":{"name":"Basic Space","mbid":"8af21640-0842-4fe0-85f3-f53e32038232","artist":{"name":"The xx","mbid":"c5c2ea1c-4bde-4f4d-bd0b-47b200bf99d6"}},"uncorrectedTrack":{"name":"Basic Space","mbid":"8af21640-0842-4fe0-85f3-f53e32038232","artist":{"name":"The xx","mbid":"c5c2ea1c-4bde-4f4d-bd0b-47b200bf99d6"}},"album":{"name":"xx","mbid":"0a316273-a395-38c1-9464-940b5cb529dd","artist":{"name":"The xx","mbid":"c5c2ea1c-4bde-4f4d-bd0b-47b200bf99d6"}}},{"timestamp":{"iso":"2010-10-23T02:46:51","unixtimestamp":1287802011},"track":{"name":"Fantasy","mbid":"9fc0f333-8b67-4f6a-baf9-0aef0acb92c2","artist":{"name":"The xx","mbid":"c5c2ea1c-4bde-4f4d-bd0b-47b200bf99d6"}},"uncorrectedTrack":{"name":"Fantasy","mbid":"9fc0f333-8b67-4f6a-baf9-0aef0acb92c2","artist":{"name":"The xx","mbid":"c5c2ea1c-4bde-4f4d-bd0b-47b200bf99d6"}},"album":{"name":"xx","mbid":"0a316273-a395-38c1-9464-940b5cb529dd","artist":{"name":"The xx","mbid":"c5c2ea1c-4bde-4f4d-bd0b-47b200bf99d6"}}},{"timestamp":{"iso":"2010-10-23T02:49:29","unixtimestamp":1287802169},"track":{"name":"Heart Skipped a Beat","mbid":"0c3553b7-71d7-4ba8-8744-84a361e34ca5","artist":{"name":"The xx","mbid":"c5c2ea1c-4bde-4f4d-bd0b-47b200bf99d6"}},"uncorrectedTrack":{"name":"Heart Skipped a Beat","mbid":"0c3553b7-71d7-4ba8-8744-84a361e34ca5","artist":{"name":"The xx","mbid":"c5c2ea1c-4bde-4f4d-bd0b-47b200bf99d6"}},"album":{"name":"xx","mbid":"0a316273-a395-38c1-9464-940b5cb529dd","artist":{"name":"The xx","mbid":"c5c2ea1c-4bde-4f4d-bd0b-47b200bf99d6"}}},{"timestamp":{"iso":"2010-10-23T02:53:31","unixtimestamp":1287802411},"track":{"name":"Infinity","mbid":"312fe5d3-cdcc-4c38-805d-97f856c5e076","artist":{"name":"The xx","mbid":"c5c2ea1c-4bde-4f4d-bd0b-47b200bf99d6"}},"uncorrectedTrack":{"name":"Infinity","mbid":"312fe5d3-cdcc-4c38-805d-97f856c5e076","artist":{"name":"The xx","mbid":"c5c2ea1c-4bde-4f4d-bd0b-47b200bf99d6"}},"album":{"name":"xx","mbid":"0a316273-a395-38c1-9464-940b5cb529dd","artist":{"name":"The xx","mbid":"c5c2ea1c-4bde-4f4d-bd0b-47b200bf99d6"}}},{"timestamp":{"iso":"2010-10-23T02:58:45","unixtimestamp":1287802725},"track":{"name":"Night Time","mbid":"782e46e7-6179-4cfa-b91e-1941037feeb0","artist":{"name":"The xx","mbid":"c5c2ea1c-4bde-4f4d-bd0b-47b200bf99d6"}},"uncorrectedTrack":{"name":"Night Time","mbid":"782e46e7-6179-4cfa-b91e-1941037feeb0","artist":{"name":"The xx","mbid":"c5c2ea1c-4bde-4f4d-bd0b-47b200bf99d6"}},"album":{"name":"xx","mbid":"0a316273-a395-38c1-9464-940b5cb529dd","artist":{"name":"The xx","mbid":"c5c2ea1c-4bde-4f4d-bd0b-47b200bf99d6"}}},{"timestamp":{"iso":"2010-10-23T03:02:22","unixtimestamp":1287802942},"track":{"name":"Shelter","mbid":"55e82e79-df88-4454-830b-f50016560101","artist":{"name":"The xx","mbid":"c5c2ea1c-4bde-4f4d-bd0b-47b200bf99d6"}},"uncorrectedTrack":{"name":"Shelter","mbid":"55e82e79-df88-4454-830b-f50016560101","artist":{"name":"The xx","mbid":"c5c2ea1c-4bde-4f4d-bd0b-47b200bf99d6"}},"album":{"name":"xx","mbid":"0a316273-a395-38c1-9464-940b5cb529dd","artist":{"name":"The xx","mbid":"c5c2ea1c-4bde-4f4d-bd0b-47b200bf99d6"}}},{"timestamp":{"iso":"2010-10-23T03:06:52","unixtimestamp":1287803212},"track":{"name":"Stars","mbid":"3b2d8c3a-ca92-4cfb-bd40-1e629008ec70","artist":{"name":"The xx","mbid":"c5c2ea1c-4bde-4f4d-bd0b-47b200bf99d6"}},"uncorrectedTrack":{"name":"Stars","mbid":"3b2d8c3a-ca92-4cfb-bd40-1e629008ec70","artist":{"name":"The xx","mbid":"c5c2ea1c-4bde-4f4d-bd0b-47b200bf99d6"}},"album":{"name":"xx","mbid":"0a316273-a395-38c1-9464-940b5cb529dd","artist":{"name":"The xx","mbid":"c5c2ea1c-4bde-4f4d-bd0b-47b200bf99d6"}}},{"timestamp":{"iso":"2010-10-23T06:26:32","unixtimestamp":1287815192},"track":{"name":"Real Love","mbid":"7224e25b-df76-4960-b171-817b908e2e41","artist":{"name":"Beach House","mbid":"d5cc67b8-1cc4-453b-96e8-44487acdebea"}},"uncorrectedTrack":{"name":"Real Love","mbid":"7224e25b-df76-4960-b171-817b908e2e41","artist":{"name":"Beach House","mbid":"d5cc67b8-1cc4-453b-96e8-44487acdebea"}},"album":{"name":"Teen Dream","mbid":"44f67ad5-cdff-3036-80e9-bee67402ded0","artist":{"name":"Beach House","mbid":"d5cc67b8-1cc4-453b-96e8-44487acdebea"}}},{"timestamp":{"iso":"2010-10-23T06:31:57","unixtimestamp":1287815517},"track":{"name":"Take Care","mbid":"3786c06c-6491-4e9d-a123-964f2a2081da","artist":{"name":"Beach House","mbid":"d5cc67b8-1cc4-453b-96e8-44487acdebea"}},"uncorrectedTrack":{"name":"Take Care","mbid":"3786c06c-6491-4e9d-a123-964f2a2081da","artist":{"name":"Beach House","mbid":"d5cc67b8-1cc4-453b-96e8-44487acdebea"}},"album":{"name":"Teen Dream","mbid":"44f67ad5-cdff-3036-80e9-bee67402ded0","artist":{"name":"Beach House","mbid":"d5cc67b8-1cc4-453b-96e8-44487acdebea"}}},{"timestamp":{"iso":"2010-10-23T06:37:46","unixtimestamp":1287815866},"track":{"name":"10 Mile Stereo","mbid":"5de6191a-5eca-4bc6-b57b-1a2b291ab843","artist":{"name":"Beach House","mbid":"d5cc67b8-1cc4-453b-96e8-44487acdebea"}},"uncorrectedTrack":{"name":"10 Mile Stereo","mbid":"5de6191a-5eca-4bc6-b57b-1a2b291ab843","artist":{"name":"Beach House","mbid":"d5cc67b8-1cc4-453b-96e8-44487acdebea"}},"album":{"name":"Teen Dream","mbid":"44f67ad5-cdff-3036-80e9-bee67402ded0","artist":{"name":"Beach House","mbid":"d5cc67b8-1cc4-453b-96e8-44487acdebea"}}},{"timestamp":{"iso":"2010-10-23T06:42:53","unixtimestamp":1287816173},"track":{"name":"Astronaut","mbid":"46c0e75d-1d10-48b2-814f-ad3572dd4f7b","artist":{"name":"Beach House","mbid":"d5cc67b8-1cc4-453b-96e8-44487acdebea"}},"uncorrectedTrack":{"name":"Astronaut","mbid":"46c0e75d-1d10-48b2-814f-ad3572dd4f7b","artist":{"name":"Beach House","mbid":"d5cc67b8-1cc4-453b-96e8-44487acdebea"}},"album":{"name":"Devotion","mbid":"1b22d999-b30b-356d-9370-c1e07d0223c5","artist":{"name":"Beach House","mbid":"d5cc67b8-1cc4-453b-96e8-44487acdebea"}}},{"timestamp":{"iso":"2010-10-23T06:47:57","unixtimestamp":1287816477},"track":{"name":"D.A.R.L.I.N.G.","mbid":"ac8591c6-3367-4ead-a37e-3cf8537f4122","artist":{"name":"Beach House","mbid":"d5cc67b8-1cc4-453b-96e8-44487acdebea"}},"uncorrectedTrack":{"name":"D.A.R.L.I.N.G.","mbid":"ac8591c6-3367-4ead-a37e-3cf8537f4122","artist":{"name":"Beach House","mbid":"d5cc67b8-1cc4-453b-96e8-44487acdebea"}},"album":{"name":"Devotion","mbid":"1b22d999-b30b-356d-9370-c1e07d0223c5","artist":{"name":"Beach House","mbid":"d5cc67b8-1cc4-453b-96e8-44487acdebea"}}},{"timestamp":{"iso":"2010-10-23T06:51:15","unixtimestamp":1287816675},"track":{"name":"Heart of Chambers","mbid":"ba0d4b50-96c8-4b40-855e-1bcdec1d2c41","artist":{"name":"Beach House","mbid":"d5cc67b8-1cc4-453b-96e8-44487acdebea"}},"uncorrectedTrack":{"name":"Heart of Chambers","mbid":"ba0d4b50-96c8-4b40-855e-1bcdec1d2c41","artist":{"name":"Beach House","mbid":"d5cc67b8-1cc4-453b-96e8-44487acdebea"}},"album":{"name":"Devotion","mbid":"1b22d999-b30b-356d-9370-c1e07d0223c5","artist":{"name":"Beach House","mbid":"d5cc67b8-1cc4-453b-96e8-44487acdebea"}}},{"timestamp":{"iso":"2010-10-23T06:55:40","unixtimestamp":1287816940},"track":{"name":"Home Again","mbid":"166cff6e-96c8-496f-b29f-2be998db273d","artist":{"name":"Beach House","mbid":"d5cc67b8-1cc4-453b-96e8-44487acdebea"}},"uncorrectedTrack":{"name":"Home Again","mbid":"166cff6e-96c8-496f-b29f-2be998db273d","artist":{"name":"Beach House","mbid":"d5cc67b8-1cc4-453b-96e8-44487acdebea"}},"album":{"name":"Devotion","mbid":"1b22d999-b30b-356d-9370-c1e07d0223c5","artist":{"name":"Beach House","mbid":"d5cc67b8-1cc4-453b-96e8-44487acdebea"}}},{"timestamp":{"iso":"2010-10-23T06:59:49","unixtimestamp":1287817189},"track":{"name":"Norway","mbid":"17e3f1a9-cb07-4602-8081-216a9372f9e0","artist":{"name":"Beach House","mbid":"d5cc67b8-1cc4-453b-96e8-44487acdebea"}},"uncorrectedTrack":{"name":"Norway","mbid":"17e3f1a9-cb07-4602-8081-216a9372f9e0","artist":{"name":"Beach House","mbid":"d5cc67b8-1cc4-453b-96e8-44487acdebea"}},"album":{"name":"Teen Dream","mbid":"44f67ad5-cdff-3036-80e9-bee67402ded0","artist":{"name":"Beach House","mbid":"d5cc67b8-1cc4-453b-96e8-44487acdebea"}}},{"timestamp":{"iso":"2010-10-23T07:03:55","unixtimestamp":1287817435},"track":{"name":"Silver Soul","mbid":"4851bda1-464c-4b70-b923-23f53010c9c6","artist":{"name":"Beach House","mbid":"d5cc67b8-1cc4-453b-96e8-44487acdebea"}},"uncorrectedTrack":{"name":"Silver Soul","mbid":"4851bda1-464c-4b70-b923-23f53010c9c6","artist":{"name":"Beach House","mbid":"d5cc67b8-1cc4-453b-96e8-44487acdebea"}},"album":{"name":"Teen Dream","mbid":"44f67ad5-cdff-3036-80e9-bee67402ded0","artist":{"name":"Beach House","mbid":"d5cc67b8-1cc4-453b-96e8-44487acdebea"}}},{"timestamp":{"iso":"2010-10-23T07:08:49","unixtimestamp":1287817729},"track":{"name":"Some Things Last a Long Time","mbid":"dce896b5-b192-45cd-9414-a0506e4eb608","artist":{"name":"Beach House","mbid":"d5cc67b8-1cc4-453b-96e8-44487acdebea"}},"uncorrectedTrack":{"name":"Some Things Last a Long Time","mbid":"dce896b5-b192-45cd-9414-a0506e4eb608","artist":{"name":"Beach House","mbid":"d5cc67b8-1cc4-453b-96e8-44487acdebea"}},"album":{"name":"Devotion","mbid":"1b22d999-b30b-356d-9370-c1e07d0223c5","artist":{"name":"Beach House","mbid":"d5cc67b8-1cc4-453b-96e8-44487acdebea"}}},{"timestamp":{"iso":"2010-10-23T07:11:20","unixtimestamp":1287817880},"track":{"name":"Used to Be","mbid":"1fbd855e-c718-4410-82a9-d44871366a5c","artist":{"name":"Beach House","mbid":"d5cc67b8-1cc4-453b-96e8-44487acdebea"}},"uncorrectedTrack":{"name":"Used to Be","mbid":"1fbd855e-c718-4410-82a9-d44871366a5c","artist":{"name":"Beach House","mbid":"d5cc67b8-1cc4-453b-96e8-44487acdebea"}},"album":{"name":"Teen Dream","mbid":"44f67ad5-cdff-3036-80e9-bee67402ded0","artist":{"name":"Beach House","mbid":"d5cc67b8-1cc4-453b-96e8-44487acdebea"}}},{"timestamp":{"iso":"2010-10-23T07:15:22","unixtimestamp":1287818122},"track":{"name":"Walk in the Park","mbid":"48395f1e-f818-4924-8497-d556c6de5b94","artist":{"name":"Beach House","mbid":"d5cc67b8-1cc4-453b-96e8-44487acdebea"}},"uncorrectedTrack":{"name":"Walk in the Park","mbid":"48395f1e-f818-4924-8497-d556c6de5b94","artist":{"name":"Beach House","mbid":"d5cc67b8-1cc4-453b-96e8-44487acdebea"}},"album":{"name":"Teen Dream","mbid":"44f67ad5-cdff-3036-80e9-bee67402ded0","artist":{"name":"Beach House","mbid":"d5cc67b8-1cc4-453b-96e8-44487acdebea"}}},{"timestamp":{"iso":"2010-10-23T07:20:48","unixtimestamp":1287818448},"track":{"name":"Zebra","mbid":"299431a4-7389-4a5d-a8bc-c3b2f3072c29","artist":{"name":"Beach House","mbid":"d5cc67b8-1cc4-453b-96e8-44487acdebea"}},"uncorrectedTrack":{"name":"Zebra","mbid":"299431a4-7389-4a5d-a8bc-c3b2f3072c29","artist":{"name":"Beach House","mbid":"d5cc67b8-1cc4-453b-96e8-44487acdebea"}},"album":{"name":"Teen Dream","mbid":"44f67ad5-cdff-3036-80e9-bee67402ded0","artist":{"name":"Beach House","mbid":"d5cc67b8-1cc4-453b-96e8-44487acdebea"}}},{"timestamp":{"iso":"2010-10-23T07:25:39","unixtimestamp":1287818739},"track":{"name":"All The Years","mbid":"7e8b6c07-9d5c-4ca9-8f40-2cbf349f0f2b","artist":{"name":"Beach House","mbid":"d5cc67b8-1cc4-453b-96e8-44487acdebea"}},"uncorrectedTrack":{"name":"All The Years","mbid":"7e8b6c07-9d5c-4ca9-8f40-2cbf349f0f2b","artist":{"name":"Beach House","mbid":"d5cc67b8-1cc4-453b-96e8-44487acdebea"}},"album":{"name":"Devotion","mbid":"1b22d999-b30b-356d-9370-c1e07d0223c5","artist":{"name":"Beach House","mbid":"d5cc67b8-1cc4-453b-96e8-44487acdebea"}}},{"timestamp":{"iso":"2010-10-23T07:29:15","unixtimestamp":1287818955},"track":{"name":"Gila","mbid":"1810aac2-9d3c-4c49-b1ea-202f0b443d67","artist":{"name":"Beach House","mbid":"d5cc67b8-1cc4-453b-96e8-44487acdebea"}},"uncorrectedTrack":{"name":"Gila","mbid":"1810aac2-9d3c-4c49-b1ea-202f0b443d67","artist":{"name":"Beach House","mbid":"d5cc67b8-1cc4-453b-96e8-44487acdebea"}},"album":{"name":"Devotion","mbid":"1b22d999-b30b-356d-9370-c1e07d0223c5","artist":{"name":"Beach House","mbid":"d5cc67b8-1cc4-453b-96e8-44487acdebea"}}},{"timestamp":{"iso":"2010-10-23T07:34:02","unixtimestamp":1287819242},"track":{"name":"Holy Dances","mbid":"67155e52-5416-4661-a2eb-51f9acee42b4","artist":{"name":"Beach House","mbid":"d5cc67b8-1cc4-453b-96e8-44487acdebea"}},"uncorrectedTrack":{"name":"Holy Dances","mbid":"67155e52-5416-4661-a2eb-51f9acee42b4","artist":{"name":"Beach House","mbid":"d5cc67b8-1cc4-453b-96e8-44487acdebea"}},"album":{"name":"Devotion","mbid":"1b22d999-b30b-356d-9370-c1e07d0223c5","artist":{"name":"Beach House","mbid":"d5cc67b8-1cc4-453b-96e8-44487acdebea"}}},{"timestamp":{"iso":"2010-10-23T07:38:21","unixtimestamp":1287819501},"track":{"name":"Turtle Island","mbid":"4887debc-b9a5-4eb2-bb0a-49e0a393dccb","artist":{"name":"Beach House","mbid":"d5cc67b8-1cc4-453b-96e8-44487acdebea"}},"uncorrectedTrack":{"name":"Turtle Island","mbid":"4887debc-b9a5-4eb2-bb0a-49e0a393dccb","artist":{"name":"Beach House","mbid":"d5cc67b8-1cc4-453b-96e8-44487acdebea"}},"album":{"name":"Devotion","mbid":"1b22d999-b30b-356d-9370-c1e07d0223c5","artist":{"name":"Beach House","mbid":"d5cc67b8-1cc4-453b-96e8-44487acdebea"}}},{"timestamp":{"iso":"2010-10-23T07:42:20","unixtimestamp":1287819740},"track":{"name":"Wedding Bell","mbid":"65ce5ddf-d781-460f-a553-84a7f39ab8eb","artist":{"name":"Beach House","mbid":"d5cc67b8-1cc4-453b-96e8-44487acdebea"}},"uncorrectedTrack":{"name":"Wedding Bell","mbid":"65ce5ddf-d781-460f-a553-84a7f39ab8eb","artist":{"name":"Beach House","mbid":"d5cc67b8-1cc4-453b-96e8-44487acdebea"}},"album":{"name":"Devotion","mbid":"1b22d999-b30b-356d-9370-c1e07d0223c5","artist":{"name":"Beach House","mbid":"d5cc67b8-1cc4-453b-96e8-44487acdebea"}}},{"timestamp":{"iso":"2010-10-23T07:46:15","unixtimestamp":1287819975},"track":{"name":"You Came To Me","mbid":"937924c5-d0e1-4ad4-99a7-3e931599ce6a","artist":{"name":"Beach House","mbid":"d5cc67b8-1cc4-453b-96e8-44487acdebea"}},"uncorrectedTrack":{"name":"You Came To Me","mbid":"937924c5-d0e1-4ad4-99a7-3e931599ce6a","artist":{"name":"Beach House","mbid":"d5cc67b8-1cc4-453b-96e8-44487acdebea"}},"album":{"name":"Devotion","mbid":"1b22d999-b30b-356d-9370-c1e07d0223c5","artist":{"name":"Beach House","mbid":"d5cc67b8-1cc4-453b-96e8-44487acdebea"}}},{"timestamp":{"iso":"2010-10-23T07:51:43","unixtimestamp":1287820303},"track":{"name":"Breathe [Extended Mix]","artist":{"name":"Télépopmusik","mbid":"265f242e-cf4e-4fbe-a3fe-43112387172f"}},"uncorrectedTrack":{"name":"Breathe [Extended Mix]","artist":{"name":"Telepopmusik"}},"album":{"name":"Genetic World","artist":{"name":"Telepopmusik"}}},{"timestamp":{"iso":"2010-10-23T07:56:21","unixtimestamp":1287820581},"track":{"name":"Around Us","mbid":"5274a9b3-acaf-41fa-a934-978c427debf4","artist":{"name":"Jónsi","mbid":"0ecc2c46-d335-485c-a077-240482609672"}},"uncorrectedTrack":{"name":"Around Us","mbid":"5274a9b3-acaf-41fa-a934-978c427debf4","artist":{"name":"Jónsi","mbid":"0ecc2c46-d335-485c-a077-240482609672"}},"album":{"name":"Go - Advance","artist":{"name":"Jónsi","mbid":"0ecc2c46-d335-485c-a077-240482609672"}}},{"timestamp":{"iso":"2010-10-23T08:01:39","unixtimestamp":1287820899},"track":{"name":"Grow Till Tall","mbid":"5ad75770-7b60-4efb-b947-85bd64581ca0","artist":{"name":"Jónsi","mbid":"0ecc2c46-d335-485c-a077-240482609672"}},"uncorrectedTrack":{"name":"Grow Til Tall","artist":{"name":"Jónsi","mbid":"0ecc2c46-d335-485c-a077-240482609672"}},"album":{"name":"Go - Advance","artist":{"name":"Jónsi","mbid":"0ecc2c46-d335-485c-a077-240482609672"}}},{"timestamp":{"iso":"2010-10-23T08:06:52","unixtimestamp":1287821212},"track":{"name":"Hengilás","mbid":"b19c2715-5e3b-43ea-b866-9e6cc0aba6eb","artist":{"name":"Jónsi","mbid":"0ecc2c46-d335-485c-a077-240482609672"}},"uncorrectedTrack":{"name":"Hengilas","artist":{"name":"Jónsi","mbid":"0ecc2c46-d335-485c-a077-240482609672"}},"album":{"name":"Go - Advance","artist":{"name":"Jónsi","mbid":"0ecc2c46-d335-485c-a077-240482609672"}}},{"timestamp":{"iso":"2010-10-23T08:11:06","unixtimestamp":1287821466},"track":{"name":"Kolniður","mbid":"7ef7f93d-0966-4f84-af21-192a2c149b21","artist":{"name":"Jónsi","mbid":"0ecc2c46-d335-485c-a077-240482609672"}},"uncorrectedTrack":{"name":"Kolniður","mbid":"7ef7f93d-0966-4f84-af21-192a2c149b21","artist":{"name":"Jónsi","mbid":"0ecc2c46-d335-485c-a077-240482609672"}},"album":{"name":"Go - Advance","artist":{"name":"Jónsi","mbid":"0ecc2c46-d335-485c-a077-240482609672"}}},{"timestamp":{"iso":"2010-10-23T08:15:01","unixtimestamp":1287821701},"track":{"name":"Sinking Friendships","mbid":"d4818138-acbc-4899-9428-c0e978832a45","artist":{"name":"Jónsi","mbid":"0ecc2c46-d335-485c-a077-240482609672"}},"uncorrectedTrack":{"name":"Sinking Friendships","mbid":"d4818138-acbc-4899-9428-c0e978832a45","artist":{"name":"Jónsi","mbid":"0ecc2c46-d335-485c-a077-240482609672"}},"album":{"name":"Go - Advance","artist":{"name":"Jónsi","mbid":"0ecc2c46-d335-485c-a077-240482609672"}}},{"timestamp":{"iso":"2010-10-23T08:19:43","unixtimestamp":1287821983},"track":{"name":"Boy Lilikoi","mbid":"1a7c3f1b-3cbf-4134-98b8-cb4b3e7fcea6","artist":{"name":"Jónsi","mbid":"0ecc2c46-d335-485c-a077-240482609672"}},"uncorrectedTrack":{"name":"Boy Lilikoi","mbid":"1a7c3f1b-3cbf-4134-98b8-cb4b3e7fcea6","artist":{"name":"Jónsi","mbid":"0ecc2c46-d335-485c-a077-240482609672"}},"album":{"name":"Go - Advance","artist":{"name":"Jónsi","mbid":"0ecc2c46-d335-485c-a077-240482609672"}}},{"timestamp":{"iso":"2010-10-23T08:24:10","unixtimestamp":1287822250},"track":{"name":"Tornado","mbid":"eacbda70-7ea6-40e9-85c6-96a5c8bf5df1","artist":{"name":"Jónsi","mbid":"0ecc2c46-d335-485c-a077-240482609672"}},"uncorrectedTrack":{"name":"Tornado","mbid":"eacbda70-7ea6-40e9-85c6-96a5c8bf5df1","artist":{"name":"Jónsi","mbid":"0ecc2c46-d335-485c-a077-240482609672"}},"album":{"name":"Go - Advance","artist":{"name":"Jónsi","mbid":"0ecc2c46-d335-485c-a077-240482609672"}}},{"timestamp":{"iso":"2010-10-23T08:29:18","unixtimestamp":1287822558},"track":{"name":"Comptine d\u0027été n°1","mbid":"125faddb-30e7-4b0b-9d0b-14a782a9bae1","artist":{"name":"Yann Tiersen","mbid":"12d432a3-feb0-49b1-a107-d20751880764"}},"uncorrectedTrack":{"name":"Comptine d\u0027été n°1","mbid":"125faddb-30e7-4b0b-9d0b-14a782a9bae1","artist":{"name":"Yann Tiersen","mbid":"12d432a3-feb0-49b1-a107-d20751880764"}}},{"timestamp":{"iso":"2010-10-23T08:31:36","unixtimestamp":1287822696},"track":{"name":"Grande Polonaise Brillante Proceder An Andante Spianato Op. 22 a","artist":{"name":"The Pianist"}},"uncorrectedTrack":{"name":"Grande Polonaise Brillante Proceder An Andante Spianato Op. 22 a","artist":{"name":"The Pianist"}},"album":{"name":"Soundtrack","artist":{"name":"The Pianist"}}},{"timestamp":{"iso":"2010-10-23T08:36:03","unixtimestamp":1287822963},"track":{"name":"Moonlight Sonata - Adagio Sostenuto","artist":{"name":"Ludwig van Beethoven","mbid":"1f9df192-a621-4f54-8850-2c5373b7eac9"}},"uncorrectedTrack":{"name":"Moonlight Sonata - Adagio Sostenuto","artist":{"name":"Ludwig van Beethoven","mbid":"1f9df192-a621-4f54-8850-2c5373b7eac9"}},"album":{"name":"Für Elise - Romantic Piano Pieces","artist":{"name":"Ludwig van Beethoven","mbid":"1f9df192-a621-4f54-8850-2c5373b7eac9"}}},{"timestamp":{"iso":"2010-10-23T08:42:11","unixtimestamp":1287823331},"track":{"name":"La Chute","mbid":"72f5fd52-8e3b-4996-b50c-4a6a93bd215a","artist":{"name":"Yann Tiersen","mbid":"12d432a3-feb0-49b1-a107-d20751880764"}},"uncorrectedTrack":{"name":"La Chute","mbid":"72f5fd52-8e3b-4996-b50c-4a6a93bd215a","artist":{"name":"Yann Tiersen","mbid":"12d432a3-feb0-49b1-a107-d20751880764"}},"album":{"name":"Le Phare","mbid":"7444f21b-8d8c-4194-b412-6dcdf7a2daf1","artist":{"name":"Yann Tiersen","mbid":"12d432a3-feb0-49b1-a107-d20751880764"}}},{"timestamp":{"iso":"2010-10-23T08:48:00","unixtimestamp":1287823680},"track":{"name":"Frederic Chopin - Nocturne in C-sharp Minor (1830)","artist":{"name":"The Pianist"}},"uncorrectedTrack":{"name":"Frederic Chopin - Nocturne in C-sharp Minor (1830)","artist":{"name":"The Pianist"}},"album":{"name":"Soundtrack","artist":{"name":"The Pianist"}}}]