[{"timestamp":{"iso":"2010-01-02T20:18:19","unixtimestamp":1262463499},"track":{"name":"Take on Me","mbid":"48f1769b-f911-4948-8feb-55d047b0e884","artist":{"name":"a-ha","mbid":"318a755f-53a4-42b0-b728-4455ec9654e8"}},"uncorrectedTrack":{"name":"Take on Me","mbid":"48f1769b-f911-4948-8feb-55d047b0e884","artist":{"name":"a-ha","mbid":"318a755f-53a4-42b0-b728-4455ec9654e8"}},"album":{"name":"Scrubs Season 4","artist":{"name":"a-ha","mbid":"318a755f-53a4-42b0-b728-4455ec9654e8"}}},{"timestamp":{"iso":"2010-01-02T20:22:03","unixtimestamp":1262463723},"track":{"name":"Barely Legal","mbid":"598c0b2c-09d0-437b-a796-a5ff51567822","artist":{"name":"The Strokes","mbid":"f181961b-20f7-459e-89de-920ef03c7ed0"}},"uncorrectedTrack":{"name":"Barely Legal","mbid":"598c0b2c-09d0-437b-a796-a5ff51567822","artist":{"name":"The Strokes","mbid":"f181961b-20f7-459e-89de-920ef03c7ed0"}},"album":{"name":"Is This It?","artist":{"name":"The Strokes","mbid":"f181961b-20f7-459e-89de-920ef03c7ed0"}}},{"timestamp":{"iso":"2010-01-02T20:25:56","unixtimestamp":1262463956},"track":{"name":"Take My Hand","mbid":"041f8bf3-bdac-4daf-86c7-731d5d6fd31e","artist":{"name":"Dido","mbid":"518531b7-cb73-4307-b13e-c716471539a8"}},"uncorrectedTrack":{"name":"Take My Hand","mbid":"041f8bf3-bdac-4daf-86c7-731d5d6fd31e","artist":{"name":"Dido","mbid":"518531b7-cb73-4307-b13e-c716471539a8"}},"album":{"name":"No Angel","mbid":"0c6e834f-ef5e-4c65-9b4e-b3db823d75bd","artist":{"name":"Dido","mbid":"518531b7-cb73-4307-b13e-c716471539a8"}}},{"timestamp":{"iso":"2010-01-02T20:32:33","unixtimestamp":1262464353},"track":{"name":"Switch It On","mbid":"414cf476-13d4-4d5b-8218-0237cea6c0f8","artist":{"name":"Will Young","mbid":"7240a9e1-01d1-4322-b34a-ad573703f108"}},"uncorrectedTrack":{"name":"Switch It On","mbid":"414cf476-13d4-4d5b-8218-0237cea6c0f8","artist":{"name":"Will Young","mbid":"7240a9e1-01d1-4322-b34a-ad573703f108"}},"album":{"name":"Keep On","mbid":"28c4de05-f569-4be5-926a-b00dec2b147d","artist":{"name":"Will Young","mbid":"7240a9e1-01d1-4322-b34a-ad573703f108"}}},{"timestamp":{"iso":"2010-01-02T20:36:14","unixtimestamp":1262464574},"track":{"name":"Sweet Dreams (Remixed)","artist":{"name":"Daft Punk","mbid":"056e4f3e-d505-4dad-8ec1-d04f521cbb56"}},"uncorrectedTrack":{"name":"Sweet Dreams (Remixed)","artist":{"name":"Daft Punk","mbid":"056e4f3e-d505-4dad-8ec1-d04f521cbb56"}}},{"timestamp":{"iso":"2010-01-02T20:39:50","unixtimestamp":1262464790},"track":{"name":"Get Free","mbid":"0806ab6c-fb96-4f67-b20e-2277c36e71d3","artist":{"name":"The Vines","mbid":"4e045c96-538b-46ed-8ea8-7cae20b56574"}},"uncorrectedTrack":{"name":"Get Free","mbid":"0806ab6c-fb96-4f67-b20e-2277c36e71d3","artist":{"name":"The Vines","mbid":"4e045c96-538b-46ed-8ea8-7cae20b56574"}},"album":{"name":"Highly Evolved","mbid":"e9ce3dd1-4d14-36f5-9a77-80eeea908ae8","artist":{"name":"The Vines","mbid":"4e045c96-538b-46ed-8ea8-7cae20b56574"}}},{"timestamp":{"iso":"2010-01-15T18:39:21","unixtimestamp":1263580761},"track":{"name":"Blue","mbid":"9515554a-259e-4fe3-9ca8-44a88f12af71","artist":{"name":"A Perfect Circle","mbid":"078a9376-3c04-4280-b7d7-b20e158f345d"}},"uncorrectedTrack":{"name":"Blue","mbid":"9515554a-259e-4fe3-9ca8-44a88f12af71","artist":{"name":"A Perfect Circle","mbid":"078a9376-3c04-4280-b7d7-b20e158f345d"}},"album":{"name":"Thirteenth Step","mbid":"a9ea3c01-fb6f-4d00-9c89-aa0d8b8f43b5","artist":{"name":"A Perfect Circle","mbid":"078a9376-3c04-4280-b7d7-b20e158f345d"}}},{"timestamp":{"iso":"2010-01-15T18:43:36","unixtimestamp":1263581016},"track":{"name":"Behind the Wall of Sleep","artist":{"name":"Static-X"}},"uncorrectedTrack":{"name":"Behind the Wall of Sleep","artist":{"name":"Static-X"}},"album":{"name":"Beneath...Between...Beyond...","artist":{"name":"Static-X"}}},{"timestamp":{"iso":"2010-01-15T18:45:32","unixtimestamp":1263581132},"track":{"name":"Forever We Dance","artist":{"name":"Hunting McLeod","mbid":"24a36c8c-4b44-4dcd-957f-12ac4cd8436a"}},"uncorrectedTrack":{"name":"Forever We Dance","artist":{"name":"Hunting McLeod","mbid":"24a36c8c-4b44-4dcd-957f-12ac4cd8436a"}},"album":{"name":"\"Leod \u0027n\u0027 Proud\"","artist":{"name":"Hunting McLeod","mbid":"24a36c8c-4b44-4dcd-957f-12ac4cd8436a"}}},{"timestamp":{"iso":"2010-01-15T18:51:49","unixtimestamp":1263581509},"track":{"name":"Funk Ad","mbid":"c3892763-de92-4f2e-a891-27cd4a57b6fa","artist":{"name":"Daft Punk","mbid":"056e4f3e-d505-4dad-8ec1-d04f521cbb56"}},"uncorrectedTrack":{"name":"Funk Ad","mbid":"c3892763-de92-4f2e-a891-27cd4a57b6fa","artist":{"name":"Daft Punk","mbid":"056e4f3e-d505-4dad-8ec1-d04f521cbb56"}},"album":{"name":"Homework","mbid":"497f9acf-a695-332e-bc20-1c8745248550","artist":{"name":"Daft Punk","mbid":"056e4f3e-d505-4dad-8ec1-d04f521cbb56"}}},{"timestamp":{"iso":"2010-01-15T18:52:41","unixtimestamp":1263581561},"track":{"name":"The Package","mbid":"decf58d3-bdb8-47cd-804b-237fea5ae65f","artist":{"name":"A Perfect Circle","mbid":"078a9376-3c04-4280-b7d7-b20e158f345d"}},"uncorrectedTrack":{"name":"The Package","mbid":"decf58d3-bdb8-47cd-804b-237fea5ae65f","artist":{"name":"A Perfect Circle","mbid":"078a9376-3c04-4280-b7d7-b20e158f345d"}},"album":{"name":"Thirteenth Step","mbid":"a9ea3c01-fb6f-4d00-9c89-aa0d8b8f43b5","artist":{"name":"A Perfect Circle","mbid":"078a9376-3c04-4280-b7d7-b20e158f345d"}}},{"timestamp":{"iso":"2010-01-15T19:00:19","unixtimestamp":1263582019},"track":{"name":"Cold","artist":{"name":"Static-X"}},"uncorrectedTrack":{"name":"Cold","artist":{"name":"Static-X"}}},{"timestamp":{"iso":"2010-01-15T19:04:00","unixtimestamp":1263582240},"track":{"name":"Biological","mbid":"ab04e7f8-f3ef-40a9-9bc3-03c8a202deab","artist":{"name":"Air","mbid":"018dcc90-b1a2-400a-a96e-64b6a101f009"}},"uncorrectedTrack":{"name":"Biological","mbid":"ab04e7f8-f3ef-40a9-9bc3-03c8a202deab","artist":{"name":"Air","mbid":"018dcc90-b1a2-400a-a96e-64b6a101f009"}},"album":{"name":"Talkie Walkie","mbid":"25d4d542-bbb8-4f8d-8572-692c6ceab44d","artist":{"name":"Air","mbid":"018dcc90-b1a2-400a-a96e-64b6a101f009"}}},{"timestamp":{"iso":"2010-01-15T19:10:05","unixtimestamp":1263582605},"track":{"name":"Fresh","mbid":"ab1f0287-258f-4c8d-b3cc-cf16e40faab2","artist":{"name":"Daft Punk","mbid":"056e4f3e-d505-4dad-8ec1-d04f521cbb56"}},"uncorrectedTrack":{"name":"Fresh","mbid":"ab1f0287-258f-4c8d-b3cc-cf16e40faab2","artist":{"name":"Daft Punk","mbid":"056e4f3e-d505-4dad-8ec1-d04f521cbb56"}},"album":{"name":"Homework","mbid":"497f9acf-a695-332e-bc20-1c8745248550","artist":{"name":"Daft Punk","mbid":"056e4f3e-d505-4dad-8ec1-d04f521cbb56"}}},{"timestamp":{"iso":"2010-01-15T19:14:09","unixtimestamp":1263582849},"track":{"name":"Kelly Watch the Stars","mbid":"b6caa50a-01c5-4bb2-9db3-a66bc1305293","artist":{"name":"Air","mbid":"018dcc90-b1a2-400a-a96e-64b6a101f009"}},"uncorrectedTrack":{"name":"Kelly Watch the Stars","mbid":"b6caa50a-01c5-4bb2-9db3-a66bc1305293","artist":{"name":"Air","mbid":"018dcc90-b1a2-400a-a96e-64b6a101f009"}},"album":{"name":"Moon Safari","mbid":"66c2ceb8-d369-4d8c-b702-490838855977","artist":{"name":"Air","mbid":"018dcc90-b1a2-400a-a96e-64b6a101f009"}}},{"timestamp":{"iso":"2010-01-15T19:18:55","unixtimestamp":1263583135},"track":{"name":"Aerodynamic","mbid":"5bc82f70-7776-4f00-b041-eaf05dac1d68","artist":{"name":"Daft Punk","mbid":"056e4f3e-d505-4dad-8ec1-d04f521cbb56"}},"uncorrectedTrack":{"name":"Aerodynamic","mbid":"5bc82f70-7776-4f00-b041-eaf05dac1d68","artist":{"name":"Daft Punk","mbid":"056e4f3e-d505-4dad-8ec1-d04f521cbb56"}},"album":{"name":"Discovery","mbid":"30e45d86-707d-4042-9df5-93724557aadb","artist":{"name":"Daft Punk","mbid":"056e4f3e-d505-4dad-8ec1-d04f521cbb56"}}},{"timestamp":{"iso":"2010-01-15T19:22:23","unixtimestamp":1263583343},"track":{"name":"Alive","mbid":"8e9b0e05-8072-4261-b930-d4b9f0a1702b","artist":{"name":"Daft Punk","mbid":"056e4f3e-d505-4dad-8ec1-d04f521cbb56"}},"uncorrectedTrack":{"name":"Alive","mbid":"8e9b0e05-8072-4261-b930-d4b9f0a1702b","artist":{"name":"Daft Punk","mbid":"056e4f3e-d505-4dad-8ec1-d04f521cbb56"}},"album":{"name":"Homework","mbid":"497f9acf-a695-332e-bc20-1c8745248550","artist":{"name":"Daft Punk","mbid":"056e4f3e-d505-4dad-8ec1-d04f521cbb56"}}},{"timestamp":{"iso":"2010-01-15T19:28:45","unixtimestamp":1263583725},"track":{"name":"Club Soda","artist":{"name":"Daft Punk","mbid":"056e4f3e-d505-4dad-8ec1-d04f521cbb56"}},"uncorrectedTrack":{"name":"Club Soda","artist":{"name":"Daft Punk","mbid":"056e4f3e-d505-4dad-8ec1-d04f521cbb56"}}},{"timestamp":{"iso":"2010-01-15T19:32:44","unixtimestamp":1263583964},"track":{"name":"Daft Punk - Rock With You","artist":{"name":"Daft Punk / Michael Jackson"}},"uncorrectedTrack":{"name":"Daft Punk - Rock With You","artist":{"name":"Daft Punk / Michael Jackson"}}},{"timestamp":{"iso":"2010-01-15T19:44:04","unixtimestamp":1263584644},"track":{"name":"Funk Ad","mbid":"c3892763-de92-4f2e-a891-27cd4a57b6fa","artist":{"name":"Daft Punk","mbid":"056e4f3e-d505-4dad-8ec1-d04f521cbb56"}},"uncorrectedTrack":{"name":"Funk Ad","mbid":"c3892763-de92-4f2e-a891-27cd4a57b6fa","artist":{"name":"Daft Punk","mbid":"056e4f3e-d505-4dad-8ec1-d04f521cbb56"}},"album":{"name":"Homework","mbid":"497f9acf-a695-332e-bc20-1c8745248550","artist":{"name":"Daft Punk","mbid":"056e4f3e-d505-4dad-8ec1-d04f521cbb56"}}},{"timestamp":{"iso":"2010-01-15T19:44:56","unixtimestamp":1263584696},"track":{"name":"funk phenomena","artist":{"name":"Daft Punk","mbid":"056e4f3e-d505-4dad-8ec1-d04f521cbb56"}},"uncorrectedTrack":{"name":"funk phenomena","artist":{"name":"Daft Punk","mbid":"056e4f3e-d505-4dad-8ec1-d04f521cbb56"}}},{"timestamp":{"iso":"2010-01-15T19:51:53","unixtimestamp":1263585113},"track":{"name":"Ino Silver Club","artist":{"name":"Daft Punk","mbid":"056e4f3e-d505-4dad-8ec1-d04f521cbb56"}},"uncorrectedTrack":{"name":"Ino Silver Club","artist":{"name":"Daft Punk","mbid":"056e4f3e-d505-4dad-8ec1-d04f521cbb56"}},"album":{"name":"Homework","mbid":"497f9acf-a695-332e-bc20-1c8745248550","artist":{"name":"Daft Punk","mbid":"056e4f3e-d505-4dad-8ec1-d04f521cbb56"}}},{"timestamp":{"iso":"2010-01-15T19:56:28","unixtimestamp":1263585388},"track":{"name":"Robot Rock","mbid":"0ee9a738-2e2b-452a-bef4-96ad322e1f91","artist":{"name":"Daft Punk","mbid":"056e4f3e-d505-4dad-8ec1-d04f521cbb56"}},"uncorrectedTrack":{"name":"Robot Rock","mbid":"0ee9a738-2e2b-452a-bef4-96ad322e1f91","artist":{"name":"Daft Punk","mbid":"056e4f3e-d505-4dad-8ec1-d04f521cbb56"}},"album":{"name":"Human After All","mbid":"abbc40a0-2bcc-449e-bdd0-2dbae3213517","artist":{"name":"Daft Punk","mbid":"056e4f3e-d505-4dad-8ec1-d04f521cbb56"}}},{"timestamp":{"iso":"2010-01-15T20:01:15","unixtimestamp":1263585675},"track":{"name":"Technologic","mbid":"ae47d5f4-302b-4178-ba2f-cb1726723035","artist":{"name":"Daft Punk","mbid":"056e4f3e-d505-4dad-8ec1-d04f521cbb56"}},"uncorrectedTrack":{"name":"Technologic","mbid":"ae47d5f4-302b-4178-ba2f-cb1726723035","artist":{"name":"Daft Punk","mbid":"056e4f3e-d505-4dad-8ec1-d04f521cbb56"}},"album":{"name":"Human After All","mbid":"abbc40a0-2bcc-449e-bdd0-2dbae3213517","artist":{"name":"Daft Punk","mbid":"056e4f3e-d505-4dad-8ec1-d04f521cbb56"}}},{"timestamp":{"iso":"2010-01-15T20:06:00","unixtimestamp":1263585960},"track":{"name":"Vietnam","artist":{"name":"Daft Punk","mbid":"056e4f3e-d505-4dad-8ec1-d04f521cbb56"}},"uncorrectedTrack":{"name":"Vietnam","artist":{"name":"Daft Punk","mbid":"056e4f3e-d505-4dad-8ec1-d04f521cbb56"}}},{"timestamp":{"iso":"2010-01-15T20:11:35","unixtimestamp":1263586295},"track":{"name":"Around the World","mbid":"588892fd-dd60-4997-bf20-9d8698074d22","artist":{"name":"Daft Punk","mbid":"056e4f3e-d505-4dad-8ec1-d04f521cbb56"}},"uncorrectedTrack":{"name":"Around the World","mbid":"588892fd-dd60-4997-bf20-9d8698074d22","artist":{"name":"Daft Punk","mbid":"056e4f3e-d505-4dad-8ec1-d04f521cbb56"}},"album":{"name":"Homework","mbid":"497f9acf-a695-332e-bc20-1c8745248550","artist":{"name":"Daft Punk","mbid":"056e4f3e-d505-4dad-8ec1-d04f521cbb56"}}},{"timestamp":{"iso":"2010-01-15T20:18:45","unixtimestamp":1263586725},"track":{"name":"Da Funk","mbid":"1e013ad8-5d80-413f-8c42-b78eb5c93082","artist":{"name":"Daft Punk","mbid":"056e4f3e-d505-4dad-8ec1-d04f521cbb56"}},"uncorrectedTrack":{"name":"Da Funk","mbid":"1e013ad8-5d80-413f-8c42-b78eb5c93082","artist":{"name":"Daft Punk","mbid":"056e4f3e-d505-4dad-8ec1-d04f521cbb56"}},"album":{"name":"Homework","mbid":"497f9acf-a695-332e-bc20-1c8745248550","artist":{"name":"Daft Punk","mbid":"056e4f3e-d505-4dad-8ec1-d04f521cbb56"}}},{"timestamp":{"iso":"2010-01-15T20:24:14","unixtimestamp":1263587054},"track":{"name":"Fresh","mbid":"ab1f0287-258f-4c8d-b3cc-cf16e40faab2","artist":{"name":"Daft Punk","mbid":"056e4f3e-d505-4dad-8ec1-d04f521cbb56"}},"uncorrectedTrack":{"name":"Fresh","mbid":"ab1f0287-258f-4c8d-b3cc-cf16e40faab2","artist":{"name":"Daft Punk","mbid":"056e4f3e-d505-4dad-8ec1-d04f521cbb56"}},"album":{"name":"Homework","mbid":"497f9acf-a695-332e-bc20-1c8745248550","artist":{"name":"Daft Punk","mbid":"056e4f3e-d505-4dad-8ec1-d04f521cbb56"}}},{"timestamp":{"iso":"2010-01-15T20:28:18","unixtimestamp":1263587298},"track":{"name":"High Fidelity","mbid":"eb86a8a6-66b5-40de-b5f7-60e492168f41","artist":{"name":"Daft Punk","mbid":"056e4f3e-d505-4dad-8ec1-d04f521cbb56"}},"uncorrectedTrack":{"name":"High Fidelity","mbid":"eb86a8a6-66b5-40de-b5f7-60e492168f41","artist":{"name":"Daft Punk","mbid":"056e4f3e-d505-4dad-8ec1-d04f521cbb56"}},"album":{"name":"Homework","mbid":"497f9acf-a695-332e-bc20-1c8745248550","artist":{"name":"Daft Punk","mbid":"056e4f3e-d505-4dad-8ec1-d04f521cbb56"}}},{"timestamp":{"iso":"2010-01-15T20:36:17","unixtimestamp":1263587777},"track":{"name":"Alive","mbid":"8e9b0e05-8072-4261-b930-d4b9f0a1702b","artist":{"name":"Daft Punk","mbid":"056e4f3e-d505-4dad-8ec1-d04f521cbb56"}},"uncorrectedTrack":{"name":"Alive","mbid":"8e9b0e05-8072-4261-b930-d4b9f0a1702b","artist":{"name":"Daft Punk","mbid":"056e4f3e-d505-4dad-8ec1-d04f521cbb56"}},"album":{"name":"Homework","mbid":"497f9acf-a695-332e-bc20-1c8745248550","artist":{"name":"Daft Punk","mbid":"056e4f3e-d505-4dad-8ec1-d04f521cbb56"}}},{"timestamp":{"iso":"2010-01-18T14:22:59","unixtimestamp":1263824579},"track":{"name":"Remember","mbid":"bd2013f2-fe79-4b4d-b70d-6237604e02f9","artist":{"name":"Air","mbid":"018dcc90-b1a2-400a-a96e-64b6a101f009"}},"uncorrectedTrack":{"name":"Remember","mbid":"bd2013f2-fe79-4b4d-b70d-6237604e02f9","artist":{"name":"Air","mbid":"018dcc90-b1a2-400a-a96e-64b6a101f009"}},"album":{"name":"Moon Safari","mbid":"66c2ceb8-d369-4d8c-b702-490838855977","artist":{"name":"Air","mbid":"018dcc90-b1a2-400a-a96e-64b6a101f009"}}},{"timestamp":{"iso":"2010-01-18T14:25:34","unixtimestamp":1263824734},"track":{"name":"Channel 1 Suite","mbid":"9aea8d00-be89-4b20-b2f7-59104530f978","artist":{"name":"The Cinematic Orchestra","mbid":"7c158ea8-c0aa-410e-bdc1-20bba9759577"}},"uncorrectedTrack":{"name":"Channel 1 Suite","artist":{"name":"Cinematic Orchestra"}},"album":{"name":"Another Late Night","artist":{"name":"Cinematic Orchestra"}}},{"timestamp":{"iso":"2010-01-18T14:35:07","unixtimestamp":1263825307},"track":{"name":"Cool Out","mbid":"88ad0c7b-c20c-4d85-8d6d-5c46c489a1e3","artist":{"name":"Leroy Hutson","mbid":"0207cb96-5886-4bdc-bbb4-7d9216cc441c"}},"uncorrectedTrack":{"name":"Cool Out","mbid":"88ad0c7b-c20c-4d85-8d6d-5c46c489a1e3","artist":{"name":"Leroy Hutson","mbid":"0207cb96-5886-4bdc-bbb4-7d9216cc441c"}},"album":{"name":"Another Late Night","artist":{"name":"Leroy Hutson","mbid":"0207cb96-5886-4bdc-bbb4-7d9216cc441c"}}},{"timestamp":{"iso":"2010-01-18T14:37:07","unixtimestamp":1263825427},"track":{"name":"Be a Bee","mbid":"f389af72-29cb-4b29-8ca5-ef2bfbe2bcb1","artist":{"name":"Air","mbid":"018dcc90-b1a2-400a-a96e-64b6a101f009"}},"uncorrectedTrack":{"name":"Be a Bee","mbid":"f389af72-29cb-4b29-8ca5-ef2bfbe2bcb1","artist":{"name":"Air","mbid":"018dcc90-b1a2-400a-a96e-64b6a101f009"}},"album":{"name":"Love 2","mbid":"476fe9ed-0df9-33b3-9de4-bf55666f1df9","artist":{"name":"Air","mbid":"018dcc90-b1a2-400a-a96e-64b6a101f009"}}},{"timestamp":{"iso":"2010-01-18T14:40:54","unixtimestamp":1263825654},"track":{"name":"Queen Of Argyll","artist":{"name":"Hunting McLeod","mbid":"24a36c8c-4b44-4dcd-957f-12ac4cd8436a"}},"uncorrectedTrack":{"name":"Queen Of Argyll","artist":{"name":"Hunting McLeod","mbid":"24a36c8c-4b44-4dcd-957f-12ac4cd8436a"}},"album":{"name":"\"Leod \u0027n\u0027 Proud\"","artist":{"name":"Hunting McLeod","mbid":"24a36c8c-4b44-4dcd-957f-12ac4cd8436a"}}},{"timestamp":{"iso":"2010-01-18T14:43:47","unixtimestamp":1263825827},"track":{"name":"Da Funk","mbid":"1e013ad8-5d80-413f-8c42-b78eb5c93082","artist":{"name":"Daft Punk","mbid":"056e4f3e-d505-4dad-8ec1-d04f521cbb56"}},"uncorrectedTrack":{"name":"Da Funk","mbid":"1e013ad8-5d80-413f-8c42-b78eb5c93082","artist":{"name":"Daft Punk","mbid":"056e4f3e-d505-4dad-8ec1-d04f521cbb56"}},"album":{"name":"Homework","mbid":"497f9acf-a695-332e-bc20-1c8745248550","artist":{"name":"Daft Punk","mbid":"056e4f3e-d505-4dad-8ec1-d04f521cbb56"}}},{"timestamp":{"iso":"2010-01-18T14:49:16","unixtimestamp":1263826156},"track":{"name":"Mike Mills","mbid":"144d36b0-4cfd-4663-a6ad-9934abcacfc5","artist":{"name":"Air","mbid":"018dcc90-b1a2-400a-a96e-64b6a101f009"}},"uncorrectedTrack":{"name":"Mike Mills","mbid":"144d36b0-4cfd-4663-a6ad-9934abcacfc5","artist":{"name":"Air","mbid":"018dcc90-b1a2-400a-a96e-64b6a101f009"}},"album":{"name":"Talkie Walkie","mbid":"25d4d542-bbb8-4f8d-8572-692c6ceab44d","artist":{"name":"Air","mbid":"018dcc90-b1a2-400a-a96e-64b6a101f009"}}},{"timestamp":{"iso":"2010-01-18T14:53:43","unixtimestamp":1263826423},"track":{"name":"Eat My Beat","mbid":"163cfd48-cafd-4cfb-9145-69b62b025505","artist":{"name":"Air","mbid":"018dcc90-b1a2-400a-a96e-64b6a101f009"}},"uncorrectedTrack":{"name":"Eat My Beat","mbid":"163cfd48-cafd-4cfb-9145-69b62b025505","artist":{"name":"Air","mbid":"018dcc90-b1a2-400a-a96e-64b6a101f009"}},"album":{"name":"Love 2","mbid":"476fe9ed-0df9-33b3-9de4-bf55666f1df9","artist":{"name":"Air","mbid":"018dcc90-b1a2-400a-a96e-64b6a101f009"}}},{"timestamp":{"iso":"2010-01-18T14:57:25","unixtimestamp":1263826645},"track":{"name":"Prayer And Tribute","artist":{"name":"Hunting McLeod","mbid":"24a36c8c-4b44-4dcd-957f-12ac4cd8436a"}},"uncorrectedTrack":{"name":"Prayer And Tribute","artist":{"name":"Hunting McLeod","mbid":"24a36c8c-4b44-4dcd-957f-12ac4cd8436a"}},"album":{"name":"\"Leod \u0027n\u0027 Proud\"","artist":{"name":"Hunting McLeod","mbid":"24a36c8c-4b44-4dcd-957f-12ac4cd8436a"}}},{"timestamp":{"iso":"2010-01-18T14:59:21","unixtimestamp":1263826761},"track":{"name":"Prayer And Tribute","artist":{"name":"Hunting McLeod","mbid":"24a36c8c-4b44-4dcd-957f-12ac4cd8436a"}},"uncorrectedTrack":{"name":"Prayer And Tribute","artist":{"name":"Hunting McLeod","mbid":"24a36c8c-4b44-4dcd-957f-12ac4cd8436a"}},"album":{"name":"\"Leod \u0027n\u0027 Proud\"","artist":{"name":"Hunting McLeod","mbid":"24a36c8c-4b44-4dcd-957f-12ac4cd8436a"}}},{"timestamp":{"iso":"2010-01-18T15:03:17","unixtimestamp":1263826997},"track":{"name":"Hope Street","artist":{"name":"Hunting McLeod","mbid":"24a36c8c-4b44-4dcd-957f-12ac4cd8436a"}},"uncorrectedTrack":{"name":"Hope Street","artist":{"name":"Hunting McLeod","mbid":"24a36c8c-4b44-4dcd-957f-12ac4cd8436a"}},"album":{"name":"\"Leod \u0027n\u0027 Proud\"","artist":{"name":"Hunting McLeod","mbid":"24a36c8c-4b44-4dcd-957f-12ac4cd8436a"}}},{"timestamp":{"iso":"2010-01-18T15:07:54","unixtimestamp":1263827274},"track":{"name":"La femme d\u0027argent","artist":{"name":"Air","mbid":"018dcc90-b1a2-400a-a96e-64b6a101f009"}},"uncorrectedTrack":{"name":"La femme d\u0027argent","artist":{"name":"Air","mbid":"018dcc90-b1a2-400a-a96e-64b6a101f009"}},"album":{"name":"Moon Safari","mbid":"66c2ceb8-d369-4d8c-b702-490838855977","artist":{"name":"Air","mbid":"018dcc90-b1a2-400a-a96e-64b6a101f009"}}},{"timestamp":{"iso":"2010-01-18T15:15:50","unixtimestamp":1263827750},"track":{"name":"Crash","artist":{"name":"Static-X"}},"uncorrectedTrack":{"name":"Crash","artist":{"name":"Static-X"}},"album":{"name":"Beneath...Between...Beyond...","artist":{"name":"Static-X"}}},{"timestamp":{"iso":"2010-01-18T15:17:55","unixtimestamp":1263827875},"track":{"name":"Alone in Kyoto","mbid":"4044ad32-2ac5-4f95-afee-4379656b64f8","artist":{"name":"Air","mbid":"018dcc90-b1a2-400a-a96e-64b6a101f009"}},"uncorrectedTrack":{"name":"Alone in Kyoto","mbid":"4044ad32-2ac5-4f95-afee-4379656b64f8","artist":{"name":"Air","mbid":"018dcc90-b1a2-400a-a96e-64b6a101f009"}},"album":{"name":"Talkie Walkie","mbid":"25d4d542-bbb8-4f8d-8572-692c6ceab44d","artist":{"name":"Air","mbid":"018dcc90-b1a2-400a-a96e-64b6a101f009"}}},{"timestamp":{"iso":"2010-01-18T15:22:46","unixtimestamp":1263828166},"track":{"name":"Ghost Ship in a Storm","artist":{"name":"Jim O\u0027Rourke"}},"uncorrectedTrack":{"name":"Ghost Ship in a Storm","artist":{"name":"Jim O\u0027Rourke"}},"album":{"name":"Another Late Night","artist":{"name":"Jim O\u0027Rourke"}}},{"timestamp":{"iso":"2010-01-18T20:11:15","unixtimestamp":1263845475},"track":{"name":"Cello Suite No.1, 1. Prelude","artist":{"name":"Yo-Yo Ma"}},"uncorrectedTrack":{"name":"Cello Suite No.1, 1. Prelude","artist":{"name":"Yo-Yo Ma"}},"album":{"name":"Yo-Yo Ma-Bach: 6 Suites for Unac. Cello","artist":{"name":"Yo-Yo Ma"}}},{"timestamp":{"iso":"2010-01-18T20:13:44","unixtimestamp":1263845624},"track":{"name":"Cristal","artist":{"name":"Yo-Yo Ma"}},"uncorrectedTrack":{"name":"Cristal","artist":{"name":"Yo-Yo Ma"}},"album":{"name":"Yo-Yo Ma-Obrigado Brazil","artist":{"name":"Yo-Yo Ma"}}},{"timestamp":{"iso":"2010-01-18T20:21:14","unixtimestamp":1263846074},"track":{"name":"Cello Suite No. 1 in G Major, BWV 1007: I. Prélude","artist":{"name":"Yo-Yo Ma"}},"uncorrectedTrack":{"name":"Cello Suite No. 1 in G Major, BWV 1007: I. Prélude","artist":{"name":"Yo-Yo Ma"}},"album":{"name":"Yo-Yo Ma - Bach: The Cello Suites (Disc 1)","artist":{"name":"Yo-Yo Ma"}}},{"timestamp":{"iso":"2010-01-18T20:23:42","unixtimestamp":1263846222},"track":{"name":"Cello Suite No. 1 in G Major, BWV 1007: II. Allemande","artist":{"name":"Yo-Yo Ma"}},"uncorrectedTrack":{"name":"Cello Suite No. 1 in G Major, BWV 1007: II. Allemande","artist":{"name":"Yo-Yo Ma"}},"album":{"name":"Yo-Yo Ma - Bach: The Cello Suites (Disc 1)","artist":{"name":"Yo-Yo Ma"}}},{"timestamp":{"iso":"2010-01-18T20:28:20","unixtimestamp":1263846500},"track":{"name":"Cello Suite No. 1 in G Major, BWV 1007: III. Courante","artist":{"name":"Yo-Yo Ma"}},"uncorrectedTrack":{"name":"Cello Suite No. 1 in G Major, BWV 1007: III. Courante","artist":{"name":"Yo-Yo Ma"}},"album":{"name":"Yo-Yo Ma - Bach: The Cello Suites (Disc 1)","artist":{"name":"Yo-Yo Ma"}}},{"timestamp":{"iso":"2010-01-18T20:30:55","unixtimestamp":1263846655},"track":{"name":"Cello Suite No. 1 in G Major, BWV 1007: IV. Sarabande","artist":{"name":"Yo-Yo Ma"}},"uncorrectedTrack":{"name":"Cello Suite No. 1 in G Major, BWV 1007: IV. Sarabande","artist":{"name":"Yo-Yo Ma"}},"album":{"name":"Yo-Yo Ma - Bach: The Cello Suites (Disc 1)","artist":{"name":"Yo-Yo Ma"}}},{"timestamp":{"iso":"2010-01-18T20:34:21","unixtimestamp":1263846861},"track":{"name":"Cello Suite No. 1 in G Major, BWV 1007: V. Menuett I \u0026 II","artist":{"name":"Yo-Yo Ma"}},"uncorrectedTrack":{"name":"Cello Suite No. 1 in G Major, BWV 1007: V. Menuett I \u0026 II","artist":{"name":"Yo-Yo Ma"}},"album":{"name":"Yo-Yo Ma - Bach: The Cello Suites (Disc 1)","artist":{"name":"Yo-Yo Ma"}}},{"timestamp":{"iso":"2010-01-18T20:37:58","unixtimestamp":1263847078},"track":{"name":"Cello Suite No. 1 in G Major, BWV 1007: VI. Gigue","artist":{"name":"Yo-Yo Ma"}},"uncorrectedTrack":{"name":"Cello Suite No. 1 in G Major, BWV 1007: VI. Gigue","artist":{"name":"Yo-Yo Ma"}},"album":{"name":"Yo-Yo Ma - Bach: The Cello Suites (Disc 1)","artist":{"name":"Yo-Yo Ma"}}},{"timestamp":{"iso":"2010-01-18T20:39:29","unixtimestamp":1263847169},"track":{"name":"Cello Suite No. 2 in D Minor, BWV 1008: I. Prélude","artist":{"name":"Yo-Yo Ma"}},"uncorrectedTrack":{"name":"Cello Suite No. 2 in D Minor, BWV 1008: I. Prélude","artist":{"name":"Yo-Yo Ma"}},"album":{"name":"Yo-Yo Ma - Bach: The Cello Suites (Disc 1)","artist":{"name":"Yo-Yo Ma"}}},{"timestamp":{"iso":"2010-01-18T20:44:40","unixtimestamp":1263847480},"track":{"name":"Cello Suite No. 2 in D Minor, BWV 1008: II. Allemande","artist":{"name":"Yo-Yo Ma"}},"uncorrectedTrack":{"name":"Cello Suite No. 2 in D Minor, BWV 1008: II. Allemande","artist":{"name":"Yo-Yo Ma"}},"album":{"name":"Yo-Yo Ma - Bach: The Cello Suites (Disc 1)","artist":{"name":"Yo-Yo Ma"}}},{"timestamp":{"iso":"2010-01-18T20:48:23","unixtimestamp":1263847703},"track":{"name":"Cello Suite No. 2 in D Minor, BWV 1008: III. Courante","artist":{"name":"Yo-Yo Ma"}},"uncorrectedTrack":{"name":"Cello Suite No. 2 in D Minor, BWV 1008: III. Courante","artist":{"name":"Yo-Yo Ma"}},"album":{"name":"Yo-Yo Ma - Bach: The Cello Suites (Disc 1)","artist":{"name":"Yo-Yo Ma"}}},{"timestamp":{"iso":"2010-01-18T20:50:17","unixtimestamp":1263847817},"track":{"name":"Cello Suite No. 2 in D Minor, BWV 1008: IV. Sarabande","artist":{"name":"Yo-Yo Ma"}},"uncorrectedTrack":{"name":"Cello Suite No. 2 in D Minor, BWV 1008: IV. Sarabande","artist":{"name":"Yo-Yo Ma"}},"album":{"name":"Yo-Yo Ma - Bach: The Cello Suites (Disc 1)","artist":{"name":"Yo-Yo Ma"}}},{"timestamp":{"iso":"2010-01-18T20:55:31","unixtimestamp":1263848131},"track":{"name":"Cello Suite No. 2 in D Minor, BWV 1008: V. Menuett I \u0026 II","artist":{"name":"Yo-Yo Ma"}},"uncorrectedTrack":{"name":"Cello Suite No. 2 in D Minor, BWV 1008: V. Menuett I \u0026 II","artist":{"name":"Yo-Yo Ma"}},"album":{"name":"Yo-Yo Ma - Bach: The Cello Suites (Disc 1)","artist":{"name":"Yo-Yo Ma"}}},{"timestamp":{"iso":"2010-01-19T19:03:20","unixtimestamp":1263927800},"track":{"name":"Highly Evolved","mbid":"5558ed38-4449-4d94-972b-c9909a6ffbc5","artist":{"name":"The Vines","mbid":"4e045c96-538b-46ed-8ea8-7cae20b56574"}},"uncorrectedTrack":{"name":"Highly Evolved","mbid":"5558ed38-4449-4d94-972b-c9909a6ffbc5","artist":{"name":"The Vines","mbid":"4e045c96-538b-46ed-8ea8-7cae20b56574"}},"album":{"name":"Highly Evolved","mbid":"e9ce3dd1-4d14-36f5-9a77-80eeea908ae8","artist":{"name":"The Vines","mbid":"4e045c96-538b-46ed-8ea8-7cae20b56574"}}},{"timestamp":{"iso":"2010-01-19T19:04:55","unixtimestamp":1263927895},"track":{"name":"Dissolved Girl","mbid":"010c3232-3ee7-43fe-81e8-69b0ea3cf1bb","artist":{"name":"Massive Attack","mbid":"10adbe5e-a2c0-4bf3-8249-2b4cbf6e6ca8"}},"uncorrectedTrack":{"name":"Dissolved Girl","mbid":"010c3232-3ee7-43fe-81e8-69b0ea3cf1bb","artist":{"name":"Massive Attack","mbid":"10adbe5e-a2c0-4bf3-8249-2b4cbf6e6ca8"}},"album":{"name":"Mezzanine","mbid":"2fa63133-a4c9-3f41-8deb-162189de83ff","artist":{"name":"Massive Attack","mbid":"10adbe5e-a2c0-4bf3-8249-2b4cbf6e6ca8"}}},{"timestamp":{"iso":"2010-01-19T19:10:59","unixtimestamp":1263928259},"track":{"name":"Curl","mbid":"66e68d93-d077-427b-9f4a-9fd5067e2287","artist":{"name":"Sneaker Pimps","mbid":"696d8523-39a0-44e2-9add-afaa183a2f46"}},"uncorrectedTrack":{"name":"Curl","mbid":"66e68d93-d077-427b-9f4a-9fd5067e2287","artist":{"name":"Sneaker Pimps","mbid":"696d8523-39a0-44e2-9add-afaa183a2f46"}},"album":{"name":"Splinter","mbid":"d32d6f32-7410-4358-a12f-75d25cfc75c5","artist":{"name":"Sneaker Pimps","mbid":"696d8523-39a0-44e2-9add-afaa183a2f46"}}},{"timestamp":{"iso":"2010-01-19T19:40:06","unixtimestamp":1263930006},"track":{"name":"Black Star","mbid":"2a9d8224-91a6-49b7-8ffa-b99e12983e82","artist":{"name":"Radiohead","mbid":"a74b1b7f-71a5-4011-9441-d0b5e4122711"}},"uncorrectedTrack":{"name":"Black Star","mbid":"2a9d8224-91a6-49b7-8ffa-b99e12983e82","artist":{"name":"Radiohead","mbid":"a74b1b7f-71a5-4011-9441-d0b5e4122711"}},"album":{"name":"The Bends","mbid":"0b0ae271-728d-3899-af0a-0c9d5f2fcad8","artist":{"name":"Radiohead","mbid":"a74b1b7f-71a5-4011-9441-d0b5e4122711"}}},{"timestamp":{"iso":"2010-01-19T19:44:13","unixtimestamp":1263930253},"track":{"name":"Ringfinger","mbid":"2f9bf607-7617-42fa-8c82-9053c92d74c4","artist":{"name":"Nine Inch Nails","mbid":"b7ffd2af-418f-4be2-bdd1-22f8b48613da"}},"uncorrectedTrack":{"name":"Ringfinger","mbid":"2f9bf607-7617-42fa-8c82-9053c92d74c4","artist":{"name":"Nine Inch Nails","mbid":"b7ffd2af-418f-4be2-bdd1-22f8b48613da"}},"album":{"name":"Pretty Hate Machine","mbid":"24019d61-f0bb-30e3-b54a-2cedbd67052b","artist":{"name":"Nine Inch Nails","mbid":"b7ffd2af-418f-4be2-bdd1-22f8b48613da"}}},{"timestamp":{"iso":"2010-01-19T19:49:54","unixtimestamp":1263930594},"track":{"name":"Plus au sud","mbid":"9dd31816-de4f-4cac-85cf-0b2f242b3f0b","artist":{"name":"Yann Tiersen","mbid":"12d432a3-feb0-49b1-a107-d20751880764"}},"uncorrectedTrack":{"name":"Plus au sud","mbid":"9dd31816-de4f-4cac-85cf-0b2f242b3f0b","artist":{"name":"Yann Tiersen","mbid":"12d432a3-feb0-49b1-a107-d20751880764"}},"album":{"name":"C\u0027était Ici","mbid":"28548043-4c35-4e81-8dc1-bb7b3d9823b6","artist":{"name":"Yann Tiersen","mbid":"12d432a3-feb0-49b1-a107-d20751880764"}}},{"timestamp":{"iso":"2010-01-19T19:52:16","unixtimestamp":1263930736},"track":{"name":"We Will Become Silhouttes","artist":{"name":"The Postal Service","mbid":"299278d3-25dd-4f30-bae4-5b571c28034d"}},"uncorrectedTrack":{"name":"We Will Become Silhouttes","artist":{"name":"Postal Service"}},"album":{"name":"Album","artist":{"name":"Postal Service"}}},{"timestamp":{"iso":"2010-01-19T19:55:18","unixtimestamp":1263930918},"track":{"name":"Spy","artist":{"name":"菅野よう子","mbid":"5ffb73c0-b739-4231-ba22-f8d361be1d45"}},"uncorrectedTrack":{"name":"Spy","artist":{"name":"Yoko Kanno"}},"album":{"name":"Cowboy Bebop","artist":{"name":"Yoko Kanno"}}},{"timestamp":{"iso":"2010-01-19T19:57:22","unixtimestamp":1263931042},"track":{"name":"Another Day","mbid":"2e48b45e-0459-4e5d-859e-37dc94a8da2d","artist":{"name":"Air","mbid":"018dcc90-b1a2-400a-a96e-64b6a101f009"}},"uncorrectedTrack":{"name":"Another Day","mbid":"2e48b45e-0459-4e5d-859e-37dc94a8da2d","artist":{"name":"Air","mbid":"018dcc90-b1a2-400a-a96e-64b6a101f009"}},"album":{"name":"Talkie Walkie","mbid":"25d4d542-bbb8-4f8d-8572-692c6ceab44d","artist":{"name":"Air","mbid":"018dcc90-b1a2-400a-a96e-64b6a101f009"}}},{"timestamp":{"iso":"2010-01-19T20:01:33","unixtimestamp":1263931293},"track":{"name":"Last Dinosaur","mbid":"237525e2-c57c-4429-a05b-6f1640eeb95a","artist":{"name":"The Pillows","mbid":"e69c8ccb-25b1-4c4a-89c6-8fdad1172951"}},"uncorrectedTrack":{"name":"Last Dinosaur","mbid":"237525e2-c57c-4429-a05b-6f1640eeb95a","artist":{"name":"The Pillows","mbid":"e69c8ccb-25b1-4c4a-89c6-8fdad1172951"}}},{"timestamp":{"iso":"2010-01-20T23:19:44","unixtimestamp":1264029584},"track":{"name":"Do the Joy","mbid":"30c22085-b560-4a70-95cc-d50c4b63c12a","artist":{"name":"Air","mbid":"018dcc90-b1a2-400a-a96e-64b6a101f009"}},"uncorrectedTrack":{"name":"Do the Joy","mbid":"30c22085-b560-4a70-95cc-d50c4b63c12a","artist":{"name":"Air","mbid":"018dcc90-b1a2-400a-a96e-64b6a101f009"}},"album":{"name":"Love 2","mbid":"476fe9ed-0df9-33b3-9de4-bf55666f1df9","artist":{"name":"Air","mbid":"018dcc90-b1a2-400a-a96e-64b6a101f009"}}},{"timestamp":{"iso":"2010-01-20T23:22:00","unixtimestamp":1264029720},"track":{"name":"Love","mbid":"0fb656c3-0670-40f1-8e69-52c80e42e2ec","artist":{"name":"Air","mbid":"018dcc90-b1a2-400a-a96e-64b6a101f009"}},"uncorrectedTrack":{"name":"Love","mbid":"0fb656c3-0670-40f1-8e69-52c80e42e2ec","artist":{"name":"Air","mbid":"018dcc90-b1a2-400a-a96e-64b6a101f009"}},"album":{"name":"Love 2","mbid":"476fe9ed-0df9-33b3-9de4-bf55666f1df9","artist":{"name":"Air","mbid":"018dcc90-b1a2-400a-a96e-64b6a101f009"}}},{"timestamp":{"iso":"2010-01-20T23:24:44","unixtimestamp":1264029884},"track":{"name":"So Light Is Her Footfall","mbid":"54304819-3d5c-45a7-8aff-2a3266ecb0fb","artist":{"name":"Air","mbid":"018dcc90-b1a2-400a-a96e-64b6a101f009"}},"uncorrectedTrack":{"name":"So Light Is Her Footfall","mbid":"54304819-3d5c-45a7-8aff-2a3266ecb0fb","artist":{"name":"Air","mbid":"018dcc90-b1a2-400a-a96e-64b6a101f009"}},"album":{"name":"Love 2","mbid":"476fe9ed-0df9-33b3-9de4-bf55666f1df9","artist":{"name":"Air","mbid":"018dcc90-b1a2-400a-a96e-64b6a101f009"}}},{"timestamp":{"iso":"2010-01-20T23:27:57","unixtimestamp":1264030077},"track":{"name":"Be a Bee","mbid":"f389af72-29cb-4b29-8ca5-ef2bfbe2bcb1","artist":{"name":"Air","mbid":"018dcc90-b1a2-400a-a96e-64b6a101f009"}},"uncorrectedTrack":{"name":"Be a Bee","mbid":"f389af72-29cb-4b29-8ca5-ef2bfbe2bcb1","artist":{"name":"Air","mbid":"018dcc90-b1a2-400a-a96e-64b6a101f009"}},"album":{"name":"Love 2","mbid":"476fe9ed-0df9-33b3-9de4-bf55666f1df9","artist":{"name":"Air","mbid":"018dcc90-b1a2-400a-a96e-64b6a101f009"}}},{"timestamp":{"iso":"2010-01-20T23:31:44","unixtimestamp":1264030304},"track":{"name":"Missing the Light of the Day","mbid":"18543d36-3692-4d0d-bb29-664de59ae417","artist":{"name":"Air","mbid":"018dcc90-b1a2-400a-a96e-64b6a101f009"}},"uncorrectedTrack":{"name":"Missing the Light of the Day","mbid":"18543d36-3692-4d0d-bb29-664de59ae417","artist":{"name":"Air","mbid":"018dcc90-b1a2-400a-a96e-64b6a101f009"}},"album":{"name":"Love 2","mbid":"476fe9ed-0df9-33b3-9de4-bf55666f1df9","artist":{"name":"Air","mbid":"018dcc90-b1a2-400a-a96e-64b6a101f009"}}},{"timestamp":{"iso":"2010-01-20T23:36:10","unixtimestamp":1264030570},"track":{"name":"Tropical Disease","mbid":"24c7644b-fcc1-4e95-9c87-bd4fd47a7fe3","artist":{"name":"Air","mbid":"018dcc90-b1a2-400a-a96e-64b6a101f009"}},"uncorrectedTrack":{"name":"Tropical Disease","mbid":"24c7644b-fcc1-4e95-9c87-bd4fd47a7fe3","artist":{"name":"Air","mbid":"018dcc90-b1a2-400a-a96e-64b6a101f009"}},"album":{"name":"Love 2","mbid":"476fe9ed-0df9-33b3-9de4-bf55666f1df9","artist":{"name":"Air","mbid":"018dcc90-b1a2-400a-a96e-64b6a101f009"}}},{"timestamp":{"iso":"2010-01-20T23:43:00","unixtimestamp":1264030980},"track":{"name":"Heaven\u0027s Light","mbid":"10d5dd2e-5e54-475b-8d4c-7db1b4dbeb78","artist":{"name":"Air","mbid":"018dcc90-b1a2-400a-a96e-64b6a101f009"}},"uncorrectedTrack":{"name":"Heaven\u0027s Light","mbid":"10d5dd2e-5e54-475b-8d4c-7db1b4dbeb78","artist":{"name":"Air","mbid":"018dcc90-b1a2-400a-a96e-64b6a101f009"}},"album":{"name":"Love 2","mbid":"476fe9ed-0df9-33b3-9de4-bf55666f1df9","artist":{"name":"Air","mbid":"018dcc90-b1a2-400a-a96e-64b6a101f009"}}},{"timestamp":{"iso":"2010-01-20T23:46:53","unixtimestamp":1264031213},"track":{"name":"Night Hunter","mbid":"099147aa-1efd-4f1e-be75-0b254f769eee","artist":{"name":"Air","mbid":"018dcc90-b1a2-400a-a96e-64b6a101f009"}},"uncorrectedTrack":{"name":"Night Hunter","mbid":"099147aa-1efd-4f1e-be75-0b254f769eee","artist":{"name":"Air","mbid":"018dcc90-b1a2-400a-a96e-64b6a101f009"}},"album":{"name":"Love 2","mbid":"476fe9ed-0df9-33b3-9de4-bf55666f1df9","artist":{"name":"Air","mbid":"018dcc90-b1a2-400a-a96e-64b6a101f009"}}},{"timestamp":{"iso":"2010-01-20T23:51:07","unixtimestamp":1264031467},"track":{"name":"Sing Sang Sung","mbid":"0944df79-6b0c-4fb3-b8e7-990d06f7709d","artist":{"name":"Air","mbid":"018dcc90-b1a2-400a-a96e-64b6a101f009"}},"uncorrectedTrack":{"name":"Sing Sang Sung","mbid":"0944df79-6b0c-4fb3-b8e7-990d06f7709d","artist":{"name":"Air","mbid":"018dcc90-b1a2-400a-a96e-64b6a101f009"}},"album":{"name":"Love 2","mbid":"476fe9ed-0df9-33b3-9de4-bf55666f1df9","artist":{"name":"Air","mbid":"018dcc90-b1a2-400a-a96e-64b6a101f009"}}},{"timestamp":{"iso":"2010-01-20T23:54:15","unixtimestamp":1264031655},"track":{"name":"Eat My Beat","mbid":"163cfd48-cafd-4cfb-9145-69b62b025505","artist":{"name":"Air","mbid":"018dcc90-b1a2-400a-a96e-64b6a101f009"}},"uncorrectedTrack":{"name":"Eat My Beat","mbid":"163cfd48-cafd-4cfb-9145-69b62b025505","artist":{"name":"Air","mbid":"018dcc90-b1a2-400a-a96e-64b6a101f009"}},"album":{"name":"Love 2","mbid":"476fe9ed-0df9-33b3-9de4-bf55666f1df9","artist":{"name":"Air","mbid":"018dcc90-b1a2-400a-a96e-64b6a101f009"}}},{"timestamp":{"iso":"2010-01-21T19:51:44","unixtimestamp":1264103504},"track":{"name":"Take on Me","mbid":"48f1769b-f911-4948-8feb-55d047b0e884","artist":{"name":"a-ha","mbid":"318a755f-53a4-42b0-b728-4455ec9654e8"}},"uncorrectedTrack":{"name":"Take on Me","mbid":"48f1769b-f911-4948-8feb-55d047b0e884","artist":{"name":"a-ha","mbid":"318a755f-53a4-42b0-b728-4455ec9654e8"}},"album":{"name":"Scrubs Season 4","artist":{"name":"a-ha","mbid":"318a755f-53a4-42b0-b728-4455ec9654e8"}}},{"timestamp":{"iso":"2010-01-21T19:55:48","unixtimestamp":1264103748},"track":{"name":"Uhn Tiss Uhn Tiss Uhn Tiss","mbid":"170c4f10-f3a8-48e3-96e1-f893ecb4e5c1","artist":{"name":"Bloodhound Gang","mbid":"117205af-fc41-4341-a8cb-5562468b0724"}},"uncorrectedTrack":{"name":"Uhn Tiss Uhn Tiss Uhn Tiss","artist":{"name":"The Bloodhound Gang"}},"album":{"name":"Hefty Fine (Advance)","artist":{"name":"The Bloodhound Gang"}}},{"timestamp":{"iso":"2010-01-21T20:00:17","unixtimestamp":1264104017},"track":{"name":"More Than a Feeling","mbid":"8336718a-d146-4672-a2c9-6680580919fa","artist":{"name":"Boston","mbid":"02a5c0c6-46a6-44d3-8005-912ad742b6fa"}},"uncorrectedTrack":{"name":"More Than a Feeling","mbid":"8336718a-d146-4672-a2c9-6680580919fa","artist":{"name":"Boston","mbid":"02a5c0c6-46a6-44d3-8005-912ad742b6fa"}},"album":{"name":"Boston","mbid":"094224c6-c99f-4195-86bd-624ca0d438fd","artist":{"name":"Boston","mbid":"02a5c0c6-46a6-44d3-8005-912ad742b6fa"}}},{"timestamp":{"iso":"2010-01-21T20:03:17","unixtimestamp":1264104197},"track":{"name":"Pour Some Sugar on Me","mbid":"04a384f3-e696-4ee8-9f6a-200de42e5a6b","artist":{"name":"Def Leppard","mbid":"7249b899-8db8-43e7-9e6e-22f1e736024e"}},"uncorrectedTrack":{"name":"Pour Some Sugar on Me","mbid":"04a384f3-e696-4ee8-9f6a-200de42e5a6b","artist":{"name":"Def Leppard","mbid":"7249b899-8db8-43e7-9e6e-22f1e736024e"}},"album":{"name":"Coyote Ugly","mbid":"53833fcf-c08c-4288-8f27-c29f1b5b693e","artist":{"name":"Various Artists","mbid":"023671ff-b1ad-4133-a4f3-aadaaadfd2e0"}}},{"timestamp":{"iso":"2010-01-21T20:08:38","unixtimestamp":1264104518},"track":{"name":"You Sexy Thing","artist":{"name":"Barry White","mbid":"b904d624-9e05-4398-8f4f-88fbcf022f79"}},"uncorrectedTrack":{"name":"You Sexy Thing","artist":{"name":"Barry White","mbid":"b904d624-9e05-4398-8f4f-88fbcf022f79"}},"album":{"name":"Barry White","mbid":"3d20162d-8d02-41ab-8bb1-9b5af1592628","artist":{"name":"Barry White","mbid":"b904d624-9e05-4398-8f4f-88fbcf022f79"}}},{"timestamp":{"iso":"2010-01-21T20:14:30","unixtimestamp":1264104870},"track":{"name":"Lollipop","mbid":"731ef9bd-a085-49b2-86fe-aecb30c95346","artist":{"name":"Framing Hanley","mbid":"7f616512-e114-433f-86c1-4c8fe9f7fe2c"}},"uncorrectedTrack":{"name":"Lollipop","mbid":"731ef9bd-a085-49b2-86fe-aecb30c95346","artist":{"name":"Framing Hanley","mbid":"7f616512-e114-433f-86c1-4c8fe9f7fe2c"}},"album":{"name":"The Moment","mbid":"01f54048-c6ae-4758-80fd-467f595d95e0","artist":{"name":"Framing Hanley","mbid":"7f616512-e114-433f-86c1-4c8fe9f7fe2c"}}},{"timestamp":{"iso":"2010-01-21T20:16:44","unixtimestamp":1264105004},"track":{"name":"Flathead","mbid":"b0ef69bd-c252-4c52-b1ce-32da7ddfbe71","artist":{"name":"The Fratellis","mbid":"5ccb7bf1-4e5d-44fe-94fe-a15eeffa2335"}},"uncorrectedTrack":{"name":"Flathead","mbid":"b0ef69bd-c252-4c52-b1ce-32da7ddfbe71","artist":{"name":"The Fratellis","mbid":"5ccb7bf1-4e5d-44fe-94fe-a15eeffa2335"}},"album":{"name":"Costello Music","mbid":"68df9595-bd94-4ab0-a2fc-6edd1f8d9762","artist":{"name":"The Fratellis","mbid":"5ccb7bf1-4e5d-44fe-94fe-a15eeffa2335"}}},{"timestamp":{"iso":"2010-01-21T20:18:45","unixtimestamp":1264105125},"track":{"name":"Faith","mbid":"391c6474-431e-4444-a46e-d44040328128","artist":{"name":"George Michael","mbid":"a752d086-a265-4968-a882-2f69e9bc8f3b"}},"uncorrectedTrack":{"name":"Faith","mbid":"391c6474-431e-4444-a46e-d44040328128","artist":{"name":"George Michael","mbid":"a752d086-a265-4968-a882-2f69e9bc8f3b"}},"album":{"name":"Scrubs Season 3","artist":{"name":"George Michael","mbid":"a752d086-a265-4968-a882-2f69e9bc8f3b"}}},{"timestamp":{"iso":"2010-01-21T20:20:47","unixtimestamp":1264105247},"track":{"name":"Here (In Your Arms)","mbid":"574c630e-01f6-490b-9d74-96237c84ed60","artist":{"name":"Hellogoodbye","mbid":"3fa7095b-4447-465e-a784-14b07789d7a1"}},"uncorrectedTrack":{"name":"Here (In Your Arms)","mbid":"574c630e-01f6-490b-9d74-96237c84ed60","artist":{"name":"Hellogoodbye","mbid":"3fa7095b-4447-465e-a784-14b07789d7a1"}},"album":{"name":"Zombies! Aliens! Vampires! Dinosaurs!","artist":{"name":"Hellogoodbye;Elliott Yamin"}}},{"timestamp":{"iso":"2010-01-21T20:26:22","unixtimestamp":1264105582},"track":{"name":"Starlight","mbid":"49a24eed-ba61-4e3b-8a43-5985d7c13b67","artist":{"name":"Muse","mbid":"1695c115-bf3f-4014-9966-2b0c50179193"}},"uncorrectedTrack":{"name":"Starlight","mbid":"49a24eed-ba61-4e3b-8a43-5985d7c13b67","artist":{"name":"Muse","mbid":"1695c115-bf3f-4014-9966-2b0c50179193"}},"album":{"name":"Black Holes \u0026 Revelations","mbid":"c01b2873-010d-407e-92ee-dfb39b42751e","artist":{"name":"Muse","mbid":"1695c115-bf3f-4014-9966-2b0c50179193"}}},{"timestamp":{"iso":"2010-01-21T20:30:22","unixtimestamp":1264105822},"track":{"name":"Supermassive Black Hole","mbid":"489dd2a8-4dea-497d-9020-1d0f49bdfb63","artist":{"name":"Muse","mbid":"1695c115-bf3f-4014-9966-2b0c50179193"}},"uncorrectedTrack":{"name":"Supermassive Black Hole","mbid":"489dd2a8-4dea-497d-9020-1d0f49bdfb63","artist":{"name":"Muse","mbid":"1695c115-bf3f-4014-9966-2b0c50179193"}},"album":{"name":"Black Holes \u0026 Revelations","mbid":"c01b2873-010d-407e-92ee-dfb39b42751e","artist":{"name":"Muse","mbid":"1695c115-bf3f-4014-9966-2b0c50179193"}}},{"timestamp":{"iso":"2010-01-21T20:34:35","unixtimestamp":1264106075},"track":{"name":"Roses","mbid":"02aa22cd-a910-484b-86e8-f728e1a5faae","artist":{"name":"OutKast","mbid":"73fdb566-a9b1-494c-9f32-51768ec9fd27"}},"uncorrectedTrack":{"name":"Roses","mbid":"02aa22cd-a910-484b-86e8-f728e1a5faae","artist":{"name":"OutKast","mbid":"73fdb566-a9b1-494c-9f32-51768ec9fd27"}},"album":{"name":"The Love Below","artist":{"name":"OutKast","mbid":"73fdb566-a9b1-494c-9f32-51768ec9fd27"}}},{"timestamp":{"iso":"2010-01-21T20:40:24","unixtimestamp":1264106424},"track":{"name":"L.E.S. Artists","artist":{"name":"Santigold","mbid":"56bd1249-3e9a-468d-9efe-57cb980634e1"}},"uncorrectedTrack":{"name":"L.E.S. Artists","artist":{"name":"Santogold"}},"album":{"name":"Palm Out Sounds, Remix Sunday","artist":{"name":"Santogold"}}},{"timestamp":{"iso":"2010-01-21T20:45:30","unixtimestamp":1264106730},"track":{"name":"Tainted Love","mbid":"ffdd7345-d8cb-4d88-9801-6fbd0b877d69","artist":{"name":"Soft Cell","mbid":"7fb50287-029d-47cc-825a-235ca28024b2"}},"uncorrectedTrack":{"name":"Tainted Love","mbid":"ffdd7345-d8cb-4d88-9801-6fbd0b877d69","artist":{"name":"Soft Cell","mbid":"7fb50287-029d-47cc-825a-235ca28024b2"}}},{"timestamp":{"iso":"2010-01-21T20:48:23","unixtimestamp":1264106903},"track":{"name":"Way I Are (feat. Keri Hilson \u0026 D.O.E.)","artist":{"name":"Timbaland","mbid":"daa09819-5da5-4c7a-8bef-eb372bb27ff1"}},"uncorrectedTrack":{"name":"Way I Are (feat. Keri Hilson \u0026 D.O.E.)","artist":{"name":"Timbaland","mbid":"daa09819-5da5-4c7a-8bef-eb372bb27ff1"}},"album":{"name":"Presents: Shock Value","artist":{"name":"Timbaland","mbid":"daa09819-5da5-4c7a-8bef-eb372bb27ff1"}}},{"timestamp":{"iso":"2010-01-21T20:51:22","unixtimestamp":1264107082},"track":{"name":"Apologize","mbid":"ffa85f20-d53f-4378-b433-066a3bd676a6","artist":{"name":"Timbaland","mbid":"daa09819-5da5-4c7a-8bef-eb372bb27ff1"}},"uncorrectedTrack":{"name":"Apologize","artist":{"name":"Timbaland   Feat. One Republic"}},"album":{"name":"Shock Value","artist":{"name":"Timbaland   Feat. One Republic"}}},{"timestamp":{"iso":"2010-01-21T20:54:42","unixtimestamp":1264107282},"track":{"name":"Snakes On A Plane (Bring It)","mbid":"04cde51c-0522-4781-afdb-4ad65e1998ca","artist":{"name":"Cobra Starship","mbid":"ffb390b8-8df4-4b72-97d1-7b2fc008a452"}},"uncorrectedTrack":{"name":"Snakes On A Plane (Bring It)","mbid":"04cde51c-0522-4781-afdb-4ad65e1998ca","artist":{"name":"Cobra Starship","mbid":"ffb390b8-8df4-4b72-97d1-7b2fc008a452"}},"album":{"name":"Snakes on a Plane","artist":{"name":"Cobra Starship","mbid":"ffb390b8-8df4-4b72-97d1-7b2fc008a452"}}},{"timestamp":{"iso":"2010-01-21T20:59:24","unixtimestamp":1264107564},"track":{"name":"American Baby","mbid":"b1a7beb4-47c5-4773-b896-57faccf2869b","artist":{"name":"Dave Matthews Band","mbid":"07e748f1-075e-428d-85dc-ce3be434e906"}},"uncorrectedTrack":{"name":"American Baby","mbid":"b1a7beb4-47c5-4773-b896-57faccf2869b","artist":{"name":"Dave Matthews Band","mbid":"07e748f1-075e-428d-85dc-ce3be434e906"}},"album":{"name":"Stand Up","mbid":"b95cb346-58b7-4820-b377-423e3144f7c2","artist":{"name":"Dave Matthews Band","mbid":"07e748f1-075e-428d-85dc-ce3be434e906"}}},{"timestamp":{"iso":"2010-01-21T21:04:03","unixtimestamp":1264107843},"track":{"name":"Crush","mbid":"f23568df-b4a0-4584-8421-9be6476827b5","artist":{"name":"Dave Matthews Band","mbid":"07e748f1-075e-428d-85dc-ce3be434e906"}},"uncorrectedTrack":{"name":"Crush","mbid":"f23568df-b4a0-4584-8421-9be6476827b5","artist":{"name":"Dave Matthews Band","mbid":"07e748f1-075e-428d-85dc-ce3be434e906"}},"album":{"name":"VH1 Storytellers","artist":{"name":"Dave Matthews Band","mbid":"07e748f1-075e-428d-85dc-ce3be434e906"}}},{"timestamp":{"iso":"2010-01-21T21:11:02","unixtimestamp":1264108262},"track":{"name":"You Only Live Once","mbid":"fd1a3ea9-8917-4daa-b06c-41e2d86d4fb4","artist":{"name":"The Strokes","mbid":"f181961b-20f7-459e-89de-920ef03c7ed0"}},"uncorrectedTrack":{"name":"You Only Live Once","mbid":"fd1a3ea9-8917-4daa-b06c-41e2d86d4fb4","artist":{"name":"The Strokes","mbid":"f181961b-20f7-459e-89de-920ef03c7ed0"}},"album":{"name":"First Impressions of Earth","mbid":"b16327d6-aba8-4aff-814e-468a31db1776","artist":{"name":"The Strokes","mbid":"f181961b-20f7-459e-89de-920ef03c7ed0"}}},{"timestamp":{"iso":"2010-01-21T21:14:10","unixtimestamp":1264108450},"track":{"name":"Juicebox","mbid":"0ecdfb91-0382-464a-8982-1641945afa0f","artist":{"name":"The Strokes","mbid":"f181961b-20f7-459e-89de-920ef03c7ed0"}},"uncorrectedTrack":{"name":"Juicebox","mbid":"0ecdfb91-0382-464a-8982-1641945afa0f","artist":{"name":"The Strokes","mbid":"f181961b-20f7-459e-89de-920ef03c7ed0"}},"album":{"name":"First Impressions of Earth","mbid":"b16327d6-aba8-4aff-814e-468a31db1776","artist":{"name":"The Strokes","mbid":"f181961b-20f7-459e-89de-920ef03c7ed0"}}},{"timestamp":{"iso":"2010-01-21T21:16:12","unixtimestamp":1264108572},"track":{"name":"Heart In a Cage","mbid":"5ac86d24-38ee-4af5-8d03-03fb367a054d","artist":{"name":"The Strokes","mbid":"f181961b-20f7-459e-89de-920ef03c7ed0"}},"uncorrectedTrack":{"name":"Heart In a Cage","mbid":"5ac86d24-38ee-4af5-8d03-03fb367a054d","artist":{"name":"The Strokes","mbid":"f181961b-20f7-459e-89de-920ef03c7ed0"}},"album":{"name":"First Impressions of Earth","mbid":"b16327d6-aba8-4aff-814e-468a31db1776","artist":{"name":"The Strokes","mbid":"f181961b-20f7-459e-89de-920ef03c7ed0"}}},{"timestamp":{"iso":"2010-01-21T21:19:43","unixtimestamp":1264108783},"track":{"name":"Razorblade","mbid":"464f4a7c-7d5b-463f-aff7-9612e80e7bb0","artist":{"name":"The Strokes","mbid":"f181961b-20f7-459e-89de-920ef03c7ed0"}},"uncorrectedTrack":{"name":"Razorblade","mbid":"464f4a7c-7d5b-463f-aff7-9612e80e7bb0","artist":{"name":"The Strokes","mbid":"f181961b-20f7-459e-89de-920ef03c7ed0"}},"album":{"name":"First Impressions of Earth","mbid":"b16327d6-aba8-4aff-814e-468a31db1776","artist":{"name":"The Strokes","mbid":"f181961b-20f7-459e-89de-920ef03c7ed0"}}},{"timestamp":{"iso":"2010-01-21T21:23:14","unixtimestamp":1264108994},"track":{"name":"On the Other Side","mbid":"2f72fff0-8e8f-44dd-8218-35a4a0544f38","artist":{"name":"The Strokes","mbid":"f181961b-20f7-459e-89de-920ef03c7ed0"}},"uncorrectedTrack":{"name":"On the Other Side","mbid":"2f72fff0-8e8f-44dd-8218-35a4a0544f38","artist":{"name":"The Strokes","mbid":"f181961b-20f7-459e-89de-920ef03c7ed0"}},"album":{"name":"First Impressions of Earth","mbid":"b16327d6-aba8-4aff-814e-468a31db1776","artist":{"name":"The Strokes","mbid":"f181961b-20f7-459e-89de-920ef03c7ed0"}}},{"timestamp":{"iso":"2010-01-21T21:27:55","unixtimestamp":1264109275},"track":{"name":"Vision of Division","mbid":"ad3c0a9c-a385-4bcd-964f-d5da1cdea575","artist":{"name":"The Strokes","mbid":"f181961b-20f7-459e-89de-920ef03c7ed0"}},"uncorrectedTrack":{"name":"Vision of Division","mbid":"ad3c0a9c-a385-4bcd-964f-d5da1cdea575","artist":{"name":"The Strokes","mbid":"f181961b-20f7-459e-89de-920ef03c7ed0"}},"album":{"name":"First Impressions of Earth","mbid":"b16327d6-aba8-4aff-814e-468a31db1776","artist":{"name":"The Strokes","mbid":"f181961b-20f7-459e-89de-920ef03c7ed0"}}},{"timestamp":{"iso":"2010-01-21T21:32:26","unixtimestamp":1264109546},"track":{"name":"Electricityscape","mbid":"0ccdd189-4390-40c6-bd6b-258a4e91107c","artist":{"name":"The Strokes","mbid":"f181961b-20f7-459e-89de-920ef03c7ed0"}},"uncorrectedTrack":{"name":"Electricityscape","mbid":"0ccdd189-4390-40c6-bd6b-258a4e91107c","artist":{"name":"The Strokes","mbid":"f181961b-20f7-459e-89de-920ef03c7ed0"}},"album":{"name":"First Impressions of Earth","mbid":"b16327d6-aba8-4aff-814e-468a31db1776","artist":{"name":"The Strokes","mbid":"f181961b-20f7-459e-89de-920ef03c7ed0"}}},{"timestamp":{"iso":"2010-01-21T21:35:29","unixtimestamp":1264109729},"track":{"name":"The Bad Touch","mbid":"5943333c-4443-4b4f-a239-41562aefd139","artist":{"name":"Bloodhound Gang","mbid":"117205af-fc41-4341-a8cb-5562468b0724"}},"uncorrectedTrack":{"name":"The Bad Touch (LP)","artist":{"name":"Bloodhound Gang","mbid":"117205af-fc41-4341-a8cb-5562468b0724"}},"album":{"name":"The Bad Touch (Single)","artist":{"name":"Bloodhound Gang","mbid":"117205af-fc41-4341-a8cb-5562468b0724"}}},{"timestamp":{"iso":"2010-01-21T21:39:44","unixtimestamp":1264109984},"track":{"name":"Uhn Tiss Uhn Tiss Uhn Tiss","mbid":"170c4f10-f3a8-48e3-96e1-f893ecb4e5c1","artist":{"name":"Bloodhound Gang","mbid":"117205af-fc41-4341-a8cb-5562468b0724"}},"uncorrectedTrack":{"name":"Uhn Tiss Uhn Tiss Uhn Tiss","artist":{"name":"The Bloodhound Gang"}},"album":{"name":"Hefty Fine (Advance)","artist":{"name":"The Bloodhound Gang"}}},{"timestamp":{"iso":"2010-01-21T21:43:28","unixtimestamp":1264110208},"track":{"name":"Where Is the Love","artist":{"name":"Black Eyed Peas"}},"uncorrectedTrack":{"name":"Where Is The Love?","mbid":"602ad895-7dd9-4985-9d8a-7cfa65b2fc78","artist":{"name":"The Black Eyed Peas","mbid":"34545bae-0889-4e3b-8328-d3fbf0cf2fff"}},"album":{"name":"4","artist":{"name":"The Black Eyed Peas","mbid":"34545bae-0889-4e3b-8328-d3fbf0cf2fff"}}},{"timestamp":{"iso":"2010-01-21T21:53:30","unixtimestamp":1264110810},"track":{"name":"Butterfly","mbid":"d321dcf8-91de-4e73-8e9d-ff6bd880733c","artist":{"name":"Crazy Town","mbid":"8996b655-fbad-4018-b430-1bd8fab43235"}},"uncorrectedTrack":{"name":"Butterfly","mbid":"d321dcf8-91de-4e73-8e9d-ff6bd880733c","artist":{"name":"Crazy Town","mbid":"8996b655-fbad-4018-b430-1bd8fab43235"}}},{"timestamp":{"iso":"2010-01-21T21:57:45","unixtimestamp":1264111065},"track":{"name":"Born Too Slow","mbid":"8e958728-3930-48f0-8293-afdd55558615","artist":{"name":"The Crystal Method","mbid":"8e72cc9f-9e5f-4641-b7c9-3e7d1a4ef6a2"}},"uncorrectedTrack":{"name":"Born Too Slow","mbid":"8e958728-3930-48f0-8293-afdd55558615","artist":{"name":"The Crystal Method","mbid":"8e72cc9f-9e5f-4641-b7c9-3e7d1a4ef6a2"}}},{"timestamp":{"iso":"2010-01-21T22:01:27","unixtimestamp":1264111287},"track":{"name":"Digital Love","mbid":"23d7373b-7574-4ef5-ad1e-48f551611507","artist":{"name":"Daft Punk","mbid":"056e4f3e-d505-4dad-8ec1-d04f521cbb56"}},"uncorrectedTrack":{"name":"Digital Love","mbid":"23d7373b-7574-4ef5-ad1e-48f551611507","artist":{"name":"Daft Punk","mbid":"056e4f3e-d505-4dad-8ec1-d04f521cbb56"}},"album":{"name":"Discovery","mbid":"30e45d86-707d-4042-9df5-93724557aadb","artist":{"name":"Daft Punk","mbid":"056e4f3e-d505-4dad-8ec1-d04f521cbb56"}}},{"timestamp":{"iso":"2010-01-21T22:06:08","unixtimestamp":1264111568},"track":{"name":"Digital Love","mbid":"23d7373b-7574-4ef5-ad1e-48f551611507","artist":{"name":"Daft Punk","mbid":"056e4f3e-d505-4dad-8ec1-d04f521cbb56"}},"uncorrectedTrack":{"name":"Digital Love","mbid":"23d7373b-7574-4ef5-ad1e-48f551611507","artist":{"name":"Daft Punk","mbid":"056e4f3e-d505-4dad-8ec1-d04f521cbb56"}},"album":{"name":"Discovery","mbid":"30e45d86-707d-4042-9df5-93724557aadb","artist":{"name":"Daft Punk","mbid":"056e4f3e-d505-4dad-8ec1-d04f521cbb56"}}},{"timestamp":{"iso":"2010-01-21T22:11:27","unixtimestamp":1264111887},"track":{"name":"Bohemian Like You","mbid":"1b328554-72d8-431c-82e2-558dda2d9d5c","artist":{"name":"The Dandy Warhols","mbid":"5f572b31-8fd9-45ae-9beb-358c98d839df"}},"uncorrectedTrack":{"name":"Bohemian Like You","artist":{"name":"Dandy Warhols"}}},{"timestamp":{"iso":"2010-01-21T22:14:04","unixtimestamp":1264112044},"track":{"name":"Black and White Town","mbid":"010c31f4-5e60-466f-a07d-04e2b1cad423","artist":{"name":"Doves","mbid":"9de8f66e-3cd1-4f11-8328-38200f0612b0"}},"uncorrectedTrack":{"name":"Black and White Town","mbid":"010c31f4-5e60-466f-a07d-04e2b1cad423","artist":{"name":"Doves","mbid":"9de8f66e-3cd1-4f11-8328-38200f0612b0"}},"album":{"name":"Black And White Town (Promo Single)","artist":{"name":"Doves","mbid":"9de8f66e-3cd1-4f11-8328-38200f0612b0"}}},{"timestamp":{"iso":"2010-01-21T22:18:47","unixtimestamp":1264112327},"track":{"name":"Sirens","mbid":"589349f0-a493-44d6-9f59-2df6055aef44","artist":{"name":"Elefant","mbid":"bd837f10-ed18-47e9-9636-ca44edceebfd"}},"uncorrectedTrack":{"name":"Sirens","mbid":"589349f0-a493-44d6-9f59-2df6055aef44","artist":{"name":"Elefant","mbid":"bd837f10-ed18-47e9-9636-ca44edceebfd"}},"album":{"name":"The Black Magic Show","mbid":"d98bc8b3-c04d-4535-89b1-cdea72243967","artist":{"name":"Elefant","mbid":"bd837f10-ed18-47e9-9636-ca44edceebfd"}}},{"timestamp":{"iso":"2010-01-21T22:23:04","unixtimestamp":1264112584},"track":{"name":"Walking Zero","mbid":"33fde601-3737-4300-8b03-b5bec8685514","artist":{"name":"Sneaker Pimps","mbid":"696d8523-39a0-44e2-9add-afaa183a2f46"}},"uncorrectedTrack":{"name":"Walking Zero","mbid":"33fde601-3737-4300-8b03-b5bec8685514","artist":{"name":"Sneaker Pimps","mbid":"696d8523-39a0-44e2-9add-afaa183a2f46"}},"album":{"name":"Becoming X","mbid":"e793345c-48a7-4fd7-b340-dc1f7052823d","artist":{"name":"Sneaker Pimps","mbid":"696d8523-39a0-44e2-9add-afaa183a2f46"}}},{"timestamp":{"iso":"2010-01-21T22:27:36","unixtimestamp":1264112856},"track":{"name":"Relentless","mbid":"74900261-e3a2-4a0c-bf8a-d9fd37bab79f","artist":{"name":"Mubali","mbid":"8a524b80-1a41-4be1-a2a4-1b2a7ad52db2"}},"uncorrectedTrack":{"name":"Relentless","mbid":"74900261-e3a2-4a0c-bf8a-d9fd37bab79f","artist":{"name":"Mubali","mbid":"8a524b80-1a41-4be1-a2a4-1b2a7ad52db2"}},"album":{"name":"resonantearth.com","artist":{"name":"Mubali","mbid":"8a524b80-1a41-4be1-a2a4-1b2a7ad52db2"}}},{"timestamp":{"iso":"2010-01-21T22:30:54","unixtimestamp":1264113054},"track":{"name":"You Sexy Thing","artist":{"name":"Barry White","mbid":"b904d624-9e05-4398-8f4f-88fbcf022f79"}},"uncorrectedTrack":{"name":"You Sexy Thing","artist":{"name":"Barry White","mbid":"b904d624-9e05-4398-8f4f-88fbcf022f79"}},"album":{"name":"Barry White","mbid":"3d20162d-8d02-41ab-8bb1-9b5af1592628","artist":{"name":"Barry White","mbid":"b904d624-9e05-4398-8f4f-88fbcf022f79"}}},{"timestamp":{"iso":"2010-01-25T21:19:21","unixtimestamp":1264454361},"track":{"name":"Sirens","mbid":"589349f0-a493-44d6-9f59-2df6055aef44","artist":{"name":"Elefant","mbid":"bd837f10-ed18-47e9-9636-ca44edceebfd"}},"uncorrectedTrack":{"name":"Sirens","mbid":"589349f0-a493-44d6-9f59-2df6055aef44","artist":{"name":"Elefant","mbid":"bd837f10-ed18-47e9-9636-ca44edceebfd"}},"album":{"name":"The Black Magic Show","mbid":"d98bc8b3-c04d-4535-89b1-cdea72243967","artist":{"name":"Elefant","mbid":"bd837f10-ed18-47e9-9636-ca44edceebfd"}}},{"timestamp":{"iso":"2010-01-25T21:23:11","unixtimestamp":1264454591},"track":{"name":"Heaven\u0027s Light","mbid":"10d5dd2e-5e54-475b-8d4c-7db1b4dbeb78","artist":{"name":"Air","mbid":"018dcc90-b1a2-400a-a96e-64b6a101f009"}},"uncorrectedTrack":{"name":"Heaven\u0027s Light","mbid":"10d5dd2e-5e54-475b-8d4c-7db1b4dbeb78","artist":{"name":"Air","mbid":"018dcc90-b1a2-400a-a96e-64b6a101f009"}},"album":{"name":"Love 2","mbid":"476fe9ed-0df9-33b3-9de4-bf55666f1df9","artist":{"name":"Air","mbid":"018dcc90-b1a2-400a-a96e-64b6a101f009"}}},{"timestamp":{"iso":"2010-01-25T21:27:05","unixtimestamp":1264454825},"track":{"name":"Supermassive Black Hole","mbid":"489dd2a8-4dea-497d-9020-1d0f49bdfb63","artist":{"name":"Muse","mbid":"1695c115-bf3f-4014-9966-2b0c50179193"}},"uncorrectedTrack":{"name":"Supermassive Black Hole","mbid":"489dd2a8-4dea-497d-9020-1d0f49bdfb63","artist":{"name":"Muse","mbid":"1695c115-bf3f-4014-9966-2b0c50179193"}},"album":{"name":"Black Holes \u0026 Revelations","mbid":"c01b2873-010d-407e-92ee-dfb39b42751e","artist":{"name":"Muse","mbid":"1695c115-bf3f-4014-9966-2b0c50179193"}}},{"timestamp":{"iso":"2010-01-25T21:30:34","unixtimestamp":1264455034},"track":{"name":"The Bad Touch","mbid":"5943333c-4443-4b4f-a239-41562aefd139","artist":{"name":"Bloodhound Gang","mbid":"117205af-fc41-4341-a8cb-5562468b0724"}},"uncorrectedTrack":{"name":"The Bad Touch (LP)","artist":{"name":"Bloodhound Gang","mbid":"117205af-fc41-4341-a8cb-5562468b0724"}},"album":{"name":"The Bad Touch (Single)","artist":{"name":"Bloodhound Gang","mbid":"117205af-fc41-4341-a8cb-5562468b0724"}}},{"timestamp":{"iso":"2010-01-25T21:34:58","unixtimestamp":1264455298},"track":{"name":"Dissolved Girl","mbid":"010c3232-3ee7-43fe-81e8-69b0ea3cf1bb","artist":{"name":"Massive Attack","mbid":"10adbe5e-a2c0-4bf3-8249-2b4cbf6e6ca8"}},"uncorrectedTrack":{"name":"Dissolved Girl","mbid":"010c3232-3ee7-43fe-81e8-69b0ea3cf1bb","artist":{"name":"Massive Attack","mbid":"10adbe5e-a2c0-4bf3-8249-2b4cbf6e6ca8"}},"album":{"name":"Mezzanine","mbid":"2fa63133-a4c9-3f41-8deb-162189de83ff","artist":{"name":"Massive Attack","mbid":"10adbe5e-a2c0-4bf3-8249-2b4cbf6e6ca8"}}},{"timestamp":{"iso":"2010-01-25T21:41:02","unixtimestamp":1264455662},"track":{"name":"Missing the Light of the Day","mbid":"18543d36-3692-4d0d-bb29-664de59ae417","artist":{"name":"Air","mbid":"018dcc90-b1a2-400a-a96e-64b6a101f009"}},"uncorrectedTrack":{"name":"Missing the Light of the Day","mbid":"18543d36-3692-4d0d-bb29-664de59ae417","artist":{"name":"Air","mbid":"018dcc90-b1a2-400a-a96e-64b6a101f009"}},"album":{"name":"Love 2","mbid":"476fe9ed-0df9-33b3-9de4-bf55666f1df9","artist":{"name":"Air","mbid":"018dcc90-b1a2-400a-a96e-64b6a101f009"}}},{"timestamp":{"iso":"2010-01-25T21:45:13","unixtimestamp":1264455913},"track":{"name":"Ringfinger","mbid":"2f9bf607-7617-42fa-8c82-9053c92d74c4","artist":{"name":"Nine Inch Nails","mbid":"b7ffd2af-418f-4be2-bdd1-22f8b48613da"}},"uncorrectedTrack":{"name":"Ringfinger","mbid":"2f9bf607-7617-42fa-8c82-9053c92d74c4","artist":{"name":"Nine Inch Nails","mbid":"b7ffd2af-418f-4be2-bdd1-22f8b48613da"}},"album":{"name":"Pretty Hate Machine","mbid":"24019d61-f0bb-30e3-b54a-2cedbd67052b","artist":{"name":"Nine Inch Nails","mbid":"b7ffd2af-418f-4be2-bdd1-22f8b48613da"}}},{"timestamp":{"iso":"2010-01-25T21:50:55","unixtimestamp":1264456255},"track":{"name":"Black and White Town","mbid":"010c31f4-5e60-466f-a07d-04e2b1cad423","artist":{"name":"Doves","mbid":"9de8f66e-3cd1-4f11-8328-38200f0612b0"}},"uncorrectedTrack":{"name":"Black and White Town","mbid":"010c31f4-5e60-466f-a07d-04e2b1cad423","artist":{"name":"Doves","mbid":"9de8f66e-3cd1-4f11-8328-38200f0612b0"}},"album":{"name":"Black And White Town (Promo Single)","artist":{"name":"Doves","mbid":"9de8f66e-3cd1-4f11-8328-38200f0612b0"}}},{"timestamp":{"iso":"2010-01-25T21:55:14","unixtimestamp":1264456514},"track":{"name":"Starlight","mbid":"49a24eed-ba61-4e3b-8a43-5985d7c13b67","artist":{"name":"Muse","mbid":"1695c115-bf3f-4014-9966-2b0c50179193"}},"uncorrectedTrack":{"name":"Starlight","mbid":"49a24eed-ba61-4e3b-8a43-5985d7c13b67","artist":{"name":"Muse","mbid":"1695c115-bf3f-4014-9966-2b0c50179193"}},"album":{"name":"Black Holes \u0026 Revelations","mbid":"c01b2873-010d-407e-92ee-dfb39b42751e","artist":{"name":"Muse","mbid":"1695c115-bf3f-4014-9966-2b0c50179193"}}},{"timestamp":{"iso":"2010-01-25T21:59:13","unixtimestamp":1264456753},"track":{"name":"Relentless","mbid":"74900261-e3a2-4a0c-bf8a-d9fd37bab79f","artist":{"name":"Mubali","mbid":"8a524b80-1a41-4be1-a2a4-1b2a7ad52db2"}},"uncorrectedTrack":{"name":"Relentless","mbid":"74900261-e3a2-4a0c-bf8a-d9fd37bab79f","artist":{"name":"Mubali","mbid":"8a524b80-1a41-4be1-a2a4-1b2a7ad52db2"}},"album":{"name":"resonantearth.com","artist":{"name":"Mubali","mbid":"8a524b80-1a41-4be1-a2a4-1b2a7ad52db2"}}},{"timestamp":{"iso":"2010-01-25T22:00:18","unixtimestamp":1264456818},"track":{"name":"Illusion (feat. Sandy)","artist":{"name":"Benassi Bros.","mbid":"14014f25-e2dc-409c-8811-10323617df98"}},"uncorrectedTrack":{"name":"Illusion (feat. Sandy)","artist":{"name":"Benassi Bros.","mbid":"14014f25-e2dc-409c-8811-10323617df98"}},"album":{"name":"Dance 2004 (disc 2)","artist":{"name":"Various Artists","mbid":"023671ff-b1ad-4133-a4f3-aadaaadfd2e0"}}},{"timestamp":{"iso":"2010-01-25T22:07:30","unixtimestamp":1264457250},"track":{"name":"Feel Alive","mbid":"3cf4c207-0bff-4d9e-90ec-6957ad6bc658","artist":{"name":"Benassi Bros. feat. Naan"}},"uncorrectedTrack":{"name":"Feel Alive","mbid":"3cf4c207-0bff-4d9e-90ec-6957ad6bc658","artist":{"name":"Benassi Bros. feat. Naan"}},"album":{"name":"...Phobia","artist":{"name":"Benassi Bros. feat. Naan"}}},{"timestamp":{"iso":"2010-01-25T22:15:11","unixtimestamp":1264457711},"track":{"name":"Satisfaction (B. Deep remix)","mbid":"3ff5a911-3f7e-4a26-a680-1cd3d6bbe7cd","artist":{"name":"Benny Benassi","mbid":"674bf89f-8e70-4472-929d-6b4ed6f98c88"}},"uncorrectedTrack":{"name":"Satisfaction (B. Deep remix)","mbid":"3ff5a911-3f7e-4a26-a680-1cd3d6bbe7cd","artist":{"name":"Benny Benassi","mbid":"674bf89f-8e70-4472-929d-6b4ed6f98c88"}},"album":{"name":"Satisfaction","mbid":"1b049817-1999-4231-b9e5-656b5e199a40","artist":{"name":"Benny Benassi","mbid":"674bf89f-8e70-4472-929d-6b4ed6f98c88"}}},{"timestamp":{"iso":"2010-01-25T22:40:12","unixtimestamp":1264459212},"track":{"name":"Happiness Factory [Coca-Cola Theme]","artist":{"name":"Benny Benassi","mbid":"674bf89f-8e70-4472-929d-6b4ed6f98c88"}},"uncorrectedTrack":{"name":"Happiness Factory [Coca-Cola Theme]","artist":{"name":"Benny Benassi","mbid":"674bf89f-8e70-4472-929d-6b4ed6f98c88"}},"album":{"name":"Benny Benassi - The Remix Sessions","mbid":"3a25f2e9-4d89-4849-b5fb-7214ae0df44d","artist":{"name":"Benny Benassi","mbid":"674bf89f-8e70-4472-929d-6b4ed6f98c88"}}},{"timestamp":{"iso":"2010-01-25T22:45:57","unixtimestamp":1264459557},"track":{"name":"I Am Not Drunk [The Bloody Beetroots Remix]","mbid":"e747f430-efda-488c-b420-79c0a42e8a1c","artist":{"name":"Benny Benassi","mbid":"674bf89f-8e70-4472-929d-6b4ed6f98c88"}},"uncorrectedTrack":{"name":"I Am Not Drunk [The Bloody Beetroots Remix]","mbid":"e747f430-efda-488c-b420-79c0a42e8a1c","artist":{"name":"Benny Benassi","mbid":"674bf89f-8e70-4472-929d-6b4ed6f98c88"}},"album":{"name":"Benny Benassi - The Remix Sessions","mbid":"3a25f2e9-4d89-4849-b5fb-7214ae0df44d","artist":{"name":"Benny Benassi","mbid":"674bf89f-8e70-4472-929d-6b4ed6f98c88"}}},{"timestamp":{"iso":"2010-01-25T22:51:26","unixtimestamp":1264459886},"track":{"name":"Illusion (P_a_s_k_a_r Another style Radio cut)","mbid":"fe695323-d309-46b3-a8f6-1c9d6c01c76a","artist":{"name":"Benny Benassi","mbid":"674bf89f-8e70-4472-929d-6b4ed6f98c88"}},"uncorrectedTrack":{"name":"Illusion (P_a_s_k_a_r Another style Radio cut)","mbid":"fe695323-d309-46b3-a8f6-1c9d6c01c76a","artist":{"name":"Benny Benassi","mbid":"674bf89f-8e70-4472-929d-6b4ed6f98c88"}},"album":{"name":"Iillusion (P_A_S_K_A_R Remix)","artist":{"name":"Benny Benassi","mbid":"674bf89f-8e70-4472-929d-6b4ed6f98c88"}}},{"timestamp":{"iso":"2010-01-25T22:56:18","unixtimestamp":1264460178},"track":{"name":"24 Theme [The Benny Benassi Lifesucks Mix]","artist":{"name":"Benny Benassi \u0026 Sean Callery"}},"uncorrectedTrack":{"name":"24 Theme [The Benny Benassi Lifesucks Mix]","artist":{"name":"Benny Benassi \u0026 Sean Callery"}},"album":{"name":"Benny Benassi - The Remix Sessions","artist":{"name":"Benny Benassi \u0026 Sean Callery"}}},{"timestamp":{"iso":"2010-01-25T23:00:56","unixtimestamp":1264460456},"track":{"name":"Satisfaction [Unreleased L-Double-E Remix]","artist":{"name":"Benny Benassi Presents The Biz"}},"uncorrectedTrack":{"name":"Satisfaction [Unreleased L-Double-E Remix]","artist":{"name":"Benny Benassi Presents The Biz"}},"album":{"name":"Benny Benassi - The Remix Sessions","artist":{"name":"Benny Benassi Presents The Biz"}}},{"timestamp":{"iso":"2010-01-25T23:06:28","unixtimestamp":1264460788},"track":{"name":"Bring The Noise Remix [Sfaction Edit]","artist":{"name":"Benny Benassi vs. Public Enemy"}},"uncorrectedTrack":{"name":"Bring The Noise Remix [Sfaction Edit]","artist":{"name":"Benny Benassi vs. Public Enemy"}},"album":{"name":"Benny Benassi - The Remix Sessions","artist":{"name":"Benny Benassi vs. Public Enemy"}}},{"timestamp":{"iso":"2010-01-25T23:14:49","unixtimestamp":1264461289},"track":{"name":"Into the Night","mbid":"19851aab-6340-4377-b37c-3a41a8a5074e","artist":{"name":"The Cynic Project","mbid":"b7240c46-e965-4f24-9b60-55d4c7acb402"}},"uncorrectedTrack":{"name":"Into the Night","mbid":"19851aab-6340-4377-b37c-3a41a8a5074e","artist":{"name":"The Cynic Project","mbid":"b7240c46-e965-4f24-9b60-55d4c7acb402"}},"album":{"name":"Soundscapes I","artist":{"name":"The Cynic Project","mbid":"b7240c46-e965-4f24-9b60-55d4c7acb402"}}},{"timestamp":{"iso":"2010-01-25T23:20:02","unixtimestamp":1264461602},"track":{"name":"Aerodynamic","mbid":"5bc82f70-7776-4f00-b041-eaf05dac1d68","artist":{"name":"Daft Punk","mbid":"056e4f3e-d505-4dad-8ec1-d04f521cbb56"}},"uncorrectedTrack":{"name":"Aerodynamic","mbid":"5bc82f70-7776-4f00-b041-eaf05dac1d68","artist":{"name":"Daft Punk","mbid":"056e4f3e-d505-4dad-8ec1-d04f521cbb56"}},"album":{"name":"Discovery","mbid":"30e45d86-707d-4042-9df5-93724557aadb","artist":{"name":"Daft Punk","mbid":"056e4f3e-d505-4dad-8ec1-d04f521cbb56"}}},{"timestamp":{"iso":"2010-01-25T23:24:51","unixtimestamp":1264461891},"track":{"name":"Digital Love","mbid":"23d7373b-7574-4ef5-ad1e-48f551611507","artist":{"name":"Daft Punk","mbid":"056e4f3e-d505-4dad-8ec1-d04f521cbb56"}},"uncorrectedTrack":{"name":"Digital Love","mbid":"23d7373b-7574-4ef5-ad1e-48f551611507","artist":{"name":"Daft Punk","mbid":"056e4f3e-d505-4dad-8ec1-d04f521cbb56"}},"album":{"name":"Discovery","mbid":"30e45d86-707d-4042-9df5-93724557aadb","artist":{"name":"Daft Punk","mbid":"056e4f3e-d505-4dad-8ec1-d04f521cbb56"}}},{"timestamp":{"iso":"2010-01-27T21:23:59","unixtimestamp":1264627439},"track":{"name":"African Velvet","mbid":"09d1e667-b1d1-46ec-9b72-ba6332391b15","artist":{"name":"Air","mbid":"018dcc90-b1a2-400a-a96e-64b6a101f009"}},"uncorrectedTrack":{"name":"African Velvet","mbid":"09d1e667-b1d1-46ec-9b72-ba6332391b15","artist":{"name":"Air","mbid":"018dcc90-b1a2-400a-a96e-64b6a101f009"}},"album":{"name":"Love 2","mbid":"476fe9ed-0df9-33b3-9de4-bf55666f1df9","artist":{"name":"Air","mbid":"018dcc90-b1a2-400a-a96e-64b6a101f009"}}},{"timestamp":{"iso":"2010-01-27T21:28:10","unixtimestamp":1264627690},"track":{"name":"African Velvet","mbid":"09d1e667-b1d1-46ec-9b72-ba6332391b15","artist":{"name":"Air","mbid":"018dcc90-b1a2-400a-a96e-64b6a101f009"}},"uncorrectedTrack":{"name":"African Velvet","mbid":"09d1e667-b1d1-46ec-9b72-ba6332391b15","artist":{"name":"Air","mbid":"018dcc90-b1a2-400a-a96e-64b6a101f009"}},"album":{"name":"Love 2","mbid":"476fe9ed-0df9-33b3-9de4-bf55666f1df9","artist":{"name":"Air","mbid":"018dcc90-b1a2-400a-a96e-64b6a101f009"}}},{"timestamp":{"iso":"2010-01-27T21:32:01","unixtimestamp":1264627921},"track":{"name":"La femme d\u0027argent","artist":{"name":"Air","mbid":"018dcc90-b1a2-400a-a96e-64b6a101f009"}},"uncorrectedTrack":{"name":"La femme d\u0027argent","artist":{"name":"Air","mbid":"018dcc90-b1a2-400a-a96e-64b6a101f009"}},"album":{"name":"Moon Safari","mbid":"66c2ceb8-d369-4d8c-b702-490838855977","artist":{"name":"Air","mbid":"018dcc90-b1a2-400a-a96e-64b6a101f009"}}},{"timestamp":{"iso":"2010-01-27T21:40:27","unixtimestamp":1264628427},"track":{"name":"Do the Joy","mbid":"30c22085-b560-4a70-95cc-d50c4b63c12a","artist":{"name":"Air","mbid":"018dcc90-b1a2-400a-a96e-64b6a101f009"}},"uncorrectedTrack":{"name":"Do the Joy","mbid":"30c22085-b560-4a70-95cc-d50c4b63c12a","artist":{"name":"Air","mbid":"018dcc90-b1a2-400a-a96e-64b6a101f009"}},"album":{"name":"Love 2","mbid":"476fe9ed-0df9-33b3-9de4-bf55666f1df9","artist":{"name":"Air","mbid":"018dcc90-b1a2-400a-a96e-64b6a101f009"}}},{"timestamp":{"iso":"2010-01-27T21:43:30","unixtimestamp":1264628610},"track":{"name":"Love","mbid":"0fb656c3-0670-40f1-8e69-52c80e42e2ec","artist":{"name":"Air","mbid":"018dcc90-b1a2-400a-a96e-64b6a101f009"}},"uncorrectedTrack":{"name":"Love","mbid":"0fb656c3-0670-40f1-8e69-52c80e42e2ec","artist":{"name":"Air","mbid":"018dcc90-b1a2-400a-a96e-64b6a101f009"}},"album":{"name":"Love 2","mbid":"476fe9ed-0df9-33b3-9de4-bf55666f1df9","artist":{"name":"Air","mbid":"018dcc90-b1a2-400a-a96e-64b6a101f009"}}},{"timestamp":{"iso":"2010-01-27T21:46:14","unixtimestamp":1264628774},"track":{"name":"So Light Is Her Footfall","mbid":"54304819-3d5c-45a7-8aff-2a3266ecb0fb","artist":{"name":"Air","mbid":"018dcc90-b1a2-400a-a96e-64b6a101f009"}},"uncorrectedTrack":{"name":"So Light Is Her Footfall","mbid":"54304819-3d5c-45a7-8aff-2a3266ecb0fb","artist":{"name":"Air","mbid":"018dcc90-b1a2-400a-a96e-64b6a101f009"}},"album":{"name":"Love 2","mbid":"476fe9ed-0df9-33b3-9de4-bf55666f1df9","artist":{"name":"Air","mbid":"018dcc90-b1a2-400a-a96e-64b6a101f009"}}},{"timestamp":{"iso":"2010-01-27T21:49:27","unixtimestamp":1264628967},"track":{"name":"Be a Bee","mbid":"f389af72-29cb-4b29-8ca5-ef2bfbe2bcb1","artist":{"name":"Air","mbid":"018dcc90-b1a2-400a-a96e-64b6a101f009"}},"uncorrectedTrack":{"name":"Be a Bee","mbid":"f389af72-29cb-4b29-8ca5-ef2bfbe2bcb1","artist":{"name":"Air","mbid":"018dcc90-b1a2-400a-a96e-64b6a101f009"}},"album":{"name":"Love 2","mbid":"476fe9ed-0df9-33b3-9de4-bf55666f1df9","artist":{"name":"Air","mbid":"018dcc90-b1a2-400a-a96e-64b6a101f009"}}},{"timestamp":{"iso":"2010-01-27T21:53:13","unixtimestamp":1264629193},"track":{"name":"Missing the Light of the Day","mbid":"18543d36-3692-4d0d-bb29-664de59ae417","artist":{"name":"Air","mbid":"018dcc90-b1a2-400a-a96e-64b6a101f009"}},"uncorrectedTrack":{"name":"Missing the Light of the Day","mbid":"18543d36-3692-4d0d-bb29-664de59ae417","artist":{"name":"Air","mbid":"018dcc90-b1a2-400a-a96e-64b6a101f009"}},"album":{"name":"Love 2","mbid":"476fe9ed-0df9-33b3-9de4-bf55666f1df9","artist":{"name":"Air","mbid":"018dcc90-b1a2-400a-a96e-64b6a101f009"}}},{"timestamp":{"iso":"2010-01-27T21:57:40","unixtimestamp":1264629460},"track":{"name":"Tropical Disease","mbid":"24c7644b-fcc1-4e95-9c87-bd4fd47a7fe3","artist":{"name":"Air","mbid":"018dcc90-b1a2-400a-a96e-64b6a101f009"}},"uncorrectedTrack":{"name":"Tropical Disease","mbid":"24c7644b-fcc1-4e95-9c87-bd4fd47a7fe3","artist":{"name":"Air","mbid":"018dcc90-b1a2-400a-a96e-64b6a101f009"}},"album":{"name":"Love 2","mbid":"476fe9ed-0df9-33b3-9de4-bf55666f1df9","artist":{"name":"Air","mbid":"018dcc90-b1a2-400a-a96e-64b6a101f009"}}},{"timestamp":{"iso":"2010-01-27T22:04:29","unixtimestamp":1264629869},"track":{"name":"Heaven\u0027s Light","mbid":"10d5dd2e-5e54-475b-8d4c-7db1b4dbeb78","artist":{"name":"Air","mbid":"018dcc90-b1a2-400a-a96e-64b6a101f009"}},"uncorrectedTrack":{"name":"Heaven\u0027s Light","mbid":"10d5dd2e-5e54-475b-8d4c-7db1b4dbeb78","artist":{"name":"Air","mbid":"018dcc90-b1a2-400a-a96e-64b6a101f009"}},"album":{"name":"Love 2","mbid":"476fe9ed-0df9-33b3-9de4-bf55666f1df9","artist":{"name":"Air","mbid":"018dcc90-b1a2-400a-a96e-64b6a101f009"}}},{"timestamp":{"iso":"2010-01-27T22:08:23","unixtimestamp":1264630103},"track":{"name":"Night Hunter","mbid":"099147aa-1efd-4f1e-be75-0b254f769eee","artist":{"name":"Air","mbid":"018dcc90-b1a2-400a-a96e-64b6a101f009"}},"uncorrectedTrack":{"name":"Night Hunter","mbid":"099147aa-1efd-4f1e-be75-0b254f769eee","artist":{"name":"Air","mbid":"018dcc90-b1a2-400a-a96e-64b6a101f009"}},"album":{"name":"Love 2","mbid":"476fe9ed-0df9-33b3-9de4-bf55666f1df9","artist":{"name":"Air","mbid":"018dcc90-b1a2-400a-a96e-64b6a101f009"}}},{"timestamp":{"iso":"2010-01-27T22:12:36","unixtimestamp":1264630356},"track":{"name":"Sing Sang Sung","mbid":"0944df79-6b0c-4fb3-b8e7-990d06f7709d","artist":{"name":"Air","mbid":"018dcc90-b1a2-400a-a96e-64b6a101f009"}},"uncorrectedTrack":{"name":"Sing Sang Sung","mbid":"0944df79-6b0c-4fb3-b8e7-990d06f7709d","artist":{"name":"Air","mbid":"018dcc90-b1a2-400a-a96e-64b6a101f009"}},"album":{"name":"Love 2","mbid":"476fe9ed-0df9-33b3-9de4-bf55666f1df9","artist":{"name":"Air","mbid":"018dcc90-b1a2-400a-a96e-64b6a101f009"}}},{"timestamp":{"iso":"2010-01-27T22:15:44","unixtimestamp":1264630544},"track":{"name":"Eat My Beat","mbid":"163cfd48-cafd-4cfb-9145-69b62b025505","artist":{"name":"Air","mbid":"018dcc90-b1a2-400a-a96e-64b6a101f009"}},"uncorrectedTrack":{"name":"Eat My Beat","mbid":"163cfd48-cafd-4cfb-9145-69b62b025505","artist":{"name":"Air","mbid":"018dcc90-b1a2-400a-a96e-64b6a101f009"}},"album":{"name":"Love 2","mbid":"476fe9ed-0df9-33b3-9de4-bf55666f1df9","artist":{"name":"Air","mbid":"018dcc90-b1a2-400a-a96e-64b6a101f009"}}},{"timestamp":{"iso":"2010-01-27T22:18:31","unixtimestamp":1264630711},"track":{"name":"You Can Tell It To Everybody","mbid":"1d58b26a-e72a-4181-a517-fffcb2a46ec1","artist":{"name":"Air","mbid":"018dcc90-b1a2-400a-a96e-64b6a101f009"}},"uncorrectedTrack":{"name":"You Can Tell It To Everybody","mbid":"1d58b26a-e72a-4181-a517-fffcb2a46ec1","artist":{"name":"Air","mbid":"018dcc90-b1a2-400a-a96e-64b6a101f009"}},"album":{"name":"Love 2","mbid":"476fe9ed-0df9-33b3-9de4-bf55666f1df9","artist":{"name":"Air","mbid":"018dcc90-b1a2-400a-a96e-64b6a101f009"}}},{"timestamp":{"iso":"2010-01-27T22:22:42","unixtimestamp":1264630962},"track":{"name":"African Velvet","mbid":"09d1e667-b1d1-46ec-9b72-ba6332391b15","artist":{"name":"Air","mbid":"018dcc90-b1a2-400a-a96e-64b6a101f009"}},"uncorrectedTrack":{"name":"African Velvet","mbid":"09d1e667-b1d1-46ec-9b72-ba6332391b15","artist":{"name":"Air","mbid":"018dcc90-b1a2-400a-a96e-64b6a101f009"}},"album":{"name":"Love 2","mbid":"476fe9ed-0df9-33b3-9de4-bf55666f1df9","artist":{"name":"Air","mbid":"018dcc90-b1a2-400a-a96e-64b6a101f009"}}},{"timestamp":{"iso":"2010-01-27T22:26:33","unixtimestamp":1264631193},"track":{"name":"La femme d\u0027argent","artist":{"name":"Air","mbid":"018dcc90-b1a2-400a-a96e-64b6a101f009"}},"uncorrectedTrack":{"name":"La femme d\u0027argent","artist":{"name":"Air","mbid":"018dcc90-b1a2-400a-a96e-64b6a101f009"}},"album":{"name":"Moon Safari","mbid":"66c2ceb8-d369-4d8c-b702-490838855977","artist":{"name":"Air","mbid":"018dcc90-b1a2-400a-a96e-64b6a101f009"}}},{"timestamp":{"iso":"2010-01-27T22:33:44","unixtimestamp":1264631624},"track":{"name":"Sexy Boy","mbid":"16bf5971-cc9c-4992-8f9f-927d46340b2e","artist":{"name":"Air","mbid":"018dcc90-b1a2-400a-a96e-64b6a101f009"}},"uncorrectedTrack":{"name":"Sexy Boy","mbid":"16bf5971-cc9c-4992-8f9f-927d46340b2e","artist":{"name":"Air","mbid":"018dcc90-b1a2-400a-a96e-64b6a101f009"}},"album":{"name":"Moon Safari","mbid":"66c2ceb8-d369-4d8c-b702-490838855977","artist":{"name":"Air","mbid":"018dcc90-b1a2-400a-a96e-64b6a101f009"}}},{"timestamp":{"iso":"2010-01-27T22:38:43","unixtimestamp":1264631923},"track":{"name":"All I Need","mbid":"82db26c6-f364-4ece-b2a9-26b2ded3c5cc","artist":{"name":"Air","mbid":"018dcc90-b1a2-400a-a96e-64b6a101f009"}},"uncorrectedTrack":{"name":"All I Need","mbid":"82db26c6-f364-4ece-b2a9-26b2ded3c5cc","artist":{"name":"Air","mbid":"018dcc90-b1a2-400a-a96e-64b6a101f009"}},"album":{"name":"Moon Safari","mbid":"66c2ceb8-d369-4d8c-b702-490838855977","artist":{"name":"Air","mbid":"018dcc90-b1a2-400a-a96e-64b6a101f009"}}},{"timestamp":{"iso":"2010-01-27T22:43:11","unixtimestamp":1264632191},"track":{"name":"Kelly Watch the Stars","mbid":"b6caa50a-01c5-4bb2-9db3-a66bc1305293","artist":{"name":"Air","mbid":"018dcc90-b1a2-400a-a96e-64b6a101f009"}},"uncorrectedTrack":{"name":"Kelly Watch the Stars","mbid":"b6caa50a-01c5-4bb2-9db3-a66bc1305293","artist":{"name":"Air","mbid":"018dcc90-b1a2-400a-a96e-64b6a101f009"}},"album":{"name":"Moon Safari","mbid":"66c2ceb8-d369-4d8c-b702-490838855977","artist":{"name":"Air","mbid":"018dcc90-b1a2-400a-a96e-64b6a101f009"}}},{"timestamp":{"iso":"2010-01-27T22:46:56","unixtimestamp":1264632416},"track":{"name":"Talisman","mbid":"048401d2-ef01-4e8c-867a-ea9e461e8775","artist":{"name":"Air","mbid":"018dcc90-b1a2-400a-a96e-64b6a101f009"}},"uncorrectedTrack":{"name":"Talisman","mbid":"048401d2-ef01-4e8c-867a-ea9e461e8775","artist":{"name":"Air","mbid":"018dcc90-b1a2-400a-a96e-64b6a101f009"}},"album":{"name":"Moon Safari","mbid":"66c2ceb8-d369-4d8c-b702-490838855977","artist":{"name":"Air","mbid":"018dcc90-b1a2-400a-a96e-64b6a101f009"}}},{"timestamp":{"iso":"2010-01-27T22:51:13","unixtimestamp":1264632673},"track":{"name":"Remember","mbid":"bd2013f2-fe79-4b4d-b70d-6237604e02f9","artist":{"name":"Air","mbid":"018dcc90-b1a2-400a-a96e-64b6a101f009"}},"uncorrectedTrack":{"name":"Remember","mbid":"bd2013f2-fe79-4b4d-b70d-6237604e02f9","artist":{"name":"Air","mbid":"018dcc90-b1a2-400a-a96e-64b6a101f009"}},"album":{"name":"Moon Safari","mbid":"66c2ceb8-d369-4d8c-b702-490838855977","artist":{"name":"Air","mbid":"018dcc90-b1a2-400a-a96e-64b6a101f009"}}},{"timestamp":{"iso":"2010-01-27T22:53:41","unixtimestamp":1264632821},"track":{"name":"African Velvet","mbid":"09d1e667-b1d1-46ec-9b72-ba6332391b15","artist":{"name":"Air","mbid":"018dcc90-b1a2-400a-a96e-64b6a101f009"}},"uncorrectedTrack":{"name":"African Velvet","mbid":"09d1e667-b1d1-46ec-9b72-ba6332391b15","artist":{"name":"Air","mbid":"018dcc90-b1a2-400a-a96e-64b6a101f009"}},"album":{"name":"Love 2","mbid":"476fe9ed-0df9-33b3-9de4-bf55666f1df9","artist":{"name":"Air","mbid":"018dcc90-b1a2-400a-a96e-64b6a101f009"}}},{"timestamp":{"iso":"2010-01-28T14:38:29","unixtimestamp":1264689509},"track":{"name":"Tangled Up in Blue","mbid":"5485fc60-d28d-4f5d-9b35-9505b6a93cab","artist":{"name":"Bob Dylan","mbid":"25144665-e9ac-416f-aba3-0c8b4ee547d5"}},"uncorrectedTrack":{"name":"Tangled Up in Blue","mbid":"5485fc60-d28d-4f5d-9b35-9505b6a93cab","artist":{"name":"Bob Dylan","mbid":"25144665-e9ac-416f-aba3-0c8b4ee547d5"}},"album":{"name":"Blood on the Tracks","mbid":"ca6637f0-65f2-48f6-8b9b-bb52b1deaa7a","artist":{"name":"Bob Dylan","mbid":"25144665-e9ac-416f-aba3-0c8b4ee547d5"}}},{"timestamp":{"iso":"2010-01-28T14:45:22","unixtimestamp":1264689922},"track":{"name":"You\u0027re a Big Girl Now","mbid":"75aa1e56-4c90-470e-8c32-c2d382c5cbdb","artist":{"name":"Bob Dylan","mbid":"25144665-e9ac-416f-aba3-0c8b4ee547d5"}},"uncorrectedTrack":{"name":"You\u0027re a Big Girl Now","mbid":"75aa1e56-4c90-470e-8c32-c2d382c5cbdb","artist":{"name":"Bob Dylan","mbid":"25144665-e9ac-416f-aba3-0c8b4ee547d5"}},"album":{"name":"Blood on the Tracks","mbid":"ca6637f0-65f2-48f6-8b9b-bb52b1deaa7a","artist":{"name":"Bob Dylan","mbid":"25144665-e9ac-416f-aba3-0c8b4ee547d5"}}},{"timestamp":{"iso":"2010-01-28T14:49:51","unixtimestamp":1264690191},"track":{"name":"Blowin\u0027 in the Wind","mbid":"e4329aed-28ff-4f4d-bebd-bcab3689df6f","artist":{"name":"Bob Dylan","mbid":"25144665-e9ac-416f-aba3-0c8b4ee547d5"}},"uncorrectedTrack":{"name":"Blowin\u0027 in the Wind","mbid":"e4329aed-28ff-4f4d-bebd-bcab3689df6f","artist":{"name":"Bob Dylan","mbid":"25144665-e9ac-416f-aba3-0c8b4ee547d5"}},"album":{"name":"Greatest Hits","mbid":"6dae2765-d191-4b48-9383-13507eb2fc6d","artist":{"name":"Bob Dylan","mbid":"25144665-e9ac-416f-aba3-0c8b4ee547d5"}}},{"timestamp":{"iso":"2010-01-28T15:07:22","unixtimestamp":1264691242},"track":{"name":"The Times They Are a-Changin\u0027","mbid":"1fdbb93d-d725-4463-8cfe-e9347ada712b","artist":{"name":"Bob Dylan","mbid":"25144665-e9ac-416f-aba3-0c8b4ee547d5"}},"uncorrectedTrack":{"name":"The Times They Are a-Changin\u0027","mbid":"1fdbb93d-d725-4463-8cfe-e9347ada712b","artist":{"name":"Bob Dylan","mbid":"25144665-e9ac-416f-aba3-0c8b4ee547d5"}},"album":{"name":"Greatest Hits","mbid":"6dae2765-d191-4b48-9383-13507eb2fc6d","artist":{"name":"Bob Dylan","mbid":"25144665-e9ac-416f-aba3-0c8b4ee547d5"}}},{"timestamp":{"iso":"2010-01-28T15:10:39","unixtimestamp":1264691439},"track":{"name":"Mr Tabourine Man","artist":{"name":"Bob Dylan","mbid":"25144665-e9ac-416f-aba3-0c8b4ee547d5"}},"uncorrectedTrack":{"name":"Mr Tabourine Man","artist":{"name":"Bob Dylan","mbid":"25144665-e9ac-416f-aba3-0c8b4ee547d5"}},"album":{"name":"Greatest Hits","mbid":"6dae2765-d191-4b48-9383-13507eb2fc6d","artist":{"name":"Bob Dylan","mbid":"25144665-e9ac-416f-aba3-0c8b4ee547d5"}}},{"timestamp":{"iso":"2010-01-28T15:16:09","unixtimestamp":1264691769},"track":{"name":"She Belongs to Me","mbid":"14fa1f2d-e0a5-4ea3-a0ba-b13641187aba","artist":{"name":"Bob Dylan","mbid":"25144665-e9ac-416f-aba3-0c8b4ee547d5"}},"uncorrectedTrack":{"name":"She Belongs to Me","mbid":"14fa1f2d-e0a5-4ea3-a0ba-b13641187aba","artist":{"name":"Bob Dylan","mbid":"25144665-e9ac-416f-aba3-0c8b4ee547d5"}},"album":{"name":"Greatest Hits","mbid":"6dae2765-d191-4b48-9383-13507eb2fc6d","artist":{"name":"Bob Dylan","mbid":"25144665-e9ac-416f-aba3-0c8b4ee547d5"}}},{"timestamp":{"iso":"2010-01-28T15:18:58","unixtimestamp":1264691938},"track":{"name":"It\u0027s All Over Now, Baby Blue","artist":{"name":"Bob Dylan","mbid":"25144665-e9ac-416f-aba3-0c8b4ee547d5"}},"uncorrectedTrack":{"name":"It\u0027s All Over Now, Baby Blue","artist":{"name":"Bob Dylan","mbid":"25144665-e9ac-416f-aba3-0c8b4ee547d5"}},"album":{"name":"Greatest Hits","mbid":"6dae2765-d191-4b48-9383-13507eb2fc6d","artist":{"name":"Bob Dylan","mbid":"25144665-e9ac-416f-aba3-0c8b4ee547d5"}}},{"timestamp":{"iso":"2010-01-28T15:23:14","unixtimestamp":1264692194},"track":{"name":"Subterranean Homesick Blues","mbid":"5a44e40c-f42d-45c5-8193-6bcf3b9a378d","artist":{"name":"Bob Dylan","mbid":"25144665-e9ac-416f-aba3-0c8b4ee547d5"}},"uncorrectedTrack":{"name":"Subterranean Homesick Blues","mbid":"5a44e40c-f42d-45c5-8193-6bcf3b9a378d","artist":{"name":"Bob Dylan","mbid":"25144665-e9ac-416f-aba3-0c8b4ee547d5"}},"album":{"name":"Greatest Hits","mbid":"6dae2765-d191-4b48-9383-13507eb2fc6d","artist":{"name":"Bob Dylan","mbid":"25144665-e9ac-416f-aba3-0c8b4ee547d5"}}},{"timestamp":{"iso":"2010-01-28T15:25:33","unixtimestamp":1264692333},"track":{"name":"One Of Us Must Know","mbid":"950aed6d-4426-4dba-8582-f9ab1e053386","artist":{"name":"Bob Dylan","mbid":"25144665-e9ac-416f-aba3-0c8b4ee547d5"}},"uncorrectedTrack":{"name":"One Of Us Must Know","mbid":"950aed6d-4426-4dba-8582-f9ab1e053386","artist":{"name":"Bob Dylan","mbid":"25144665-e9ac-416f-aba3-0c8b4ee547d5"}},"album":{"name":"Greatest Hits","mbid":"6dae2765-d191-4b48-9383-13507eb2fc6d","artist":{"name":"Bob Dylan","mbid":"25144665-e9ac-416f-aba3-0c8b4ee547d5"}}},{"timestamp":{"iso":"2010-01-28T15:36:38","unixtimestamp":1264692998},"track":{"name":"Just Like a Woman","mbid":"35a88d19-8c86-419c-a3b4-27c856c0cc71","artist":{"name":"Bob Dylan","mbid":"25144665-e9ac-416f-aba3-0c8b4ee547d5"}},"uncorrectedTrack":{"name":"Just Like a Woman","mbid":"35a88d19-8c86-419c-a3b4-27c856c0cc71","artist":{"name":"Bob Dylan","mbid":"25144665-e9ac-416f-aba3-0c8b4ee547d5"}},"album":{"name":"Greatest Hits","mbid":"6dae2765-d191-4b48-9383-13507eb2fc6d","artist":{"name":"Bob Dylan","mbid":"25144665-e9ac-416f-aba3-0c8b4ee547d5"}}},{"timestamp":{"iso":"2010-01-28T16:43:51","unixtimestamp":1264697031},"track":{"name":"Back in the U.S.S.R.","artist":{"name":"The Beatles","mbid":"b10bbbfc-cf9e-42e0-be17-e2c3e1d2600d"}},"uncorrectedTrack":{"name":"Back in the U.S.S.R.","artist":{"name":"The Beatles","mbid":"b10bbbfc-cf9e-42e0-be17-e2c3e1d2600d"}},"album":{"name":"White Album [disc 1]","artist":{"name":"The Beatles","mbid":"b10bbbfc-cf9e-42e0-be17-e2c3e1d2600d"}}},{"timestamp":{"iso":"2010-01-28T16:46:36","unixtimestamp":1264697196},"track":{"name":"Nowhere Man","mbid":"bcd53ff9-59e7-4c2b-aca1-3a52ffa6c04f","artist":{"name":"The Beatles","mbid":"b10bbbfc-cf9e-42e0-be17-e2c3e1d2600d"}},"uncorrectedTrack":{"name":"Nowhere Man","mbid":"bcd53ff9-59e7-4c2b-aca1-3a52ffa6c04f","artist":{"name":"The Beatles","mbid":"b10bbbfc-cf9e-42e0-be17-e2c3e1d2600d"}},"album":{"name":"1962-1966 (disc 2)","artist":{"name":"The Beatles","mbid":"b10bbbfc-cf9e-42e0-be17-e2c3e1d2600d"}}},{"timestamp":{"iso":"2010-01-28T16:50:13","unixtimestamp":1264697413},"track":{"name":"Don\u0027t Let Me Down","mbid":"76a0136f-d130-4a63-81e9-f7a438a86442","artist":{"name":"The Beatles","mbid":"b10bbbfc-cf9e-42e0-be17-e2c3e1d2600d"}},"uncorrectedTrack":{"name":"Don\u0027t Let Me Down","mbid":"76a0136f-d130-4a63-81e9-f7a438a86442","artist":{"name":"The Beatles","mbid":"b10bbbfc-cf9e-42e0-be17-e2c3e1d2600d"}},"album":{"name":"1967-1970 [Disc 2]","artist":{"name":"The Beatles","mbid":"b10bbbfc-cf9e-42e0-be17-e2c3e1d2600d"}}},{"timestamp":{"iso":"2010-01-28T16:54:43","unixtimestamp":1264697683},"track":{"name":"A Day in the Life","mbid":"d4d963fc-4f30-4a74-9c92-50e56a73cd6f","artist":{"name":"The Beatles","mbid":"b10bbbfc-cf9e-42e0-be17-e2c3e1d2600d"}},"uncorrectedTrack":{"name":"A Day in the Life","mbid":"d4d963fc-4f30-4a74-9c92-50e56a73cd6f","artist":{"name":"The Beatles","mbid":"b10bbbfc-cf9e-42e0-be17-e2c3e1d2600d"}},"album":{"name":"1967-1970 (disc 1)","artist":{"name":"The Beatles","mbid":"b10bbbfc-cf9e-42e0-be17-e2c3e1d2600d"}}},{"timestamp":{"iso":"2010-01-28T16:59:42","unixtimestamp":1264697982},"track":{"name":"Matchbox","mbid":"3c5dfb68-1b43-4670-8890-b5508b7199d7","artist":{"name":"The Beatles","mbid":"b10bbbfc-cf9e-42e0-be17-e2c3e1d2600d"}},"uncorrectedTrack":{"name":"Matchbox","mbid":"3c5dfb68-1b43-4670-8890-b5508b7199d7","artist":{"name":"The Beatles","mbid":"b10bbbfc-cf9e-42e0-be17-e2c3e1d2600d"}},"album":{"name":"Past Masters, Volume 1","artist":{"name":"The Beatles","mbid":"b10bbbfc-cf9e-42e0-be17-e2c3e1d2600d"}}},{"timestamp":{"iso":"2010-01-28T17:01:41","unixtimestamp":1264698101},"track":{"name":"Penny Lane","mbid":"39476e4d-bf7a-4858-9269-a210f5b7cd8d","artist":{"name":"The Beatles","mbid":"b10bbbfc-cf9e-42e0-be17-e2c3e1d2600d"}},"uncorrectedTrack":{"name":"Penny Lane","mbid":"39476e4d-bf7a-4858-9269-a210f5b7cd8d","artist":{"name":"The Beatles","mbid":"b10bbbfc-cf9e-42e0-be17-e2c3e1d2600d"}},"album":{"name":"1967-1970 (disc 1)","artist":{"name":"The Beatles","mbid":"b10bbbfc-cf9e-42e0-be17-e2c3e1d2600d"}}},{"timestamp":{"iso":"2010-01-28T17:04:43","unixtimestamp":1264698283},"track":{"name":"The Ballad of John \u0026 Yoko","mbid":"94482564-57b2-4f3b-83d3-d45c4200f2ac","artist":{"name":"The Beatles","mbid":"b10bbbfc-cf9e-42e0-be17-e2c3e1d2600d"}},"uncorrectedTrack":{"name":"The Ballad of John \u0026 Yoko","mbid":"94482564-57b2-4f3b-83d3-d45c4200f2ac","artist":{"name":"The Beatles","mbid":"b10bbbfc-cf9e-42e0-be17-e2c3e1d2600d"}},"album":{"name":"1967-1970 [Disc 2]","artist":{"name":"The Beatles","mbid":"b10bbbfc-cf9e-42e0-be17-e2c3e1d2600d"}}},{"timestamp":{"iso":"2010-01-28T17:07:43","unixtimestamp":1264698463},"track":{"name":"In My Life","mbid":"99096fc2-c749-486b-ac81-87833fcc553f","artist":{"name":"The Beatles","mbid":"b10bbbfc-cf9e-42e0-be17-e2c3e1d2600d"}},"uncorrectedTrack":{"name":"In My Life","mbid":"99096fc2-c749-486b-ac81-87833fcc553f","artist":{"name":"The Beatles","mbid":"b10bbbfc-cf9e-42e0-be17-e2c3e1d2600d"}},"album":{"name":"1962-1966 (disc 2)","artist":{"name":"The Beatles","mbid":"b10bbbfc-cf9e-42e0-be17-e2c3e1d2600d"}}},{"timestamp":{"iso":"2010-01-28T17:10:10","unixtimestamp":1264698610},"track":{"name":"Old Brown Shoe","mbid":"01a2585d-3cfb-4e95-b2b5-1d14f40e7797","artist":{"name":"The Beatles","mbid":"b10bbbfc-cf9e-42e0-be17-e2c3e1d2600d"}},"uncorrectedTrack":{"name":"Old Brown Shoe","mbid":"01a2585d-3cfb-4e95-b2b5-1d14f40e7797","artist":{"name":"The Beatles","mbid":"b10bbbfc-cf9e-42e0-be17-e2c3e1d2600d"}},"album":{"name":"1967-1970 [Disc 2]","artist":{"name":"The Beatles","mbid":"b10bbbfc-cf9e-42e0-be17-e2c3e1d2600d"}}},{"timestamp":{"iso":"2010-01-28T17:13:30","unixtimestamp":1264698810},"track":{"name":"I Feel Fine","mbid":"1dbcd61a-eaa4-4aa9-bd86-5f457c6f7fe6","artist":{"name":"The Beatles","mbid":"b10bbbfc-cf9e-42e0-be17-e2c3e1d2600d"}},"uncorrectedTrack":{"name":"I Feel Fine","mbid":"1dbcd61a-eaa4-4aa9-bd86-5f457c6f7fe6","artist":{"name":"The Beatles","mbid":"b10bbbfc-cf9e-42e0-be17-e2c3e1d2600d"}},"album":{"name":"1962-1966 (disc 1)","artist":{"name":"The Beatles","mbid":"b10bbbfc-cf9e-42e0-be17-e2c3e1d2600d"}}},{"timestamp":{"iso":"2010-01-28T17:15:49","unixtimestamp":1264698949},"track":{"name":"Ticket to Ride","mbid":"6b5bf916-1dfc-4ce0-81f1-15b4797b1801","artist":{"name":"The Beatles","mbid":"b10bbbfc-cf9e-42e0-be17-e2c3e1d2600d"}},"uncorrectedTrack":{"name":"Ticket to Ride","mbid":"6b5bf916-1dfc-4ce0-81f1-15b4797b1801","artist":{"name":"The Beatles","mbid":"b10bbbfc-cf9e-42e0-be17-e2c3e1d2600d"}},"album":{"name":"1962-1966 (disc 1)","artist":{"name":"The Beatles","mbid":"b10bbbfc-cf9e-42e0-be17-e2c3e1d2600d"}}},{"timestamp":{"iso":"2010-01-28T17:19:00","unixtimestamp":1264699140},"track":{"name":"She Loves You","mbid":"fa1d07a1-b0a1-4294-8e96-ef80f86dfc14","artist":{"name":"The Beatles","mbid":"b10bbbfc-cf9e-42e0-be17-e2c3e1d2600d"}},"uncorrectedTrack":{"name":"She Loves You","mbid":"fa1d07a1-b0a1-4294-8e96-ef80f86dfc14","artist":{"name":"The Beatles","mbid":"b10bbbfc-cf9e-42e0-be17-e2c3e1d2600d"}},"album":{"name":"Past Masters, Volume 1","artist":{"name":"The Beatles","mbid":"b10bbbfc-cf9e-42e0-be17-e2c3e1d2600d"}}},{"timestamp":{"iso":"2010-01-28T17:21:21","unixtimestamp":1264699281},"track":{"name":"Something","mbid":"1749a86c-67fd-46c2-be6d-03b6b9062ee8","artist":{"name":"The Beatles","mbid":"b10bbbfc-cf9e-42e0-be17-e2c3e1d2600d"}},"uncorrectedTrack":{"name":"Something","mbid":"1749a86c-67fd-46c2-be6d-03b6b9062ee8","artist":{"name":"The Beatles","mbid":"b10bbbfc-cf9e-42e0-be17-e2c3e1d2600d"}},"album":{"name":"1967-1970 [Disc 2]","artist":{"name":"The Beatles","mbid":"b10bbbfc-cf9e-42e0-be17-e2c3e1d2600d"}}},{"timestamp":{"iso":"2010-01-28T17:24:24","unixtimestamp":1264699464},"track":{"name":"Thank You Girl","mbid":"37cd0576-6219-45d4-ae8d-348d6fb61573","artist":{"name":"The Beatles","mbid":"b10bbbfc-cf9e-42e0-be17-e2c3e1d2600d"}},"uncorrectedTrack":{"name":"Thank You Girl","mbid":"37cd0576-6219-45d4-ae8d-348d6fb61573","artist":{"name":"The Beatles","mbid":"b10bbbfc-cf9e-42e0-be17-e2c3e1d2600d"}},"album":{"name":"Past Masters, Volume 1","artist":{"name":"The Beatles","mbid":"b10bbbfc-cf9e-42e0-be17-e2c3e1d2600d"}}},{"timestamp":{"iso":"2010-01-28T17:26:29","unixtimestamp":1264699589},"track":{"name":"Dear Prudence","artist":{"name":"The Beatles","mbid":"b10bbbfc-cf9e-42e0-be17-e2c3e1d2600d"}},"uncorrectedTrack":{"name":"Dear Prudence","artist":{"name":"The Beatles","mbid":"b10bbbfc-cf9e-42e0-be17-e2c3e1d2600d"}},"album":{"name":"White Album [disc 1]","artist":{"name":"The Beatles","mbid":"b10bbbfc-cf9e-42e0-be17-e2c3e1d2600d"}}},{"timestamp":{"iso":"2010-01-28T17:30:25","unixtimestamp":1264699825},"track":{"name":"Glass Onion","artist":{"name":"The Beatles","mbid":"b10bbbfc-cf9e-42e0-be17-e2c3e1d2600d"}},"uncorrectedTrack":{"name":"Glass Onion","artist":{"name":"The Beatles","mbid":"b10bbbfc-cf9e-42e0-be17-e2c3e1d2600d"}},"album":{"name":"White Album [disc 1]","artist":{"name":"The Beatles","mbid":"b10bbbfc-cf9e-42e0-be17-e2c3e1d2600d"}}},{"timestamp":{"iso":"2010-01-28T17:32:43","unixtimestamp":1264699963},"track":{"name":"Across the Universe","mbid":"90aa777f-5c69-4ed6-8ef9-6a576423e6a2","artist":{"name":"The Beatles","mbid":"b10bbbfc-cf9e-42e0-be17-e2c3e1d2600d"}},"uncorrectedTrack":{"name":"Across the Universe","mbid":"90aa777f-5c69-4ed6-8ef9-6a576423e6a2","artist":{"name":"The Beatles","mbid":"b10bbbfc-cf9e-42e0-be17-e2c3e1d2600d"}},"album":{"name":"1967-1970 [Disc 2]","artist":{"name":"The Beatles","mbid":"b10bbbfc-cf9e-42e0-be17-e2c3e1d2600d"}}},{"timestamp":{"iso":"2010-01-28T17:36:30","unixtimestamp":1264700190},"track":{"name":"Octopus\u0027s Garden","mbid":"f4476bbd-8c89-4372-883d-894f2b34485f","artist":{"name":"The Beatles","mbid":"b10bbbfc-cf9e-42e0-be17-e2c3e1d2600d"}},"uncorrectedTrack":{"name":"Octopus\u0027s Garden","mbid":"f4476bbd-8c89-4372-883d-894f2b34485f","artist":{"name":"The Beatles","mbid":"b10bbbfc-cf9e-42e0-be17-e2c3e1d2600d"}},"album":{"name":"1967-1970 [Disc 2]","artist":{"name":"The Beatles","mbid":"b10bbbfc-cf9e-42e0-be17-e2c3e1d2600d"}}},{"timestamp":{"iso":"2010-01-28T17:39:22","unixtimestamp":1264700362},"track":{"name":"I Will","artist":{"name":"The Beatles","mbid":"b10bbbfc-cf9e-42e0-be17-e2c3e1d2600d"}},"uncorrectedTrack":{"name":"I Will","artist":{"name":"The Beatles","mbid":"b10bbbfc-cf9e-42e0-be17-e2c3e1d2600d"}},"album":{"name":"White Album [disc 1]","artist":{"name":"The Beatles","mbid":"b10bbbfc-cf9e-42e0-be17-e2c3e1d2600d"}}},{"timestamp":{"iso":"2010-01-28T17:41:08","unixtimestamp":1264700468},"track":{"name":"Sexy Sadie","artist":{"name":"The Beatles","mbid":"b10bbbfc-cf9e-42e0-be17-e2c3e1d2600d"}},"uncorrectedTrack":{"name":"Sexy Sadie","artist":{"name":"The Beatles","mbid":"b10bbbfc-cf9e-42e0-be17-e2c3e1d2600d"}},"album":{"name":"The White Album (Disc 2)","artist":{"name":"The Beatles","mbid":"b10bbbfc-cf9e-42e0-be17-e2c3e1d2600d"}}},{"timestamp":{"iso":"2010-01-28T17:44:23","unixtimestamp":1264700663},"track":{"name":"Yellow Submarine","mbid":"0e7bdea4-b1f9-4a5a-8b53-5d0379f55810","artist":{"name":"The Beatles","mbid":"b10bbbfc-cf9e-42e0-be17-e2c3e1d2600d"}},"uncorrectedTrack":{"name":"Yellow Submarine","mbid":"0e7bdea4-b1f9-4a5a-8b53-5d0379f55810","artist":{"name":"The Beatles","mbid":"b10bbbfc-cf9e-42e0-be17-e2c3e1d2600d"}},"album":{"name":"1962-1966 (disc 2)","artist":{"name":"The Beatles","mbid":"b10bbbfc-cf9e-42e0-be17-e2c3e1d2600d"}}},{"timestamp":{"iso":"2010-01-28T17:46:29","unixtimestamp":1264700789},"track":{"name":"Sgt. Pepper\u0027s Lonely Hearts Club Band","mbid":"ee192e21-466b-4d7f-82cf-a94f9a2dcd4f","artist":{"name":"The Beatles","mbid":"b10bbbfc-cf9e-42e0-be17-e2c3e1d2600d"}},"uncorrectedTrack":{"name":"Sgt. Pepper\u0027s Lonely Hearts Club Band","mbid":"ee192e21-466b-4d7f-82cf-a94f9a2dcd4f","artist":{"name":"The Beatles","mbid":"b10bbbfc-cf9e-42e0-be17-e2c3e1d2600d"}},"album":{"name":"1967-1970 (disc 1)","artist":{"name":"The Beatles","mbid":"b10bbbfc-cf9e-42e0-be17-e2c3e1d2600d"}}},{"timestamp":{"iso":"2010-01-28T17:48:31","unixtimestamp":1264700911},"track":{"name":"I Want to Hold Your Hand","mbid":"35137817-e44f-4ab1-9884-d610eeb3fe5d","artist":{"name":"The Beatles","mbid":"b10bbbfc-cf9e-42e0-be17-e2c3e1d2600d"}},"uncorrectedTrack":{"name":"I Want to Hold Your Hand","mbid":"35137817-e44f-4ab1-9884-d610eeb3fe5d","artist":{"name":"The Beatles","mbid":"b10bbbfc-cf9e-42e0-be17-e2c3e1d2600d"}},"album":{"name":"1962-1966 (disc 1)","artist":{"name":"The Beatles","mbid":"b10bbbfc-cf9e-42e0-be17-e2c3e1d2600d"}}},{"timestamp":{"iso":"2010-01-30T07:42:51","unixtimestamp":1264837371},"track":{"name":"Tamacun","mbid":"a7ac53d0-058c-47b2-a640-fa854bb0ea4f","artist":{"name":"Rodrigo y Gabriela","mbid":"a8ed28e3-5c08-4448-b889-867483e251f5"}},"uncorrectedTrack":{"name":"Tamacun","mbid":"a7ac53d0-058c-47b2-a640-fa854bb0ea4f","artist":{"name":"Rodrigo y Gabriela","mbid":"a8ed28e3-5c08-4448-b889-867483e251f5"}},"album":{"name":"Rodrigo y Gabriela","mbid":"f6fb8aae-3d0d-482d-8af0-422fd9530733","artist":{"name":"Rodrigo y Gabriela","mbid":"a8ed28e3-5c08-4448-b889-867483e251f5"}}},{"timestamp":{"iso":"2010-01-30T07:46:19","unixtimestamp":1264837579},"track":{"name":"Stairway to Heaven","mbid":"7c4ce9a1-d2fc-4f0a-bd6a-c8c71e4f3dbe","artist":{"name":"Rodrigo y Gabriela","mbid":"a8ed28e3-5c08-4448-b889-867483e251f5"}},"uncorrectedTrack":{"name":"Stairway to Heaven","mbid":"7c4ce9a1-d2fc-4f0a-bd6a-c8c71e4f3dbe","artist":{"name":"Rodrigo y Gabriela","mbid":"a8ed28e3-5c08-4448-b889-867483e251f5"}},"album":{"name":"Rodrigo y Gabriela","mbid":"f6fb8aae-3d0d-482d-8af0-422fd9530733","artist":{"name":"Rodrigo y Gabriela","mbid":"a8ed28e3-5c08-4448-b889-867483e251f5"}}},{"timestamp":{"iso":"2010-01-30T07:51:03","unixtimestamp":1264837863},"track":{"name":"Orion","mbid":"79cf3d5a-824a-4ebf-a7a7-511ff22722d9","artist":{"name":"Rodrigo y Gabriela","mbid":"a8ed28e3-5c08-4448-b889-867483e251f5"}},"uncorrectedTrack":{"name":"Orion","mbid":"79cf3d5a-824a-4ebf-a7a7-511ff22722d9","artist":{"name":"Rodrigo y Gabriela","mbid":"a8ed28e3-5c08-4448-b889-867483e251f5"}},"album":{"name":"Rodrigo y Gabriela","mbid":"f6fb8aae-3d0d-482d-8af0-422fd9530733","artist":{"name":"Rodrigo y Gabriela","mbid":"a8ed28e3-5c08-4448-b889-867483e251f5"}}},{"timestamp":{"iso":"2010-01-30T07:58:47","unixtimestamp":1264838327},"track":{"name":"Vikingman","mbid":"813590c8-f508-4f28-ac8a-a1031a8341cb","artist":{"name":"Rodrigo y Gabriela","mbid":"a8ed28e3-5c08-4448-b889-867483e251f5"}},"uncorrectedTrack":{"name":"Vikingman","mbid":"813590c8-f508-4f28-ac8a-a1031a8341cb","artist":{"name":"Rodrigo y Gabriela","mbid":"a8ed28e3-5c08-4448-b889-867483e251f5"}},"album":{"name":"Rodrigo y Gabriela","mbid":"f6fb8aae-3d0d-482d-8af0-422fd9530733","artist":{"name":"Rodrigo y Gabriela","mbid":"a8ed28e3-5c08-4448-b889-867483e251f5"}}},{"timestamp":{"iso":"2010-01-30T08:02:50","unixtimestamp":1264838570},"track":{"name":"Juan Loco","mbid":"274d5ab0-7913-416c-b40f-2460f0e9e549","artist":{"name":"Rodrigo y Gabriela","mbid":"a8ed28e3-5c08-4448-b889-867483e251f5"}},"uncorrectedTrack":{"name":"Juan Loco","mbid":"274d5ab0-7913-416c-b40f-2460f0e9e549","artist":{"name":"Rodrigo y Gabriela","mbid":"a8ed28e3-5c08-4448-b889-867483e251f5"}},"album":{"name":"Rodrigo y Gabriela","mbid":"f6fb8aae-3d0d-482d-8af0-422fd9530733","artist":{"name":"Rodrigo y Gabriela","mbid":"a8ed28e3-5c08-4448-b889-867483e251f5"}}},{"timestamp":{"iso":"2010-01-30T08:06:18","unixtimestamp":1264838778},"track":{"name":"Ixtapa","mbid":"99a696af-5781-4b8f-8e40-cfa435be0fa0","artist":{"name":"Rodrigo y Gabriela","mbid":"a8ed28e3-5c08-4448-b889-867483e251f5"}},"uncorrectedTrack":{"name":"Ixtapa","mbid":"99a696af-5781-4b8f-8e40-cfa435be0fa0","artist":{"name":"Rodrigo y Gabriela","mbid":"a8ed28e3-5c08-4448-b889-867483e251f5"}},"album":{"name":"Rodrigo y Gabriela","mbid":"f6fb8aae-3d0d-482d-8af0-422fd9530733","artist":{"name":"Rodrigo y Gabriela","mbid":"a8ed28e3-5c08-4448-b889-867483e251f5"}}}]