[{"timestamp":{"iso":"2011-07-22T21:16:49","unixtimestamp":1311369409},"track":{"name":"Old Old Fashioned","mbid":"01ca008a-cd78-4474-bb78-febc7e3a20f9","artist":{"name":"Frightened Rabbit","mbid":"dc21d171-7204-4759-9fd0-77d031aeb40c"}},"uncorrectedTrack":{"name":"Old Old Fashioned","mbid":"01ca008a-cd78-4474-bb78-febc7e3a20f9","artist":{"name":"Frightened Rabbit","mbid":"dc21d171-7204-4759-9fd0-77d031aeb40c"}},"album":{"name":"The Midnight Organ Fight","mbid":"c3df7206-f769-49bb-9f57-2f6110c65621","artist":{"name":"Frightened Rabbit","mbid":"dc21d171-7204-4759-9fd0-77d031aeb40c"}}},{"timestamp":{"iso":"2011-07-22T21:22:21","unixtimestamp":1311369741},"track":{"name":"Stay","mbid":"ad8f64d1-6cd7-4423-b6c9-fe2485b2b4aa","artist":{"name":"Son Lux","mbid":"afcd292c-3c1e-4708-af4a-991aadf957e4"}},"uncorrectedTrack":{"name":"Stay","mbid":"ad8f64d1-6cd7-4423-b6c9-fe2485b2b4aa","artist":{"name":"Son Lux","mbid":"afcd292c-3c1e-4708-af4a-991aadf957e4"}},"album":{"name":"At War with Walls and Mazes - 2008 - Flac","artist":{"name":"Son Lux","mbid":"afcd292c-3c1e-4708-af4a-991aadf957e4"}}},{"timestamp":{"iso":"2011-07-22T21:26:08","unixtimestamp":1311369968},"track":{"name":"Intro","mbid":"bc82b95c-f0eb-4e74-a521-dcd828b25ee6","artist":{"name":"The xx","mbid":"c5c2ea1c-4bde-4f4d-bd0b-47b200bf99d6"}},"uncorrectedTrack":{"name":"Intro","mbid":"bc82b95c-f0eb-4e74-a521-dcd828b25ee6","artist":{"name":"The xx","mbid":"c5c2ea1c-4bde-4f4d-bd0b-47b200bf99d6"}},"album":{"name":"xx","mbid":"0a316273-a395-38c1-9464-940b5cb529dd","artist":{"name":"The xx","mbid":"c5c2ea1c-4bde-4f4d-bd0b-47b200bf99d6"}}},{"timestamp":{"iso":"2011-07-22T21:28:16","unixtimestamp":1311370096},"track":{"name":"Roll Away Your Stone","mbid":"8da401ee-58f9-4caf-bee3-4748a57a5358","artist":{"name":"Mumford \u0026 Sons","mbid":"c44e9c22-ef82-4a77-9bcd-af6c958446d6"}},"uncorrectedTrack":{"name":"Roll away your stone","artist":{"name":"Mumford And Sons"}},"album":{"name":"Sigh No More","artist":{"name":"Mumford And Sons"}}},{"timestamp":{"iso":"2011-07-22T21:32:40","unixtimestamp":1311370360},"track":{"name":"Vision One","mbid":"e9795089-39e6-4f95-aabb-d94c5f71ddd4","artist":{"name":"Röyksopp","mbid":"1c70a3fc-fa3c-4be1-8b55-c3192db8a884"}},"uncorrectedTrack":{"name":"Vision One","mbid":"e9795089-39e6-4f95-aabb-d94c5f71ddd4","artist":{"name":"Röyksopp","mbid":"1c70a3fc-fa3c-4be1-8b55-c3192db8a884"}},"album":{"name":"Junior","mbid":"07dab349-b3e0-4139-b976-35b8c7c2c9ca","artist":{"name":"Röyksopp","mbid":"1c70a3fc-fa3c-4be1-8b55-c3192db8a884"}}},{"timestamp":{"iso":"2011-07-22T21:37:40","unixtimestamp":1311370660},"track":{"name":"Lego","mbid":"4024e21d-4192-4db4-ad3b-a20e71d9d7ac","artist":{"name":"The Maccabees","mbid":"83b86967-6b1a-4ca8-9cf0-c7cfe047ef3f"}},"uncorrectedTrack":{"name":"Lego","artist":{"name":"Maccabees, The"}},"album":{"name":"Colour It In [Special Edition]","artist":{"name":"Maccabees, The"}}},{"timestamp":{"iso":"2011-07-22T21:40:52","unixtimestamp":1311370852},"track":{"name":"Radar Detector","mbid":"08d8f4e5-52ac-4c01-b997-0d47a600829c","artist":{"name":"Darwin Deez","mbid":"9946d737-38d1-4625-94ea-0cf1f8cce8be"}},"uncorrectedTrack":{"name":"Radar Detector","mbid":"08d8f4e5-52ac-4c01-b997-0d47a600829c","artist":{"name":"Darwin Deez","mbid":"9946d737-38d1-4625-94ea-0cf1f8cce8be"}},"album":{"name":"Darwin Deez","mbid":"42542170-fa86-4097-b473-f09a11162cde","artist":{"name":"Darwin Deez","mbid":"9946d737-38d1-4625-94ea-0cf1f8cce8be"}}},{"timestamp":{"iso":"2011-07-22T21:44:02","unixtimestamp":1311371042},"track":{"name":"Constellations","mbid":"6c54aba9-518f-4cea-8035-96b0fa4989fb","artist":{"name":"Darwin Deez","mbid":"9946d737-38d1-4625-94ea-0cf1f8cce8be"}},"uncorrectedTrack":{"name":"Constellations","mbid":"6c54aba9-518f-4cea-8035-96b0fa4989fb","artist":{"name":"Darwin Deez","mbid":"9946d737-38d1-4625-94ea-0cf1f8cce8be"}},"album":{"name":"Darwin Deez","mbid":"42542170-fa86-4097-b473-f09a11162cde","artist":{"name":"Darwin Deez","mbid":"9946d737-38d1-4625-94ea-0cf1f8cce8be"}}},{"timestamp":{"iso":"2011-07-22T21:47:17","unixtimestamp":1311371237},"track":{"name":"Paper Thin Walls","mbid":"0a3f9dd7-3f22-41ad-8a7b-53e09f51f744","artist":{"name":"Modest Mouse","mbid":"a96ac800-bfcb-412a-8a63-0a98df600700"}},"uncorrectedTrack":{"name":"Paper Thin Walls","mbid":"0a3f9dd7-3f22-41ad-8a7b-53e09f51f744","artist":{"name":"Modest Mouse","mbid":"a96ac800-bfcb-412a-8a63-0a98df600700"}},"album":{"name":"Moon \u0026 Antarctica","artist":{"name":"Modest Mouse","mbid":"a96ac800-bfcb-412a-8a63-0a98df600700"}}},{"timestamp":{"iso":"2011-07-22T21:50:19","unixtimestamp":1311371419},"track":{"name":"The World at Large","mbid":"96465180-5cb9-4bc8-a969-74e9c767b70f","artist":{"name":"Modest Mouse","mbid":"a96ac800-bfcb-412a-8a63-0a98df600700"}},"uncorrectedTrack":{"name":"The World at Large","mbid":"96465180-5cb9-4bc8-a969-74e9c767b70f","artist":{"name":"Modest Mouse","mbid":"a96ac800-bfcb-412a-8a63-0a98df600700"}},"album":{"name":"Good News For People Who Love Bad News","mbid":"10a503f6-265a-4850-93bd-78b18fc6e6b8","artist":{"name":"Modest Mouse","mbid":"a96ac800-bfcb-412a-8a63-0a98df600700"}}},{"timestamp":{"iso":"2011-07-22T21:54:52","unixtimestamp":1311371692},"track":{"name":"Fader","mbid":"03b796ba-c38e-446a-adcd-83a49fb34eb3","artist":{"name":"The Temper Trap","mbid":"bb6eaced-69dd-4636-829f-9f987acc4fc3"}},"uncorrectedTrack":{"name":"Fader","mbid":"03b796ba-c38e-446a-adcd-83a49fb34eb3","artist":{"name":"The Temper Trap","mbid":"bb6eaced-69dd-4636-829f-9f987acc4fc3"}},"album":{"name":"Conditions","mbid":"bff295ae-51d0-470f-b6a9-d511643e753e","artist":{"name":"The Temper Trap","mbid":"bb6eaced-69dd-4636-829f-9f987acc4fc3"}}},{"timestamp":{"iso":"2011-07-22T21:58:04","unixtimestamp":1311371884},"track":{"name":"Tiger By My Side","mbid":"463f93a3-371a-45d7-8eb1-e19789a3cd37","artist":{"name":"Empire of the Sun","mbid":"ac7e838c-3d95-47c2-92a9-81767ad7c217"}},"uncorrectedTrack":{"name":"Tiger By My Side","mbid":"463f93a3-371a-45d7-8eb1-e19789a3cd37","artist":{"name":"Empire of the Sun","mbid":"ac7e838c-3d95-47c2-92a9-81767ad7c217"}},"album":{"name":"Walking on a Dream","mbid":"216c1d78-ebde-4844-a647-8a670ba46571","artist":{"name":"Empire of the Sun","mbid":"ac7e838c-3d95-47c2-92a9-81767ad7c217"}}},{"timestamp":{"iso":"2011-07-22T22:03:52","unixtimestamp":1311372232},"track":{"name":"Dustbowl Dance","artist":{"name":"Mumford \u0026 Sons","mbid":"c44e9c22-ef82-4a77-9bcd-af6c958446d6"}},"uncorrectedTrack":{"name":"Dustbowl Dance","artist":{"name":"Mumford And Sons"}},"album":{"name":"Sigh No More","artist":{"name":"Mumford And Sons"}}},{"timestamp":{"iso":"2011-07-22T22:08:36","unixtimestamp":1311372516},"track":{"name":"Long Distance Drunk","mbid":"6f55c927-cf15-42ab-9159-7325c313bf75","artist":{"name":"Modest Mouse","mbid":"a96ac800-bfcb-412a-8a63-0a98df600700"}},"uncorrectedTrack":{"name":"Long Distance Drunk","mbid":"6f55c927-cf15-42ab-9159-7325c313bf75","artist":{"name":"Modest Mouse","mbid":"a96ac800-bfcb-412a-8a63-0a98df600700"}},"album":{"name":"The Lonesome Crowded West","mbid":"2a6d8f7c-8cca-4fb1-9f8c-0de137837f0f","artist":{"name":"Modest Mouse","mbid":"a96ac800-bfcb-412a-8a63-0a98df600700"}}}]