[{"timestamp":{"iso":"2009-12-01T00:01:51","unixtimestamp":1259625711},"track":{"name":"Be Somebody","mbid":"c67f55db-6b71-4993-bb75-612dc425d013","artist":{"name":"Kings of Leon","mbid":"6ffb8ea9-2370-44d8-b678-e9237bbd347b"}},"uncorrectedTrack":{"name":"Be Somebody","mbid":"c67f55db-6b71-4993-bb75-612dc425d013","artist":{"name":"Kings of Leon","mbid":"6ffb8ea9-2370-44d8-b678-e9237bbd347b"}}},{"timestamp":{"iso":"2009-12-01T00:04:05","unixtimestamp":1259625845},"track":{"name":"Almost Here","mbid":"3663086d-4b48-4246-a323-ae094e2b9853","artist":{"name":"The Academy Is...","mbid":"eb8ff09f-0b63-4c5e-96dc-b6dadeb794ac"}},"uncorrectedTrack":{"name":"Almost Here","mbid":"3663086d-4b48-4246-a323-ae094e2b9853","artist":{"name":"The Academy Is...","mbid":"eb8ff09f-0b63-4c5e-96dc-b6dadeb794ac"}}},{"timestamp":{"iso":"2009-12-01T00:06:30","unixtimestamp":1259625990},"track":{"name":"Yesterday Was a Lie","mbid":"347dfe47-feef-4a84-80cc-df6decf107f6","artist":{"name":"Télépopmusik","mbid":"265f242e-cf4e-4fbe-a3fe-43112387172f"}},"uncorrectedTrack":{"name":"Yesterday Was a Lie","mbid":"347dfe47-feef-4a84-80cc-df6decf107f6","artist":{"name":"Télépopmusik","mbid":"265f242e-cf4e-4fbe-a3fe-43112387172f"}}},{"timestamp":{"iso":"2009-12-02T06:32:07","unixtimestamp":1259735527},"track":{"name":"Make Love","mbid":"8e0fab77-9fda-4545-89be-bf3b5834c82d","artist":{"name":"Daft Punk","mbid":"056e4f3e-d505-4dad-8ec1-d04f521cbb56"}},"uncorrectedTrack":{"name":"Make Love","mbid":"8e0fab77-9fda-4545-89be-bf3b5834c82d","artist":{"name":"Daft Punk","mbid":"056e4f3e-d505-4dad-8ec1-d04f521cbb56"}},"album":{"name":"Human After All","mbid":"abbc40a0-2bcc-449e-bdd0-2dbae3213517","artist":{"name":"Daft Punk","mbid":"056e4f3e-d505-4dad-8ec1-d04f521cbb56"}}},{"timestamp":{"iso":"2009-12-02T06:37:31","unixtimestamp":1259735851},"track":{"name":"No Way","artist":{"name":"GMS","mbid":"1401c815-f4c8-4bde-9891-b44d5730850b"}},"uncorrectedTrack":{"name":"No Way","mbid":"defc2990-759b-4d02-8815-aba9b34a02cf","artist":{"name":"Growling Mad Scientists","mbid":"29bb1d77-431f-445e-9916-f2f8b79a7fa2"}},"album":{"name":"Emergency Broadcast System","mbid":"05998956-a7bf-475c-8c1a-20bfa987366e","artist":{"name":"Growling Mad Scientists","mbid":"29bb1d77-431f-445e-9916-f2f8b79a7fa2"}}},{"timestamp":{"iso":"2009-12-02T06:46:30","unixtimestamp":1259736390},"track":{"name":"Sunrays","artist":{"name":"Yesterday\u0027s New Quintet"}},"uncorrectedTrack":{"name":"Sunrays","artist":{"name":"Yesterday\u0027s New Quintet"}},"album":{"name":"Another Late Night","artist":{"name":"Yesterday\u0027s New Quintet"}}},{"timestamp":{"iso":"2009-12-02T06:49:44","unixtimestamp":1259736584},"track":{"name":"Da Lata","artist":{"name":"Da Lata","mbid":"a40de6bc-f955-4171-acb6-8fb5b938d4dc"}},"uncorrectedTrack":{"name":"Da Lata","artist":{"name":"Pra Manha"}},"album":{"name":"Another Late Night","artist":{"name":"Pra Manha"}}},{"timestamp":{"iso":"2009-12-02T06:54:53","unixtimestamp":1259736893},"track":{"name":"Serge Gainsbourg (Herbert\u0027s Fred \u0026 Ginger Mix)","artist":{"name":"Bonnie \u0026 Clyde"}},"uncorrectedTrack":{"name":"Serge Gainsbourg (Herbert\u0027s Fred \u0026 Ginger Mix)","artist":{"name":"Bonnie \u0026 Clyde"}},"album":{"name":"Another Late Night","artist":{"name":"Bonnie \u0026 Clyde"}}},{"timestamp":{"iso":"2009-12-02T06:59:56","unixtimestamp":1259737196},"track":{"name":"Channel 1 Suite","mbid":"9aea8d00-be89-4b20-b2f7-59104530f978","artist":{"name":"The Cinematic Orchestra","mbid":"7c158ea8-c0aa-410e-bdc1-20bba9759577"}},"uncorrectedTrack":{"name":"Channel 1 Suite","artist":{"name":"Cinematic Orchestra"}},"album":{"name":"Another Late Night","artist":{"name":"Cinematic Orchestra"}}},{"timestamp":{"iso":"2009-12-06T19:46:11","unixtimestamp":1260128771},"track":{"name":"So Easy","mbid":"12aa2bb9-8afc-467c-be53-e74232b6d46f","artist":{"name":"Röyksopp","mbid":"1c70a3fc-fa3c-4be1-8b55-c3192db8a884"}},"uncorrectedTrack":{"name":"So Easy","mbid":"12aa2bb9-8afc-467c-be53-e74232b6d46f","artist":{"name":"Röyksopp","mbid":"1c70a3fc-fa3c-4be1-8b55-c3192db8a884"}},"album":{"name":"Melody A.M.","mbid":"10f5262b-433c-492c-ab86-7b492a860358","artist":{"name":"Röyksopp","mbid":"1c70a3fc-fa3c-4be1-8b55-c3192db8a884"}}},{"timestamp":{"iso":"2009-12-06T19:50:09","unixtimestamp":1260129009},"track":{"name":"Ghost Ship in a Storm","artist":{"name":"Jim O\u0027Rourke"}},"uncorrectedTrack":{"name":"Ghost Ship in a Storm","artist":{"name":"Jim O\u0027Rourke"}},"album":{"name":"Another Late Night","artist":{"name":"Jim O\u0027Rourke"}}},{"timestamp":{"iso":"2009-12-06T19:53:51","unixtimestamp":1260129231},"track":{"name":"Digital Love","mbid":"23d7373b-7574-4ef5-ad1e-48f551611507","artist":{"name":"Daft Punk","mbid":"056e4f3e-d505-4dad-8ec1-d04f521cbb56"}},"uncorrectedTrack":{"name":"Digital Love","mbid":"23d7373b-7574-4ef5-ad1e-48f551611507","artist":{"name":"Daft Punk","mbid":"056e4f3e-d505-4dad-8ec1-d04f521cbb56"}},"album":{"name":"Discovery","mbid":"30e45d86-707d-4042-9df5-93724557aadb","artist":{"name":"Daft Punk","mbid":"056e4f3e-d505-4dad-8ec1-d04f521cbb56"}}},{"timestamp":{"iso":"2009-12-06T19:58:31","unixtimestamp":1260129511},"track":{"name":"Cool Out","mbid":"88ad0c7b-c20c-4d85-8d6d-5c46c489a1e3","artist":{"name":"Leroy Hutson","mbid":"0207cb96-5886-4bdc-bbb4-7d9216cc441c"}},"uncorrectedTrack":{"name":"Cool Out","mbid":"88ad0c7b-c20c-4d85-8d6d-5c46c489a1e3","artist":{"name":"Leroy Hutson","mbid":"0207cb96-5886-4bdc-bbb4-7d9216cc441c"}},"album":{"name":"Another Late Night","artist":{"name":"Leroy Hutson","mbid":"0207cb96-5886-4bdc-bbb4-7d9216cc441c"}}},{"timestamp":{"iso":"2009-12-06T20:03:27","unixtimestamp":1260129807},"track":{"name":"Cherry Blossom Girl","mbid":"1b677a13-8a58-44ac-ad66-370133e208f2","artist":{"name":"Air","mbid":"018dcc90-b1a2-400a-a96e-64b6a101f009"}},"uncorrectedTrack":{"name":"Cherry Blossom Girl","mbid":"1b677a13-8a58-44ac-ad66-370133e208f2","artist":{"name":"Air","mbid":"018dcc90-b1a2-400a-a96e-64b6a101f009"}},"album":{"name":"Talkie Walkie","mbid":"25d4d542-bbb8-4f8d-8572-692c6ceab44d","artist":{"name":"Air","mbid":"018dcc90-b1a2-400a-a96e-64b6a101f009"}}},{"timestamp":{"iso":"2009-12-06T20:07:44","unixtimestamp":1260130064},"track":{"name":"Da Lata","artist":{"name":"Da Lata","mbid":"a40de6bc-f955-4171-acb6-8fb5b938d4dc"}},"uncorrectedTrack":{"name":"Da Lata","artist":{"name":"Pra Manha"}},"album":{"name":"Another Late Night","artist":{"name":"Pra Manha"}}},{"timestamp":{"iso":"2009-12-06T20:12:48","unixtimestamp":1260130368},"track":{"name":"Sexy Boy","mbid":"16bf5971-cc9c-4992-8f9f-927d46340b2e","artist":{"name":"Air","mbid":"018dcc90-b1a2-400a-a96e-64b6a101f009"}},"uncorrectedTrack":{"name":"Sexy Boy","mbid":"16bf5971-cc9c-4992-8f9f-927d46340b2e","artist":{"name":"Air","mbid":"018dcc90-b1a2-400a-a96e-64b6a101f009"}},"album":{"name":"Moon Safari","mbid":"66c2ceb8-d369-4d8c-b702-490838855977","artist":{"name":"Air","mbid":"018dcc90-b1a2-400a-a96e-64b6a101f009"}}},{"timestamp":{"iso":"2009-12-06T20:17:47","unixtimestamp":1260130667},"track":{"name":"Loving You, Holding You","mbid":"49a99e65-3eae-45e4-8b06-1d31e1799418","artist":{"name":"Don Blackman","mbid":"20e5ca41-9bc6-44df-a55f-63ff2b5edaa8"}},"uncorrectedTrack":{"name":"Loving You, Holding You","mbid":"49a99e65-3eae-45e4-8b06-1d31e1799418","artist":{"name":"Don Blackman","mbid":"20e5ca41-9bc6-44df-a55f-63ff2b5edaa8"}},"album":{"name":"Another Late Night","artist":{"name":"Don Blackman","mbid":"20e5ca41-9bc6-44df-a55f-63ff2b5edaa8"}}},{"timestamp":{"iso":"2009-12-06T20:20:03","unixtimestamp":1260130803},"track":{"name":"Universal Traveler","mbid":"2a4090df-cd3d-458e-884f-400e84004602","artist":{"name":"Air","mbid":"018dcc90-b1a2-400a-a96e-64b6a101f009"}},"uncorrectedTrack":{"name":"Universal Traveler","mbid":"2a4090df-cd3d-458e-884f-400e84004602","artist":{"name":"Air","mbid":"018dcc90-b1a2-400a-a96e-64b6a101f009"}},"album":{"name":"Talkie Walkie","mbid":"25d4d542-bbb8-4f8d-8572-692c6ceab44d","artist":{"name":"Air","mbid":"018dcc90-b1a2-400a-a96e-64b6a101f009"}}},{"timestamp":{"iso":"2009-12-06T20:24:26","unixtimestamp":1260131066},"track":{"name":"Do the Joy","mbid":"30c22085-b560-4a70-95cc-d50c4b63c12a","artist":{"name":"Air","mbid":"018dcc90-b1a2-400a-a96e-64b6a101f009"}},"uncorrectedTrack":{"name":"Do the Joy","mbid":"30c22085-b560-4a70-95cc-d50c4b63c12a","artist":{"name":"Air","mbid":"018dcc90-b1a2-400a-a96e-64b6a101f009"}},"album":{"name":"Love 2","mbid":"476fe9ed-0df9-33b3-9de4-bf55666f1df9","artist":{"name":"Air","mbid":"018dcc90-b1a2-400a-a96e-64b6a101f009"}}},{"timestamp":{"iso":"2009-12-08T05:18:14","unixtimestamp":1260249494},"track":{"name":"Days Go By (Acoustic)","mbid":"0ebe9350-6b7f-4bc9-aeea-9b6f65e53ee8","artist":{"name":"Dirty Vegas","mbid":"67acb2ef-c750-429d-b84d-5b15cb423b1c"}},"uncorrectedTrack":{"name":"Days Go By (Acoustic)","mbid":"0ebe9350-6b7f-4bc9-aeea-9b6f65e53ee8","artist":{"name":"Dirty Vegas","mbid":"67acb2ef-c750-429d-b84d-5b15cb423b1c"}},"album":{"name":"Dirty Vegas","mbid":"3dde3933-a9d5-4698-9483-ea62e9271b5c","artist":{"name":"Dirty Vegas","mbid":"67acb2ef-c750-429d-b84d-5b15cb423b1c"}}},{"timestamp":{"iso":"2009-12-08T05:21:00","unixtimestamp":1260249660},"track":{"name":"Days Go By (Acoustic)","mbid":"0ebe9350-6b7f-4bc9-aeea-9b6f65e53ee8","artist":{"name":"Dirty Vegas","mbid":"67acb2ef-c750-429d-b84d-5b15cb423b1c"}},"uncorrectedTrack":{"name":"Days Go By (Acoustic)","mbid":"0ebe9350-6b7f-4bc9-aeea-9b6f65e53ee8","artist":{"name":"Dirty Vegas","mbid":"67acb2ef-c750-429d-b84d-5b15cb423b1c"}},"album":{"name":"Dirty Vegas","mbid":"3dde3933-a9d5-4698-9483-ea62e9271b5c","artist":{"name":"Dirty Vegas","mbid":"67acb2ef-c750-429d-b84d-5b15cb423b1c"}}},{"timestamp":{"iso":"2009-12-08T05:23:57","unixtimestamp":1260249837},"track":{"name":"African Velvet","mbid":"09d1e667-b1d1-46ec-9b72-ba6332391b15","artist":{"name":"Air","mbid":"018dcc90-b1a2-400a-a96e-64b6a101f009"}},"uncorrectedTrack":{"name":"African Velvet","mbid":"09d1e667-b1d1-46ec-9b72-ba6332391b15","artist":{"name":"Air","mbid":"018dcc90-b1a2-400a-a96e-64b6a101f009"}},"album":{"name":"Love 2","mbid":"476fe9ed-0df9-33b3-9de4-bf55666f1df9","artist":{"name":"Air","mbid":"018dcc90-b1a2-400a-a96e-64b6a101f009"}}},{"timestamp":{"iso":"2009-12-08T05:28:18","unixtimestamp":1260250098},"track":{"name":"African Velvet","mbid":"09d1e667-b1d1-46ec-9b72-ba6332391b15","artist":{"name":"Air","mbid":"018dcc90-b1a2-400a-a96e-64b6a101f009"}},"uncorrectedTrack":{"name":"African Velvet","mbid":"09d1e667-b1d1-46ec-9b72-ba6332391b15","artist":{"name":"Air","mbid":"018dcc90-b1a2-400a-a96e-64b6a101f009"}},"album":{"name":"Love 2","mbid":"476fe9ed-0df9-33b3-9de4-bf55666f1df9","artist":{"name":"Air","mbid":"018dcc90-b1a2-400a-a96e-64b6a101f009"}}},{"timestamp":{"iso":"2009-12-08T05:32:34","unixtimestamp":1260250354},"track":{"name":"African Velvet","mbid":"09d1e667-b1d1-46ec-9b72-ba6332391b15","artist":{"name":"Air","mbid":"018dcc90-b1a2-400a-a96e-64b6a101f009"}},"uncorrectedTrack":{"name":"African Velvet","mbid":"09d1e667-b1d1-46ec-9b72-ba6332391b15","artist":{"name":"Air","mbid":"018dcc90-b1a2-400a-a96e-64b6a101f009"}},"album":{"name":"Love 2","mbid":"476fe9ed-0df9-33b3-9de4-bf55666f1df9","artist":{"name":"Air","mbid":"018dcc90-b1a2-400a-a96e-64b6a101f009"}}},{"timestamp":{"iso":"2009-12-13T20:56:26","unixtimestamp":1260737786},"track":{"name":"The Only","artist":{"name":"Static-X"}},"uncorrectedTrack":{"name":"The Only","artist":{"name":"Static-X"}},"album":{"name":"ostegolectric/the only","artist":{"name":"Static-X"}}},{"timestamp":{"iso":"2009-12-13T20:59:12","unixtimestamp":1260737952},"track":{"name":"Otsegolectric","artist":{"name":"Static-X"}},"uncorrectedTrack":{"name":"Otsegolectric","artist":{"name":"Static-X"}},"album":{"name":"Shadow Zone","artist":{"name":"Static-X"}}},{"timestamp":{"iso":"2009-12-19T20:54:11","unixtimestamp":1261256051},"track":{"name":"Morning After Dark (Main)","artist":{"name":"Timbaland Feat Soshy \u0026 Nelly Furtado"}},"uncorrectedTrack":{"name":"Morning After Dark (Main)","artist":{"name":"Timbaland Feat Soshy \u0026 Nelly Furtado"}},"album":{"name":"Shock Value 2","artist":{"name":"Timbaland Feat Soshy \u0026 Nelly Furtado"}}}]