[{"timestamp":{"iso":"2009-07-08T19:42:50","unixtimestamp":1247082170},"track":{"name":"Fourth Time Around","mbid":"722298ac-5fc2-41d8-b61b-f3a03fa1b47d","artist":{"name":"Bob Dylan","mbid":"25144665-e9ac-416f-aba3-0c8b4ee547d5"}},"uncorrectedTrack":{"name":"Fourth Time Around","mbid":"722298ac-5fc2-41d8-b61b-f3a03fa1b47d","artist":{"name":"Bob Dylan","mbid":"25144665-e9ac-416f-aba3-0c8b4ee547d5"}},"album":{"name":"Vanilla Sky","artist":{"name":"Bob Dylan","mbid":"25144665-e9ac-416f-aba3-0c8b4ee547d5"}}},{"timestamp":{"iso":"2009-07-08T19:47:21","unixtimestamp":1247082441},"track":{"name":"All the Right Friends","mbid":"2e19107c-18fd-4742-9c2e-6fc40f4a6053","artist":{"name":"R.E.M.","mbid":"ea4dfa26-f633-4da6-a52a-f49ea4897b58"}},"uncorrectedTrack":{"name":"All Right Friends","artist":{"name":"R.E.M.","mbid":"ea4dfa26-f633-4da6-a52a-f49ea4897b58"}},"album":{"name":"Vanilla Sky","artist":{"name":"R.E.M.","mbid":"ea4dfa26-f633-4da6-a52a-f49ea4897b58"}}},{"timestamp":{"iso":"2009-07-08T19:50:01","unixtimestamp":1247082601},"track":{"name":"Elevator Beat","mbid":"966649d7-cbe2-4254-b1f9-e993d0377a81","artist":{"name":"Nancy Wilson","mbid":"cfffe7df-e14f-47f5-a70d-175768f8fb4a"}},"uncorrectedTrack":{"name":"Elevator Beat","mbid":"966649d7-cbe2-4254-b1f9-e993d0377a81","artist":{"name":"Nancy Wilson","mbid":"cfffe7df-e14f-47f5-a70d-175768f8fb4a"}},"album":{"name":"Vanilla Sky","artist":{"name":"Various Artists","mbid":"023671ff-b1ad-4133-a4f3-aadaaadfd2e0"}}},{"timestamp":{"iso":"2009-07-08T19:52:40","unixtimestamp":1247082760},"track":{"name":"Solsbury Hill","mbid":"b42d396f-2907-43a9-8228-4840173030bd","artist":{"name":"Peter Gabriel","mbid":"8e66ea2b-b57b-47d9-8df0-df4630aeb8e5"}},"uncorrectedTrack":{"name":"Solsbury Hill","mbid":"b42d396f-2907-43a9-8228-4840173030bd","artist":{"name":"Peter Gabriel","mbid":"8e66ea2b-b57b-47d9-8df0-df4630aeb8e5"}},"album":{"name":"Vanilla Sky","artist":{"name":"Various Artists","mbid":"023671ff-b1ad-4133-a4f3-aadaaadfd2e0"}}},{"timestamp":{"iso":"2009-07-08T19:56:58","unixtimestamp":1247083018},"track":{"name":"Afrika Shox","artist":{"name":"Leftfeild/Afrika Bambaataa"}},"uncorrectedTrack":{"name":"Afrika Shox","artist":{"name":"Leftfeild/Afrika Bambaataa"}},"album":{"name":"Vanilla Sky","artist":{"name":"Leftfeild/Afrika Bambaataa"}}},{"timestamp":{"iso":"2009-07-08T20:00:36","unixtimestamp":1247083236},"track":{"name":"I Fall Apart","artist":{"name":"Film Dialogue"}},"uncorrectedTrack":{"name":"I Fall Apart","artist":{"name":"Film Dialogue"}},"album":{"name":"Vanilla Sky","artist":{"name":"Film Dialogue"}}},{"timestamp":{"iso":"2009-07-08T20:04:54","unixtimestamp":1247083494},"track":{"name":"Solsbury Hill","mbid":"b42d396f-2907-43a9-8228-4840173030bd","artist":{"name":"Peter Gabriel","mbid":"8e66ea2b-b57b-47d9-8df0-df4630aeb8e5"}},"uncorrectedTrack":{"name":"Solsbury Hill","mbid":"b42d396f-2907-43a9-8228-4840173030bd","artist":{"name":"Peter Gabriel","mbid":"8e66ea2b-b57b-47d9-8df0-df4630aeb8e5"}},"album":{"name":"Vanilla Sky","artist":{"name":"Various Artists","mbid":"023671ff-b1ad-4133-a4f3-aadaaadfd2e0"}}},{"timestamp":{"iso":"2009-07-08T20:09:12","unixtimestamp":1247083752},"track":{"name":"Afrika Shox","artist":{"name":"Leftfeild/Afrika Bambaataa"}},"uncorrectedTrack":{"name":"Afrika Shox","artist":{"name":"Leftfeild/Afrika Bambaataa"}},"album":{"name":"Vanilla Sky","artist":{"name":"Leftfeild/Afrika Bambaataa"}}},{"timestamp":{"iso":"2009-07-08T20:13:23","unixtimestamp":1247084003},"track":{"name":"Everything in Its Right Place","mbid":"78ee614a-5cb1-4b18-b7e0-b42c83bebf11","artist":{"name":"Radiohead","mbid":"a74b1b7f-71a5-4011-9441-d0b5e4122711"}},"uncorrectedTrack":{"name":"Everything in Its Right Place","mbid":"78ee614a-5cb1-4b18-b7e0-b42c83bebf11","artist":{"name":"Radiohead","mbid":"a74b1b7f-71a5-4011-9441-d0b5e4122711"}},"album":{"name":"Vanilla Sky","artist":{"name":"Radiohead","mbid":"a74b1b7f-71a5-4011-9441-d0b5e4122711"}}},{"timestamp":{"iso":"2009-07-08T20:17:27","unixtimestamp":1247084247},"track":{"name":"Mondo \u002777","artist":{"name":"Film Dialogue"}},"uncorrectedTrack":{"name":"Mondo \u002777","artist":{"name":"Film Dialogue"}},"album":{"name":"Vanilla Sky","artist":{"name":"Film Dialogue"}}},{"timestamp":{"iso":"2009-07-08T22:24:53","unixtimestamp":1247091893},"track":{"name":"Teardrops on My Guitar","mbid":"35b8d379-1104-4817-9016-41a609afdb29","artist":{"name":"Taylor Swift \u0026 Def Leppard"}},"uncorrectedTrack":{"name":"Teardrops On My Guitar","artist":{"name":"Taylor Swift and Def Leppard"}},"album":{"name":"CMT Crossroads","artist":{"name":"Taylor Swift and Def Leppard"}}},{"timestamp":{"iso":"2009-07-16T00:26:29","unixtimestamp":1247703989},"track":{"name":"Digital Love","mbid":"23d7373b-7574-4ef5-ad1e-48f551611507","artist":{"name":"Daft Punk","mbid":"056e4f3e-d505-4dad-8ec1-d04f521cbb56"}},"uncorrectedTrack":{"name":"Digital Love","mbid":"23d7373b-7574-4ef5-ad1e-48f551611507","artist":{"name":"Daft Punk","mbid":"056e4f3e-d505-4dad-8ec1-d04f521cbb56"}},"album":{"name":"Discovery","mbid":"30e45d86-707d-4042-9df5-93724557aadb","artist":{"name":"Daft Punk","mbid":"056e4f3e-d505-4dad-8ec1-d04f521cbb56"}}},{"timestamp":{"iso":"2009-07-16T00:30:56","unixtimestamp":1247704256},"track":{"name":"花葬 平成十七年","mbid":"574cd28c-4752-4252-a931-ec70dec80d24","artist":{"name":"P\u0027UNK~EN~CIEL"}},"uncorrectedTrack":{"name":"花葬 平成十七年","mbid":"574cd28c-4752-4252-a931-ec70dec80d24","artist":{"name":"P\u0027UNK~EN~CIEL"}},"album":{"name":"New World","artist":{"name":"P\u0027UNK~EN~CIEL"}}},{"timestamp":{"iso":"2009-07-16T00:35:36","unixtimestamp":1247704536},"track":{"name":"Green Light (feat. Andre 3000)","mbid":"3f90957b-b9a7-452a-af3c-0d9435a8260d","artist":{"name":"John Legend","mbid":"75a72702-a5ef-4513-bca5-c5b944903546"}},"uncorrectedTrack":{"name":"Green Light (feat. Andre 3000)","mbid":"3f90957b-b9a7-452a-af3c-0d9435a8260d","artist":{"name":"John Legend","mbid":"75a72702-a5ef-4513-bca5-c5b944903546"}}},{"timestamp":{"iso":"2009-07-16T00:41:15","unixtimestamp":1247704875},"track":{"name":"The Very Thought of You","mbid":"13a6768b-dcf9-41fc-beaa-0686b06a8907","artist":{"name":"Nat King Cole","mbid":"1205c4f2-a18f-4ee6-80b5-97d4a7f0ae27"}},"uncorrectedTrack":{"name":"The Very Thought of You","mbid":"13a6768b-dcf9-41fc-beaa-0686b06a8907","artist":{"name":"Nat King Cole","mbid":"1205c4f2-a18f-4ee6-80b5-97d4a7f0ae27"}}},{"timestamp":{"iso":"2009-07-16T00:45:34","unixtimestamp":1247705134},"track":{"name":"予感","mbid":"0f3e5daf-2ebd-40de-b174-a6a94e430cdb","artist":{"name":"DIR EN GREY","mbid":"ab309b83-904f-4e2c-8d11-a0223bba51f9"}},"uncorrectedTrack":{"name":"予感","mbid":"0f3e5daf-2ebd-40de-b174-a6a94e430cdb","artist":{"name":"DIR EN GREY","mbid":"ab309b83-904f-4e2c-8d11-a0223bba51f9"}},"album":{"name":"GAUZE","mbid":"1d5cae88-9b83-483b-b1d7-25b1febbaf3b","artist":{"name":"DIR EN GREY","mbid":"ab309b83-904f-4e2c-8d11-a0223bba51f9"}}},{"timestamp":{"iso":"2009-07-16T00:50:08","unixtimestamp":1247705408},"track":{"name":"Misty Morning","mbid":"38ec3965-1902-4298-b765-54ae5116b23d","artist":{"name":"Bob Marley \u0026 The Wailers","mbid":"92999875-b86e-40df-be98-18b3fdd3d285"}},"uncorrectedTrack":{"name":"Misty Morning","mbid":"38ec3965-1902-4298-b765-54ae5116b23d","artist":{"name":"Bob Marley \u0026 The Wailers","mbid":"92999875-b86e-40df-be98-18b3fdd3d285"}},"album":{"name":"Kaya","mbid":"5e21179b-f816-458a-9582-864a81734bb9","artist":{"name":"Bob Marley \u0026 The Wailers","mbid":"92999875-b86e-40df-be98-18b3fdd3d285"}}},{"timestamp":{"iso":"2009-07-16T00:55:15","unixtimestamp":1247705715},"track":{"name":"Opening","mbid":"633ca993-741c-4e8e-a4bf-3c87a0e000af","artist":{"name":"Danny Elfman","mbid":"5b24fbab-c58f-4c37-a59d-ab232e2d98c4"}},"uncorrectedTrack":{"name":"Opening","mbid":"633ca993-741c-4e8e-a4bf-3c87a0e000af","artist":{"name":"Danny Elfman","mbid":"5b24fbab-c58f-4c37-a59d-ab232e2d98c4"}},"album":{"name":"The Nightmare Before Christmas soundtrack","artist":{"name":"Danny Elfman","mbid":"5b24fbab-c58f-4c37-a59d-ab232e2d98c4"}}},{"timestamp":{"iso":"2009-07-16T00:55:52","unixtimestamp":1247705752},"track":{"name":"Uhn Tiss Uhn Tiss Uhn Tiss","mbid":"170c4f10-f3a8-48e3-96e1-f893ecb4e5c1","artist":{"name":"Bloodhound Gang","mbid":"117205af-fc41-4341-a8cb-5562468b0724"}},"uncorrectedTrack":{"name":"Uhn Tiss Uhn Tiss Uhn Tiss","artist":{"name":"The Bloodhound Gang"}},"album":{"name":"Hefty Fine (Advance)","artist":{"name":"The Bloodhound Gang"}}},{"timestamp":{"iso":"2009-07-16T01:02:31","unixtimestamp":1247706151},"track":{"name":"The Bad Touch","mbid":"5943333c-4443-4b4f-a239-41562aefd139","artist":{"name":"Bloodhound Gang","mbid":"117205af-fc41-4341-a8cb-5562468b0724"}},"uncorrectedTrack":{"name":"The Bad Touch","artist":{"name":"The Bloodhound Gang"}},"album":{"name":"Hooray for Boobies","artist":{"name":"The Bloodhound Gang"}}},{"timestamp":{"iso":"2009-07-16T01:54:30","unixtimestamp":1247709270},"track":{"name":"The Bad Touch (The K.M.F.D.M. Mix)","artist":{"name":"Bloodhound Gang","mbid":"117205af-fc41-4341-a8cb-5562468b0724"}},"uncorrectedTrack":{"name":"The Bad Touch (The K.M.F.D.M. Mix)","artist":{"name":"Bloodhound Gang","mbid":"117205af-fc41-4341-a8cb-5562468b0724"}},"album":{"name":"The Bad Touch (Single)","artist":{"name":"Bloodhound Gang","mbid":"117205af-fc41-4341-a8cb-5562468b0724"}}},{"timestamp":{"iso":"2009-07-16T01:59:04","unixtimestamp":1247709544},"track":{"name":"Uhn Tiss Uhn Tiss Uhn Tiss","mbid":"170c4f10-f3a8-48e3-96e1-f893ecb4e5c1","artist":{"name":"Bloodhound Gang","mbid":"117205af-fc41-4341-a8cb-5562468b0724"}},"uncorrectedTrack":{"name":"Uhn Tiss Uhn Tiss Uhn Tiss","artist":{"name":"The Bloodhound Gang"}},"album":{"name":"Hefty Fine (Advance)","artist":{"name":"The Bloodhound Gang"}}},{"timestamp":{"iso":"2009-07-16T14:30:23","unixtimestamp":1247754623},"track":{"name":"Uhn Tiss Uhn Tiss Uhn Tiss","mbid":"170c4f10-f3a8-48e3-96e1-f893ecb4e5c1","artist":{"name":"Bloodhound Gang","mbid":"117205af-fc41-4341-a8cb-5562468b0724"}},"uncorrectedTrack":{"name":"Uhn Tiss Uhn Tiss Uhn Tiss","artist":{"name":"The Bloodhound Gang"}},"album":{"name":"Hefty Fine (Advance)","artist":{"name":"The Bloodhound Gang"}}},{"timestamp":{"iso":"2009-07-16T14:37:02","unixtimestamp":1247755022},"track":{"name":"Theme","mbid":"0488a771-58f0-4739-8b63-6822b19af544","artist":{"name":"Jon Brion","mbid":"a32e4aac-1db8-4dc6-be34-a813c4530627"}},"uncorrectedTrack":{"name":"Theme","mbid":"0488a771-58f0-4739-8b63-6822b19af544","artist":{"name":"Jon Brion","mbid":"a32e4aac-1db8-4dc6-be34-a813c4530627"}},"album":{"name":"Eternal Sunshine of the Spotless Mind","mbid":"bba3116b-78e9-48d4-b30d-f1841b201741","artist":{"name":"Jon Brion","mbid":"a32e4aac-1db8-4dc6-be34-a813c4530627"}}},{"timestamp":{"iso":"2009-07-18T14:27:42","unixtimestamp":1247927262},"track":{"name":"Bend \u0026 Break","mbid":"e66968f2-70de-4363-b86c-a778d20fbf24","artist":{"name":"Keane","mbid":"c7020c6d-cae9-4db3-92a7-e5c561cbad50"}},"uncorrectedTrack":{"name":"Bend \u0026 Break","mbid":"e66968f2-70de-4363-b86c-a778d20fbf24","artist":{"name":"Keane","mbid":"c7020c6d-cae9-4db3-92a7-e5c561cbad50"}},"album":{"name":"NME: The Essential Bands [Disc 2]","artist":{"name":"Keane","mbid":"c7020c6d-cae9-4db3-92a7-e5c561cbad50"}}},{"timestamp":{"iso":"2009-07-18T14:31:09","unixtimestamp":1247927469},"track":{"name":"Spitting Games","mbid":"08558ec9-fbb7-4587-8375-abd4eaf9a9dc","artist":{"name":"Snow Patrol","mbid":"a66999a7-ae5c-460e-ba94-1a01143ae847"}},"uncorrectedTrack":{"name":"Spitting Games","mbid":"08558ec9-fbb7-4587-8375-abd4eaf9a9dc","artist":{"name":"Snow Patrol","mbid":"a66999a7-ae5c-460e-ba94-1a01143ae847"}},"album":{"name":"NME: The Essential Bands [Disc 2]","artist":{"name":"Snow Patrol","mbid":"a66999a7-ae5c-460e-ba94-1a01143ae847"}}},{"timestamp":{"iso":"2009-07-18T14:34:52","unixtimestamp":1247927692},"track":{"name":"Wires","mbid":"80cc7a90-c2c6-4ca9-9dc8-cb7987e63452","artist":{"name":"Athlete","mbid":"906cbb69-b793-463a-832d-b5bf850f01a2"}},"uncorrectedTrack":{"name":"Wires","mbid":"80cc7a90-c2c6-4ca9-9dc8-cb7987e63452","artist":{"name":"Athlete","mbid":"906cbb69-b793-463a-832d-b5bf850f01a2"}},"album":{"name":"NME: The Essential Bands [Disc 2]","artist":{"name":"Athlete","mbid":"906cbb69-b793-463a-832d-b5bf850f01a2"}}},{"timestamp":{"iso":"2009-07-18T14:37:26","unixtimestamp":1247927846},"track":{"name":"Tumble and Fall","mbid":"2d19f76a-1f85-49d4-b5e6-55ca81ce978a","artist":{"name":"Feeder","mbid":"88a4cd4e-5dee-4153-8462-0d5e43c75f47"}},"uncorrectedTrack":{"name":"Tumble and Fall","mbid":"2d19f76a-1f85-49d4-b5e6-55ca81ce978a","artist":{"name":"Feeder","mbid":"88a4cd4e-5dee-4153-8462-0d5e43c75f47"}},"album":{"name":"NME: The Essential Bands [Disc 2]","artist":{"name":"Feeder","mbid":"88a4cd4e-5dee-4153-8462-0d5e43c75f47"}}},{"timestamp":{"iso":"2009-07-19T00:31:04","unixtimestamp":1247963464},"track":{"name":"Uhn Tiss Uhn Tiss Uhn Tiss","mbid":"170c4f10-f3a8-48e3-96e1-f893ecb4e5c1","artist":{"name":"Bloodhound Gang","mbid":"117205af-fc41-4341-a8cb-5562468b0724"}},"uncorrectedTrack":{"name":"Uhn Tiss Uhn Tiss Uhn Tiss","artist":{"name":"The Bloodhound Gang"}},"album":{"name":"Hefty Fine (Advance)","artist":{"name":"The Bloodhound Gang"}}},{"timestamp":{"iso":"2009-07-19T00:35:23","unixtimestamp":1247963723},"track":{"name":"The Bad Touch (The K.M.F.D.M. Mix)","artist":{"name":"Bloodhound Gang","mbid":"117205af-fc41-4341-a8cb-5562468b0724"}},"uncorrectedTrack":{"name":"The Bad Touch (The K.M.F.D.M. Mix)","artist":{"name":"Bloodhound Gang","mbid":"117205af-fc41-4341-a8cb-5562468b0724"}},"album":{"name":"The Bad Touch (Single)","artist":{"name":"Bloodhound Gang","mbid":"117205af-fc41-4341-a8cb-5562468b0724"}}},{"timestamp":{"iso":"2009-07-19T00:40:04","unixtimestamp":1247964004},"track":{"name":"Snakes On A Plane (Bring It)","mbid":"04cde51c-0522-4781-afdb-4ad65e1998ca","artist":{"name":"Cobra Starship","mbid":"ffb390b8-8df4-4b72-97d1-7b2fc008a452"}},"uncorrectedTrack":{"name":"Snakes On A Plane (Bring It)","mbid":"04cde51c-0522-4781-afdb-4ad65e1998ca","artist":{"name":"Cobra Starship","mbid":"ffb390b8-8df4-4b72-97d1-7b2fc008a452"}},"album":{"name":"Snakes on a Plane","artist":{"name":"Cobra Starship","mbid":"ffb390b8-8df4-4b72-97d1-7b2fc008a452"}}},{"timestamp":{"iso":"2009-07-19T00:44:07","unixtimestamp":1247964247},"track":{"name":"Lebanese Blonde","mbid":"553122ef-45e9-4f73-b1a0-a838b9443830","artist":{"name":"Thievery Corporation","mbid":"a505bb48-ad65-4af4-ae47-29149715bff9"}},"uncorrectedTrack":{"name":"Lebanese Blonde","mbid":"553122ef-45e9-4f73-b1a0-a838b9443830","artist":{"name":"Thievery Corporation","mbid":"a505bb48-ad65-4af4-ae47-29149715bff9"}},"album":{"name":"Garden State","mbid":"a5ed6698-384f-4d44-86b1-f1dd57b1c8c0","artist":{"name":"Various Artists","mbid":"023671ff-b1ad-4133-a4f3-aadaaadfd2e0"}}},{"timestamp":{"iso":"2009-07-19T00:48:48","unixtimestamp":1247964528},"track":{"name":"Why Hip Hop Sucks in \u002796","mbid":"08699bb9-095b-49a0-b9c2-496a2e39c836","artist":{"name":"DJ Shadow","mbid":"efa2c11a-1a35-4b60-bc1b-66d37de88511"}},"uncorrectedTrack":{"name":"Why Hip Hop Sucks in \u002796","mbid":"08699bb9-095b-49a0-b9c2-496a2e39c836","artist":{"name":"DJ Shadow","mbid":"efa2c11a-1a35-4b60-bc1b-66d37de88511"}},"album":{"name":"Endtroducing...","artist":{"name":"DJ Shadow","mbid":"efa2c11a-1a35-4b60-bc1b-66d37de88511"}}},{"timestamp":{"iso":"2009-07-19T00:49:19","unixtimestamp":1247964559},"track":{"name":"Building Steam With A Grain Of Salt [Alternate Take Without Overdubs]","artist":{"name":"DJ Shadow","mbid":"efa2c11a-1a35-4b60-bc1b-66d37de88511"}},"uncorrectedTrack":{"name":"Building Steam With A Grain Of Salt [Alternate Take Without Overdubs]","artist":{"name":"DJ Shadow","mbid":"efa2c11a-1a35-4b60-bc1b-66d37de88511"}},"album":{"name":"Endtroducing...","artist":{"name":"DJ Shadow","mbid":"efa2c11a-1a35-4b60-bc1b-66d37de88511"}}},{"timestamp":{"iso":"2009-07-19T00:57:56","unixtimestamp":1247965076},"track":{"name":"Black And White","artist":{"name":"Static-X"}},"uncorrectedTrack":{"name":"Black And White","artist":{"name":"Static-X"}}},{"timestamp":{"iso":"2009-07-19T01:01:41","unixtimestamp":1247965301},"track":{"name":"Cold","artist":{"name":"Static-X"}},"uncorrectedTrack":{"name":"Cold","artist":{"name":"Static-X"}}},{"timestamp":{"iso":"2009-07-19T01:05:16","unixtimestamp":1247965516},"track":{"name":"Wisconsin Death Trip","artist":{"name":"Static-X"}},"uncorrectedTrack":{"name":"Wisconsin Death Trip","artist":{"name":"Static-X"}}},{"timestamp":{"iso":"2009-07-19T01:08:19","unixtimestamp":1247965699},"track":{"name":"This Is Not","artist":{"name":"Static-X"}},"uncorrectedTrack":{"name":"This Is Not","artist":{"name":"Static-X"}}},{"timestamp":{"iso":"2009-07-19T01:11:11","unixtimestamp":1247965871},"track":{"name":"All in Wait","artist":{"name":"Static-X"}},"uncorrectedTrack":{"name":"All in Wait","artist":{"name":"Static-X"}}},{"timestamp":{"iso":"2009-07-19T01:15:07","unixtimestamp":1247966107},"track":{"name":"The Only","artist":{"name":"Static-X"}},"uncorrectedTrack":{"name":"The Only","artist":{"name":"Static-X"}},"album":{"name":"ostegolectric/the only","artist":{"name":"Static-X"}}},{"timestamp":{"iso":"2009-07-19T01:17:53","unixtimestamp":1247966273},"track":{"name":"Dead World","artist":{"name":"Static-X"}},"uncorrectedTrack":{"name":"Dead World","artist":{"name":"Static-X"}}},{"timestamp":{"iso":"2009-07-19T01:20:34","unixtimestamp":1247966434},"track":{"name":"Bled for Days","artist":{"name":"Static-X"}},"uncorrectedTrack":{"name":"Bled for Days","artist":{"name":"Static-X"}}},{"timestamp":{"iso":"2009-07-19T01:24:17","unixtimestamp":1247966657},"track":{"name":"Otsegolectric","artist":{"name":"Static-X"}},"uncorrectedTrack":{"name":"Otsegolectric","artist":{"name":"Static-X"}},"album":{"name":"Shadow Zone","artist":{"name":"Static-X"}}},{"timestamp":{"iso":"2009-07-19T01:26:50","unixtimestamp":1247966810},"track":{"name":"Control It","artist":{"name":"Static-X"}},"uncorrectedTrack":{"name":"Control It","artist":{"name":"Static-X"}}},{"timestamp":{"iso":"2009-07-19T01:29:50","unixtimestamp":1247966990},"track":{"name":"Shadow Zone","artist":{"name":"Static-X"}},"uncorrectedTrack":{"name":"Shadow Zone","artist":{"name":"Static-X"}}},{"timestamp":{"iso":"2009-07-19T23:13:58","unixtimestamp":1248045238},"track":{"name":"Nowhere Again","mbid":"1fd6493e-a218-4e28-b110-4d8688cc0b27","artist":{"name":"Secret Machines","mbid":"52f34f97-084d-4cb2-94c6-aa384041e022"}},"uncorrectedTrack":{"name":"Nowhere Again","mbid":"1fd6493e-a218-4e28-b110-4d8688cc0b27","artist":{"name":"Secret Machines","mbid":"52f34f97-084d-4cb2-94c6-aa384041e022"}},"album":{"name":"Now This Is Nowhere","artist":{"name":"Secret Machines","mbid":"52f34f97-084d-4cb2-94c6-aa384041e022"}}},{"timestamp":{"iso":"2009-07-19T23:20:27","unixtimestamp":1248045627},"track":{"name":"Zero","mbid":"ea212704-8b98-4752-aea8-b11b4e714bdc","artist":{"name":"The Smashing Pumpkins","mbid":"2b42ec56-6785-4ed8-b3cb-190f750111bb"}},"uncorrectedTrack":{"name":"Zero","mbid":"ea212704-8b98-4752-aea8-b11b4e714bdc","artist":{"name":"The Smashing Pumpkins","mbid":"2b42ec56-6785-4ed8-b3cb-190f750111bb"}},"album":{"name":"Greatest Hits (Rotten Apples)","artist":{"name":"The Smashing Pumpkins","mbid":"2b42ec56-6785-4ed8-b3cb-190f750111bb"}}},{"timestamp":{"iso":"2009-07-19T23:24:19","unixtimestamp":1248045859},"track":{"name":"Would You Mind","mbid":"68bc6cd9-816a-4360-8449-962f2516393b","artist":{"name":"Juliet","mbid":"44aa5dd1-662f-4ebc-b5ec-3224c9f04063"}},"uncorrectedTrack":{"name":"Would You Mind","mbid":"68bc6cd9-816a-4360-8449-962f2516393b","artist":{"name":"Juliet","mbid":"44aa5dd1-662f-4ebc-b5ec-3224c9f04063"}},"album":{"name":"Random Order","mbid":"6ff1e2d2-8e6d-3075-b958-252a51468f86","artist":{"name":"Juliet","mbid":"44aa5dd1-662f-4ebc-b5ec-3224c9f04063"}}},{"timestamp":{"iso":"2009-07-19T23:46:10","unixtimestamp":1248047170},"track":{"name":"Invisible Wounds (Dark Bodies)","mbid":"565bf573-6850-40f1-a64a-b70f3cb906da","artist":{"name":"Fear Factory","mbid":"c17f08f4-2542-46fb-97f3-3202d60c225a"}},"uncorrectedTrack":{"name":"Invisible Wounds (Dark Bodies)","mbid":"565bf573-6850-40f1-a64a-b70f3cb906da","artist":{"name":"Fear Factory","mbid":"c17f08f4-2542-46fb-97f3-3202d60c225a"}},"album":{"name":"Digimortal","mbid":"01035d1f-4873-3427-922b-44be122b7ed7","artist":{"name":"Fear Factory","mbid":"c17f08f4-2542-46fb-97f3-3202d60c225a"}}},{"timestamp":{"iso":"2009-07-19T23:55:10","unixtimestamp":1248047710},"track":{"name":"Sirens","mbid":"589349f0-a493-44d6-9f59-2df6055aef44","artist":{"name":"Elefant","mbid":"bd837f10-ed18-47e9-9636-ca44edceebfd"}},"uncorrectedTrack":{"name":"Sirens","mbid":"589349f0-a493-44d6-9f59-2df6055aef44","artist":{"name":"Elefant","mbid":"bd837f10-ed18-47e9-9636-ca44edceebfd"}},"album":{"name":"The Black Magic Show","mbid":"d98bc8b3-c04d-4535-89b1-cdea72243967","artist":{"name":"Elefant","mbid":"bd837f10-ed18-47e9-9636-ca44edceebfd"}}},{"timestamp":{"iso":"2009-07-20T00:06:35","unixtimestamp":1248048395},"track":{"name":"House Carpenter","mbid":"77c8c84e-020a-4906-8d6e-5f5e88406d58","artist":{"name":"Hurt","mbid":"96cb9364-e045-47ae-af66-298ce0dc6895"}},"uncorrectedTrack":{"name":"House Carpenter","mbid":"77c8c84e-020a-4906-8d6e-5f5e88406d58","artist":{"name":"Hurt","mbid":"96cb9364-e045-47ae-af66-298ce0dc6895"}},"album":{"name":"Vol. I","artist":{"name":"Hurt","mbid":"96cb9364-e045-47ae-af66-298ce0dc6895"}}},{"timestamp":{"iso":"2009-07-20T00:21:19","unixtimestamp":1248049279},"track":{"name":"Consequence","mbid":"87094d85-fe31-41b1-a5cb-908b37850203","artist":{"name":"The Notwist","mbid":"f180cec2-9421-4417-a841-c7372090d13d"}},"uncorrectedTrack":{"name":"Consequence","mbid":"87094d85-fe31-41b1-a5cb-908b37850203","artist":{"name":"The Notwist","mbid":"f180cec2-9421-4417-a841-c7372090d13d"}},"album":{"name":"Neon Golden [Bonus Tracks]","artist":{"name":"The Notwist","mbid":"f180cec2-9421-4417-a841-c7372090d13d"}}},{"timestamp":{"iso":"2009-07-20T00:28:46","unixtimestamp":1248049726},"track":{"name":"She Looks to Me","mbid":"cd112d99-0655-486b-93a1-6d704029d9f6","artist":{"name":"Red Hot Chili Peppers","mbid":"8bfac288-ccc5-448d-9573-c33ea2aa5c30"}},"uncorrectedTrack":{"name":"She Looks to Me","mbid":"cd112d99-0655-486b-93a1-6d704029d9f6","artist":{"name":"Red Hot Chili Peppers","mbid":"8bfac288-ccc5-448d-9573-c33ea2aa5c30"}},"album":{"name":"Stadium Arcadium (disc 2: Mars)","artist":{"name":"Red Hot Chili Peppers","mbid":"8bfac288-ccc5-448d-9573-c33ea2aa5c30"}}},{"timestamp":{"iso":"2009-07-20T00:35:36","unixtimestamp":1248050136},"track":{"name":"Lullaby","mbid":"14d7460f-d5b0-4565-974a-262d2ebda4fc","artist":{"name":"Shawn Mullins","mbid":"f20e3539-bf98-4066-85eb-12f254545660"}},"uncorrectedTrack":{"name":"Lullaby","mbid":"14d7460f-d5b0-4565-974a-262d2ebda4fc","artist":{"name":"Shawn Mullins","mbid":"f20e3539-bf98-4066-85eb-12f254545660"}},"album":{"name":"Platinum Hits 2000","mbid":"9a96b293-f5db-4d5a-ae96-4f84a0e11352","artist":{"name":"Various Artists","mbid":"023671ff-b1ad-4133-a4f3-aadaaadfd2e0"}}},{"timestamp":{"iso":"2009-07-20T00:39:33","unixtimestamp":1248050373},"track":{"name":"The Way We Get By","mbid":"1654ff85-f9fa-440a-bb32-112eea28e2fc","artist":{"name":"Spoon","mbid":"0db1ad0b-3ac1-4425-b10a-3142e795895c"}},"uncorrectedTrack":{"name":"The Way We Get By","mbid":"1654ff85-f9fa-440a-bb32-112eea28e2fc","artist":{"name":"Spoon","mbid":"0db1ad0b-3ac1-4425-b10a-3142e795895c"}}},{"timestamp":{"iso":"2009-07-20T00:44:40","unixtimestamp":1248050680},"track":{"name":"Karate","mbid":"62d9781b-c116-403d-b00c-b80d45517c11","artist":{"name":"Tenacious D","mbid":"148ddea2-6839-4354-8e2c-5dfadf136b7f"}},"uncorrectedTrack":{"name":"Karate","mbid":"62d9781b-c116-403d-b00c-b80d45517c11","artist":{"name":"Tenacious D","mbid":"148ddea2-6839-4354-8e2c-5dfadf136b7f"}}},{"timestamp":{"iso":"2009-07-20T01:01:04","unixtimestamp":1248051664},"track":{"name":"The Killing Moon","mbid":"a25f36d0-0e77-4edd-a26e-22e52361d912","artist":{"name":"Nouvelle Vague","mbid":"77cceea7-91bb-4a4c-ae41-bc9c46c1ccb5"}},"uncorrectedTrack":{"name":"The Killing Moon","mbid":"a25f36d0-0e77-4edd-a26e-22e52361d912","artist":{"name":"Nouvelle Vague","mbid":"77cceea7-91bb-4a4c-ae41-bc9c46c1ccb5"}},"album":{"name":"Bande A Part - Ltd Edition","artist":{"name":"Nouvelle Vague","mbid":"77cceea7-91bb-4a4c-ae41-bc9c46c1ccb5"}}},{"timestamp":{"iso":"2009-07-20T01:04:40","unixtimestamp":1248051880},"track":{"name":"Maps","mbid":"591acc1e-6e16-4663-8af6-ad7b5f5d5a6d","artist":{"name":"Yeah Yeah Yeahs","mbid":"584c04d2-4acc-491b-8a0a-e63133f4bfc4"}},"uncorrectedTrack":{"name":"Maps","mbid":"591acc1e-6e16-4663-8af6-ad7b5f5d5a6d","artist":{"name":"Yeah Yeah Yeahs","mbid":"584c04d2-4acc-491b-8a0a-e63133f4bfc4"}},"album":{"name":"Fever To Tell","mbid":"b2fc8017-3be6-4e8d-a14b-c8618e0ab75d","artist":{"name":"Yeah Yeah Yeahs","mbid":"584c04d2-4acc-491b-8a0a-e63133f4bfc4"}}},{"timestamp":{"iso":"2009-07-20T01:06:28","unixtimestamp":1248051988},"track":{"name":"Sick Of Goodbyes","mbid":"2b6f0304-6fb7-4a05-8e1c-63560f68b404","artist":{"name":"Sparklehorse","mbid":"45be8e20-3c3c-4e78-98f0-b5bdecf2f703"}},"uncorrectedTrack":{"name":"Sick Of Goodbyes","mbid":"2b6f0304-6fb7-4a05-8e1c-63560f68b404","artist":{"name":"Sparklehorse","mbid":"45be8e20-3c3c-4e78-98f0-b5bdecf2f703"}},"album":{"name":"Good Morning Spider","mbid":"7307c5d5-dd80-481e-94a5-a58f4bb8ee8b","artist":{"name":"Sparklehorse","mbid":"45be8e20-3c3c-4e78-98f0-b5bdecf2f703"}}},{"timestamp":{"iso":"2009-07-20T01:10:24","unixtimestamp":1248052224},"track":{"name":"A-Punk","mbid":"abd613e9-ae57-4bd5-ae6c-33b336f4cfcf","artist":{"name":"Vampire Weekend","mbid":"af37c51c-0790-4a29-b995-456f98a6b8c9"}},"uncorrectedTrack":{"name":"A-Punk","mbid":"abd613e9-ae57-4bd5-ae6c-33b336f4cfcf","artist":{"name":"Vampire Weekend","mbid":"af37c51c-0790-4a29-b995-456f98a6b8c9"}},"album":{"name":"Vampire Weekend","mbid":"29436531-8e43-4e5e-9d36-037e775e2883","artist":{"name":"Vampire Weekend","mbid":"af37c51c-0790-4a29-b995-456f98a6b8c9"}}},{"timestamp":{"iso":"2009-07-20T01:19:37","unixtimestamp":1248052777},"track":{"name":"Plankton","mbid":"8201fc99-aa18-4c82-b976-f6d9c8ce4b4c","artist":{"name":"Buckethead","mbid":"b5179744-f217-4455-9d8b-17b8d4fdeb93"}},"uncorrectedTrack":{"name":"Plankton","mbid":"8201fc99-aa18-4c82-b976-f6d9c8ce4b4c","artist":{"name":"Buckethead","mbid":"b5179744-f217-4455-9d8b-17b8d4fdeb93"}},"album":{"name":"Pepper\u0027s Ghost","mbid":"a2c5a1dd-9b3b-4199-ae87-7421ffca5f88","artist":{"name":"Buckethead","mbid":"b5179744-f217-4455-9d8b-17b8d4fdeb93"}}},{"timestamp":{"iso":"2009-07-20T01:24:42","unixtimestamp":1248053082},"track":{"name":"Towel in the Kitchen","mbid":"2ce89304-f89c-4883-b031-490ebbdd527e","artist":{"name":"Buckethead","mbid":"b5179744-f217-4455-9d8b-17b8d4fdeb93"}},"uncorrectedTrack":{"name":"Towel in the Kitchen","mbid":"2ce89304-f89c-4883-b031-490ebbdd527e","artist":{"name":"Buckethead","mbid":"b5179744-f217-4455-9d8b-17b8d4fdeb93"}},"album":{"name":"Pepper\u0027s Ghost","mbid":"a2c5a1dd-9b3b-4199-ae87-7421ffca5f88","artist":{"name":"Buckethead","mbid":"b5179744-f217-4455-9d8b-17b8d4fdeb93"}}},{"timestamp":{"iso":"2009-07-20T01:27:05","unixtimestamp":1248053225},"track":{"name":"Carpal Tunnel Slug","mbid":"f0db887d-0b7a-4698-aafe-dfa7d906788c","artist":{"name":"Buckethead","mbid":"b5179744-f217-4455-9d8b-17b8d4fdeb93"}},"uncorrectedTrack":{"name":"Carpal Tunnel Slug","mbid":"f0db887d-0b7a-4698-aafe-dfa7d906788c","artist":{"name":"Buckethead","mbid":"b5179744-f217-4455-9d8b-17b8d4fdeb93"}},"album":{"name":"Pepper\u0027s Ghost","mbid":"a2c5a1dd-9b3b-4199-ae87-7421ffca5f88","artist":{"name":"Buckethead","mbid":"b5179744-f217-4455-9d8b-17b8d4fdeb93"}}},{"timestamp":{"iso":"2009-07-21T16:12:59","unixtimestamp":1248192779},"track":{"name":"The Bad Touch","mbid":"5943333c-4443-4b4f-a239-41562aefd139","artist":{"name":"Bloodhound Gang","mbid":"117205af-fc41-4341-a8cb-5562468b0724"}},"uncorrectedTrack":{"name":"The Bad Touch (LP)","artist":{"name":"Bloodhound Gang","mbid":"117205af-fc41-4341-a8cb-5562468b0724"}},"album":{"name":"The Bad Touch (Single)","artist":{"name":"Bloodhound Gang","mbid":"117205af-fc41-4341-a8cb-5562468b0724"}}},{"timestamp":{"iso":"2009-07-21T16:17:39","unixtimestamp":1248193059},"track":{"name":"Uhn Tiss Uhn Tiss Uhn Tiss","mbid":"170c4f10-f3a8-48e3-96e1-f893ecb4e5c1","artist":{"name":"Bloodhound Gang","mbid":"117205af-fc41-4341-a8cb-5562468b0724"}},"uncorrectedTrack":{"name":"Uhn Tiss Uhn Tiss Uhn Tiss","artist":{"name":"The Bloodhound Gang"}},"album":{"name":"Hefty Fine (Advance)","artist":{"name":"The Bloodhound Gang"}}},{"timestamp":{"iso":"2009-07-21T16:21:54","unixtimestamp":1248193314},"track":{"name":"Balls Out","artist":{"name":"The Bloodhound Gang"}},"uncorrectedTrack":{"name":"Balls Out","artist":{"name":"The Bloodhound Gang"}},"album":{"name":"Hefty Fine (Advance)","artist":{"name":"The Bloodhound Gang"}}},{"timestamp":{"iso":"2009-07-21T16:26:44","unixtimestamp":1248193604},"track":{"name":"Plankton","mbid":"8201fc99-aa18-4c82-b976-f6d9c8ce4b4c","artist":{"name":"Buckethead","mbid":"b5179744-f217-4455-9d8b-17b8d4fdeb93"}},"uncorrectedTrack":{"name":"Plankton","mbid":"8201fc99-aa18-4c82-b976-f6d9c8ce4b4c","artist":{"name":"Buckethead","mbid":"b5179744-f217-4455-9d8b-17b8d4fdeb93"}},"album":{"name":"Pepper\u0027s Ghost","mbid":"a2c5a1dd-9b3b-4199-ae87-7421ffca5f88","artist":{"name":"Buckethead","mbid":"b5179744-f217-4455-9d8b-17b8d4fdeb93"}}},{"timestamp":{"iso":"2009-07-21T16:31:01","unixtimestamp":1248193861},"track":{"name":"Plankton","mbid":"8201fc99-aa18-4c82-b976-f6d9c8ce4b4c","artist":{"name":"Buckethead","mbid":"b5179744-f217-4455-9d8b-17b8d4fdeb93"}},"uncorrectedTrack":{"name":"Plankton","mbid":"8201fc99-aa18-4c82-b976-f6d9c8ce4b4c","artist":{"name":"Buckethead","mbid":"b5179744-f217-4455-9d8b-17b8d4fdeb93"}},"album":{"name":"Pepper\u0027s Ghost","mbid":"a2c5a1dd-9b3b-4199-ae87-7421ffca5f88","artist":{"name":"Buckethead","mbid":"b5179744-f217-4455-9d8b-17b8d4fdeb93"}}},{"timestamp":{"iso":"2009-07-21T16:35:18","unixtimestamp":1248194118},"track":{"name":"Towel in the Kitchen","mbid":"2ce89304-f89c-4883-b031-490ebbdd527e","artist":{"name":"Buckethead","mbid":"b5179744-f217-4455-9d8b-17b8d4fdeb93"}},"uncorrectedTrack":{"name":"Towel in the Kitchen","mbid":"2ce89304-f89c-4883-b031-490ebbdd527e","artist":{"name":"Buckethead","mbid":"b5179744-f217-4455-9d8b-17b8d4fdeb93"}},"album":{"name":"Pepper\u0027s Ghost","mbid":"a2c5a1dd-9b3b-4199-ae87-7421ffca5f88","artist":{"name":"Buckethead","mbid":"b5179744-f217-4455-9d8b-17b8d4fdeb93"}}},{"timestamp":{"iso":"2009-07-21T16:37:41","unixtimestamp":1248194261},"track":{"name":"Callbox","mbid":"59d63588-564e-493d-b205-2b35360f922f","artist":{"name":"Buckethead","mbid":"b5179744-f217-4455-9d8b-17b8d4fdeb93"}},"uncorrectedTrack":{"name":"Callbox","mbid":"59d63588-564e-493d-b205-2b35360f922f","artist":{"name":"Buckethead","mbid":"b5179744-f217-4455-9d8b-17b8d4fdeb93"}},"album":{"name":"Pepper\u0027s Ghost","mbid":"a2c5a1dd-9b3b-4199-ae87-7421ffca5f88","artist":{"name":"Buckethead","mbid":"b5179744-f217-4455-9d8b-17b8d4fdeb93"}}},{"timestamp":{"iso":"2009-07-21T17:43:48","unixtimestamp":1248198228},"track":{"name":"Plankton","mbid":"8201fc99-aa18-4c82-b976-f6d9c8ce4b4c","artist":{"name":"Buckethead","mbid":"b5179744-f217-4455-9d8b-17b8d4fdeb93"}},"uncorrectedTrack":{"name":"Plankton","mbid":"8201fc99-aa18-4c82-b976-f6d9c8ce4b4c","artist":{"name":"Buckethead","mbid":"b5179744-f217-4455-9d8b-17b8d4fdeb93"}},"album":{"name":"Pepper\u0027s Ghost","mbid":"a2c5a1dd-9b3b-4199-ae87-7421ffca5f88","artist":{"name":"Buckethead","mbid":"b5179744-f217-4455-9d8b-17b8d4fdeb93"}}},{"timestamp":{"iso":"2009-07-21T17:50:02","unixtimestamp":1248198602},"track":{"name":"Embalming Plaza","mbid":"77068e14-3855-42a1-9c27-1273594340a2","artist":{"name":"Buckethead","mbid":"b5179744-f217-4455-9d8b-17b8d4fdeb93"}},"uncorrectedTrack":{"name":"Embalming Plaza","mbid":"77068e14-3855-42a1-9c27-1273594340a2","artist":{"name":"Buckethead","mbid":"b5179744-f217-4455-9d8b-17b8d4fdeb93"}},"album":{"name":"Pepper\u0027s Ghost","mbid":"a2c5a1dd-9b3b-4199-ae87-7421ffca5f88","artist":{"name":"Buckethead","mbid":"b5179744-f217-4455-9d8b-17b8d4fdeb93"}}},{"timestamp":{"iso":"2009-07-21T17:53:52","unixtimestamp":1248198832},"track":{"name":"Frankenseuss Laboratories","mbid":"b4f3ad8e-31fd-42ab-b703-b6241a4af3f6","artist":{"name":"Buckethead","mbid":"b5179744-f217-4455-9d8b-17b8d4fdeb93"}},"uncorrectedTrack":{"name":"Frankenseuss Laboratories","mbid":"b4f3ad8e-31fd-42ab-b703-b6241a4af3f6","artist":{"name":"Buckethead","mbid":"b5179744-f217-4455-9d8b-17b8d4fdeb93"}},"album":{"name":"Kaleidoscalp","mbid":"0cdaa25f-bcda-4336-b891-5dd4805ce6b9","artist":{"name":"Buckethead","mbid":"b5179744-f217-4455-9d8b-17b8d4fdeb93"}}},{"timestamp":{"iso":"2009-07-21T17:57:37","unixtimestamp":1248199057},"track":{"name":"Stun Pike and the Jack in the Box Head","mbid":"21e1ea15-863d-4eec-97a2-99fe488f7c32","artist":{"name":"Buckethead","mbid":"b5179744-f217-4455-9d8b-17b8d4fdeb93"}},"uncorrectedTrack":{"name":"Stun Pike and the Jack in the Box Head","mbid":"21e1ea15-863d-4eec-97a2-99fe488f7c32","artist":{"name":"Buckethead","mbid":"b5179744-f217-4455-9d8b-17b8d4fdeb93"}},"album":{"name":"Kaleidoscalp","mbid":"0cdaa25f-bcda-4336-b891-5dd4805ce6b9","artist":{"name":"Buckethead","mbid":"b5179744-f217-4455-9d8b-17b8d4fdeb93"}}},{"timestamp":{"iso":"2009-07-21T18:00:02","unixtimestamp":1248199202},"track":{"name":"Music Box Innards","mbid":"3892d886-3a55-4abd-bce8-8012d9c1abca","artist":{"name":"Buckethead","mbid":"b5179744-f217-4455-9d8b-17b8d4fdeb93"}},"uncorrectedTrack":{"name":"Music Box Innards","mbid":"3892d886-3a55-4abd-bce8-8012d9c1abca","artist":{"name":"Buckethead","mbid":"b5179744-f217-4455-9d8b-17b8d4fdeb93"}},"album":{"name":"Kaleidoscalp","mbid":"0cdaa25f-bcda-4336-b891-5dd4805ce6b9","artist":{"name":"Buckethead","mbid":"b5179744-f217-4455-9d8b-17b8d4fdeb93"}}},{"timestamp":{"iso":"2009-07-21T18:03:06","unixtimestamp":1248199386},"track":{"name":"Breakfast Cyborg","mbid":"31438579-85b6-4c99-b540-95537e920307","artist":{"name":"Buckethead","mbid":"b5179744-f217-4455-9d8b-17b8d4fdeb93"}},"uncorrectedTrack":{"name":"Breakfast Cyborg","mbid":"31438579-85b6-4c99-b540-95537e920307","artist":{"name":"Buckethead","mbid":"b5179744-f217-4455-9d8b-17b8d4fdeb93"}},"album":{"name":"Kaleidoscalp","mbid":"0cdaa25f-bcda-4336-b891-5dd4805ce6b9","artist":{"name":"Buckethead","mbid":"b5179744-f217-4455-9d8b-17b8d4fdeb93"}}},{"timestamp":{"iso":"2009-07-21T18:05:31","unixtimestamp":1248199531},"track":{"name":"The Last Ride of the Bozomobile","mbid":"9ac6ee65-62fc-4b49-a1fe-6e55fa717826","artist":{"name":"Buckethead","mbid":"b5179744-f217-4455-9d8b-17b8d4fdeb93"}},"uncorrectedTrack":{"name":"The Last Ride of the Bozomobile","mbid":"9ac6ee65-62fc-4b49-a1fe-6e55fa717826","artist":{"name":"Buckethead","mbid":"b5179744-f217-4455-9d8b-17b8d4fdeb93"}},"album":{"name":"Kaleidoscalp","mbid":"0cdaa25f-bcda-4336-b891-5dd4805ce6b9","artist":{"name":"Buckethead","mbid":"b5179744-f217-4455-9d8b-17b8d4fdeb93"}}},{"timestamp":{"iso":"2009-07-21T18:13:51","unixtimestamp":1248200031},"track":{"name":"She Sells Sea Shells by the Slaughterhouse","mbid":"bc40d7d9-e49d-46af-9e4d-805cfefb8654","artist":{"name":"Buckethead","mbid":"b5179744-f217-4455-9d8b-17b8d4fdeb93"}},"uncorrectedTrack":{"name":"She Sells Sea Shells by the Slaughterhouse","mbid":"bc40d7d9-e49d-46af-9e4d-805cfefb8654","artist":{"name":"Buckethead","mbid":"b5179744-f217-4455-9d8b-17b8d4fdeb93"}},"album":{"name":"Kaleidoscalp","mbid":"0cdaa25f-bcda-4336-b891-5dd4805ce6b9","artist":{"name":"Buckethead","mbid":"b5179744-f217-4455-9d8b-17b8d4fdeb93"}}}]