[{"timestamp":{"iso":"2007-07-02T20:54:47","unixtimestamp":1183409687},"track":{"name":"Autumn Shade","mbid":"36792243-19f1-4f7d-84c2-df0fdbdaddd6","artist":{"name":"The Vines","mbid":"4e045c96-538b-46ed-8ea8-7cae20b56574"}},"uncorrectedTrack":{"name":"Autumn Shade","mbid":"36792243-19f1-4f7d-84c2-df0fdbdaddd6","artist":{"name":"The Vines","mbid":"4e045c96-538b-46ed-8ea8-7cae20b56574"}},"album":{"name":"Highly Evolved","mbid":"e9ce3dd1-4d14-36f5-9a77-80eeea908ae8","artist":{"name":"The Vines","mbid":"4e045c96-538b-46ed-8ea8-7cae20b56574"}}},{"timestamp":{"iso":"2007-07-02T20:57:48","unixtimestamp":1183409868},"track":{"name":"I Predict a Riot","mbid":"688d4853-6819-4faa-aaef-cdcb4b7861d3","artist":{"name":"Kaiser Chiefs","mbid":"90218af4-4d58-4821-8d41-2ee295ebbe21"}},"uncorrectedTrack":{"name":"I Predict a Riot","mbid":"688d4853-6819-4faa-aaef-cdcb4b7861d3","artist":{"name":"Kaiser Chiefs","mbid":"90218af4-4d58-4821-8d41-2ee295ebbe21"}},"album":{"name":"Employment","mbid":"6dfcd615-f485-425a-9636-b4a8369c02d2","artist":{"name":"Kaiser Chiefs","mbid":"90218af4-4d58-4821-8d41-2ee295ebbe21"}}},{"timestamp":{"iso":"2007-07-02T21:01:31","unixtimestamp":1183410091},"track":{"name":"Half Light","mbid":"0fe985bc-394f-416c-8c8c-68f338f6ffa6","artist":{"name":"Athlete","mbid":"906cbb69-b793-463a-832d-b5bf850f01a2"}},"uncorrectedTrack":{"name":"Half Light","mbid":"0fe985bc-394f-416c-8c8c-68f338f6ffa6","artist":{"name":"Athlete","mbid":"906cbb69-b793-463a-832d-b5bf850f01a2"}},"album":{"name":"Tourist","mbid":"3783b866-f448-481f-99b6-d0d7d1a4202b","artist":{"name":"Athlete","mbid":"906cbb69-b793-463a-832d-b5bf850f01a2"}}},{"timestamp":{"iso":"2007-07-02T21:05:17","unixtimestamp":1183410317},"track":{"name":"Bitter Sweet Symphony","artist":{"name":"The Verve","mbid":"d4d17620-fd97-4574-92a8-a2cb7e72ce42"}},"uncorrectedTrack":{"name":"Bitter Sweet Symphony","artist":{"name":"The Verve","mbid":"d4d17620-fd97-4574-92a8-a2cb7e72ce42"}},"album":{"name":"Urban Hymns","mbid":"ab5fdc7f-8437-48b7-9b61-22b3d2d44d08","artist":{"name":"The Verve","mbid":"d4d17620-fd97-4574-92a8-a2cb7e72ce42"}}},{"timestamp":{"iso":"2007-07-02T21:10:53","unixtimestamp":1183410653},"track":{"name":"Hasta la Vista","mbid":"00d8608a-bdc9-4801-9887-ba22b978d197","artist":{"name":"MC Solaar","mbid":"bbbd2644-b4cb-4bb5-a442-315310f68a0b"}},"uncorrectedTrack":{"name":"Hasta la Vista","mbid":"00d8608a-bdc9-4801-9887-ba22b978d197","artist":{"name":"MC Solaar","mbid":"bbbd2644-b4cb-4bb5-a442-315310f68a0b"}},"album":{"name":"Cinquieme As","artist":{"name":"MC Solaar","mbid":"bbbd2644-b4cb-4bb5-a442-315310f68a0b"}}},{"timestamp":{"iso":"2007-07-02T21:14:31","unixtimestamp":1183410871},"track":{"name":"Dollars \u0026 Cents","mbid":"001f0047-7891-4901-8f4b-2dab703da4f4","artist":{"name":"Radiohead","mbid":"a74b1b7f-71a5-4011-9441-d0b5e4122711"}},"uncorrectedTrack":{"name":"Dollars \u0026 Cents","mbid":"001f0047-7891-4901-8f4b-2dab703da4f4","artist":{"name":"Radiohead","mbid":"a74b1b7f-71a5-4011-9441-d0b5e4122711"}},"album":{"name":"Amnesiac","mbid":"8fdf5ccd-98d2-3283-a6c3-498871addaf6","artist":{"name":"Radiohead","mbid":"a74b1b7f-71a5-4011-9441-d0b5e4122711"}}},{"timestamp":{"iso":"2007-07-02T21:19:23","unixtimestamp":1183411163},"track":{"name":"Du hast","mbid":"02235493-6611-45f9-bcb6-d972bc039de3","artist":{"name":"Rammstein","mbid":"b2d122f9-eadb-4930-a196-8f221eeb0c66"}},"uncorrectedTrack":{"name":"Du hast","mbid":"02235493-6611-45f9-bcb6-d972bc039de3","artist":{"name":"Rammstein","mbid":"b2d122f9-eadb-4930-a196-8f221eeb0c66"}}},{"timestamp":{"iso":"2007-07-02T21:23:15","unixtimestamp":1183411395},"track":{"name":"Dance","mbid":"fdb44924-39da-4c2c-a992-e372b41397b3","artist":{"name":"Kabul Workshop","mbid":"af182459-684f-401e-a5c7-785e3988eb76"}},"uncorrectedTrack":{"name":"Dance","mbid":"fdb44924-39da-4c2c-a992-e372b41397b3","artist":{"name":"Kabul Workshop","mbid":"af182459-684f-401e-a5c7-785e3988eb76"}},"album":{"name":"Trigana","mbid":"7707f263-6ce4-4a4e-9209-9224e07297c4","artist":{"name":"Kabul Workshop","mbid":"af182459-684f-401e-a5c7-785e3988eb76"}}},{"timestamp":{"iso":"2007-07-02T21:27:31","unixtimestamp":1183411651},"track":{"name":"「妖しの光」あやしのひかり","artist":{"name":"Kagrra,","mbid":"6bb12589-36ea-433c-9473-09a6c90f1781"}},"uncorrectedTrack":{"name":"「妖しの光」あやしのひかり","artist":{"name":"Kagrra,","mbid":"6bb12589-36ea-433c-9473-09a6c90f1781"}}},{"timestamp":{"iso":"2007-07-02T21:31:09","unixtimestamp":1183411869},"track":{"name":"Blinded by the Lights","mbid":"764a0326-4b7e-4515-8f05-1af425cd19fb","artist":{"name":"The Streets","mbid":"6f607087-9c46-4bb2-a884-e4efc764554c"}},"uncorrectedTrack":{"name":"Blinded by the Lights","mbid":"764a0326-4b7e-4515-8f05-1af425cd19fb","artist":{"name":"The Streets","mbid":"6f607087-9c46-4bb2-a884-e4efc764554c"}}},{"timestamp":{"iso":"2007-07-02T21:35:10","unixtimestamp":1183412110},"track":{"name":"I Never Promised You A Rose Garden","mbid":"0a26f22c-5a49-443a-895d-3b0318de4f95","artist":{"name":"The Suicide Machines","mbid":"c6d2cbdf-30e7-4233-a1b4-e892f116ada1"}},"uncorrectedTrack":{"name":"I Never Promised You A Rose Garden","mbid":"0a26f22c-5a49-443a-895d-3b0318de4f95","artist":{"name":"The Suicide Machines","mbid":"c6d2cbdf-30e7-4233-a1b4-e892f116ada1"}}},{"timestamp":{"iso":"2007-07-02T21:38:01","unixtimestamp":1183412281},"track":{"name":"Never Gonna Stop","artist":{"name":"Rob Zombie","mbid":"c995a379-60b9-404b-bd97-a7e2de0751d3"}},"uncorrectedTrack":{"name":"Never Gonna Stop","artist":{"name":"Rob Zombie","mbid":"c995a379-60b9-404b-bd97-a7e2de0751d3"}},"album":{"name":"The Sinister Urge","mbid":"4186005e-7089-4102-9a2d-567efb7a6025","artist":{"name":"Rob Zombie","mbid":"c995a379-60b9-404b-bd97-a7e2de0751d3"}}},{"timestamp":{"iso":"2007-07-02T21:41:29","unixtimestamp":1183412489},"track":{"name":"Sky Fell Over Me","mbid":"05f50395-2753-462f-9511-b9ec5241f0d8","artist":{"name":"Shiny Toy Guns","mbid":"ad61e25e-5516-41e1-b60d-744e8220986e"}},"uncorrectedTrack":{"name":"Sky Fell Over Me","mbid":"05f50395-2753-462f-9511-b9ec5241f0d8","artist":{"name":"Shiny Toy Guns","mbid":"ad61e25e-5516-41e1-b60d-744e8220986e"}},"album":{"name":"We Are Pilots","mbid":"197cb8a1-9502-49c0-9d86-3411afabeb22","artist":{"name":"Shiny Toy Guns","mbid":"ad61e25e-5516-41e1-b60d-744e8220986e"}}},{"timestamp":{"iso":"2007-07-02T21:45:22","unixtimestamp":1183412722},"track":{"name":"Specchio","mbid":"d89a4732-6ec6-4032-86e0-dc3046d70d0f","artist":{"name":"Kabul Workshop","mbid":"af182459-684f-401e-a5c7-785e3988eb76"}},"uncorrectedTrack":{"name":"Specchio","mbid":"d89a4732-6ec6-4032-86e0-dc3046d70d0f","artist":{"name":"Kabul Workshop","mbid":"af182459-684f-401e-a5c7-785e3988eb76"}},"album":{"name":"Trigana","mbid":"7707f263-6ce4-4a4e-9209-9224e07297c4","artist":{"name":"Kabul Workshop","mbid":"af182459-684f-401e-a5c7-785e3988eb76"}}},{"timestamp":{"iso":"2007-07-02T21:51:02","unixtimestamp":1183413062},"track":{"name":"Caring Is Creepy","mbid":"546afa0a-2130-48de-afb9-fb89a12abedc","artist":{"name":"The Shins","mbid":"6c8b9855-ba8b-48f9-ac1d-42167f7f7b18"}},"uncorrectedTrack":{"name":"Caring Is Creepy","mbid":"546afa0a-2130-48de-afb9-fb89a12abedc","artist":{"name":"The Shins","mbid":"6c8b9855-ba8b-48f9-ac1d-42167f7f7b18"}},"album":{"name":"Garden State","mbid":"a5ed6698-384f-4d44-86b1-f1dd57b1c8c0","artist":{"name":"Various Artists","mbid":"023671ff-b1ad-4133-a4f3-aadaaadfd2e0"}}},{"timestamp":{"iso":"2007-07-02T21:53:43","unixtimestamp":1183413223},"track":{"name":"The Sound of Settling","mbid":"5c27020d-b845-4702-ba0a-24c209954d6e","artist":{"name":"Death Cab for Cutie","mbid":"0039c7ae-e1a7-4a7d-9b49-0cbc716821a6"}},"uncorrectedTrack":{"name":"The Sound of Settling","mbid":"5c27020d-b845-4702-ba0a-24c209954d6e","artist":{"name":"Death Cab for Cutie","mbid":"0039c7ae-e1a7-4a7d-9b49-0cbc716821a6"}},"album":{"name":"Transatlanticism","mbid":"ff82a527-5b17-4acc-9c17-aa3b17f9e838","artist":{"name":"Death Cab for Cutie","mbid":"0039c7ae-e1a7-4a7d-9b49-0cbc716821a6"}}},{"timestamp":{"iso":"2007-07-02T21:55:31","unixtimestamp":1183413331},"track":{"name":"We Are Pilots","mbid":"11c7adbc-49f6-4d21-9361-12fbfe70604d","artist":{"name":"Shiny Toy Guns","mbid":"ad61e25e-5516-41e1-b60d-744e8220986e"}},"uncorrectedTrack":{"name":"We Are Pilots","mbid":"11c7adbc-49f6-4d21-9361-12fbfe70604d","artist":{"name":"Shiny Toy Guns","mbid":"ad61e25e-5516-41e1-b60d-744e8220986e"}}},{"timestamp":{"iso":"2007-07-02T21:58:05","unixtimestamp":1183413485},"track":{"name":"Sarah Saturday","mbid":"7a531a92-499b-4fca-ada0-b45ae324114f","artist":{"name":"The Bouncing Souls","mbid":"429d5f26-329c-41cc-bdff-17c29dbf1fb8"}},"uncorrectedTrack":{"name":"Sarah Saturday","mbid":"7a531a92-499b-4fca-ada0-b45ae324114f","artist":{"name":"The Bouncing Souls","mbid":"429d5f26-329c-41cc-bdff-17c29dbf1fb8"}},"album":{"name":"The Gold Record","mbid":"f327d963-af06-4a51-92d4-d24aff4221c3","artist":{"name":"The Bouncing Souls","mbid":"429d5f26-329c-41cc-bdff-17c29dbf1fb8"}}},{"timestamp":{"iso":"2007-07-15T18:29:18","unixtimestamp":1184524158},"track":{"name":"Is This It","mbid":"35ab4a07-cb21-43cb-86f3-140df6cef165","artist":{"name":"The Strokes","mbid":"f181961b-20f7-459e-89de-920ef03c7ed0"}},"uncorrectedTrack":{"name":"Is This It","mbid":"35ab4a07-cb21-43cb-86f3-140df6cef165","artist":{"name":"The Strokes","mbid":"f181961b-20f7-459e-89de-920ef03c7ed0"}}},{"timestamp":{"iso":"2007-07-15T18:32:05","unixtimestamp":1184524325},"track":{"name":"Someday","mbid":"4488a1b0-5eca-4bd6-8eb1-5ea3ea91aabe","artist":{"name":"The Strokes","mbid":"f181961b-20f7-459e-89de-920ef03c7ed0"}},"uncorrectedTrack":{"name":"Someday","mbid":"4488a1b0-5eca-4bd6-8eb1-5ea3ea91aabe","artist":{"name":"The Strokes","mbid":"f181961b-20f7-459e-89de-920ef03c7ed0"}}},{"timestamp":{"iso":"2007-07-15T18:35:18","unixtimestamp":1184524518},"track":{"name":"Heart In a Cage","mbid":"5ac86d24-38ee-4af5-8d03-03fb367a054d","artist":{"name":"The Strokes","mbid":"f181961b-20f7-459e-89de-920ef03c7ed0"}},"uncorrectedTrack":{"name":"Heart In a Cage","mbid":"5ac86d24-38ee-4af5-8d03-03fb367a054d","artist":{"name":"The Strokes","mbid":"f181961b-20f7-459e-89de-920ef03c7ed0"}},"album":{"name":"First Impressions of Earth","mbid":"b16327d6-aba8-4aff-814e-468a31db1776","artist":{"name":"The Strokes","mbid":"f181961b-20f7-459e-89de-920ef03c7ed0"}}},{"timestamp":{"iso":"2007-07-15T18:38:36","unixtimestamp":1184524716},"track":{"name":"Ask Me Anything","mbid":"562f35c3-e93a-415f-9221-4841485d5242","artist":{"name":"The Strokes","mbid":"f181961b-20f7-459e-89de-920ef03c7ed0"}},"uncorrectedTrack":{"name":"Ask Me Anything","mbid":"562f35c3-e93a-415f-9221-4841485d5242","artist":{"name":"The Strokes","mbid":"f181961b-20f7-459e-89de-920ef03c7ed0"}},"album":{"name":"First Impressions of Earth","mbid":"b16327d6-aba8-4aff-814e-468a31db1776","artist":{"name":"The Strokes","mbid":"f181961b-20f7-459e-89de-920ef03c7ed0"}}},{"timestamp":{"iso":"2007-07-15T18:41:19","unixtimestamp":1184524879},"track":{"name":"The Way It Is","mbid":"6d5271da-6e99-4a70-9e54-710657d01602","artist":{"name":"The Strokes","mbid":"f181961b-20f7-459e-89de-920ef03c7ed0"}},"uncorrectedTrack":{"name":"The Way It Is","mbid":"6d5271da-6e99-4a70-9e54-710657d01602","artist":{"name":"The Strokes","mbid":"f181961b-20f7-459e-89de-920ef03c7ed0"}},"album":{"name":"Room on Fire","mbid":"0f3cb2a7-8f63-4fd5-a331-39844400b9e4","artist":{"name":"The Strokes","mbid":"f181961b-20f7-459e-89de-920ef03c7ed0"}}},{"timestamp":{"iso":"2007-07-15T18:44:22","unixtimestamp":1184525062},"track":{"name":"Killing Lies","mbid":"92894565-4ca6-47b6-b536-257f82b7f3cf","artist":{"name":"The Strokes","mbid":"f181961b-20f7-459e-89de-920ef03c7ed0"}},"uncorrectedTrack":{"name":"Killing Lies","mbid":"92894565-4ca6-47b6-b536-257f82b7f3cf","artist":{"name":"The Strokes","mbid":"f181961b-20f7-459e-89de-920ef03c7ed0"}},"album":{"name":"First Impressions of Earth","mbid":"b16327d6-aba8-4aff-814e-468a31db1776","artist":{"name":"The Strokes","mbid":"f181961b-20f7-459e-89de-920ef03c7ed0"}}},{"timestamp":{"iso":"2007-07-15T18:47:51","unixtimestamp":1184525271},"track":{"name":"Red Light","mbid":"233c5ca0-7131-40e2-9a9b-2daac778eda1","artist":{"name":"The Strokes","mbid":"f181961b-20f7-459e-89de-920ef03c7ed0"}},"uncorrectedTrack":{"name":"Red Light","mbid":"233c5ca0-7131-40e2-9a9b-2daac778eda1","artist":{"name":"The Strokes","mbid":"f181961b-20f7-459e-89de-920ef03c7ed0"}},"album":{"name":"First Impressions of Earth","mbid":"b16327d6-aba8-4aff-814e-468a31db1776","artist":{"name":"The Strokes","mbid":"f181961b-20f7-459e-89de-920ef03c7ed0"}}},{"timestamp":{"iso":"2007-07-15T18:50:40","unixtimestamp":1184525440},"track":{"name":"12:51","mbid":"00cad42d-390b-4aea-a370-3ed0cca1c508","artist":{"name":"The Strokes","mbid":"f181961b-20f7-459e-89de-920ef03c7ed0"}},"uncorrectedTrack":{"name":"12:51","mbid":"00cad42d-390b-4aea-a370-3ed0cca1c508","artist":{"name":"The Strokes","mbid":"f181961b-20f7-459e-89de-920ef03c7ed0"}},"album":{"name":"Room on Fire","mbid":"0f3cb2a7-8f63-4fd5-a331-39844400b9e4","artist":{"name":"The Strokes","mbid":"f181961b-20f7-459e-89de-920ef03c7ed0"}}},{"timestamp":{"iso":"2007-07-15T18:53:26","unixtimestamp":1184525606},"track":{"name":"Evening Sun","mbid":"111dd63e-5d9f-40d0-9fa5-6c7577e25e01","artist":{"name":"The Strokes","mbid":"f181961b-20f7-459e-89de-920ef03c7ed0"}},"uncorrectedTrack":{"name":"Evening Sun","mbid":"111dd63e-5d9f-40d0-9fa5-6c7577e25e01","artist":{"name":"The Strokes","mbid":"f181961b-20f7-459e-89de-920ef03c7ed0"}},"album":{"name":"First Impressions of Earth","mbid":"b16327d6-aba8-4aff-814e-468a31db1776","artist":{"name":"The Strokes","mbid":"f181961b-20f7-459e-89de-920ef03c7ed0"}}},{"timestamp":{"iso":"2007-07-15T18:56:39","unixtimestamp":1184525799},"track":{"name":"Trying Your Luck","mbid":"7d1a6a7a-2d47-44df-837d-d8af2f0a70e1","artist":{"name":"The Strokes","mbid":"f181961b-20f7-459e-89de-920ef03c7ed0"}},"uncorrectedTrack":{"name":"Trying Your Luck","mbid":"7d1a6a7a-2d47-44df-837d-d8af2f0a70e1","artist":{"name":"The Strokes","mbid":"f181961b-20f7-459e-89de-920ef03c7ed0"}}},{"timestamp":{"iso":"2007-07-15T18:59:58","unixtimestamp":1184525998},"track":{"name":"Juicebox","mbid":"0ecdfb91-0382-464a-8982-1641945afa0f","artist":{"name":"The Strokes","mbid":"f181961b-20f7-459e-89de-920ef03c7ed0"}},"uncorrectedTrack":{"name":"Juicebox","mbid":"0ecdfb91-0382-464a-8982-1641945afa0f","artist":{"name":"The Strokes","mbid":"f181961b-20f7-459e-89de-920ef03c7ed0"}},"album":{"name":"First Impressions of Earth","mbid":"b16327d6-aba8-4aff-814e-468a31db1776","artist":{"name":"The Strokes","mbid":"f181961b-20f7-459e-89de-920ef03c7ed0"}}},{"timestamp":{"iso":"2007-07-15T19:02:03","unixtimestamp":1184526123},"track":{"name":"Alone, Together","mbid":"6b72c707-1329-44e5-842d-8c8fae3a2b4d","artist":{"name":"The Strokes","mbid":"f181961b-20f7-459e-89de-920ef03c7ed0"}},"uncorrectedTrack":{"name":"Alone, Together","mbid":"6b72c707-1329-44e5-842d-8c8fae3a2b4d","artist":{"name":"The Strokes","mbid":"f181961b-20f7-459e-89de-920ef03c7ed0"}}},{"timestamp":{"iso":"2007-07-15T19:05:18","unixtimestamp":1184526318},"track":{"name":"Automatic Stop","mbid":"67f3edb0-df9b-4dd1-bf96-35293ffa7b57","artist":{"name":"The Strokes","mbid":"f181961b-20f7-459e-89de-920ef03c7ed0"}},"uncorrectedTrack":{"name":"Automatic Stop","mbid":"67f3edb0-df9b-4dd1-bf96-35293ffa7b57","artist":{"name":"The Strokes","mbid":"f181961b-20f7-459e-89de-920ef03c7ed0"}},"album":{"name":"Room on Fire","mbid":"0f3cb2a7-8f63-4fd5-a331-39844400b9e4","artist":{"name":"The Strokes","mbid":"f181961b-20f7-459e-89de-920ef03c7ed0"}}},{"timestamp":{"iso":"2007-07-15T19:08:35","unixtimestamp":1184526515},"track":{"name":"Take It or Leave It","mbid":"8c358e02-2e58-4294-bdcd-e58aae755960","artist":{"name":"The Strokes","mbid":"f181961b-20f7-459e-89de-920ef03c7ed0"}},"uncorrectedTrack":{"name":"Take It or Leave It","mbid":"8c358e02-2e58-4294-bdcd-e58aae755960","artist":{"name":"The Strokes","mbid":"f181961b-20f7-459e-89de-920ef03c7ed0"}}},{"timestamp":{"iso":"2007-07-15T19:11:27","unixtimestamp":1184526687},"track":{"name":"Soma","mbid":"45f4d906-fb66-4528-8fd9-bf5c0f0e024e","artist":{"name":"The Strokes","mbid":"f181961b-20f7-459e-89de-920ef03c7ed0"}},"uncorrectedTrack":{"name":"Soma","mbid":"45f4d906-fb66-4528-8fd9-bf5c0f0e024e","artist":{"name":"The Strokes","mbid":"f181961b-20f7-459e-89de-920ef03c7ed0"}}},{"timestamp":{"iso":"2007-07-15T19:14:10","unixtimestamp":1184526850},"track":{"name":"Meet Me In The Bathroom","mbid":"38187971-abb3-42c6-ab69-592791fd4c7d","artist":{"name":"The Strokes","mbid":"f181961b-20f7-459e-89de-920ef03c7ed0"}},"uncorrectedTrack":{"name":"Meet Me In The Bathroom","mbid":"38187971-abb3-42c6-ab69-592791fd4c7d","artist":{"name":"The Strokes","mbid":"f181961b-20f7-459e-89de-920ef03c7ed0"}},"album":{"name":"Room on Fire","mbid":"0f3cb2a7-8f63-4fd5-a331-39844400b9e4","artist":{"name":"The Strokes","mbid":"f181961b-20f7-459e-89de-920ef03c7ed0"}}},{"timestamp":{"iso":"2007-07-15T19:17:34","unixtimestamp":1184527054},"track":{"name":"On the Other Side","mbid":"2f72fff0-8e8f-44dd-8218-35a4a0544f38","artist":{"name":"The Strokes","mbid":"f181961b-20f7-459e-89de-920ef03c7ed0"}},"uncorrectedTrack":{"name":"On the Other Side","mbid":"2f72fff0-8e8f-44dd-8218-35a4a0544f38","artist":{"name":"The Strokes","mbid":"f181961b-20f7-459e-89de-920ef03c7ed0"}},"album":{"name":"First Impressions of Earth","mbid":"b16327d6-aba8-4aff-814e-468a31db1776","artist":{"name":"The Strokes","mbid":"f181961b-20f7-459e-89de-920ef03c7ed0"}}},{"timestamp":{"iso":"2007-07-15T19:22:04","unixtimestamp":1184527324},"track":{"name":"Hard to Explain","mbid":"46bd3ddd-d910-4fa1-8eb5-9d6053f3794b","artist":{"name":"The Strokes","mbid":"f181961b-20f7-459e-89de-920ef03c7ed0"}},"uncorrectedTrack":{"name":"Hard to Explain","mbid":"46bd3ddd-d910-4fa1-8eb5-9d6053f3794b","artist":{"name":"The Strokes","mbid":"f181961b-20f7-459e-89de-920ef03c7ed0"}}},{"timestamp":{"iso":"2007-07-15T19:25:22","unixtimestamp":1184527522},"track":{"name":"When It Started","mbid":"21bfc993-c40f-487e-a5e2-377c61fd8699","artist":{"name":"The Strokes","mbid":"f181961b-20f7-459e-89de-920ef03c7ed0"}},"uncorrectedTrack":{"name":"When It Started","mbid":"21bfc993-c40f-487e-a5e2-377c61fd8699","artist":{"name":"The Strokes","mbid":"f181961b-20f7-459e-89de-920ef03c7ed0"}}},{"timestamp":{"iso":"2007-07-15T19:28:37","unixtimestamp":1184527717},"track":{"name":"Reptilia","artist":{"name":"The Strokes","mbid":"f181961b-20f7-459e-89de-920ef03c7ed0"}},"uncorrectedTrack":{"name":"Reptilia","artist":{"name":"The Strokes","mbid":"f181961b-20f7-459e-89de-920ef03c7ed0"}},"album":{"name":"Room on Fire","mbid":"0f3cb2a7-8f63-4fd5-a331-39844400b9e4","artist":{"name":"The Strokes","mbid":"f181961b-20f7-459e-89de-920ef03c7ed0"}}},{"timestamp":{"iso":"2007-07-15T19:32:09","unixtimestamp":1184527929},"track":{"name":"The Modern Age","mbid":"37cfd866-1a70-4b84-8070-63611c9bfccc","artist":{"name":"The Strokes","mbid":"f181961b-20f7-459e-89de-920ef03c7ed0"}},"uncorrectedTrack":{"name":"The Modern Age","mbid":"37cfd866-1a70-4b84-8070-63611c9bfccc","artist":{"name":"The Strokes","mbid":"f181961b-20f7-459e-89de-920ef03c7ed0"}}},{"timestamp":{"iso":"2007-07-15T19:35:30","unixtimestamp":1184528130},"track":{"name":"Last Nite","mbid":"3a3042ee-0083-4164-be82-77271d4a405f","artist":{"name":"The Strokes","mbid":"f181961b-20f7-459e-89de-920ef03c7ed0"}},"uncorrectedTrack":{"name":"Last Nite","mbid":"3a3042ee-0083-4164-be82-77271d4a405f","artist":{"name":"The Strokes","mbid":"f181961b-20f7-459e-89de-920ef03c7ed0"}}},{"timestamp":{"iso":"2007-07-15T19:39:04","unixtimestamp":1184528344},"track":{"name":"Fear of Sleep","mbid":"3cf032f9-9a80-420d-a23e-f4b30321a81d","artist":{"name":"The Strokes","mbid":"f181961b-20f7-459e-89de-920ef03c7ed0"}},"uncorrectedTrack":{"name":"Fear of Sleep","mbid":"3cf032f9-9a80-420d-a23e-f4b30321a81d","artist":{"name":"The Strokes","mbid":"f181961b-20f7-459e-89de-920ef03c7ed0"}},"album":{"name":"First Impressions of Earth","mbid":"b16327d6-aba8-4aff-814e-468a31db1776","artist":{"name":"The Strokes","mbid":"f181961b-20f7-459e-89de-920ef03c7ed0"}}},{"timestamp":{"iso":"2007-07-15T19:42:36","unixtimestamp":1184528556},"track":{"name":"Under Control","mbid":"055fa617-d212-4a46-a421-cedd557e4eb6","artist":{"name":"The Strokes","mbid":"f181961b-20f7-459e-89de-920ef03c7ed0"}},"uncorrectedTrack":{"name":"Under Control","mbid":"055fa617-d212-4a46-a421-cedd557e4eb6","artist":{"name":"The Strokes","mbid":"f181961b-20f7-459e-89de-920ef03c7ed0"}},"album":{"name":"Room on Fire","mbid":"0f3cb2a7-8f63-4fd5-a331-39844400b9e4","artist":{"name":"The Strokes","mbid":"f181961b-20f7-459e-89de-920ef03c7ed0"}}},{"timestamp":{"iso":"2007-07-15T19:45:43","unixtimestamp":1184528743},"track":{"name":"Between Love \u0026 Hate","mbid":"b1f13985-c8db-44bd-ab02-3c2567a9fe3d","artist":{"name":"The Strokes","mbid":"f181961b-20f7-459e-89de-920ef03c7ed0"}},"uncorrectedTrack":{"name":"Between Love \u0026 Hate","mbid":"b1f13985-c8db-44bd-ab02-3c2567a9fe3d","artist":{"name":"The Strokes","mbid":"f181961b-20f7-459e-89de-920ef03c7ed0"}},"album":{"name":"Room on Fire","mbid":"0f3cb2a7-8f63-4fd5-a331-39844400b9e4","artist":{"name":"The Strokes","mbid":"f181961b-20f7-459e-89de-920ef03c7ed0"}}},{"timestamp":{"iso":"2007-07-15T19:48:33","unixtimestamp":1184528913},"track":{"name":"I Can\u0027t Win","mbid":"efb52aa1-8c66-4dcb-b61a-2ad1c8564984","artist":{"name":"The Strokes","mbid":"f181961b-20f7-459e-89de-920ef03c7ed0"}},"uncorrectedTrack":{"name":"I Can\u0027t Win","mbid":"efb52aa1-8c66-4dcb-b61a-2ad1c8564984","artist":{"name":"The Strokes","mbid":"f181961b-20f7-459e-89de-920ef03c7ed0"}},"album":{"name":"Room on Fire","mbid":"0f3cb2a7-8f63-4fd5-a331-39844400b9e4","artist":{"name":"The Strokes","mbid":"f181961b-20f7-459e-89de-920ef03c7ed0"}}},{"timestamp":{"iso":"2007-07-15T19:53:35","unixtimestamp":1184529215},"track":{"name":"Barely Legal","mbid":"598c0b2c-09d0-437b-a796-a5ff51567822","artist":{"name":"The Strokes","mbid":"f181961b-20f7-459e-89de-920ef03c7ed0"}},"uncorrectedTrack":{"name":"Barely Legal","mbid":"598c0b2c-09d0-437b-a796-a5ff51567822","artist":{"name":"The Strokes","mbid":"f181961b-20f7-459e-89de-920ef03c7ed0"}}},{"timestamp":{"iso":"2007-07-15T19:57:03","unixtimestamp":1184529423},"track":{"name":"You Only Live Once","mbid":"fd1a3ea9-8917-4daa-b06c-41e2d86d4fb4","artist":{"name":"The Strokes","mbid":"f181961b-20f7-459e-89de-920ef03c7ed0"}},"uncorrectedTrack":{"name":"You Only Live Once","mbid":"fd1a3ea9-8917-4daa-b06c-41e2d86d4fb4","artist":{"name":"The Strokes","mbid":"f181961b-20f7-459e-89de-920ef03c7ed0"}},"album":{"name":"First Impressions of Earth","mbid":"b16327d6-aba8-4aff-814e-468a31db1776","artist":{"name":"The Strokes","mbid":"f181961b-20f7-459e-89de-920ef03c7ed0"}}},{"timestamp":{"iso":"2007-07-15T20:00:19","unixtimestamp":1184529619},"track":{"name":"Electricityscape","mbid":"0ccdd189-4390-40c6-bd6b-258a4e91107c","artist":{"name":"The Strokes","mbid":"f181961b-20f7-459e-89de-920ef03c7ed0"}},"uncorrectedTrack":{"name":"Electricityscape","mbid":"0ccdd189-4390-40c6-bd6b-258a4e91107c","artist":{"name":"The Strokes","mbid":"f181961b-20f7-459e-89de-920ef03c7ed0"}},"album":{"name":"First Impressions of Earth","mbid":"b16327d6-aba8-4aff-814e-468a31db1776","artist":{"name":"The Strokes","mbid":"f181961b-20f7-459e-89de-920ef03c7ed0"}}},{"timestamp":{"iso":"2007-07-15T20:03:48","unixtimestamp":1184529828},"track":{"name":"Razorblade","mbid":"464f4a7c-7d5b-463f-aff7-9612e80e7bb0","artist":{"name":"The Strokes","mbid":"f181961b-20f7-459e-89de-920ef03c7ed0"}},"uncorrectedTrack":{"name":"Razorblade","mbid":"464f4a7c-7d5b-463f-aff7-9612e80e7bb0","artist":{"name":"The Strokes","mbid":"f181961b-20f7-459e-89de-920ef03c7ed0"}},"album":{"name":"First Impressions of Earth","mbid":"b16327d6-aba8-4aff-814e-468a31db1776","artist":{"name":"The Strokes","mbid":"f181961b-20f7-459e-89de-920ef03c7ed0"}}},{"timestamp":{"iso":"2007-07-15T20:07:03","unixtimestamp":1184530023},"track":{"name":"The End Has No End","mbid":"1fcb9915-3617-4609-b569-c8ff3edf681a","artist":{"name":"The Strokes","mbid":"f181961b-20f7-459e-89de-920ef03c7ed0"}},"uncorrectedTrack":{"name":"The End Has No End","mbid":"1fcb9915-3617-4609-b569-c8ff3edf681a","artist":{"name":"The Strokes","mbid":"f181961b-20f7-459e-89de-920ef03c7ed0"}},"album":{"name":"Room on Fire","mbid":"0f3cb2a7-8f63-4fd5-a331-39844400b9e4","artist":{"name":"The Strokes","mbid":"f181961b-20f7-459e-89de-920ef03c7ed0"}}},{"timestamp":{"iso":"2007-07-15T20:09:59","unixtimestamp":1184530199},"track":{"name":"What Ever Happened?","mbid":"f0597f71-44c4-4023-9e96-eff0066a96c1","artist":{"name":"The Strokes","mbid":"f181961b-20f7-459e-89de-920ef03c7ed0"}},"uncorrectedTrack":{"name":"What Ever Happened?","mbid":"f0597f71-44c4-4023-9e96-eff0066a96c1","artist":{"name":"The Strokes","mbid":"f181961b-20f7-459e-89de-920ef03c7ed0"}},"album":{"name":"Room on Fire","mbid":"0f3cb2a7-8f63-4fd5-a331-39844400b9e4","artist":{"name":"The Strokes","mbid":"f181961b-20f7-459e-89de-920ef03c7ed0"}}},{"timestamp":{"iso":"2007-07-15T20:12:54","unixtimestamp":1184530374},"track":{"name":"You Talk Way Too Much","mbid":"e9d490f9-e5d2-403e-97e8-1e971582a214","artist":{"name":"The Strokes","mbid":"f181961b-20f7-459e-89de-920ef03c7ed0"}},"uncorrectedTrack":{"name":"You Talk Way Too Much","mbid":"e9d490f9-e5d2-403e-97e8-1e971582a214","artist":{"name":"The Strokes","mbid":"f181961b-20f7-459e-89de-920ef03c7ed0"}},"album":{"name":"Room on Fire","mbid":"0f3cb2a7-8f63-4fd5-a331-39844400b9e4","artist":{"name":"The Strokes","mbid":"f181961b-20f7-459e-89de-920ef03c7ed0"}}},{"timestamp":{"iso":"2007-07-16T06:52:02","unixtimestamp":1184568722},"track":{"name":"Nth Degree","mbid":"41ce4147-ddc4-44a9-aa10-c299f5b383db","artist":{"name":"Morningwood","mbid":"59745a87-e2d6-4892-9847-5c07b2708d6b"}},"uncorrectedTrack":{"name":"Nth Degree","mbid":"41ce4147-ddc4-44a9-aa10-c299f5b383db","artist":{"name":"Morningwood","mbid":"59745a87-e2d6-4892-9847-5c07b2708d6b"}}},{"timestamp":{"iso":"2007-07-17T07:21:25","unixtimestamp":1184656885},"track":{"name":"A Tree In The Dark","mbid":"212db717-183e-4d6e-9876-a5b484e53a44","artist":{"name":"平沢進","mbid":"31e7b30b-f960-408f-908b-c8e277308eab"}},"uncorrectedTrack":{"name":"A Tree In The Dark","mbid":"212db717-183e-4d6e-9876-a5b484e53a44","artist":{"name":"平沢進","mbid":"31e7b30b-f960-408f-908b-c8e277308eab"}}},{"timestamp":{"iso":"2007-07-17T07:25:40","unixtimestamp":1184657140},"track":{"name":"Mediational Field","mbid":"7c8d540a-9b51-408f-8466-3ea43bf6d913","artist":{"name":"平沢進","mbid":"31e7b30b-f960-408f-908b-c8e277308eab"}},"uncorrectedTrack":{"name":"Mediational Field","mbid":"7c8d540a-9b51-408f-8466-3ea43bf6d913","artist":{"name":"平沢進","mbid":"31e7b30b-f960-408f-908b-c8e277308eab"}}},{"timestamp":{"iso":"2007-07-17T07:33:13","unixtimestamp":1184657593},"track":{"name":"A Blind Spot In A Corridor","artist":{"name":"平沢進","mbid":"31e7b30b-f960-408f-908b-c8e277308eab"}},"uncorrectedTrack":{"name":"A Blind Spot In A Corridor","artist":{"name":"平沢進","mbid":"31e7b30b-f960-408f-908b-c8e277308eab"}}},{"timestamp":{"iso":"2007-07-22T06:07:54","unixtimestamp":1185084474},"track":{"name":"High Hopes","mbid":"dba0daeb-a92b-4792-ba4e-22e11a5878c6","artist":{"name":"Pink Floyd","mbid":"83d91898-7763-47d7-b03b-b92132375c47"}},"uncorrectedTrack":{"name":"High Hopes","mbid":"dba0daeb-a92b-4792-ba4e-22e11a5878c6","artist":{"name":"Pink Floyd","mbid":"83d91898-7763-47d7-b03b-b92132375c47"}}},{"timestamp":{"iso":"2007-07-22T07:49:13","unixtimestamp":1185090553},"track":{"name":"Venus","mbid":"7a6ecb77-e469-4db6-ae38-0de3a102e189","artist":{"name":"Air","mbid":"018dcc90-b1a2-400a-a96e-64b6a101f009"}},"uncorrectedTrack":{"name":"Venus","mbid":"7a6ecb77-e469-4db6-ae38-0de3a102e189","artist":{"name":"Air","mbid":"018dcc90-b1a2-400a-a96e-64b6a101f009"}},"album":{"name":"Talkie Walkie","mbid":"25d4d542-bbb8-4f8d-8572-692c6ceab44d","artist":{"name":"Air","mbid":"018dcc90-b1a2-400a-a96e-64b6a101f009"}}},{"timestamp":{"iso":"2007-07-22T07:53:13","unixtimestamp":1185090793},"track":{"name":"Alone in Kyoto","mbid":"4044ad32-2ac5-4f95-afee-4379656b64f8","artist":{"name":"Air","mbid":"018dcc90-b1a2-400a-a96e-64b6a101f009"}},"uncorrectedTrack":{"name":"Alone in Kyoto","mbid":"4044ad32-2ac5-4f95-afee-4379656b64f8","artist":{"name":"Air","mbid":"018dcc90-b1a2-400a-a96e-64b6a101f009"}},"album":{"name":"Talkie Walkie","mbid":"25d4d542-bbb8-4f8d-8572-692c6ceab44d","artist":{"name":"Air","mbid":"018dcc90-b1a2-400a-a96e-64b6a101f009"}}},{"timestamp":{"iso":"2007-07-22T07:57:49","unixtimestamp":1185091069},"track":{"name":"Cherry Blossom Girl","mbid":"1b677a13-8a58-44ac-ad66-370133e208f2","artist":{"name":"Air","mbid":"018dcc90-b1a2-400a-a96e-64b6a101f009"}},"uncorrectedTrack":{"name":"Cherry Blossom Girl","mbid":"1b677a13-8a58-44ac-ad66-370133e208f2","artist":{"name":"Air","mbid":"018dcc90-b1a2-400a-a96e-64b6a101f009"}},"album":{"name":"Talkie Walkie","mbid":"25d4d542-bbb8-4f8d-8572-692c6ceab44d","artist":{"name":"Air","mbid":"018dcc90-b1a2-400a-a96e-64b6a101f009"}}},{"timestamp":{"iso":"2007-07-22T08:01:34","unixtimestamp":1185091294},"track":{"name":"Run","mbid":"4ddedb77-8df3-495a-8c38-ad5eb0faa261","artist":{"name":"Air","mbid":"018dcc90-b1a2-400a-a96e-64b6a101f009"}},"uncorrectedTrack":{"name":"Run","mbid":"4ddedb77-8df3-495a-8c38-ad5eb0faa261","artist":{"name":"Air","mbid":"018dcc90-b1a2-400a-a96e-64b6a101f009"}},"album":{"name":"Talkie Walkie","mbid":"25d4d542-bbb8-4f8d-8572-692c6ceab44d","artist":{"name":"Air","mbid":"018dcc90-b1a2-400a-a96e-64b6a101f009"}}},{"timestamp":{"iso":"2007-07-22T08:05:42","unixtimestamp":1185091542},"track":{"name":"Biological","mbid":"ab04e7f8-f3ef-40a9-9bc3-03c8a202deab","artist":{"name":"Air","mbid":"018dcc90-b1a2-400a-a96e-64b6a101f009"}},"uncorrectedTrack":{"name":"Biological","mbid":"ab04e7f8-f3ef-40a9-9bc3-03c8a202deab","artist":{"name":"Air","mbid":"018dcc90-b1a2-400a-a96e-64b6a101f009"}},"album":{"name":"Talkie Walkie","mbid":"25d4d542-bbb8-4f8d-8572-692c6ceab44d","artist":{"name":"Air","mbid":"018dcc90-b1a2-400a-a96e-64b6a101f009"}}},{"timestamp":{"iso":"2007-07-22T08:11:42","unixtimestamp":1185091902},"track":{"name":"Alpha Beta Gaga","mbid":"157a7dab-980c-46d9-bd2c-7190594174e3","artist":{"name":"Air","mbid":"018dcc90-b1a2-400a-a96e-64b6a101f009"}},"uncorrectedTrack":{"name":"Alpha Beta Gaga","mbid":"157a7dab-980c-46d9-bd2c-7190594174e3","artist":{"name":"Air","mbid":"018dcc90-b1a2-400a-a96e-64b6a101f009"}},"album":{"name":"Talkie Walkie","mbid":"25d4d542-bbb8-4f8d-8572-692c6ceab44d","artist":{"name":"Air","mbid":"018dcc90-b1a2-400a-a96e-64b6a101f009"}}},{"timestamp":{"iso":"2007-07-22T08:16:09","unixtimestamp":1185092169},"track":{"name":"Surfing on a Rocket","mbid":"bbaa912e-6036-41e7-92a2-22c620fc6175","artist":{"name":"Air","mbid":"018dcc90-b1a2-400a-a96e-64b6a101f009"}},"uncorrectedTrack":{"name":"Surfing on a Rocket","mbid":"bbaa912e-6036-41e7-92a2-22c620fc6175","artist":{"name":"Air","mbid":"018dcc90-b1a2-400a-a96e-64b6a101f009"}},"album":{"name":"Talkie Walkie","mbid":"25d4d542-bbb8-4f8d-8572-692c6ceab44d","artist":{"name":"Air","mbid":"018dcc90-b1a2-400a-a96e-64b6a101f009"}}},{"timestamp":{"iso":"2007-07-22T08:19:56","unixtimestamp":1185092396},"track":{"name":"Mike Mills","mbid":"144d36b0-4cfd-4663-a6ad-9934abcacfc5","artist":{"name":"Air","mbid":"018dcc90-b1a2-400a-a96e-64b6a101f009"}},"uncorrectedTrack":{"name":"Mike Mills","mbid":"144d36b0-4cfd-4663-a6ad-9934abcacfc5","artist":{"name":"Air","mbid":"018dcc90-b1a2-400a-a96e-64b6a101f009"}},"album":{"name":"Talkie Walkie","mbid":"25d4d542-bbb8-4f8d-8572-692c6ceab44d","artist":{"name":"Air","mbid":"018dcc90-b1a2-400a-a96e-64b6a101f009"}}},{"timestamp":{"iso":"2007-07-22T08:24:18","unixtimestamp":1185092658},"track":{"name":"Universal Traveler","mbid":"2a4090df-cd3d-458e-884f-400e84004602","artist":{"name":"Air","mbid":"018dcc90-b1a2-400a-a96e-64b6a101f009"}},"uncorrectedTrack":{"name":"Universal Traveler","mbid":"2a4090df-cd3d-458e-884f-400e84004602","artist":{"name":"Air","mbid":"018dcc90-b1a2-400a-a96e-64b6a101f009"}},"album":{"name":"Talkie Walkie","mbid":"25d4d542-bbb8-4f8d-8572-692c6ceab44d","artist":{"name":"Air","mbid":"018dcc90-b1a2-400a-a96e-64b6a101f009"}}},{"timestamp":{"iso":"2007-07-22T08:28:16","unixtimestamp":1185092896},"track":{"name":"Another Day","mbid":"2e48b45e-0459-4e5d-859e-37dc94a8da2d","artist":{"name":"Air","mbid":"018dcc90-b1a2-400a-a96e-64b6a101f009"}},"uncorrectedTrack":{"name":"Another Day","mbid":"2e48b45e-0459-4e5d-859e-37dc94a8da2d","artist":{"name":"Air","mbid":"018dcc90-b1a2-400a-a96e-64b6a101f009"}},"album":{"name":"Talkie Walkie","mbid":"25d4d542-bbb8-4f8d-8572-692c6ceab44d","artist":{"name":"Air","mbid":"018dcc90-b1a2-400a-a96e-64b6a101f009"}}},{"timestamp":{"iso":"2007-07-24T07:12:53","unixtimestamp":1185261173},"track":{"name":"Mediational Field","mbid":"7c8d540a-9b51-408f-8466-3ea43bf6d913","artist":{"name":"平沢進","mbid":"31e7b30b-f960-408f-908b-c8e277308eab"}},"uncorrectedTrack":{"name":"Mediational Field","mbid":"7c8d540a-9b51-408f-8466-3ea43bf6d913","artist":{"name":"平沢進","mbid":"31e7b30b-f960-408f-908b-c8e277308eab"}}},{"timestamp":{"iso":"2007-07-24T07:16:44","unixtimestamp":1185261404},"track":{"name":"A Blind Spot In A Corridor","artist":{"name":"平沢進","mbid":"31e7b30b-f960-408f-908b-c8e277308eab"}},"uncorrectedTrack":{"name":"A Blind Spot In A Corridor","artist":{"name":"平沢進","mbid":"31e7b30b-f960-408f-908b-c8e277308eab"}}},{"timestamp":{"iso":"2007-07-24T07:17:27","unixtimestamp":1185261447},"track":{"name":"Welcome To The Circus","mbid":"333cf8da-b0a6-4d2b-bfbe-ecd475909890","artist":{"name":"平沢進","mbid":"31e7b30b-f960-408f-908b-c8e277308eab"}},"uncorrectedTrack":{"name":"Welcome To The Circus","mbid":"333cf8da-b0a6-4d2b-bfbe-ecd475909890","artist":{"name":"平沢進","mbid":"31e7b30b-f960-408f-908b-c8e277308eab"}}},{"timestamp":{"iso":"2007-07-24T07:18:34","unixtimestamp":1185261514},"track":{"name":"A Tree In The Dark","mbid":"212db717-183e-4d6e-9876-a5b484e53a44","artist":{"name":"平沢進","mbid":"31e7b30b-f960-408f-908b-c8e277308eab"}},"uncorrectedTrack":{"name":"A Tree In The Dark","mbid":"212db717-183e-4d6e-9876-a5b484e53a44","artist":{"name":"平沢進","mbid":"31e7b30b-f960-408f-908b-c8e277308eab"}}},{"timestamp":{"iso":"2007-07-24T07:20:48","unixtimestamp":1185261648},"track":{"name":"Escapee","mbid":"218f97e8-3dbd-4196-b0b5-e4816fe594f8","artist":{"name":"平沢進","mbid":"31e7b30b-f960-408f-908b-c8e277308eab"}},"uncorrectedTrack":{"name":"Escapee","mbid":"218f97e8-3dbd-4196-b0b5-e4816fe594f8","artist":{"name":"平沢進","mbid":"31e7b30b-f960-408f-908b-c8e277308eab"}}},{"timestamp":{"iso":"2007-07-24T07:22:37","unixtimestamp":1185261757},"track":{"name":"Lounge","mbid":"0fb432c9-36bd-4d4c-8b59-1b46dc0068ff","artist":{"name":"平沢進","mbid":"31e7b30b-f960-408f-908b-c8e277308eab"}},"uncorrectedTrack":{"name":"Lounge","mbid":"0fb432c9-36bd-4d4c-8b59-1b46dc0068ff","artist":{"name":"平沢進","mbid":"31e7b30b-f960-408f-908b-c8e277308eab"}}},{"timestamp":{"iso":"2007-07-24T07:26:28","unixtimestamp":1185261988},"track":{"name":"A Drop Filled With Memories","mbid":"a347a047-429a-4501-a314-b22166383ca2","artist":{"name":"平沢進","mbid":"31e7b30b-f960-408f-908b-c8e277308eab"}},"uncorrectedTrack":{"name":"A Drop Filled With Memories","mbid":"a347a047-429a-4501-a314-b22166383ca2","artist":{"name":"平沢進","mbid":"31e7b30b-f960-408f-908b-c8e277308eab"}}},{"timestamp":{"iso":"2007-07-24T07:30:47","unixtimestamp":1185262247},"track":{"name":"Prediction","mbid":"ccb5014b-9409-4bf8-874e-7f594e7bf33b","artist":{"name":"平沢進","mbid":"31e7b30b-f960-408f-908b-c8e277308eab"}},"uncorrectedTrack":{"name":"Prediction","mbid":"ccb5014b-9409-4bf8-874e-7f594e7bf33b","artist":{"name":"平沢進","mbid":"31e7b30b-f960-408f-908b-c8e277308eab"}}},{"timestamp":{"iso":"2007-07-24T07:33:19","unixtimestamp":1185262399},"track":{"name":"Parade (Instrumental)","mbid":"692c9c51-1432-4e59-9e63-1ebc74c63a0a","artist":{"name":"平沢進","mbid":"31e7b30b-f960-408f-908b-c8e277308eab"}},"uncorrectedTrack":{"name":"Parade (Instrumental)","mbid":"692c9c51-1432-4e59-9e63-1ebc74c63a0a","artist":{"name":"平沢進","mbid":"31e7b30b-f960-408f-908b-c8e277308eab"}}},{"timestamp":{"iso":"2007-07-24T07:36:15","unixtimestamp":1185262575},"track":{"name":"The Girl In Byakkoya - White Tiger Field","artist":{"name":"平沢進","mbid":"31e7b30b-f960-408f-908b-c8e277308eab"}},"uncorrectedTrack":{"name":"The Girl In Byakkoya - White Tiger Field","artist":{"name":"平沢進","mbid":"31e7b30b-f960-408f-908b-c8e277308eab"}}},{"timestamp":{"iso":"2007-07-24T07:40:59","unixtimestamp":1185262859},"track":{"name":"月光","mbid":"85499aee-1313-40b6-a687-6dba7e7488a5","artist":{"name":"鬼束ちひろ","mbid":"e7dc32a7-4bdf-428e-bcd5-b2c3c1ccf0a1"}},"uncorrectedTrack":{"name":"月光","mbid":"85499aee-1313-40b6-a687-6dba7e7488a5","artist":{"name":"鬼束ちひろ","mbid":"e7dc32a7-4bdf-428e-bcd5-b2c3c1ccf0a1"}},"album":{"name":"月光","mbid":"a8127e8c-e15f-4717-8086-fba2d217b71d","artist":{"name":"鬼束ちひろ","mbid":"e7dc32a7-4bdf-428e-bcd5-b2c3c1ccf0a1"}}},{"timestamp":{"iso":"2007-07-24T07:46:06","unixtimestamp":1185263166},"track":{"name":"Arrow of Pain","mbid":"89cb90bd-58a2-44e4-bfe3-63616fc33012","artist":{"name":"鬼束ちひろ","mbid":"e7dc32a7-4bdf-428e-bcd5-b2c3c1ccf0a1"}},"uncorrectedTrack":{"name":"Arrow of Pain","mbid":"89cb90bd-58a2-44e4-bfe3-63616fc33012","artist":{"name":"鬼束ちひろ","mbid":"e7dc32a7-4bdf-428e-bcd5-b2c3c1ccf0a1"}},"album":{"name":"月光","mbid":"a8127e8c-e15f-4717-8086-fba2d217b71d","artist":{"name":"鬼束ちひろ","mbid":"e7dc32a7-4bdf-428e-bcd5-b2c3c1ccf0a1"}}},{"timestamp":{"iso":"2007-07-24T07:51:20","unixtimestamp":1185263480},"track":{"name":"月光 (Inst.)","artist":{"name":"鬼束ちひろ","mbid":"e7dc32a7-4bdf-428e-bcd5-b2c3c1ccf0a1"}},"uncorrectedTrack":{"name":"月光 (Inst.)","artist":{"name":"鬼束ちひろ","mbid":"e7dc32a7-4bdf-428e-bcd5-b2c3c1ccf0a1"}},"album":{"name":"月光","mbid":"a8127e8c-e15f-4717-8086-fba2d217b71d","artist":{"name":"鬼束ちひろ","mbid":"e7dc32a7-4bdf-428e-bcd5-b2c3c1ccf0a1"}}}]