[{"timestamp":{"iso":"2011-08-02T19:56:23","unixtimestamp":1312314983},"track":{"name":"The High Road","mbid":"e0adfd20-9ef5-4772-86d3-66977673cbff","artist":{"name":"Broken Bells","mbid":"62d364d2-550b-420e-b918-b3bd1e4a2efc"}},"uncorrectedTrack":{"name":"The High Road","mbid":"e0adfd20-9ef5-4772-86d3-66977673cbff","artist":{"name":"Broken Bells","mbid":"62d364d2-550b-420e-b918-b3bd1e4a2efc"}},"album":{"name":"Broken Bells","mbid":"e8f8ead8-7abb-42f2-8974-19c6b16cf4bf","artist":{"name":"Broken Bells","mbid":"62d364d2-550b-420e-b918-b3bd1e4a2efc"}}},{"timestamp":{"iso":"2011-08-02T20:00:17","unixtimestamp":1312315217},"track":{"name":"Toothpaste Kisses","mbid":"04e4d4c9-fe4d-4e12-9965-5753fbbafa70","artist":{"name":"The Maccabees","mbid":"83b86967-6b1a-4ca8-9cf0-c7cfe047ef3f"}},"uncorrectedTrack":{"name":"Toothpaste Kisses","artist":{"name":"Maccabees, The"}},"album":{"name":"Colour It In [Special Edition]","artist":{"name":"Maccabees, The"}}},{"timestamp":{"iso":"2011-08-02T20:03:02","unixtimestamp":1312315382},"track":{"name":"The World","mbid":"3b9964f1-5077-4f74-9107-a57cc67169fb","artist":{"name":"Empire of the Sun","mbid":"ac7e838c-3d95-47c2-92a9-81767ad7c217"}},"uncorrectedTrack":{"name":"The World","mbid":"3b9964f1-5077-4f74-9107-a57cc67169fb","artist":{"name":"Empire of the Sun","mbid":"ac7e838c-3d95-47c2-92a9-81767ad7c217"}},"album":{"name":"Walking on a Dream","mbid":"216c1d78-ebde-4844-a647-8a670ba46571","artist":{"name":"Empire of the Sun","mbid":"ac7e838c-3d95-47c2-92a9-81767ad7c217"}}},{"timestamp":{"iso":"2011-08-14T07:46:46","unixtimestamp":1313308006},"track":{"name":"La femme d\u0027argent","artist":{"name":"Air","mbid":"018dcc90-b1a2-400a-a96e-64b6a101f009"}},"uncorrectedTrack":{"name":"La femme d\u0027argent","artist":{"name":"Air","mbid":"018dcc90-b1a2-400a-a96e-64b6a101f009"}},"album":{"name":"Moon Safari","mbid":"66c2ceb8-d369-4d8c-b702-490838855977","artist":{"name":"Air","mbid":"018dcc90-b1a2-400a-a96e-64b6a101f009"}}},{"timestamp":{"iso":"2011-08-14T07:53:58","unixtimestamp":1313308438},"track":{"name":"Clouds of Air","mbid":"9e0c71f0-50e8-4df0-92f2-b886cae7bb70","artist":{"name":"Peter Kater","mbid":"c290c018-02c4-445f-bfca-cac9186c79d0"}},"uncorrectedTrack":{"name":"Clouds Of Air","artist":{"name":"Kater Peter"}},"album":{"name":"Soul Nature","artist":{"name":"Kater Peter"}}},{"timestamp":{"iso":"2011-08-14T07:57:15","unixtimestamp":1313308635},"track":{"name":"Kelly Watch the Stars","mbid":"b6caa50a-01c5-4bb2-9db3-a66bc1305293","artist":{"name":"Air","mbid":"018dcc90-b1a2-400a-a96e-64b6a101f009"}},"uncorrectedTrack":{"name":"Kelly Watch the Stars","mbid":"b6caa50a-01c5-4bb2-9db3-a66bc1305293","artist":{"name":"Air","mbid":"018dcc90-b1a2-400a-a96e-64b6a101f009"}},"album":{"name":"Moon Safari","mbid":"66c2ceb8-d369-4d8c-b702-490838855977","artist":{"name":"Air","mbid":"018dcc90-b1a2-400a-a96e-64b6a101f009"}}},{"timestamp":{"iso":"2011-08-14T08:01:01","unixtimestamp":1313308861},"track":{"name":"New Star in the Sky (Chanson pour Solal)","artist":{"name":"Air","mbid":"018dcc90-b1a2-400a-a96e-64b6a101f009"}},"uncorrectedTrack":{"name":"New Star in the Sky","mbid":"4a502487-7e4a-4ea4-88a4-3d8fbf359432","artist":{"name":"Air","mbid":"018dcc90-b1a2-400a-a96e-64b6a101f009"}},"album":{"name":"Moon Safari","mbid":"66c2ceb8-d369-4d8c-b702-490838855977","artist":{"name":"Air","mbid":"018dcc90-b1a2-400a-a96e-64b6a101f009"}}},{"timestamp":{"iso":"2011-08-14T08:06:41","unixtimestamp":1313309201},"track":{"name":"Sing Sang Sung","mbid":"0944df79-6b0c-4fb3-b8e7-990d06f7709d","artist":{"name":"Air","mbid":"018dcc90-b1a2-400a-a96e-64b6a101f009"}},"uncorrectedTrack":{"name":"Sing Sang Sung","mbid":"0944df79-6b0c-4fb3-b8e7-990d06f7709d","artist":{"name":"Air","mbid":"018dcc90-b1a2-400a-a96e-64b6a101f009"}},"album":{"name":"Love 2","mbid":"476fe9ed-0df9-33b3-9de4-bf55666f1df9","artist":{"name":"Air","mbid":"018dcc90-b1a2-400a-a96e-64b6a101f009"}}},{"timestamp":{"iso":"2011-08-14T08:09:49","unixtimestamp":1313309389},"track":{"name":"Recycled Air","mbid":"17b836fe-05d2-4c0d-9312-878050d84f15","artist":{"name":"The Postal Service","mbid":"299278d3-25dd-4f30-bae4-5b571c28034d"}},"uncorrectedTrack":{"name":"Recycled Air","artist":{"name":"Postal Service"}},"album":{"name":"Give Up","artist":{"name":"Postal Service"}}},{"timestamp":{"iso":"2011-08-14T08:14:19","unixtimestamp":1313309659},"track":{"name":"Atlas Air","mbid":"1979c223-cb46-4908-bcac-5e9d20cbe83e","artist":{"name":"Massive Attack","mbid":"10adbe5e-a2c0-4bf3-8249-2b4cbf6e6ca8"}},"uncorrectedTrack":{"name":"Atlas Air","mbid":"1979c223-cb46-4908-bcac-5e9d20cbe83e","artist":{"name":"Massive Attack","mbid":"10adbe5e-a2c0-4bf3-8249-2b4cbf6e6ca8"}},"album":{"name":"Heligoland","mbid":"5042d45d-6a48-4546-bdf5-26f01caa3a43","artist":{"name":"Massive Attack","mbid":"10adbe5e-a2c0-4bf3-8249-2b4cbf6e6ca8"}}},{"timestamp":{"iso":"2011-08-14T08:21:59","unixtimestamp":1313310119},"track":{"name":"Diamond Solitaire","mbid":"855b5b4d-fe40-45e7-b107-f506cfa3b840","artist":{"name":"The Maccabees","mbid":"83b86967-6b1a-4ca8-9cf0-c7cfe047ef3f"}},"uncorrectedTrack":{"name":"Diamond Solitaire","artist":{"name":"Maccabees, The"}},"album":{"name":"Colour It In [Special Edition]","artist":{"name":"Maccabees, The"}}},{"timestamp":{"iso":"2011-08-14T08:22:46","unixtimestamp":1313310166},"track":{"name":"Biological","mbid":"ab04e7f8-f3ef-40a9-9bc3-03c8a202deab","artist":{"name":"Air","mbid":"018dcc90-b1a2-400a-a96e-64b6a101f009"}},"uncorrectedTrack":{"name":"Biological","mbid":"ab04e7f8-f3ef-40a9-9bc3-03c8a202deab","artist":{"name":"Air","mbid":"018dcc90-b1a2-400a-a96e-64b6a101f009"}},"album":{"name":"Talkie Walkie","mbid":"25d4d542-bbb8-4f8d-8572-692c6ceab44d","artist":{"name":"Air","mbid":"018dcc90-b1a2-400a-a96e-64b6a101f009"}}},{"timestamp":{"iso":"2011-08-14T08:28:51","unixtimestamp":1313310531},"track":{"name":"Line of Best Fit","mbid":"1652758a-e3bf-478c-bae4-f10114e7b2fe","artist":{"name":"Death Cab for Cutie","mbid":"0039c7ae-e1a7-4a7d-9b49-0cbc716821a6"}},"uncorrectedTrack":{"name":"Line of Best Fit","mbid":"1652758a-e3bf-478c-bae4-f10114e7b2fe","artist":{"name":"Death Cab for Cutie","mbid":"0039c7ae-e1a7-4a7d-9b49-0cbc716821a6"}},"album":{"name":"Something About Airplanes","mbid":"77c9dc8c-dcc4-4db9-ad50-b5def37d58b5","artist":{"name":"Death Cab for Cutie","mbid":"0039c7ae-e1a7-4a7d-9b49-0cbc716821a6"}}},{"timestamp":{"iso":"2011-08-20T21:22:41","unixtimestamp":1313875361},"track":{"name":"Old Old Fashioned","mbid":"01ca008a-cd78-4474-bb78-febc7e3a20f9","artist":{"name":"Frightened Rabbit","mbid":"dc21d171-7204-4759-9fd0-77d031aeb40c"}},"uncorrectedTrack":{"name":"Old Old Fashioned","mbid":"01ca008a-cd78-4474-bb78-febc7e3a20f9","artist":{"name":"Frightened Rabbit","mbid":"dc21d171-7204-4759-9fd0-77d031aeb40c"}},"album":{"name":"The Midnight Organ Fight","mbid":"c3df7206-f769-49bb-9f57-2f6110c65621","artist":{"name":"Frightened Rabbit","mbid":"dc21d171-7204-4759-9fd0-77d031aeb40c"}}},{"timestamp":{"iso":"2011-08-20T21:27:30","unixtimestamp":1313875650},"track":{"name":"Trailer Trash","mbid":"01f334f2-a3f2-4efe-8645-be55375ee7b8","artist":{"name":"Modest Mouse","mbid":"a96ac800-bfcb-412a-8a63-0a98df600700"}},"uncorrectedTrack":{"name":"Trailer Trash","mbid":"01f334f2-a3f2-4efe-8645-be55375ee7b8","artist":{"name":"Modest Mouse","mbid":"a96ac800-bfcb-412a-8a63-0a98df600700"}},"album":{"name":"The Lonesome Crowded West","mbid":"2a6d8f7c-8cca-4fb1-9f8c-0de137837f0f","artist":{"name":"Modest Mouse","mbid":"a96ac800-bfcb-412a-8a63-0a98df600700"}}},{"timestamp":{"iso":"2011-08-20T21:33:21","unixtimestamp":1313876001},"track":{"name":"Morning Song","mbid":"38843eb8-1115-49c6-b0a4-1579b5df2aef","artist":{"name":"Le Loup","mbid":"4d846168-a981-42f7-838f-fb80e4f5be7a"}},"uncorrectedTrack":{"name":"Morning Song","mbid":"38843eb8-1115-49c6-b0a4-1579b5df2aef","artist":{"name":"Le Loup","mbid":"4d846168-a981-42f7-838f-fb80e4f5be7a"}},"album":{"name":"Family","mbid":"1ecfddba-cbf5-42e6-b1ef-e8584b32a14e","artist":{"name":"Le Loup","mbid":"4d846168-a981-42f7-838f-fb80e4f5be7a"}}},{"timestamp":{"iso":"2011-08-20T21:38:02","unixtimestamp":1313876282},"track":{"name":"Us v Them","mbid":"4f6672c4-609d-4a2d-a601-1b1b540632f1","artist":{"name":"LCD Soundsystem","mbid":"2aaf7396-6ab8-40f3-9776-a41c42c8e26b"}},"uncorrectedTrack":{"name":"Us v Them","mbid":"4f6672c4-609d-4a2d-a601-1b1b540632f1","artist":{"name":"LCD Soundsystem","mbid":"2aaf7396-6ab8-40f3-9776-a41c42c8e26b"}},"album":{"name":"Sound Of Silver","mbid":"7461ca27-65e8-4106-a75e-de068dc3a619","artist":{"name":"LCD Soundsystem","mbid":"2aaf7396-6ab8-40f3-9776-a41c42c8e26b"}}},{"timestamp":{"iso":"2011-08-20T21:46:50","unixtimestamp":1313876810},"track":{"name":"Bukowski","mbid":"31877848-da22-4543-855e-4d54dae33e27","artist":{"name":"Modest Mouse","mbid":"a96ac800-bfcb-412a-8a63-0a98df600700"}},"uncorrectedTrack":{"name":"Bukowski","mbid":"31877848-da22-4543-855e-4d54dae33e27","artist":{"name":"Modest Mouse","mbid":"a96ac800-bfcb-412a-8a63-0a98df600700"}},"album":{"name":"Good News For People Who Love Bad News","mbid":"10a503f6-265a-4850-93bd-78b18fc6e6b8","artist":{"name":"Modest Mouse","mbid":"a96ac800-bfcb-412a-8a63-0a98df600700"}}},{"timestamp":{"iso":"2011-08-20T21:50:46","unixtimestamp":1313877046},"track":{"name":"I\u0027m Not Gonna Teach Your Boyfriend How to Dance With You","mbid":"15d2c509-5d96-4ebd-b309-b4ff21610da5","artist":{"name":"Black Kids","mbid":"38f953ac-af97-40b1-b95c-ab35cc0d7a81"}},"uncorrectedTrack":{"name":"I\u0027m Not Gonna Teach Your Boyfriend How to Dance With You","mbid":"15d2c509-5d96-4ebd-b309-b4ff21610da5","artist":{"name":"Black Kids","mbid":"38f953ac-af97-40b1-b95c-ab35cc0d7a81"}},"album":{"name":"Partie Traumatic","mbid":"5c351ab4-f722-4491-a165-021dcea3e59b","artist":{"name":"Black Kids","mbid":"38f953ac-af97-40b1-b95c-ab35cc0d7a81"}}}]