[{"timestamp":{"iso":"2008-02-06T23:54:09","unixtimestamp":1202342049},"track":{"name":"Long Nights","mbid":"0915930b-b287-4af8-81ce-b285a87cf552","artist":{"name":"Eddie Vedder","mbid":"1a60d6dd-9d3e-40fc-a66d-3184f9ee0d61"}},"uncorrectedTrack":{"name":"Long Nights","mbid":"0915930b-b287-4af8-81ce-b285a87cf552","artist":{"name":"Eddie Vedder","mbid":"1a60d6dd-9d3e-40fc-a66d-3184f9ee0d61"}}},{"timestamp":{"iso":"2008-02-06T23:56:41","unixtimestamp":1202342201},"track":{"name":"Guaranteed","mbid":"f36024a5-324a-4d3a-bf42-0acdc81d47bf","artist":{"name":"Eddie Vedder","mbid":"1a60d6dd-9d3e-40fc-a66d-3184f9ee0d61"}},"uncorrectedTrack":{"name":"Guaranteed","mbid":"f36024a5-324a-4d3a-bf42-0acdc81d47bf","artist":{"name":"Eddie Vedder","mbid":"1a60d6dd-9d3e-40fc-a66d-3184f9ee0d61"}}},{"timestamp":{"iso":"2008-02-06T23:59:27","unixtimestamp":1202342367},"track":{"name":"Hard Sun","mbid":"9ecab1c5-2166-4369-9eeb-7c958a9c2312","artist":{"name":"Eddie Vedder","mbid":"1a60d6dd-9d3e-40fc-a66d-3184f9ee0d61"}},"uncorrectedTrack":{"name":"Hard Sun","mbid":"9ecab1c5-2166-4369-9eeb-7c958a9c2312","artist":{"name":"Eddie Vedder","mbid":"1a60d6dd-9d3e-40fc-a66d-3184f9ee0d61"}},"album":{"name":"Into the Wild","mbid":"683bf534-5ce1-4818-be2d-38ddcd864eb3","artist":{"name":"Eddie Vedder","mbid":"1a60d6dd-9d3e-40fc-a66d-3184f9ee0d61"}}},{"timestamp":{"iso":"2008-02-07T00:03:43","unixtimestamp":1202342623},"track":{"name":"Setting Forth","mbid":"08fb34ae-224c-46c3-a2de-bad7ba9ed37e","artist":{"name":"Eddie Vedder","mbid":"1a60d6dd-9d3e-40fc-a66d-3184f9ee0d61"}},"uncorrectedTrack":{"name":"Setting Forth","mbid":"08fb34ae-224c-46c3-a2de-bad7ba9ed37e","artist":{"name":"Eddie Vedder","mbid":"1a60d6dd-9d3e-40fc-a66d-3184f9ee0d61"}},"album":{"name":"Into the Wild","mbid":"683bf534-5ce1-4818-be2d-38ddcd864eb3","artist":{"name":"Eddie Vedder","mbid":"1a60d6dd-9d3e-40fc-a66d-3184f9ee0d61"}}},{"timestamp":{"iso":"2008-02-07T00:05:16","unixtimestamp":1202342716},"track":{"name":"No Ceiling","mbid":"ee409010-3ebe-4d11-ba72-eb775a453caf","artist":{"name":"Eddie Vedder","mbid":"1a60d6dd-9d3e-40fc-a66d-3184f9ee0d61"}},"uncorrectedTrack":{"name":"No Ceiling","mbid":"ee409010-3ebe-4d11-ba72-eb775a453caf","artist":{"name":"Eddie Vedder","mbid":"1a60d6dd-9d3e-40fc-a66d-3184f9ee0d61"}},"album":{"name":"Into the Wild","mbid":"683bf534-5ce1-4818-be2d-38ddcd864eb3","artist":{"name":"Eddie Vedder","mbid":"1a60d6dd-9d3e-40fc-a66d-3184f9ee0d61"}}},{"timestamp":{"iso":"2008-02-07T00:06:46","unixtimestamp":1202342806},"track":{"name":"Far Behind","mbid":"f2f8cfa2-9b3e-4369-9b16-4cf5acbf70d9","artist":{"name":"Eddie Vedder","mbid":"1a60d6dd-9d3e-40fc-a66d-3184f9ee0d61"}},"uncorrectedTrack":{"name":"Far Behind","mbid":"f2f8cfa2-9b3e-4369-9b16-4cf5acbf70d9","artist":{"name":"Eddie Vedder","mbid":"1a60d6dd-9d3e-40fc-a66d-3184f9ee0d61"}},"album":{"name":"Into the Wild","mbid":"683bf534-5ce1-4818-be2d-38ddcd864eb3","artist":{"name":"Eddie Vedder","mbid":"1a60d6dd-9d3e-40fc-a66d-3184f9ee0d61"}}},{"timestamp":{"iso":"2008-02-07T00:08:57","unixtimestamp":1202342937},"track":{"name":"Society","mbid":"0cd40864-4fcd-45e5-b44f-e1340918ddf4","artist":{"name":"Eddie Vedder","mbid":"1a60d6dd-9d3e-40fc-a66d-3184f9ee0d61"}},"uncorrectedTrack":{"name":"Society","mbid":"0cd40864-4fcd-45e5-b44f-e1340918ddf4","artist":{"name":"Eddie Vedder","mbid":"1a60d6dd-9d3e-40fc-a66d-3184f9ee0d61"}},"album":{"name":"Into the Wild","mbid":"683bf534-5ce1-4818-be2d-38ddcd864eb3","artist":{"name":"Eddie Vedder","mbid":"1a60d6dd-9d3e-40fc-a66d-3184f9ee0d61"}}},{"timestamp":{"iso":"2008-02-07T00:12:48","unixtimestamp":1202343168},"track":{"name":"End of the Road","mbid":"01d46f80-c458-48c8-9745-f18010df2369","artist":{"name":"Eddie Vedder","mbid":"1a60d6dd-9d3e-40fc-a66d-3184f9ee0d61"}},"uncorrectedTrack":{"name":"End of the Road","mbid":"01d46f80-c458-48c8-9745-f18010df2369","artist":{"name":"Eddie Vedder","mbid":"1a60d6dd-9d3e-40fc-a66d-3184f9ee0d61"}},"album":{"name":"Into the Wild","mbid":"683bf534-5ce1-4818-be2d-38ddcd864eb3","artist":{"name":"Eddie Vedder","mbid":"1a60d6dd-9d3e-40fc-a66d-3184f9ee0d61"}}},{"timestamp":{"iso":"2008-02-07T00:16:03","unixtimestamp":1202343363},"track":{"name":"Tuolumne","mbid":"312bef73-ecd4-47d0-8467-d3d8cd9f5ec7","artist":{"name":"Eddie Vedder","mbid":"1a60d6dd-9d3e-40fc-a66d-3184f9ee0d61"}},"uncorrectedTrack":{"name":"Tuolumne","mbid":"312bef73-ecd4-47d0-8467-d3d8cd9f5ec7","artist":{"name":"Eddie Vedder","mbid":"1a60d6dd-9d3e-40fc-a66d-3184f9ee0d61"}},"album":{"name":"Into the Wild","mbid":"683bf534-5ce1-4818-be2d-38ddcd864eb3","artist":{"name":"Eddie Vedder","mbid":"1a60d6dd-9d3e-40fc-a66d-3184f9ee0d61"}}},{"timestamp":{"iso":"2008-02-07T00:16:59","unixtimestamp":1202343419},"track":{"name":"Broken Heart","mbid":"263fe68d-c712-4f91-9077-318ffd91c545","artist":{"name":"Eddie Vedder","mbid":"1a60d6dd-9d3e-40fc-a66d-3184f9ee0d61"}},"uncorrectedTrack":{"name":"Broken Heart","mbid":"263fe68d-c712-4f91-9077-318ffd91c545","artist":{"name":"Eddie Vedder","mbid":"1a60d6dd-9d3e-40fc-a66d-3184f9ee0d61"}}},{"timestamp":{"iso":"2008-02-07T00:21:02","unixtimestamp":1202343662},"track":{"name":"Guaranteed","mbid":"f36024a5-324a-4d3a-bf42-0acdc81d47bf","artist":{"name":"Eddie Vedder","mbid":"1a60d6dd-9d3e-40fc-a66d-3184f9ee0d61"}},"uncorrectedTrack":{"name":"Guaranteed","mbid":"f36024a5-324a-4d3a-bf42-0acdc81d47bf","artist":{"name":"Eddie Vedder","mbid":"1a60d6dd-9d3e-40fc-a66d-3184f9ee0d61"}}},{"timestamp":{"iso":"2008-02-07T00:23:39","unixtimestamp":1202343819},"track":{"name":"Long Nights","mbid":"0915930b-b287-4af8-81ce-b285a87cf552","artist":{"name":"Eddie Vedder","mbid":"1a60d6dd-9d3e-40fc-a66d-3184f9ee0d61"}},"uncorrectedTrack":{"name":"Long Nights","mbid":"0915930b-b287-4af8-81ce-b285a87cf552","artist":{"name":"Eddie Vedder","mbid":"1a60d6dd-9d3e-40fc-a66d-3184f9ee0d61"}}},{"timestamp":{"iso":"2008-02-07T00:26:09","unixtimestamp":1202343969},"track":{"name":"Rise","mbid":"7505f5cd-8303-4025-bc69-4b1174705249","artist":{"name":"Eddie Vedder","mbid":"1a60d6dd-9d3e-40fc-a66d-3184f9ee0d61"}},"uncorrectedTrack":{"name":"Rise","mbid":"7505f5cd-8303-4025-bc69-4b1174705249","artist":{"name":"Eddie Vedder","mbid":"1a60d6dd-9d3e-40fc-a66d-3184f9ee0d61"}}},{"timestamp":{"iso":"2008-02-07T00:27:29","unixtimestamp":1202344049},"track":{"name":"Guaranteed","mbid":"f36024a5-324a-4d3a-bf42-0acdc81d47bf","artist":{"name":"Eddie Vedder","mbid":"1a60d6dd-9d3e-40fc-a66d-3184f9ee0d61"}},"uncorrectedTrack":{"name":"Guaranteed","mbid":"f36024a5-324a-4d3a-bf42-0acdc81d47bf","artist":{"name":"Eddie Vedder","mbid":"1a60d6dd-9d3e-40fc-a66d-3184f9ee0d61"}}},{"timestamp":{"iso":"2008-02-07T07:57:15","unixtimestamp":1202371035},"track":{"name":"Love Hurts","mbid":"db66d389-1f0b-4f4e-80fe-4cd99a3da6dd","artist":{"name":"Incubus","mbid":"308aea66-5205-4344-b700-319a8dccaa43"}},"uncorrectedTrack":{"name":"Love Hurts","mbid":"db66d389-1f0b-4f4e-80fe-4cd99a3da6dd","artist":{"name":"Incubus","mbid":"308aea66-5205-4344-b700-319a8dccaa43"}},"album":{"name":"Light Grenades","mbid":"be313771-d713-4bb4-90c0-acbca6e4a169","artist":{"name":"Incubus","mbid":"308aea66-5205-4344-b700-319a8dccaa43"}}},{"timestamp":{"iso":"2008-02-07T08:01:34","unixtimestamp":1202371294},"track":{"name":"The Sea","mbid":"c5d8af98-47ec-443e-887c-48831f68fdcb","artist":{"name":"Carbon Leaf","mbid":"d3fb1614-78fd-4555-9c68-f8b25add2de7"}},"uncorrectedTrack":{"name":"The Sea","mbid":"c5d8af98-47ec-443e-887c-48831f68fdcb","artist":{"name":"Carbon Leaf","mbid":"d3fb1614-78fd-4555-9c68-f8b25add2de7"}},"album":{"name":"Indian Summer","mbid":"5552687e-8066-4108-998e-095da01c91af","artist":{"name":"Carbon Leaf","mbid":"d3fb1614-78fd-4555-9c68-f8b25add2de7"}}},{"timestamp":{"iso":"2008-02-07T08:09:12","unixtimestamp":1202371752},"track":{"name":"The Sea","mbid":"c5d8af98-47ec-443e-887c-48831f68fdcb","artist":{"name":"Carbon Leaf","mbid":"d3fb1614-78fd-4555-9c68-f8b25add2de7"}},"uncorrectedTrack":{"name":"The Sea","mbid":"c5d8af98-47ec-443e-887c-48831f68fdcb","artist":{"name":"Carbon Leaf","mbid":"d3fb1614-78fd-4555-9c68-f8b25add2de7"}},"album":{"name":"Indian Summer","mbid":"5552687e-8066-4108-998e-095da01c91af","artist":{"name":"Carbon Leaf","mbid":"d3fb1614-78fd-4555-9c68-f8b25add2de7"}}},{"timestamp":{"iso":"2008-02-07T08:16:43","unixtimestamp":1202372203},"track":{"name":"What About Everything","mbid":"38829e8e-bd6e-4da5-bc2a-24ef26fbe2de","artist":{"name":"Carbon Leaf","mbid":"d3fb1614-78fd-4555-9c68-f8b25add2de7"}},"uncorrectedTrack":{"name":"What About Everything","mbid":"38829e8e-bd6e-4da5-bc2a-24ef26fbe2de","artist":{"name":"Carbon Leaf","mbid":"d3fb1614-78fd-4555-9c68-f8b25add2de7"}},"album":{"name":"Indian Summer","mbid":"5552687e-8066-4108-998e-095da01c91af","artist":{"name":"Carbon Leaf","mbid":"d3fb1614-78fd-4555-9c68-f8b25add2de7"}}},{"timestamp":{"iso":"2008-02-07T08:20:23","unixtimestamp":1202372423},"track":{"name":"The Sea","mbid":"c5d8af98-47ec-443e-887c-48831f68fdcb","artist":{"name":"Carbon Leaf","mbid":"d3fb1614-78fd-4555-9c68-f8b25add2de7"}},"uncorrectedTrack":{"name":"The Sea","mbid":"c5d8af98-47ec-443e-887c-48831f68fdcb","artist":{"name":"Carbon Leaf","mbid":"d3fb1614-78fd-4555-9c68-f8b25add2de7"}},"album":{"name":"Indian Summer","mbid":"5552687e-8066-4108-998e-095da01c91af","artist":{"name":"Carbon Leaf","mbid":"d3fb1614-78fd-4555-9c68-f8b25add2de7"}}},{"timestamp":{"iso":"2008-02-07T09:08:29","unixtimestamp":1202375309},"track":{"name":"Falling Slowly","mbid":"3251856b-9d07-4a92-8bed-c07f6b830e33","artist":{"name":"Glen Hansard \u0026 Markéta Irglová"}},"uncorrectedTrack":{"name":"Falling Slowly","artist":{"name":"Glen Hansard \u0026 Marketa Irglova"}}},{"timestamp":{"iso":"2008-02-07T09:17:33","unixtimestamp":1202375853},"track":{"name":"If You Want Me","mbid":"38d2025b-a040-4335-8a9f-f61b6921aa02","artist":{"name":"Glen Hansard \u0026 Markéta Irglová"}},"uncorrectedTrack":{"name":"If You Want Me","artist":{"name":"Glen Hansard \u0026 Marketa Irglova"}}},{"timestamp":{"iso":"2008-02-07T09:21:37","unixtimestamp":1202376097},"track":{"name":"When Your Mind\u0027s Made Up","mbid":"c5c3f1c5-ae84-41f8-b5ba-6360b8957466","artist":{"name":"Glen Hansard \u0026 Markéta Irglová"}},"uncorrectedTrack":{"name":"When Your Mind\u0027s Made Up","artist":{"name":"Glen Hansard \u0026 Marketa Irglova"}}},{"timestamp":{"iso":"2008-02-07T09:25:14","unixtimestamp":1202376314},"track":{"name":"Lies","mbid":"519644f2-1393-48e2-8c1a-de1de3853408","artist":{"name":"Glen Hansard","mbid":"57f89cad-d2ef-48df-9119-8287b106716a"}},"uncorrectedTrack":{"name":"Lies","mbid":"519644f2-1393-48e2-8c1a-de1de3853408","artist":{"name":"Glen Hansard","mbid":"57f89cad-d2ef-48df-9119-8287b106716a"}}},{"timestamp":{"iso":"2008-02-07T09:29:09","unixtimestamp":1202376549},"track":{"name":"Gold","mbid":"75b49e4d-f46a-495c-b214-10c641c4ca86","artist":{"name":"Interference","mbid":"144b9cc2-d587-4822-bdf8-f5d4ab7b1da4"}},"uncorrectedTrack":{"name":"Gold","mbid":"75b49e4d-f46a-495c-b214-10c641c4ca86","artist":{"name":"Interference","mbid":"144b9cc2-d587-4822-bdf8-f5d4ab7b1da4"}}},{"timestamp":{"iso":"2008-02-07T09:33:04","unixtimestamp":1202376784},"track":{"name":"The Hill","artist":{"name":"Marketa Irglova"}},"uncorrectedTrack":{"name":"The Hill","artist":{"name":"Marketa Irglova"}}},{"timestamp":{"iso":"2008-02-07T09:37:37","unixtimestamp":1202377057},"track":{"name":"Fallen from the Sky","mbid":"c1d6eff3-cb6c-42ea-a0d6-3e186ef1b749","artist":{"name":"Glen Hansard","mbid":"57f89cad-d2ef-48df-9119-8287b106716a"}},"uncorrectedTrack":{"name":"Fallen from the Sky","mbid":"c1d6eff3-cb6c-42ea-a0d6-3e186ef1b749","artist":{"name":"Glen Hansard","mbid":"57f89cad-d2ef-48df-9119-8287b106716a"}}},{"timestamp":{"iso":"2008-02-07T09:40:56","unixtimestamp":1202377256},"track":{"name":"Leave","mbid":"2fbe1390-36ed-44d5-9d9b-3e367a9fd87d","artist":{"name":"Glen Hansard","mbid":"57f89cad-d2ef-48df-9119-8287b106716a"}},"uncorrectedTrack":{"name":"Leave","mbid":"2fbe1390-36ed-44d5-9d9b-3e367a9fd87d","artist":{"name":"Glen Hansard","mbid":"57f89cad-d2ef-48df-9119-8287b106716a"}}},{"timestamp":{"iso":"2008-02-07T09:43:38","unixtimestamp":1202377418},"track":{"name":"Trying to Pull Myself Away","mbid":"46873076-087f-48dd-a553-fc5ebd3c0fb6","artist":{"name":"Glen Hansard","mbid":"57f89cad-d2ef-48df-9119-8287b106716a"}},"uncorrectedTrack":{"name":"Trying to Pull Myself Away","mbid":"46873076-087f-48dd-a553-fc5ebd3c0fb6","artist":{"name":"Glen Hansard","mbid":"57f89cad-d2ef-48df-9119-8287b106716a"}}},{"timestamp":{"iso":"2008-02-07T09:47:10","unixtimestamp":1202377630},"track":{"name":"All the Way Down","mbid":"5bbb087f-6e28-42da-a61f-e55c9c1a8017","artist":{"name":"Glen Hansard","mbid":"57f89cad-d2ef-48df-9119-8287b106716a"}},"uncorrectedTrack":{"name":"All the Way Down","mbid":"5bbb087f-6e28-42da-a61f-e55c9c1a8017","artist":{"name":"Glen Hansard","mbid":"57f89cad-d2ef-48df-9119-8287b106716a"}}},{"timestamp":{"iso":"2008-02-07T09:49:45","unixtimestamp":1202377785},"track":{"name":"Once","mbid":"66259801-d8ba-4d50-a2df-df0129bc8792","artist":{"name":"Glen Hansard \u0026 Markéta Irglová"}},"uncorrectedTrack":{"name":"Once","artist":{"name":"Glen Hansard \u0026 Marketa Irglova"}}},{"timestamp":{"iso":"2008-02-07T09:53:18","unixtimestamp":1202377998},"track":{"name":"Say It to Me Now","mbid":"a654e8c5-afb1-4de7-b55b-6548ac02f724","artist":{"name":"Glen Hansard","mbid":"57f89cad-d2ef-48df-9119-8287b106716a"}},"uncorrectedTrack":{"name":"Say It to Me Now","mbid":"a654e8c5-afb1-4de7-b55b-6548ac02f724","artist":{"name":"Glen Hansard","mbid":"57f89cad-d2ef-48df-9119-8287b106716a"}}},{"timestamp":{"iso":"2008-02-07T09:55:51","unixtimestamp":1202378151},"track":{"name":"Falling Slowly","mbid":"3251856b-9d07-4a92-8bed-c07f6b830e33","artist":{"name":"Glen Hansard \u0026 Markéta Irglová"}},"uncorrectedTrack":{"name":"Falling Slowly","artist":{"name":"Glen Hansard \u0026 Marketa Irglova"}}},{"timestamp":{"iso":"2008-02-07T09:59:54","unixtimestamp":1202378394},"track":{"name":"If You Want Me","mbid":"38d2025b-a040-4335-8a9f-f61b6921aa02","artist":{"name":"Glen Hansard \u0026 Markéta Irglová"}},"uncorrectedTrack":{"name":"If You Want Me","artist":{"name":"Glen Hansard \u0026 Marketa Irglova"}}},{"timestamp":{"iso":"2008-02-07T10:03:46","unixtimestamp":1202378626},"track":{"name":"The Hill","artist":{"name":"Marketa Irglova"}},"uncorrectedTrack":{"name":"The Hill","artist":{"name":"Marketa Irglova"}}},{"timestamp":{"iso":"2008-02-07T10:08:30","unixtimestamp":1202378910},"track":{"name":"If You Want Me","mbid":"38d2025b-a040-4335-8a9f-f61b6921aa02","artist":{"name":"Glen Hansard \u0026 Markéta Irglová"}},"uncorrectedTrack":{"name":"If You Want Me","artist":{"name":"Glen Hansard \u0026 Marketa Irglova"}}},{"timestamp":{"iso":"2008-02-07T10:13:00","unixtimestamp":1202379180},"track":{"name":"Gold","mbid":"75b49e4d-f46a-495c-b214-10c641c4ca86","artist":{"name":"Interference","mbid":"144b9cc2-d587-4822-bdf8-f5d4ab7b1da4"}},"uncorrectedTrack":{"name":"Gold","mbid":"75b49e4d-f46a-495c-b214-10c641c4ca86","artist":{"name":"Interference","mbid":"144b9cc2-d587-4822-bdf8-f5d4ab7b1da4"}}},{"timestamp":{"iso":"2008-02-07T10:16:55","unixtimestamp":1202379415},"track":{"name":"When Your Mind\u0027s Made Up","mbid":"c5c3f1c5-ae84-41f8-b5ba-6360b8957466","artist":{"name":"Glen Hansard \u0026 Markéta Irglová"}},"uncorrectedTrack":{"name":"When Your Mind\u0027s Made Up","artist":{"name":"Glen Hansard \u0026 Marketa Irglova"}}},{"timestamp":{"iso":"2008-02-07T10:20:32","unixtimestamp":1202379632},"track":{"name":"Trying to Pull Myself Away","mbid":"46873076-087f-48dd-a553-fc5ebd3c0fb6","artist":{"name":"Glen Hansard","mbid":"57f89cad-d2ef-48df-9119-8287b106716a"}},"uncorrectedTrack":{"name":"Trying to Pull Myself Away","mbid":"46873076-087f-48dd-a553-fc5ebd3c0fb6","artist":{"name":"Glen Hansard","mbid":"57f89cad-d2ef-48df-9119-8287b106716a"}}},{"timestamp":{"iso":"2008-02-07T10:24:04","unixtimestamp":1202379844},"track":{"name":"All the Way Down","mbid":"5bbb087f-6e28-42da-a61f-e55c9c1a8017","artist":{"name":"Glen Hansard","mbid":"57f89cad-d2ef-48df-9119-8287b106716a"}},"uncorrectedTrack":{"name":"All the Way Down","mbid":"5bbb087f-6e28-42da-a61f-e55c9c1a8017","artist":{"name":"Glen Hansard","mbid":"57f89cad-d2ef-48df-9119-8287b106716a"}}},{"timestamp":{"iso":"2008-02-07T10:26:48","unixtimestamp":1202380008},"track":{"name":"Fallen from the Sky","mbid":"c1d6eff3-cb6c-42ea-a0d6-3e186ef1b749","artist":{"name":"Glen Hansard","mbid":"57f89cad-d2ef-48df-9119-8287b106716a"}},"uncorrectedTrack":{"name":"Fallen from the Sky","mbid":"c1d6eff3-cb6c-42ea-a0d6-3e186ef1b749","artist":{"name":"Glen Hansard","mbid":"57f89cad-d2ef-48df-9119-8287b106716a"}}},{"timestamp":{"iso":"2008-02-07T10:30:04","unixtimestamp":1202380204},"track":{"name":"Leave","mbid":"2fbe1390-36ed-44d5-9d9b-3e367a9fd87d","artist":{"name":"Glen Hansard","mbid":"57f89cad-d2ef-48df-9119-8287b106716a"}},"uncorrectedTrack":{"name":"Leave","mbid":"2fbe1390-36ed-44d5-9d9b-3e367a9fd87d","artist":{"name":"Glen Hansard","mbid":"57f89cad-d2ef-48df-9119-8287b106716a"}}},{"timestamp":{"iso":"2008-02-07T10:32:46","unixtimestamp":1202380366},"track":{"name":"Say It to Me Now","mbid":"a654e8c5-afb1-4de7-b55b-6548ac02f724","artist":{"name":"Glen Hansard","mbid":"57f89cad-d2ef-48df-9119-8287b106716a"}},"uncorrectedTrack":{"name":"Say It to Me Now","mbid":"a654e8c5-afb1-4de7-b55b-6548ac02f724","artist":{"name":"Glen Hansard","mbid":"57f89cad-d2ef-48df-9119-8287b106716a"}}},{"timestamp":{"iso":"2008-02-07T10:35:18","unixtimestamp":1202380518},"track":{"name":"The Hill","artist":{"name":"Marketa Irglova"}},"uncorrectedTrack":{"name":"The Hill","artist":{"name":"Marketa Irglova"}}},{"timestamp":{"iso":"2008-02-07T10:39:49","unixtimestamp":1202380789},"track":{"name":"Once","mbid":"66259801-d8ba-4d50-a2df-df0129bc8792","artist":{"name":"Glen Hansard \u0026 Markéta Irglová"}},"uncorrectedTrack":{"name":"Once","artist":{"name":"Glen Hansard \u0026 Marketa Irglova"}}},{"timestamp":{"iso":"2008-02-07T10:44:10","unixtimestamp":1202381050},"track":{"name":"Falling Slowly","mbid":"3251856b-9d07-4a92-8bed-c07f6b830e33","artist":{"name":"Glen Hansard \u0026 Markéta Irglová"}},"uncorrectedTrack":{"name":"Falling Slowly","artist":{"name":"Glen Hansard \u0026 Marketa Irglova"}}},{"timestamp":{"iso":"2008-02-07T10:48:12","unixtimestamp":1202381292},"track":{"name":"If You Want Me","mbid":"38d2025b-a040-4335-8a9f-f61b6921aa02","artist":{"name":"Glen Hansard \u0026 Markéta Irglová"}},"uncorrectedTrack":{"name":"If You Want Me","artist":{"name":"Glen Hansard \u0026 Marketa Irglova"}}},{"timestamp":{"iso":"2008-02-07T10:51:56","unixtimestamp":1202381516},"track":{"name":"Trying to Pull Myself Away","mbid":"46873076-087f-48dd-a553-fc5ebd3c0fb6","artist":{"name":"Glen Hansard","mbid":"57f89cad-d2ef-48df-9119-8287b106716a"}},"uncorrectedTrack":{"name":"Trying to Pull Myself Away","mbid":"46873076-087f-48dd-a553-fc5ebd3c0fb6","artist":{"name":"Glen Hansard","mbid":"57f89cad-d2ef-48df-9119-8287b106716a"}}},{"timestamp":{"iso":"2008-02-07T10:55:28","unixtimestamp":1202381728},"track":{"name":"Gold","mbid":"75b49e4d-f46a-495c-b214-10c641c4ca86","artist":{"name":"Interference","mbid":"144b9cc2-d587-4822-bdf8-f5d4ab7b1da4"}},"uncorrectedTrack":{"name":"Gold","mbid":"75b49e4d-f46a-495c-b214-10c641c4ca86","artist":{"name":"Interference","mbid":"144b9cc2-d587-4822-bdf8-f5d4ab7b1da4"}}},{"timestamp":{"iso":"2008-02-07T10:59:23","unixtimestamp":1202381963},"track":{"name":"Once","mbid":"66259801-d8ba-4d50-a2df-df0129bc8792","artist":{"name":"Glen Hansard \u0026 Markéta Irglová"}},"uncorrectedTrack":{"name":"Once","artist":{"name":"Glen Hansard \u0026 Marketa Irglova"}}},{"timestamp":{"iso":"2008-02-07T11:02:57","unixtimestamp":1202382177},"track":{"name":"All the Way Down","mbid":"5bbb087f-6e28-42da-a61f-e55c9c1a8017","artist":{"name":"Glen Hansard","mbid":"57f89cad-d2ef-48df-9119-8287b106716a"}},"uncorrectedTrack":{"name":"All the Way Down","mbid":"5bbb087f-6e28-42da-a61f-e55c9c1a8017","artist":{"name":"Glen Hansard","mbid":"57f89cad-d2ef-48df-9119-8287b106716a"}}},{"timestamp":{"iso":"2008-02-07T11:05:31","unixtimestamp":1202382331},"track":{"name":"Say It to Me Now","mbid":"a654e8c5-afb1-4de7-b55b-6548ac02f724","artist":{"name":"Glen Hansard","mbid":"57f89cad-d2ef-48df-9119-8287b106716a"}},"uncorrectedTrack":{"name":"Say It to Me Now","mbid":"a654e8c5-afb1-4de7-b55b-6548ac02f724","artist":{"name":"Glen Hansard","mbid":"57f89cad-d2ef-48df-9119-8287b106716a"}}},{"timestamp":{"iso":"2008-02-07T11:08:03","unixtimestamp":1202382483},"track":{"name":"The Hill","artist":{"name":"Marketa Irglova"}},"uncorrectedTrack":{"name":"The Hill","artist":{"name":"Marketa Irglova"}}},{"timestamp":{"iso":"2008-02-07T11:12:35","unixtimestamp":1202382755},"track":{"name":"When Your Mind\u0027s Made Up","mbid":"c5c3f1c5-ae84-41f8-b5ba-6360b8957466","artist":{"name":"Glen Hansard \u0026 Markéta Irglová"}},"uncorrectedTrack":{"name":"When Your Mind\u0027s Made Up","artist":{"name":"Glen Hansard \u0026 Marketa Irglova"}}},{"timestamp":{"iso":"2008-02-07T11:16:12","unixtimestamp":1202382972},"track":{"name":"Fallen from the Sky","mbid":"c1d6eff3-cb6c-42ea-a0d6-3e186ef1b749","artist":{"name":"Glen Hansard","mbid":"57f89cad-d2ef-48df-9119-8287b106716a"}},"uncorrectedTrack":{"name":"Fallen from the Sky","mbid":"c1d6eff3-cb6c-42ea-a0d6-3e186ef1b749","artist":{"name":"Glen Hansard","mbid":"57f89cad-d2ef-48df-9119-8287b106716a"}}},{"timestamp":{"iso":"2008-02-07T11:19:32","unixtimestamp":1202383172},"track":{"name":"Lies","mbid":"519644f2-1393-48e2-8c1a-de1de3853408","artist":{"name":"Glen Hansard","mbid":"57f89cad-d2ef-48df-9119-8287b106716a"}},"uncorrectedTrack":{"name":"Lies","mbid":"519644f2-1393-48e2-8c1a-de1de3853408","artist":{"name":"Glen Hansard","mbid":"57f89cad-d2ef-48df-9119-8287b106716a"}}},{"timestamp":{"iso":"2008-02-07T12:43:45","unixtimestamp":1202388225},"track":{"name":"If You Want Me","mbid":"38d2025b-a040-4335-8a9f-f61b6921aa02","artist":{"name":"Glen Hansard \u0026 Markéta Irglová"}},"uncorrectedTrack":{"name":"If You Want Me","artist":{"name":"Glen Hansard \u0026 Marketa Irglova"}}},{"timestamp":{"iso":"2008-02-07T12:47:36","unixtimestamp":1202388456},"track":{"name":"Long Nights","mbid":"0915930b-b287-4af8-81ce-b285a87cf552","artist":{"name":"Eddie Vedder","mbid":"1a60d6dd-9d3e-40fc-a66d-3184f9ee0d61"}},"uncorrectedTrack":{"name":"Long Nights","mbid":"0915930b-b287-4af8-81ce-b285a87cf552","artist":{"name":"Eddie Vedder","mbid":"1a60d6dd-9d3e-40fc-a66d-3184f9ee0d61"}}},{"timestamp":{"iso":"2008-02-07T12:50:05","unixtimestamp":1202388605},"track":{"name":"Rise","mbid":"7505f5cd-8303-4025-bc69-4b1174705249","artist":{"name":"Eddie Vedder","mbid":"1a60d6dd-9d3e-40fc-a66d-3184f9ee0d61"}},"uncorrectedTrack":{"name":"Rise","mbid":"7505f5cd-8303-4025-bc69-4b1174705249","artist":{"name":"Eddie Vedder","mbid":"1a60d6dd-9d3e-40fc-a66d-3184f9ee0d61"}}},{"timestamp":{"iso":"2008-02-07T12:52:14","unixtimestamp":1202388734},"track":{"name":"(Sittin\u0027 On) The Dock of the Bay","mbid":"98698c61-aabb-42ed-abce-f1d9f82cff92","artist":{"name":"Otis Redding","mbid":"82b1f5fd-cd31-41a9-b5d4-7e33f0eb9751"}},"uncorrectedTrack":{"name":"(Sittin\u0027 On) The Dock of the Bay","mbid":"98698c61-aabb-42ed-abce-f1d9f82cff92","artist":{"name":"Otis Redding","mbid":"82b1f5fd-cd31-41a9-b5d4-7e33f0eb9751"}}},{"timestamp":{"iso":"2008-02-07T12:56:44","unixtimestamp":1202389004},"track":{"name":"Complainte De La Butte","mbid":"1213e830-0aa3-4b9f-b7cd-b3047c2c96ec","artist":{"name":"Rufus Wainwright","mbid":"78e46ae5-9bfd-433b-be3f-19e993d67ecc"}},"uncorrectedTrack":{"name":"Complainte De La Butte","mbid":"1213e830-0aa3-4b9f-b7cd-b3047c2c96ec","artist":{"name":"Rufus Wainwright","mbid":"78e46ae5-9bfd-433b-be3f-19e993d67ecc"}},"album":{"name":"Moulin Rouge","artist":{"name":"Various Artists","mbid":"023671ff-b1ad-4133-a4f3-aadaaadfd2e0"}}},{"timestamp":{"iso":"2008-02-07T13:01:15","unixtimestamp":1202389275},"track":{"name":"I\u0027ve Just Seen a Face","mbid":"994e84f0-9491-437b-b4d0-640ec43b1705","artist":{"name":"Jim Sturgess","mbid":"451f9db1-f75f-44f9-b218-f8bdf22035a1"}},"uncorrectedTrack":{"name":"I\u0027ve Just Seen A Face","artist":{"name":"Across The Universe Soundtrack"}}},{"timestamp":{"iso":"2008-02-07T13:04:35","unixtimestamp":1202389475},"track":{"name":"1234","mbid":"41129aea-36d4-4330-99d0-86f477b49e23","artist":{"name":"Feist","mbid":"a670e05a-cea8-4b37-bce9-d82daf1a0fa4"}},"uncorrectedTrack":{"name":"1234","mbid":"41129aea-36d4-4330-99d0-86f477b49e23","artist":{"name":"Feist","mbid":"a670e05a-cea8-4b37-bce9-d82daf1a0fa4"}}},{"timestamp":{"iso":"2008-02-07T13:09:42","unixtimestamp":1202389782},"track":{"name":"AM180","artist":{"name":"Grandaddy","mbid":"9d4c4835-c71a-4647-a4fc-263e26832cd0"}},"uncorrectedTrack":{"name":"AM180","artist":{"name":"Grandaddy","mbid":"9d4c4835-c71a-4647-a4fc-263e26832cd0"}}},{"timestamp":{"iso":"2008-02-07T13:13:09","unixtimestamp":1202389989},"track":{"name":"A.M. 180","mbid":"1d51ec25-970f-436a-a66a-b07b65f4ea0f","artist":{"name":"Grandaddy","mbid":"9d4c4835-c71a-4647-a4fc-263e26832cd0"}},"uncorrectedTrack":{"name":"A.M. 180","mbid":"1d51ec25-970f-436a-a66a-b07b65f4ea0f","artist":{"name":"Grandaddy","mbid":"9d4c4835-c71a-4647-a4fc-263e26832cd0"}}},{"timestamp":{"iso":"2008-02-07T13:16:26","unixtimestamp":1202390186},"track":{"name":"Pull The Curtains","mbid":"039cfb96-368f-4553-bc0e-e741053fa048","artist":{"name":"Grandaddy","mbid":"9d4c4835-c71a-4647-a4fc-263e26832cd0"}},"uncorrectedTrack":{"name":"Pull The Curtains","mbid":"039cfb96-368f-4553-bc0e-e741053fa048","artist":{"name":"Grandaddy","mbid":"9d4c4835-c71a-4647-a4fc-263e26832cd0"}}},{"timestamp":{"iso":"2008-02-07T13:19:21","unixtimestamp":1202390361},"track":{"name":"Elevate Myself","mbid":"187f15e6-ef3f-4fc8-9f5e-385ae2a1eb57","artist":{"name":"Grandaddy","mbid":"9d4c4835-c71a-4647-a4fc-263e26832cd0"}},"uncorrectedTrack":{"name":"Elevate Myself","mbid":"187f15e6-ef3f-4fc8-9f5e-385ae2a1eb57","artist":{"name":"Grandaddy","mbid":"9d4c4835-c71a-4647-a4fc-263e26832cd0"}},"album":{"name":"Just Like The Fambly Cat","mbid":"09fe1cff-90e3-3b1c-b99e-d8336a4f5f47","artist":{"name":"Grandaddy","mbid":"9d4c4835-c71a-4647-a4fc-263e26832cd0"}}},{"timestamp":{"iso":"2008-02-07T13:22:58","unixtimestamp":1202390578},"track":{"name":"Broken Household Appliance Nat","artist":{"name":"Grandaddy","mbid":"9d4c4835-c71a-4647-a4fc-263e26832cd0"}},"uncorrectedTrack":{"name":"Broken Household Appliance Nat","artist":{"name":"Grandaddy","mbid":"9d4c4835-c71a-4647-a4fc-263e26832cd0"}},"album":{"name":"The Sophtware Slump","mbid":"d183699b-d760-4496-aae7-52483dc04e9b","artist":{"name":"Grandaddy","mbid":"9d4c4835-c71a-4647-a4fc-263e26832cd0"}}},{"timestamp":{"iso":"2008-02-07T13:27:27","unixtimestamp":1202390847},"track":{"name":"Hewlett\u0027s Daughter","mbid":"ef4597d4-9631-4424-b7cb-07766761705d","artist":{"name":"Grandaddy","mbid":"9d4c4835-c71a-4647-a4fc-263e26832cd0"}},"uncorrectedTrack":{"name":"Hewlett\u0027s Daughter","mbid":"ef4597d4-9631-4424-b7cb-07766761705d","artist":{"name":"Grandaddy","mbid":"9d4c4835-c71a-4647-a4fc-263e26832cd0"}},"album":{"name":"The Sophtware Slump","mbid":"d183699b-d760-4496-aae7-52483dc04e9b","artist":{"name":"Grandaddy","mbid":"9d4c4835-c71a-4647-a4fc-263e26832cd0"}}},{"timestamp":{"iso":"2008-02-07T13:30:28","unixtimestamp":1202391028},"track":{"name":"Underneath The Weeping Willow","mbid":"33ba7138-8240-41fa-9a68-3f1aba54946f","artist":{"name":"Grandaddy","mbid":"9d4c4835-c71a-4647-a4fc-263e26832cd0"}},"uncorrectedTrack":{"name":"Underneath The Weeping Willow","mbid":"33ba7138-8240-41fa-9a68-3f1aba54946f","artist":{"name":"Grandaddy","mbid":"9d4c4835-c71a-4647-a4fc-263e26832cd0"}},"album":{"name":"The Sophtware Slump","mbid":"d183699b-d760-4496-aae7-52483dc04e9b","artist":{"name":"Grandaddy","mbid":"9d4c4835-c71a-4647-a4fc-263e26832cd0"}}},{"timestamp":{"iso":"2008-02-07T13:33:04","unixtimestamp":1202391184},"track":{"name":"He\u0027s Simple, He\u0027s Dumb, He\u0027s The Pilot","mbid":"0da643f1-e37f-4f90-8b45-f1bf16de263e","artist":{"name":"Grandaddy","mbid":"9d4c4835-c71a-4647-a4fc-263e26832cd0"}},"uncorrectedTrack":{"name":"He\u0027s Simple, He\u0027s Dumb, He\u0027s The Pilot","mbid":"0da643f1-e37f-4f90-8b45-f1bf16de263e","artist":{"name":"Grandaddy","mbid":"9d4c4835-c71a-4647-a4fc-263e26832cd0"}},"album":{"name":"The Sophtware Slump","mbid":"d183699b-d760-4496-aae7-52483dc04e9b","artist":{"name":"Grandaddy","mbid":"9d4c4835-c71a-4647-a4fc-263e26832cd0"}}},{"timestamp":{"iso":"2008-02-07T13:41:52","unixtimestamp":1202391712},"track":{"name":"The Crystal Lake","mbid":"1f8dabdb-6312-4b9c-8756-7c00cb147f80","artist":{"name":"Grandaddy","mbid":"9d4c4835-c71a-4647-a4fc-263e26832cd0"}},"uncorrectedTrack":{"name":"The Crystal Lake","mbid":"1f8dabdb-6312-4b9c-8756-7c00cb147f80","artist":{"name":"Grandaddy","mbid":"9d4c4835-c71a-4647-a4fc-263e26832cd0"}},"album":{"name":"The Sophtware Slump","mbid":"d183699b-d760-4496-aae7-52483dc04e9b","artist":{"name":"Grandaddy","mbid":"9d4c4835-c71a-4647-a4fc-263e26832cd0"}}},{"timestamp":{"iso":"2008-02-07T13:46:48","unixtimestamp":1202392008},"track":{"name":"E. Knievel Interlude","artist":{"name":"Grandaddy","mbid":"9d4c4835-c71a-4647-a4fc-263e26832cd0"}},"uncorrectedTrack":{"name":"E. Knievel Interlude","artist":{"name":"Grandaddy","mbid":"9d4c4835-c71a-4647-a4fc-263e26832cd0"}},"album":{"name":"The Sophtware Slump","mbid":"d183699b-d760-4496-aae7-52483dc04e9b","artist":{"name":"Grandaddy","mbid":"9d4c4835-c71a-4647-a4fc-263e26832cd0"}}},{"timestamp":{"iso":"2008-02-07T13:48:40","unixtimestamp":1202392120},"track":{"name":"Now It\u0027s On","mbid":"62f90b05-de2d-4327-87e0-2f804c86e7bd","artist":{"name":"Grandaddy","mbid":"9d4c4835-c71a-4647-a4fc-263e26832cd0"}},"uncorrectedTrack":{"name":"Now It\u0027s On","mbid":"62f90b05-de2d-4327-87e0-2f804c86e7bd","artist":{"name":"Grandaddy","mbid":"9d4c4835-c71a-4647-a4fc-263e26832cd0"}}},{"timestamp":{"iso":"2008-02-07T13:52:44","unixtimestamp":1202392364},"track":{"name":"The Warming Sun","mbid":"3cc54af7-be4a-4153-9ba7-9de66dd1ce7b","artist":{"name":"Grandaddy","mbid":"9d4c4835-c71a-4647-a4fc-263e26832cd0"}},"uncorrectedTrack":{"name":"The Warming Sun","mbid":"3cc54af7-be4a-4153-9ba7-9de66dd1ce7b","artist":{"name":"Grandaddy","mbid":"9d4c4835-c71a-4647-a4fc-263e26832cd0"}}},{"timestamp":{"iso":"2008-02-07T13:58:23","unixtimestamp":1202392703},"track":{"name":"Collective Dreamwish of Upper","artist":{"name":"Grandaddy","mbid":"9d4c4835-c71a-4647-a4fc-263e26832cd0"}},"uncorrectedTrack":{"name":"Collective Dreamwish of Upper","artist":{"name":"Grandaddy","mbid":"9d4c4835-c71a-4647-a4fc-263e26832cd0"}},"album":{"name":"Under The Western Freeway","mbid":"17e6bcf0-d282-40da-9018-6d7742a885fe","artist":{"name":"Grandaddy","mbid":"9d4c4835-c71a-4647-a4fc-263e26832cd0"}}},{"timestamp":{"iso":"2008-02-07T14:03:44","unixtimestamp":1202393024},"track":{"name":"Go Progress Chrome","mbid":"65135b28-9a29-44d7-beba-01eae3a30ac0","artist":{"name":"Grandaddy","mbid":"9d4c4835-c71a-4647-a4fc-263e26832cd0"}},"uncorrectedTrack":{"name":"Go Progress Chrome","mbid":"65135b28-9a29-44d7-beba-01eae3a30ac0","artist":{"name":"Grandaddy","mbid":"9d4c4835-c71a-4647-a4fc-263e26832cd0"}},"album":{"name":"Under The Western Freeway","mbid":"17e6bcf0-d282-40da-9018-6d7742a885fe","artist":{"name":"Grandaddy","mbid":"9d4c4835-c71a-4647-a4fc-263e26832cd0"}}},{"timestamp":{"iso":"2008-02-07T14:06:11","unixtimestamp":1202393171},"track":{"name":"Laughing Stock","mbid":"268ddcdb-fbbb-4788-998f-5b69fc2abd5d","artist":{"name":"Grandaddy","mbid":"9d4c4835-c71a-4647-a4fc-263e26832cd0"}},"uncorrectedTrack":{"name":"Laughing Stock","mbid":"268ddcdb-fbbb-4788-998f-5b69fc2abd5d","artist":{"name":"Grandaddy","mbid":"9d4c4835-c71a-4647-a4fc-263e26832cd0"}},"album":{"name":"Under The Western Freeway","mbid":"17e6bcf0-d282-40da-9018-6d7742a885fe","artist":{"name":"Grandaddy","mbid":"9d4c4835-c71a-4647-a4fc-263e26832cd0"}}},{"timestamp":{"iso":"2008-02-07T14:12:06","unixtimestamp":1202393526},"track":{"name":"Non Phenomenal Lineage","artist":{"name":"Grandaddy","mbid":"9d4c4835-c71a-4647-a4fc-263e26832cd0"}},"uncorrectedTrack":{"name":"Non Phenomenal Lineage","artist":{"name":"Grandaddy","mbid":"9d4c4835-c71a-4647-a4fc-263e26832cd0"}},"album":{"name":"Under The Western Freeway","mbid":"17e6bcf0-d282-40da-9018-6d7742a885fe","artist":{"name":"Grandaddy","mbid":"9d4c4835-c71a-4647-a4fc-263e26832cd0"}}},{"timestamp":{"iso":"2008-02-07T14:15:12","unixtimestamp":1202393712},"track":{"name":"Why Took Your Advice","mbid":"46fce785-64da-47ba-99a4-1f1a2f4fe569","artist":{"name":"Grandaddy","mbid":"9d4c4835-c71a-4647-a4fc-263e26832cd0"}},"uncorrectedTrack":{"name":"Why Took Your Advice","mbid":"46fce785-64da-47ba-99a4-1f1a2f4fe569","artist":{"name":"Grandaddy","mbid":"9d4c4835-c71a-4647-a4fc-263e26832cd0"}},"album":{"name":"Under The Western Freeway","mbid":"17e6bcf0-d282-40da-9018-6d7742a885fe","artist":{"name":"Grandaddy","mbid":"9d4c4835-c71a-4647-a4fc-263e26832cd0"}}},{"timestamp":{"iso":"2008-02-07T14:19:14","unixtimestamp":1202393954},"track":{"name":"A.M. 180","mbid":"1d51ec25-970f-436a-a66a-b07b65f4ea0f","artist":{"name":"Grandaddy","mbid":"9d4c4835-c71a-4647-a4fc-263e26832cd0"}},"uncorrectedTrack":{"name":"A.M. 180","mbid":"1d51ec25-970f-436a-a66a-b07b65f4ea0f","artist":{"name":"Grandaddy","mbid":"9d4c4835-c71a-4647-a4fc-263e26832cd0"}}},{"timestamp":{"iso":"2008-02-07T14:22:30","unixtimestamp":1202394150},"track":{"name":"AM180","artist":{"name":"Grandaddy","mbid":"9d4c4835-c71a-4647-a4fc-263e26832cd0"}},"uncorrectedTrack":{"name":"AM180","artist":{"name":"Grandaddy","mbid":"9d4c4835-c71a-4647-a4fc-263e26832cd0"}}},{"timestamp":{"iso":"2008-02-26T17:11:19","unixtimestamp":1204045879},"track":{"name":"Sirens","mbid":"589349f0-a493-44d6-9f59-2df6055aef44","artist":{"name":"Elefant","mbid":"bd837f10-ed18-47e9-9636-ca44edceebfd"}},"uncorrectedTrack":{"name":"Sirens","mbid":"589349f0-a493-44d6-9f59-2df6055aef44","artist":{"name":"Elefant","mbid":"bd837f10-ed18-47e9-9636-ca44edceebfd"}},"album":{"name":"The Black Magic Show","mbid":"d98bc8b3-c04d-4535-89b1-cdea72243967","artist":{"name":"Elefant","mbid":"bd837f10-ed18-47e9-9636-ca44edceebfd"}}},{"timestamp":{"iso":"2008-02-29T20:28:24","unixtimestamp":1204316904},"track":{"name":"What About Everything","mbid":"38829e8e-bd6e-4da5-bc2a-24ef26fbe2de","artist":{"name":"Carbon Leaf","mbid":"d3fb1614-78fd-4555-9c68-f8b25add2de7"}},"uncorrectedTrack":{"name":"What About Everything","mbid":"38829e8e-bd6e-4da5-bc2a-24ef26fbe2de","artist":{"name":"Carbon Leaf","mbid":"d3fb1614-78fd-4555-9c68-f8b25add2de7"}},"album":{"name":"Indian Summer","mbid":"5552687e-8066-4108-998e-095da01c91af","artist":{"name":"Carbon Leaf","mbid":"d3fb1614-78fd-4555-9c68-f8b25add2de7"}}},{"timestamp":{"iso":"2008-02-29T20:32:03","unixtimestamp":1204317123},"track":{"name":"Changeless","mbid":"2371fd87-b47e-4fec-b68b-0e47e666a987","artist":{"name":"Carbon Leaf","mbid":"d3fb1614-78fd-4555-9c68-f8b25add2de7"}},"uncorrectedTrack":{"name":"Changeless","mbid":"2371fd87-b47e-4fec-b68b-0e47e666a987","artist":{"name":"Carbon Leaf","mbid":"d3fb1614-78fd-4555-9c68-f8b25add2de7"}},"album":{"name":"Indian Summer","mbid":"5552687e-8066-4108-998e-095da01c91af","artist":{"name":"Carbon Leaf","mbid":"d3fb1614-78fd-4555-9c68-f8b25add2de7"}}},{"timestamp":{"iso":"2008-02-29T20:38:04","unixtimestamp":1204317484},"track":{"name":"Grey Sky Eyes","mbid":"ecc23018-fd69-4d57-9a32-edaf73bf5114","artist":{"name":"Carbon Leaf","mbid":"d3fb1614-78fd-4555-9c68-f8b25add2de7"}},"uncorrectedTrack":{"name":"Grey Sky Eyes","mbid":"ecc23018-fd69-4d57-9a32-edaf73bf5114","artist":{"name":"Carbon Leaf","mbid":"d3fb1614-78fd-4555-9c68-f8b25add2de7"}},"album":{"name":"Indian Summer","mbid":"5552687e-8066-4108-998e-095da01c91af","artist":{"name":"Carbon Leaf","mbid":"d3fb1614-78fd-4555-9c68-f8b25add2de7"}}},{"timestamp":{"iso":"2008-02-29T20:42:35","unixtimestamp":1204317755},"track":{"name":"The Sea","mbid":"c5d8af98-47ec-443e-887c-48831f68fdcb","artist":{"name":"Carbon Leaf","mbid":"d3fb1614-78fd-4555-9c68-f8b25add2de7"}},"uncorrectedTrack":{"name":"The Sea","mbid":"c5d8af98-47ec-443e-887c-48831f68fdcb","artist":{"name":"Carbon Leaf","mbid":"d3fb1614-78fd-4555-9c68-f8b25add2de7"}},"album":{"name":"Indian Summer","mbid":"5552687e-8066-4108-998e-095da01c91af","artist":{"name":"Carbon Leaf","mbid":"d3fb1614-78fd-4555-9c68-f8b25add2de7"}}},{"timestamp":{"iso":"2008-02-29T20:49:45","unixtimestamp":1204318185},"track":{"name":"Love Hurts","mbid":"db66d389-1f0b-4f4e-80fe-4cd99a3da6dd","artist":{"name":"Incubus","mbid":"308aea66-5205-4344-b700-319a8dccaa43"}},"uncorrectedTrack":{"name":"Love Hurts","mbid":"db66d389-1f0b-4f4e-80fe-4cd99a3da6dd","artist":{"name":"Incubus","mbid":"308aea66-5205-4344-b700-319a8dccaa43"}},"album":{"name":"Light Grenades","mbid":"be313771-d713-4bb4-90c0-acbca6e4a169","artist":{"name":"Incubus","mbid":"308aea66-5205-4344-b700-319a8dccaa43"}}},{"timestamp":{"iso":"2008-02-29T20:53:38","unixtimestamp":1204318418},"track":{"name":"All My Loving","mbid":"09d61d99-a82d-461d-bbd8-117a301019b8","artist":{"name":"Jim Sturgess","mbid":"451f9db1-f75f-44f9-b218-f8bdf22035a1"}},"uncorrectedTrack":{"name":"All My Loving","artist":{"name":"Across The Universe Soundtrack"}}},{"timestamp":{"iso":"2008-02-29T20:56:06","unixtimestamp":1204318566},"track":{"name":"Orion","mbid":"79cf3d5a-824a-4ebf-a7a7-511ff22722d9","artist":{"name":"Rodrigo y Gabriela","mbid":"a8ed28e3-5c08-4448-b889-867483e251f5"}},"uncorrectedTrack":{"name":"Orion","mbid":"79cf3d5a-824a-4ebf-a7a7-511ff22722d9","artist":{"name":"Rodrigo y Gabriela","mbid":"a8ed28e3-5c08-4448-b889-867483e251f5"}},"album":{"name":"Rodrigo y Gabriela","mbid":"f6fb8aae-3d0d-482d-8af0-422fd9530733","artist":{"name":"Rodrigo y Gabriela","mbid":"a8ed28e3-5c08-4448-b889-867483e251f5"}}},{"timestamp":{"iso":"2008-02-29T21:03:45","unixtimestamp":1204319025},"track":{"name":"Winding Road","mbid":"31ef97d0-1ce6-4dda-a835-081ca0c73aa5","artist":{"name":"Bonnie Somerville","mbid":"938dc8cb-576e-43c4-b97b-312d374ddd10"}},"uncorrectedTrack":{"name":"Winding Road","mbid":"31ef97d0-1ce6-4dda-a835-081ca0c73aa5","artist":{"name":"Bonnie Somerville","mbid":"938dc8cb-576e-43c4-b97b-312d374ddd10"}},"album":{"name":"Garden State","mbid":"a5ed6698-384f-4d44-86b1-f1dd57b1c8c0","artist":{"name":"Various Artists","mbid":"023671ff-b1ad-4133-a4f3-aadaaadfd2e0"}}},{"timestamp":{"iso":"2008-02-29T21:07:08","unixtimestamp":1204319228},"track":{"name":"AM180","artist":{"name":"Grandaddy","mbid":"9d4c4835-c71a-4647-a4fc-263e26832cd0"}},"uncorrectedTrack":{"name":"AM180","artist":{"name":"Grandaddy","mbid":"9d4c4835-c71a-4647-a4fc-263e26832cd0"}}},{"timestamp":{"iso":"2008-02-29T21:10:24","unixtimestamp":1204319424},"track":{"name":"Painted On My Heart","mbid":"35088ba6-891a-417a-9e84-1516ec2e0696","artist":{"name":"The Cult","mbid":"8846e4ff-0c19-4af2-872b-7a8dc7497f68"}},"uncorrectedTrack":{"name":"Painted On My Heart","mbid":"35088ba6-891a-417a-9e84-1516ec2e0696","artist":{"name":"The Cult","mbid":"8846e4ff-0c19-4af2-872b-7a8dc7497f68"}}},{"timestamp":{"iso":"2008-02-29T21:14:47","unixtimestamp":1204319687},"track":{"name":"When I leave this world","artist":{"name":"Eddie Vedder","mbid":"1a60d6dd-9d3e-40fc-a66d-3184f9ee0d61"}},"uncorrectedTrack":{"name":"When I leave this world","artist":{"name":"Eddie Vedder","mbid":"1a60d6dd-9d3e-40fc-a66d-3184f9ee0d61"}},"album":{"name":"Into the Wild","mbid":"683bf534-5ce1-4818-be2d-38ddcd864eb3","artist":{"name":"Eddie Vedder","mbid":"1a60d6dd-9d3e-40fc-a66d-3184f9ee0d61"}}},{"timestamp":{"iso":"2008-02-29T21:18:00","unixtimestamp":1204319880},"track":{"name":"Are You Awake?","mbid":"626c2e9d-3bea-4616-81a3-5c06ac2ba1c6","artist":{"name":"Kevin Shields","mbid":"49b34ba3-46a2-40af-b6c0-6f1fab93af8b"}},"uncorrectedTrack":{"name":"Are You Awake?","mbid":"626c2e9d-3bea-4616-81a3-5c06ac2ba1c6","artist":{"name":"Kevin Shields","mbid":"49b34ba3-46a2-40af-b6c0-6f1fab93af8b"}},"album":{"name":"Lost in Translation","artist":{"name":"Kevin Shields","mbid":"49b34ba3-46a2-40af-b6c0-6f1fab93af8b"}}},{"timestamp":{"iso":"2008-02-29T21:19:30","unixtimestamp":1204319970},"track":{"name":"Le Disko","mbid":"9efcface-5c17-4495-9e32-5ea9479910af","artist":{"name":"Shiny Toy Guns","mbid":"ad61e25e-5516-41e1-b60d-744e8220986e"}},"uncorrectedTrack":{"name":"Le Disko","mbid":"9efcface-5c17-4495-9e32-5ea9479910af","artist":{"name":"Shiny Toy Guns","mbid":"ad61e25e-5516-41e1-b60d-744e8220986e"}},"album":{"name":"We Are Pilots","mbid":"197cb8a1-9502-49c0-9d86-3411afabeb22","artist":{"name":"Shiny Toy Guns","mbid":"ad61e25e-5516-41e1-b60d-744e8220986e"}}},{"timestamp":{"iso":"2008-02-29T21:22:57","unixtimestamp":1204320177},"track":{"name":"Hello Goodbye","artist":{"name":"The Beatles","mbid":"b10bbbfc-cf9e-42e0-be17-e2c3e1d2600d"}},"uncorrectedTrack":{"name":"Hello, Goodbye","mbid":"dac48c80-5345-4463-a20d-00abee6121f5","artist":{"name":"The Beatles","mbid":"b10bbbfc-cf9e-42e0-be17-e2c3e1d2600d"}},"album":{"name":"1967-1970 (disc 1)","artist":{"name":"The Beatles","mbid":"b10bbbfc-cf9e-42e0-be17-e2c3e1d2600d"}}},{"timestamp":{"iso":"2008-02-29T21:26:19","unixtimestamp":1204320379},"track":{"name":"A Poem on the Underground Wall","mbid":"6df3b03b-2320-419a-ac0e-b33b0e739cb5","artist":{"name":"Simon \u0026 Garfunkel","mbid":"5d02f264-e225-41ff-83f7-d9b1f0b1874a"}},"uncorrectedTrack":{"name":"A Poem on the Underground Wall","mbid":"6df3b03b-2320-419a-ac0e-b33b0e739cb5","artist":{"name":"Simon \u0026 Garfunkel","mbid":"5d02f264-e225-41ff-83f7-d9b1f0b1874a"}},"album":{"name":"Parsley, Sage, Rosemary And Thyme","mbid":"512b73d9-ff03-3e42-988a-c65db081476f","artist":{"name":"Simon \u0026 Garfunkel","mbid":"5d02f264-e225-41ff-83f7-d9b1f0b1874a"}}},{"timestamp":{"iso":"2008-02-29T21:28:06","unixtimestamp":1204320486},"track":{"name":"Phone Call","mbid":"a014bd4c-1cfb-411c-ba09-4aeb9ad47860","artist":{"name":"Jon Brion","mbid":"a32e4aac-1db8-4dc6-be34-a813c4530627"}},"uncorrectedTrack":{"name":"Phone Call","mbid":"a014bd4c-1cfb-411c-ba09-4aeb9ad47860","artist":{"name":"Jon Brion","mbid":"a32e4aac-1db8-4dc6-be34-a813c4530627"}}}]