[{"timestamp":{"iso":"2007-08-05T20:17:17","unixtimestamp":1186345037},"track":{"name":"Lobster Song","artist":{"name":"Lobster Guys"}},"uncorrectedTrack":{"name":"Lobster Song","artist":{"name":"Lobster Guys"}}},{"timestamp":{"iso":"2007-08-05T20:19:40","unixtimestamp":1186345180},"track":{"name":"Fresh","mbid":"ab1f0287-258f-4c8d-b3cc-cf16e40faab2","artist":{"name":"Daft Punk","mbid":"056e4f3e-d505-4dad-8ec1-d04f521cbb56"}},"uncorrectedTrack":{"name":"Fresh","mbid":"ab1f0287-258f-4c8d-b3cc-cf16e40faab2","artist":{"name":"Daft Punk","mbid":"056e4f3e-d505-4dad-8ec1-d04f521cbb56"}},"album":{"name":"Homework","mbid":"497f9acf-a695-332e-bc20-1c8745248550","artist":{"name":"Daft Punk","mbid":"056e4f3e-d505-4dad-8ec1-d04f521cbb56"}}},{"timestamp":{"iso":"2007-08-05T20:23:40","unixtimestamp":1186345420},"track":{"name":"Around the World","mbid":"588892fd-dd60-4997-bf20-9d8698074d22","artist":{"name":"Daft Punk","mbid":"056e4f3e-d505-4dad-8ec1-d04f521cbb56"}},"uncorrectedTrack":{"name":"Around the World","mbid":"588892fd-dd60-4997-bf20-9d8698074d22","artist":{"name":"Daft Punk","mbid":"056e4f3e-d505-4dad-8ec1-d04f521cbb56"}},"album":{"name":"Homework","mbid":"497f9acf-a695-332e-bc20-1c8745248550","artist":{"name":"Daft Punk","mbid":"056e4f3e-d505-4dad-8ec1-d04f521cbb56"}}},{"timestamp":{"iso":"2007-08-06T10:03:27","unixtimestamp":1186394607},"track":{"name":"Around the World","mbid":"588892fd-dd60-4997-bf20-9d8698074d22","artist":{"name":"Daft Punk","mbid":"056e4f3e-d505-4dad-8ec1-d04f521cbb56"}},"uncorrectedTrack":{"name":"Around the World","mbid":"588892fd-dd60-4997-bf20-9d8698074d22","artist":{"name":"Daft Punk","mbid":"056e4f3e-d505-4dad-8ec1-d04f521cbb56"}},"album":{"name":"Homework","mbid":"497f9acf-a695-332e-bc20-1c8745248550","artist":{"name":"Daft Punk","mbid":"056e4f3e-d505-4dad-8ec1-d04f521cbb56"}}},{"timestamp":{"iso":"2007-08-06T10:11:37","unixtimestamp":1186395097},"track":{"name":"Teachers","mbid":"3707ab0d-ff31-46a2-9056-d094bae44c3e","artist":{"name":"Daft Punk","mbid":"056e4f3e-d505-4dad-8ec1-d04f521cbb56"}},"uncorrectedTrack":{"name":"Teachers","mbid":"3707ab0d-ff31-46a2-9056-d094bae44c3e","artist":{"name":"Daft Punk","mbid":"056e4f3e-d505-4dad-8ec1-d04f521cbb56"}},"album":{"name":"Homework","mbid":"497f9acf-a695-332e-bc20-1c8745248550","artist":{"name":"Daft Punk","mbid":"056e4f3e-d505-4dad-8ec1-d04f521cbb56"}}},{"timestamp":{"iso":"2007-08-06T10:14:59","unixtimestamp":1186395299},"track":{"name":"High Fidelity","mbid":"eb86a8a6-66b5-40de-b5f7-60e492168f41","artist":{"name":"Daft Punk","mbid":"056e4f3e-d505-4dad-8ec1-d04f521cbb56"}},"uncorrectedTrack":{"name":"High Fidelity","mbid":"eb86a8a6-66b5-40de-b5f7-60e492168f41","artist":{"name":"Daft Punk","mbid":"056e4f3e-d505-4dad-8ec1-d04f521cbb56"}},"album":{"name":"Homework","mbid":"497f9acf-a695-332e-bc20-1c8745248550","artist":{"name":"Daft Punk","mbid":"056e4f3e-d505-4dad-8ec1-d04f521cbb56"}}},{"timestamp":{"iso":"2007-08-06T10:23:23","unixtimestamp":1186395803},"track":{"name":"Burnin\u0027","mbid":"f27ad590-403c-4dd2-9077-e2c934cfe1f7","artist":{"name":"Daft Punk","mbid":"056e4f3e-d505-4dad-8ec1-d04f521cbb56"}},"uncorrectedTrack":{"name":"Burnin\u0027","mbid":"f27ad590-403c-4dd2-9077-e2c934cfe1f7","artist":{"name":"Daft Punk","mbid":"056e4f3e-d505-4dad-8ec1-d04f521cbb56"}},"album":{"name":"Homework","mbid":"497f9acf-a695-332e-bc20-1c8745248550","artist":{"name":"Daft Punk","mbid":"056e4f3e-d505-4dad-8ec1-d04f521cbb56"}}},{"timestamp":{"iso":"2007-08-06T10:30:12","unixtimestamp":1186396212},"track":{"name":"Ino Silver Club","artist":{"name":"Daft Punk","mbid":"056e4f3e-d505-4dad-8ec1-d04f521cbb56"}},"uncorrectedTrack":{"name":"Ino Silver Club","artist":{"name":"Daft Punk","mbid":"056e4f3e-d505-4dad-8ec1-d04f521cbb56"}},"album":{"name":"Homework","mbid":"497f9acf-a695-332e-bc20-1c8745248550","artist":{"name":"Daft Punk","mbid":"056e4f3e-d505-4dad-8ec1-d04f521cbb56"}}},{"timestamp":{"iso":"2007-08-06T10:34:42","unixtimestamp":1186396482},"track":{"name":"Alive","mbid":"8e9b0e05-8072-4261-b930-d4b9f0a1702b","artist":{"name":"Daft Punk","mbid":"056e4f3e-d505-4dad-8ec1-d04f521cbb56"}},"uncorrectedTrack":{"name":"Alive","mbid":"8e9b0e05-8072-4261-b930-d4b9f0a1702b","artist":{"name":"Daft Punk","mbid":"056e4f3e-d505-4dad-8ec1-d04f521cbb56"}},"album":{"name":"Homework","mbid":"497f9acf-a695-332e-bc20-1c8745248550","artist":{"name":"Daft Punk","mbid":"056e4f3e-d505-4dad-8ec1-d04f521cbb56"}}},{"timestamp":{"iso":"2007-08-06T10:38:19","unixtimestamp":1186396699},"track":{"name":"Funk Ad","mbid":"c3892763-de92-4f2e-a891-27cd4a57b6fa","artist":{"name":"Daft Punk","mbid":"056e4f3e-d505-4dad-8ec1-d04f521cbb56"}},"uncorrectedTrack":{"name":"Funk Ad","mbid":"c3892763-de92-4f2e-a891-27cd4a57b6fa","artist":{"name":"Daft Punk","mbid":"056e4f3e-d505-4dad-8ec1-d04f521cbb56"}},"album":{"name":"Homework","mbid":"497f9acf-a695-332e-bc20-1c8745248550","artist":{"name":"Daft Punk","mbid":"056e4f3e-d505-4dad-8ec1-d04f521cbb56"}}},{"timestamp":{"iso":"2007-08-06T10:40:12","unixtimestamp":1186396812},"track":{"name":"The Winner Is","artist":{"name":"DeVotchKa","mbid":"a66cc38c-e6cd-4725-a8fd-7d32b998347f"}},"uncorrectedTrack":{"name":"The Winner Is","artist":{"name":"Danna/DeVotchKa"}}},{"timestamp":{"iso":"2007-08-06T10:42:12","unixtimestamp":1186396932},"track":{"name":"First Push","artist":{"name":"DeVotchKa","mbid":"a66cc38c-e6cd-4725-a8fd-7d32b998347f"}},"uncorrectedTrack":{"name":"First Push","artist":{"name":"Danna/DeVotchKa"}}},{"timestamp":{"iso":"2007-08-06T10:44:21","unixtimestamp":1186397061},"track":{"name":"Let\u0027s Go","artist":{"name":"DeVotchKa","mbid":"a66cc38c-e6cd-4725-a8fd-7d32b998347f"}},"uncorrectedTrack":{"name":"Let\u0027s Go","artist":{"name":"Danna/DeVotchKa"}}},{"timestamp":{"iso":"2007-08-06T10:46:34","unixtimestamp":1186397194},"track":{"name":"No One Gets Left Behind","artist":{"name":"DeVotchKa","mbid":"a66cc38c-e6cd-4725-a8fd-7d32b998347f"}},"uncorrectedTrack":{"name":"No One Gets Left Behind","artist":{"name":"Danna/DeVotchKa"}}},{"timestamp":{"iso":"2007-08-06T10:48:23","unixtimestamp":1186397303},"track":{"name":"We\u0027re Gonna Make It","artist":{"name":"DeVotchKa","mbid":"a66cc38c-e6cd-4725-a8fd-7d32b998347f"}},"uncorrectedTrack":{"name":"We\u0027re Gonna Make It","artist":{"name":"Danna/DeVotchKa"}}},{"timestamp":{"iso":"2007-08-06T10:50:17","unixtimestamp":1186397417},"track":{"name":"Do You Think There\u0027s A Heaven?","artist":{"name":"DeVotchKa","mbid":"a66cc38c-e6cd-4725-a8fd-7d32b998347f"}},"uncorrectedTrack":{"name":"Do You Think There\u0027s A Heaven?","artist":{"name":"Danna/DeVotchKa"}}},{"timestamp":{"iso":"2007-08-06T10:51:47","unixtimestamp":1186397507},"track":{"name":"Overture","mbid":"4792e936-030e-44bf-b1f7-53c62f64b415","artist":{"name":"Danny Elfman","mbid":"5b24fbab-c58f-4c37-a59d-ab232e2d98c4"}},"uncorrectedTrack":{"name":"Overture","mbid":"4792e936-030e-44bf-b1f7-53c62f64b415","artist":{"name":"Danny Elfman","mbid":"5b24fbab-c58f-4c37-a59d-ab232e2d98c4"}}},{"timestamp":{"iso":"2007-08-06T10:53:05","unixtimestamp":1186397585},"track":{"name":"Opening","mbid":"633ca993-741c-4e8e-a4bf-3c87a0e000af","artist":{"name":"Danny Elfman","mbid":"5b24fbab-c58f-4c37-a59d-ab232e2d98c4"}},"uncorrectedTrack":{"name":"Opening","mbid":"633ca993-741c-4e8e-a4bf-3c87a0e000af","artist":{"name":"Danny Elfman","mbid":"5b24fbab-c58f-4c37-a59d-ab232e2d98c4"}}},{"timestamp":{"iso":"2007-08-06T10:55:07","unixtimestamp":1186397707},"track":{"name":"This is Halloween","mbid":"5d2933f4-7482-41a9-bcab-037c18881e07","artist":{"name":"Danny Elfman","mbid":"5b24fbab-c58f-4c37-a59d-ab232e2d98c4"}},"uncorrectedTrack":{"name":"This is Halloween","mbid":"5d2933f4-7482-41a9-bcab-037c18881e07","artist":{"name":"Danny Elfman","mbid":"5b24fbab-c58f-4c37-a59d-ab232e2d98c4"}}},{"timestamp":{"iso":"2007-08-06T10:58:18","unixtimestamp":1186397898},"track":{"name":"Jack\u0027s Lament","mbid":"022bc2b8-d0ac-4069-b626-2e92cc947a38","artist":{"name":"Danny Elfman","mbid":"5b24fbab-c58f-4c37-a59d-ab232e2d98c4"}},"uncorrectedTrack":{"name":"Jack\u0027s Lament","mbid":"022bc2b8-d0ac-4069-b626-2e92cc947a38","artist":{"name":"Danny Elfman","mbid":"5b24fbab-c58f-4c37-a59d-ab232e2d98c4"}}},{"timestamp":{"iso":"2007-08-06T11:01:08","unixtimestamp":1186398068},"track":{"name":"Doctor Finkelstein - In The Forest","artist":{"name":"Danny Elfman","mbid":"5b24fbab-c58f-4c37-a59d-ab232e2d98c4"}},"uncorrectedTrack":{"name":"Doctor Finkelstein - In The Forest","artist":{"name":"Danny Elfman","mbid":"5b24fbab-c58f-4c37-a59d-ab232e2d98c4"}}},{"timestamp":{"iso":"2007-08-06T11:04:29","unixtimestamp":1186398269},"track":{"name":"This is Halloween","mbid":"5d2933f4-7482-41a9-bcab-037c18881e07","artist":{"name":"Danny Elfman","mbid":"5b24fbab-c58f-4c37-a59d-ab232e2d98c4"}},"uncorrectedTrack":{"name":"This is Halloween","mbid":"5d2933f4-7482-41a9-bcab-037c18881e07","artist":{"name":"Danny Elfman","mbid":"5b24fbab-c58f-4c37-a59d-ab232e2d98c4"}}},{"timestamp":{"iso":"2007-08-06T11:09:12","unixtimestamp":1186398552},"track":{"name":"Creep","mbid":"637bf876-d766-491c-8790-7e303e83282b","artist":{"name":"Radiohead","mbid":"a74b1b7f-71a5-4011-9441-d0b5e4122711"}},"uncorrectedTrack":{"name":"Creep","mbid":"637bf876-d766-491c-8790-7e303e83282b","artist":{"name":"Radiohead","mbid":"a74b1b7f-71a5-4011-9441-d0b5e4122711"}},"album":{"name":"Pablo Honey","mbid":"b1a9b282-7f04-4d14-9aea-bcd2b33e3156","artist":{"name":"Radiohead","mbid":"a74b1b7f-71a5-4011-9441-d0b5e4122711"}}},{"timestamp":{"iso":"2007-08-06T11:13:27","unixtimestamp":1186398807},"track":{"name":"Subterranean Homesick Alien","mbid":"3ce613fe-ded7-422b-abd8-d3531febb9f8","artist":{"name":"Radiohead","mbid":"a74b1b7f-71a5-4011-9441-d0b5e4122711"}},"uncorrectedTrack":{"name":"Subterranean Homesick Alien","mbid":"3ce613fe-ded7-422b-abd8-d3531febb9f8","artist":{"name":"Radiohead","mbid":"a74b1b7f-71a5-4011-9441-d0b5e4122711"}},"album":{"name":"OK Computer","mbid":"150a34e9-7495-4452-b5ae-094610c0d436","artist":{"name":"Radiohead","mbid":"a74b1b7f-71a5-4011-9441-d0b5e4122711"}}},{"timestamp":{"iso":"2007-08-06T11:18:19","unixtimestamp":1186399099},"track":{"name":"Karma Police","mbid":"3906a05e-fc47-4531-84e9-76aa94ee3f75","artist":{"name":"Radiohead","mbid":"a74b1b7f-71a5-4011-9441-d0b5e4122711"}},"uncorrectedTrack":{"name":"Karma Police","mbid":"3906a05e-fc47-4531-84e9-76aa94ee3f75","artist":{"name":"Radiohead","mbid":"a74b1b7f-71a5-4011-9441-d0b5e4122711"}},"album":{"name":"OK Computer","mbid":"150a34e9-7495-4452-b5ae-094610c0d436","artist":{"name":"Radiohead","mbid":"a74b1b7f-71a5-4011-9441-d0b5e4122711"}}},{"timestamp":{"iso":"2007-08-06T11:33:22","unixtimestamp":1186400002},"track":{"name":"Paranoid Android","mbid":"534e0d59-58a8-4594-aaab-847398098ff7","artist":{"name":"Radiohead","mbid":"a74b1b7f-71a5-4011-9441-d0b5e4122711"}},"uncorrectedTrack":{"name":"Paranoid Android","mbid":"534e0d59-58a8-4594-aaab-847398098ff7","artist":{"name":"Radiohead","mbid":"a74b1b7f-71a5-4011-9441-d0b5e4122711"}},"album":{"name":"OK Computer","mbid":"150a34e9-7495-4452-b5ae-094610c0d436","artist":{"name":"Radiohead","mbid":"a74b1b7f-71a5-4011-9441-d0b5e4122711"}}},{"timestamp":{"iso":"2007-08-09T04:47:42","unixtimestamp":1186634862},"track":{"name":"Chasing Cars","mbid":"6bfd2a3c-9345-4a41-97fd-b4e9e685a82a","artist":{"name":"Snow Patrol","mbid":"a66999a7-ae5c-460e-ba94-1a01143ae847"}},"uncorrectedTrack":{"name":"Chasing Cars","mbid":"6bfd2a3c-9345-4a41-97fd-b4e9e685a82a","artist":{"name":"Snow Patrol","mbid":"a66999a7-ae5c-460e-ba94-1a01143ae847"}},"album":{"name":"Eyes Open","mbid":"4c559eb6-27c5-37ae-8552-21d78eb0debe","artist":{"name":"Snow Patrol","mbid":"a66999a7-ae5c-460e-ba94-1a01143ae847"}}},{"timestamp":{"iso":"2007-08-09T04:53:28","unixtimestamp":1186635208},"track":{"name":"She\u0027s Got Issues","mbid":"203a82ea-cf5d-4b5e-9c37-12499f04641f","artist":{"name":"The Offspring","mbid":"23a03e33-a603-404e-bcbf-2c00159d7067"}},"uncorrectedTrack":{"name":"She\u0027s Got Issues","mbid":"203a82ea-cf5d-4b5e-9c37-12499f04641f","artist":{"name":"The Offspring","mbid":"23a03e33-a603-404e-bcbf-2c00159d7067"}},"album":{"name":"Americana","mbid":"7d58c466-b66f-3993-8f49-ec134ba8a867","artist":{"name":"The Offspring","mbid":"23a03e33-a603-404e-bcbf-2c00159d7067"}}},{"timestamp":{"iso":"2007-08-09T04:56:24","unixtimestamp":1186635384},"track":{"name":"Staring at the Sun","mbid":"f9c10e8b-6a51-4747-869c-e7148384aff4","artist":{"name":"The Offspring","mbid":"23a03e33-a603-404e-bcbf-2c00159d7067"}},"uncorrectedTrack":{"name":"Staring at the Sun","mbid":"f9c10e8b-6a51-4747-869c-e7148384aff4","artist":{"name":"The Offspring","mbid":"23a03e33-a603-404e-bcbf-2c00159d7067"}},"album":{"name":"Americana","mbid":"7d58c466-b66f-3993-8f49-ec134ba8a867","artist":{"name":"The Offspring","mbid":"23a03e33-a603-404e-bcbf-2c00159d7067"}}},{"timestamp":{"iso":"2007-08-09T04:58:56","unixtimestamp":1186635536},"track":{"name":"The Kids Aren\u0027t Alright","mbid":"07391e69-0790-4c2f-af4d-e10343fd7b3c","artist":{"name":"The Offspring","mbid":"23a03e33-a603-404e-bcbf-2c00159d7067"}},"uncorrectedTrack":{"name":"The Kids Aren\u0027t Alright","mbid":"07391e69-0790-4c2f-af4d-e10343fd7b3c","artist":{"name":"The Offspring","mbid":"23a03e33-a603-404e-bcbf-2c00159d7067"}},"album":{"name":"Americana","mbid":"7d58c466-b66f-3993-8f49-ec134ba8a867","artist":{"name":"The Offspring","mbid":"23a03e33-a603-404e-bcbf-2c00159d7067"}}},{"timestamp":{"iso":"2007-08-09T05:01:45","unixtimestamp":1186635705},"track":{"name":"Come Out Swinging","mbid":"2f0c6679-3bc8-4bc9-a80f-d98083f1bc34","artist":{"name":"The Offspring","mbid":"23a03e33-a603-404e-bcbf-2c00159d7067"}},"uncorrectedTrack":{"name":"Come Out Swinging","mbid":"2f0c6679-3bc8-4bc9-a80f-d98083f1bc34","artist":{"name":"The Offspring","mbid":"23a03e33-a603-404e-bcbf-2c00159d7067"}},"album":{"name":"Conspiracy of One","mbid":"190c3c88-9867-4072-bc4a-83266c677730","artist":{"name":"The Offspring","mbid":"23a03e33-a603-404e-bcbf-2c00159d7067"}}},{"timestamp":{"iso":"2007-08-09T05:04:08","unixtimestamp":1186635848},"track":{"name":"Gone Away","mbid":"8cdf511b-34fb-4c81-8a85-15afca44648d","artist":{"name":"The Offspring","mbid":"23a03e33-a603-404e-bcbf-2c00159d7067"}},"uncorrectedTrack":{"name":"Gone Away","mbid":"8cdf511b-34fb-4c81-8a85-15afca44648d","artist":{"name":"The Offspring","mbid":"23a03e33-a603-404e-bcbf-2c00159d7067"}}},{"timestamp":{"iso":"2007-08-09T05:08:23","unixtimestamp":1186636103},"track":{"name":"Original Prankster","mbid":"07933833-f6df-45eb-80ab-870e1d19b151","artist":{"name":"The Offspring","mbid":"23a03e33-a603-404e-bcbf-2c00159d7067"}},"uncorrectedTrack":{"name":"Original Prankster","mbid":"07933833-f6df-45eb-80ab-870e1d19b151","artist":{"name":"The Offspring","mbid":"23a03e33-a603-404e-bcbf-2c00159d7067"}},"album":{"name":"Original Prankster","mbid":"1dba111f-761c-480b-9ed7-008d39a43b4d","artist":{"name":"The Offspring","mbid":"23a03e33-a603-404e-bcbf-2c00159d7067"}}},{"timestamp":{"iso":"2007-08-09T05:11:19","unixtimestamp":1186636279},"track":{"name":"I Wanna Be Sedated","mbid":"31497042-871e-474e-a2dc-b156ff17d032","artist":{"name":"The Offspring","mbid":"23a03e33-a603-404e-bcbf-2c00159d7067"}},"uncorrectedTrack":{"name":"I Wanna Be Sedated","mbid":"31497042-871e-474e-a2dc-b156ff17d032","artist":{"name":"The Offspring","mbid":"23a03e33-a603-404e-bcbf-2c00159d7067"}}},{"timestamp":{"iso":"2007-08-09T05:15:39","unixtimestamp":1186636539},"track":{"name":"Spare Me the Details","mbid":"8b3d3ecc-662c-45d1-9e53-03a732ead282","artist":{"name":"The Offspring","mbid":"23a03e33-a603-404e-bcbf-2c00159d7067"}},"uncorrectedTrack":{"name":"Spare Me the Details","mbid":"8b3d3ecc-662c-45d1-9e53-03a732ead282","artist":{"name":"The Offspring","mbid":"23a03e33-a603-404e-bcbf-2c00159d7067"}},"album":{"name":"Splinter","mbid":"76515c05-662e-39e0-8a91-ca383ce2b4b9","artist":{"name":"The Offspring","mbid":"23a03e33-a603-404e-bcbf-2c00159d7067"}}},{"timestamp":{"iso":"2007-08-09T05:19:12","unixtimestamp":1186636752},"track":{"name":"(Can\u0027t Get My) Head Around You","mbid":"f1ae88e2-858a-41c4-8940-56b5d8d9ab97","artist":{"name":"The Offspring","mbid":"23a03e33-a603-404e-bcbf-2c00159d7067"}},"uncorrectedTrack":{"name":"Can\u0027t Get My Head Around You","artist":{"name":"The Offspring","mbid":"23a03e33-a603-404e-bcbf-2c00159d7067"}},"album":{"name":"Splinter","mbid":"76515c05-662e-39e0-8a91-ca383ce2b4b9","artist":{"name":"The Offspring","mbid":"23a03e33-a603-404e-bcbf-2c00159d7067"}}},{"timestamp":{"iso":"2007-08-09T05:23:02","unixtimestamp":1186636982},"track":{"name":"Complainte De La Butte","mbid":"1213e830-0aa3-4b9f-b7cd-b3047c2c96ec","artist":{"name":"Rufus Wainwright","mbid":"78e46ae5-9bfd-433b-be3f-19e993d67ecc"}},"uncorrectedTrack":{"name":"Complainte De La Butte","mbid":"1213e830-0aa3-4b9f-b7cd-b3047c2c96ec","artist":{"name":"Rufus Wainwright","mbid":"78e46ae5-9bfd-433b-be3f-19e993d67ecc"}},"album":{"name":"Moulin Rouge","artist":{"name":"Various Artists","mbid":"023671ff-b1ad-4133-a4f3-aadaaadfd2e0"}}},{"timestamp":{"iso":"2007-08-09T05:27:18","unixtimestamp":1186637238},"track":{"name":"Blue Eyes","mbid":"12851fd6-de14-4e52-8520-8a829ed75d00","artist":{"name":"Cary Brothers","mbid":"43968c1e-dc13-4559-9568-de8372513377"}},"uncorrectedTrack":{"name":"Blue Eyes","mbid":"12851fd6-de14-4e52-8520-8a829ed75d00","artist":{"name":"Cary Brothers","mbid":"43968c1e-dc13-4559-9568-de8372513377"}},"album":{"name":"Garden State","mbid":"a5ed6698-384f-4d44-86b1-f1dd57b1c8c0","artist":{"name":"Various Artists","mbid":"023671ff-b1ad-4133-a4f3-aadaaadfd2e0"}}},{"timestamp":{"iso":"2007-08-09T05:31:54","unixtimestamp":1186637514},"track":{"name":"Fresh","mbid":"ab1f0287-258f-4c8d-b3cc-cf16e40faab2","artist":{"name":"Daft Punk","mbid":"056e4f3e-d505-4dad-8ec1-d04f521cbb56"}},"uncorrectedTrack":{"name":"Fresh","mbid":"ab1f0287-258f-4c8d-b3cc-cf16e40faab2","artist":{"name":"Daft Punk","mbid":"056e4f3e-d505-4dad-8ec1-d04f521cbb56"}},"album":{"name":"Homework","mbid":"497f9acf-a695-332e-bc20-1c8745248550","artist":{"name":"Daft Punk","mbid":"056e4f3e-d505-4dad-8ec1-d04f521cbb56"}}},{"timestamp":{"iso":"2007-08-09T05:36:27","unixtimestamp":1186637787},"track":{"name":"Around the World","mbid":"588892fd-dd60-4997-bf20-9d8698074d22","artist":{"name":"Daft Punk","mbid":"056e4f3e-d505-4dad-8ec1-d04f521cbb56"}},"uncorrectedTrack":{"name":"Around the World","mbid":"588892fd-dd60-4997-bf20-9d8698074d22","artist":{"name":"Daft Punk","mbid":"056e4f3e-d505-4dad-8ec1-d04f521cbb56"}},"album":{"name":"Homework","mbid":"497f9acf-a695-332e-bc20-1c8745248550","artist":{"name":"Daft Punk","mbid":"056e4f3e-d505-4dad-8ec1-d04f521cbb56"}}},{"timestamp":{"iso":"2007-08-09T05:45:57","unixtimestamp":1186638357},"track":{"name":"Oh Yeah","mbid":"5679f4b9-45b6-43cd-8a39-440d1815fd61","artist":{"name":"Daft Punk","mbid":"056e4f3e-d505-4dad-8ec1-d04f521cbb56"}},"uncorrectedTrack":{"name":"Oh Yeah","mbid":"5679f4b9-45b6-43cd-8a39-440d1815fd61","artist":{"name":"Daft Punk","mbid":"056e4f3e-d505-4dad-8ec1-d04f521cbb56"}},"album":{"name":"Homework","mbid":"497f9acf-a695-332e-bc20-1c8745248550","artist":{"name":"Daft Punk","mbid":"056e4f3e-d505-4dad-8ec1-d04f521cbb56"}}},{"timestamp":{"iso":"2007-08-09T05:57:04","unixtimestamp":1186639024},"track":{"name":"Can\u0027t Take My Eyes Off You","mbid":"4351e1b1-72d7-4338-a2ad-d9cf4f438478","artist":{"name":"Muse","mbid":"1695c115-bf3f-4014-9966-2b0c50179193"}},"uncorrectedTrack":{"name":"Can\u0027t Take My Eyes Off You","mbid":"4351e1b1-72d7-4338-a2ad-d9cf4f438478","artist":{"name":"Muse","mbid":"1695c115-bf3f-4014-9966-2b0c50179193"}}},{"timestamp":{"iso":"2007-08-09T06:02:24","unixtimestamp":1186639344},"track":{"name":"Eye in the Sky","mbid":"333f5da8-9569-43f6-9636-65c65818749d","artist":{"name":"The Alan Parsons Project","mbid":"f98711e5-06f7-43ed-8239-da0f61a9c460"}},"uncorrectedTrack":{"name":"Eye in the Sky","mbid":"333f5da8-9569-43f6-9636-65c65818749d","artist":{"name":"The Alan Parsons Project","mbid":"f98711e5-06f7-43ed-8239-da0f61a9c460"}},"album":{"name":"Eye In The Sky","mbid":"17883e47-5955-4be9-99c0-45b5a83da802","artist":{"name":"The Alan Parsons Project","mbid":"f98711e5-06f7-43ed-8239-da0f61a9c460"}}},{"timestamp":{"iso":"2007-08-09T06:08:31","unixtimestamp":1186639711},"track":{"name":"We Will Become Silhouttes","artist":{"name":"The Postal Service","mbid":"299278d3-25dd-4f30-bae4-5b571c28034d"}},"uncorrectedTrack":{"name":"We Will Become Silhouttes","artist":{"name":"The Postal Service","mbid":"299278d3-25dd-4f30-bae4-5b571c28034d"}}},{"timestamp":{"iso":"2007-08-09T06:11:57","unixtimestamp":1186639917},"track":{"name":"Take a Look at Me","artist":{"name":"The Postal Service","mbid":"299278d3-25dd-4f30-bae4-5b571c28034d"}},"uncorrectedTrack":{"name":"Take a Look at Me","artist":{"name":"The Postal Service","mbid":"299278d3-25dd-4f30-bae4-5b571c28034d"}}},{"timestamp":{"iso":"2007-08-09T06:16:06","unixtimestamp":1186640166},"track":{"name":"Brand New Colony","mbid":"199b3b15-1094-4a18-a239-aeb8e5172d13","artist":{"name":"The Postal Service","mbid":"299278d3-25dd-4f30-bae4-5b571c28034d"}},"uncorrectedTrack":{"name":"Brand New Colony","mbid":"199b3b15-1094-4a18-a239-aeb8e5172d13","artist":{"name":"The Postal Service","mbid":"299278d3-25dd-4f30-bae4-5b571c28034d"}}},{"timestamp":{"iso":"2007-08-09T06:20:14","unixtimestamp":1186640414},"track":{"name":"The District Sleeps Alone Tonight","mbid":"06146e98-9abd-4226-a167-ae75ea586694","artist":{"name":"The Postal Service","mbid":"299278d3-25dd-4f30-bae4-5b571c28034d"}},"uncorrectedTrack":{"name":"The District Sleeps Alone Tonight","mbid":"06146e98-9abd-4226-a167-ae75ea586694","artist":{"name":"The Postal Service","mbid":"299278d3-25dd-4f30-bae4-5b571c28034d"}}},{"timestamp":{"iso":"2007-08-09T06:24:54","unixtimestamp":1186640694},"track":{"name":"Such Great Heights","mbid":"2f6e0e07-c7c1-4932-9a77-5c2c48289016","artist":{"name":"The Postal Service","mbid":"299278d3-25dd-4f30-bae4-5b571c28034d"}},"uncorrectedTrack":{"name":"Such Great Heights","mbid":"2f6e0e07-c7c1-4932-9a77-5c2c48289016","artist":{"name":"The Postal Service","mbid":"299278d3-25dd-4f30-bae4-5b571c28034d"}}},{"timestamp":{"iso":"2007-08-09T06:29:02","unixtimestamp":1186640942},"track":{"name":"In Due Time","artist":{"name":"The Postal Service","mbid":"299278d3-25dd-4f30-bae4-5b571c28034d"}},"uncorrectedTrack":{"name":"In Due Time","artist":{"name":"The Postal Service","mbid":"299278d3-25dd-4f30-bae4-5b571c28034d"}}},{"timestamp":{"iso":"2007-08-09T06:32:44","unixtimestamp":1186641164},"track":{"name":"The District Sleeps Alone Tonight","mbid":"06146e98-9abd-4226-a167-ae75ea586694","artist":{"name":"The Postal Service","mbid":"299278d3-25dd-4f30-bae4-5b571c28034d"}},"uncorrectedTrack":{"name":"The District Sleeps Alone Tonight","mbid":"06146e98-9abd-4226-a167-ae75ea586694","artist":{"name":"The Postal Service","mbid":"299278d3-25dd-4f30-bae4-5b571c28034d"}},"album":{"name":"Give Up","mbid":"5c05ea01-2f18-454b-9293-4e550439fe33","artist":{"name":"The Postal Service","mbid":"299278d3-25dd-4f30-bae4-5b571c28034d"}}},{"timestamp":{"iso":"2007-08-09T06:37:24","unixtimestamp":1186641444},"track":{"name":"Such Great Heights","mbid":"2f6e0e07-c7c1-4932-9a77-5c2c48289016","artist":{"name":"The Postal Service","mbid":"299278d3-25dd-4f30-bae4-5b571c28034d"}},"uncorrectedTrack":{"name":"Such Great Heights","mbid":"2f6e0e07-c7c1-4932-9a77-5c2c48289016","artist":{"name":"The Postal Service","mbid":"299278d3-25dd-4f30-bae4-5b571c28034d"}},"album":{"name":"Give Up","mbid":"5c05ea01-2f18-454b-9293-4e550439fe33","artist":{"name":"The Postal Service","mbid":"299278d3-25dd-4f30-bae4-5b571c28034d"}}},{"timestamp":{"iso":"2007-08-09T06:41:45","unixtimestamp":1186641705},"track":{"name":"Nothing Better","mbid":"24a9876c-491b-476a-a4ca-9fb1f70e054a","artist":{"name":"The Postal Service","mbid":"299278d3-25dd-4f30-bae4-5b571c28034d"}},"uncorrectedTrack":{"name":"Nothing Better","mbid":"24a9876c-491b-476a-a4ca-9fb1f70e054a","artist":{"name":"The Postal Service","mbid":"299278d3-25dd-4f30-bae4-5b571c28034d"}},"album":{"name":"Give Up","mbid":"5c05ea01-2f18-454b-9293-4e550439fe33","artist":{"name":"The Postal Service","mbid":"299278d3-25dd-4f30-bae4-5b571c28034d"}}},{"timestamp":{"iso":"2007-08-09T06:45:33","unixtimestamp":1186641933},"track":{"name":"Recycled Air","mbid":"17b836fe-05d2-4c0d-9312-878050d84f15","artist":{"name":"The Postal Service","mbid":"299278d3-25dd-4f30-bae4-5b571c28034d"}},"uncorrectedTrack":{"name":"Recycled Air","mbid":"17b836fe-05d2-4c0d-9312-878050d84f15","artist":{"name":"The Postal Service","mbid":"299278d3-25dd-4f30-bae4-5b571c28034d"}},"album":{"name":"Give Up","mbid":"5c05ea01-2f18-454b-9293-4e550439fe33","artist":{"name":"The Postal Service","mbid":"299278d3-25dd-4f30-bae4-5b571c28034d"}}},{"timestamp":{"iso":"2007-08-09T06:49:58","unixtimestamp":1186642198},"track":{"name":"Clark Gable","mbid":"085c9958-9db4-48d3-a6f4-f44e832144f5","artist":{"name":"The Postal Service","mbid":"299278d3-25dd-4f30-bae4-5b571c28034d"}},"uncorrectedTrack":{"name":"Clark Gable","mbid":"085c9958-9db4-48d3-a6f4-f44e832144f5","artist":{"name":"The Postal Service","mbid":"299278d3-25dd-4f30-bae4-5b571c28034d"}},"album":{"name":"Give Up","mbid":"5c05ea01-2f18-454b-9293-4e550439fe33","artist":{"name":"The Postal Service","mbid":"299278d3-25dd-4f30-bae4-5b571c28034d"}}},{"timestamp":{"iso":"2007-08-09T06:54:48","unixtimestamp":1186642488},"track":{"name":"We Will Become Silhouettes (Alternate Version)","artist":{"name":"The Postal Service","mbid":"299278d3-25dd-4f30-bae4-5b571c28034d"}},"uncorrectedTrack":{"name":"We Will Become Silhouettes (Alternate Version)","artist":{"name":"The Postal Service","mbid":"299278d3-25dd-4f30-bae4-5b571c28034d"}},"album":{"name":"Give Up","mbid":"5c05ea01-2f18-454b-9293-4e550439fe33","artist":{"name":"The Postal Service","mbid":"299278d3-25dd-4f30-bae4-5b571c28034d"}}},{"timestamp":{"iso":"2007-08-09T07:00:11","unixtimestamp":1186642811},"track":{"name":"Brand New Colony","mbid":"199b3b15-1094-4a18-a239-aeb8e5172d13","artist":{"name":"The Postal Service","mbid":"299278d3-25dd-4f30-bae4-5b571c28034d"}},"uncorrectedTrack":{"name":"Brand New Colony","mbid":"199b3b15-1094-4a18-a239-aeb8e5172d13","artist":{"name":"The Postal Service","mbid":"299278d3-25dd-4f30-bae4-5b571c28034d"}},"album":{"name":"Give Up","mbid":"5c05ea01-2f18-454b-9293-4e550439fe33","artist":{"name":"The Postal Service","mbid":"299278d3-25dd-4f30-bae4-5b571c28034d"}}},{"timestamp":{"iso":"2007-08-09T07:04:40","unixtimestamp":1186643080},"track":{"name":"Packt Like Sardines in a Crushd Tin Box","mbid":"91960108-a251-48fb-a6b7-0587926a7549","artist":{"name":"Radiohead","mbid":"a74b1b7f-71a5-4011-9441-d0b5e4122711"}},"uncorrectedTrack":{"name":"Packt Like Sardines in a Crushd Tin Box","mbid":"91960108-a251-48fb-a6b7-0587926a7549","artist":{"name":"Radiohead","mbid":"a74b1b7f-71a5-4011-9441-d0b5e4122711"}},"album":{"name":"Amnesiac","mbid":"8fdf5ccd-98d2-3283-a6c3-498871addaf6","artist":{"name":"Radiohead","mbid":"a74b1b7f-71a5-4011-9441-d0b5e4122711"}}},{"timestamp":{"iso":"2007-08-09T07:08:36","unixtimestamp":1186643316},"track":{"name":"Pyramid Song","mbid":"d9be1e05-bf19-4ace-b3ab-2d7f6522dbdb","artist":{"name":"Radiohead","mbid":"a74b1b7f-71a5-4011-9441-d0b5e4122711"}},"uncorrectedTrack":{"name":"Pyramid Song","mbid":"d9be1e05-bf19-4ace-b3ab-2d7f6522dbdb","artist":{"name":"Radiohead","mbid":"a74b1b7f-71a5-4011-9441-d0b5e4122711"}},"album":{"name":"Amnesiac","mbid":"8fdf5ccd-98d2-3283-a6c3-498871addaf6","artist":{"name":"Radiohead","mbid":"a74b1b7f-71a5-4011-9441-d0b5e4122711"}}},{"timestamp":{"iso":"2007-08-09T07:29:08","unixtimestamp":1186644548},"track":{"name":"You and Whose Army?","mbid":"839b6d60-8c7d-4dab-99de-e5fbe9348bba","artist":{"name":"Radiohead","mbid":"a74b1b7f-71a5-4011-9441-d0b5e4122711"}},"uncorrectedTrack":{"name":"You and Whose Army?","mbid":"839b6d60-8c7d-4dab-99de-e5fbe9348bba","artist":{"name":"Radiohead","mbid":"a74b1b7f-71a5-4011-9441-d0b5e4122711"}},"album":{"name":"Amnesiac","mbid":"8fdf5ccd-98d2-3283-a6c3-498871addaf6","artist":{"name":"Radiohead","mbid":"a74b1b7f-71a5-4011-9441-d0b5e4122711"}}},{"timestamp":{"iso":"2007-08-09T07:32:39","unixtimestamp":1186644759},"track":{"name":"I Might Be Wrong","mbid":"1bf59297-2c98-4a70-9459-31b560e2934d","artist":{"name":"Radiohead","mbid":"a74b1b7f-71a5-4011-9441-d0b5e4122711"}},"uncorrectedTrack":{"name":"I Might Be Wrong","mbid":"1bf59297-2c98-4a70-9459-31b560e2934d","artist":{"name":"Radiohead","mbid":"a74b1b7f-71a5-4011-9441-d0b5e4122711"}},"album":{"name":"Amnesiac","mbid":"8fdf5ccd-98d2-3283-a6c3-498871addaf6","artist":{"name":"Radiohead","mbid":"a74b1b7f-71a5-4011-9441-d0b5e4122711"}}},{"timestamp":{"iso":"2007-08-09T07:37:28","unixtimestamp":1186645048},"track":{"name":"Knives Out","mbid":"ac042cb6-c6e4-49f3-8756-4219721208b9","artist":{"name":"Radiohead","mbid":"a74b1b7f-71a5-4011-9441-d0b5e4122711"}},"uncorrectedTrack":{"name":"Knives Out","mbid":"ac042cb6-c6e4-49f3-8756-4219721208b9","artist":{"name":"Radiohead","mbid":"a74b1b7f-71a5-4011-9441-d0b5e4122711"}},"album":{"name":"Amnesiac","mbid":"8fdf5ccd-98d2-3283-a6c3-498871addaf6","artist":{"name":"Radiohead","mbid":"a74b1b7f-71a5-4011-9441-d0b5e4122711"}}},{"timestamp":{"iso":"2007-08-09T07:41:15","unixtimestamp":1186645275},"track":{"name":"Morning Bell/Amnesiac","mbid":"50d5c3f8-03d6-4d9f-a38c-5421b1c5d348","artist":{"name":"Radiohead","mbid":"a74b1b7f-71a5-4011-9441-d0b5e4122711"}},"uncorrectedTrack":{"name":"Morning Bell/Amnesiac","mbid":"50d5c3f8-03d6-4d9f-a38c-5421b1c5d348","artist":{"name":"Radiohead","mbid":"a74b1b7f-71a5-4011-9441-d0b5e4122711"}},"album":{"name":"Amnesiac","mbid":"8fdf5ccd-98d2-3283-a6c3-498871addaf6","artist":{"name":"Radiohead","mbid":"a74b1b7f-71a5-4011-9441-d0b5e4122711"}}},{"timestamp":{"iso":"2007-08-09T07:44:48","unixtimestamp":1186645488},"track":{"name":"Dollars \u0026 Cents","mbid":"001f0047-7891-4901-8f4b-2dab703da4f4","artist":{"name":"Radiohead","mbid":"a74b1b7f-71a5-4011-9441-d0b5e4122711"}},"uncorrectedTrack":{"name":"Dollars \u0026 Cents","mbid":"001f0047-7891-4901-8f4b-2dab703da4f4","artist":{"name":"Radiohead","mbid":"a74b1b7f-71a5-4011-9441-d0b5e4122711"}},"album":{"name":"Amnesiac","mbid":"8fdf5ccd-98d2-3283-a6c3-498871addaf6","artist":{"name":"Radiohead","mbid":"a74b1b7f-71a5-4011-9441-d0b5e4122711"}}},{"timestamp":{"iso":"2007-08-09T07:48:36","unixtimestamp":1186645716},"track":{"name":"Hunting Bears","mbid":"b5dd28ac-0a1e-45cb-b4ad-a9aefe7ee167","artist":{"name":"Radiohead","mbid":"a74b1b7f-71a5-4011-9441-d0b5e4122711"}},"uncorrectedTrack":{"name":"Hunting Bears","mbid":"b5dd28ac-0a1e-45cb-b4ad-a9aefe7ee167","artist":{"name":"Radiohead","mbid":"a74b1b7f-71a5-4011-9441-d0b5e4122711"}},"album":{"name":"Amnesiac","mbid":"8fdf5ccd-98d2-3283-a6c3-498871addaf6","artist":{"name":"Radiohead","mbid":"a74b1b7f-71a5-4011-9441-d0b5e4122711"}}},{"timestamp":{"iso":"2007-08-09T07:51:30","unixtimestamp":1186645890},"track":{"name":"Like Spinning Plates","mbid":"e311d08e-a00e-4bfe-975c-f6d928ae3dff","artist":{"name":"Radiohead","mbid":"a74b1b7f-71a5-4011-9441-d0b5e4122711"}},"uncorrectedTrack":{"name":"Like Spinning Plates","mbid":"e311d08e-a00e-4bfe-975c-f6d928ae3dff","artist":{"name":"Radiohead","mbid":"a74b1b7f-71a5-4011-9441-d0b5e4122711"}},"album":{"name":"Amnesiac","mbid":"8fdf5ccd-98d2-3283-a6c3-498871addaf6","artist":{"name":"Radiohead","mbid":"a74b1b7f-71a5-4011-9441-d0b5e4122711"}}},{"timestamp":{"iso":"2007-08-09T07:57:03","unixtimestamp":1186646223},"track":{"name":"Karma Police","mbid":"3906a05e-fc47-4531-84e9-76aa94ee3f75","artist":{"name":"Radiohead","mbid":"a74b1b7f-71a5-4011-9441-d0b5e4122711"}},"uncorrectedTrack":{"name":"Karma Police","mbid":"3906a05e-fc47-4531-84e9-76aa94ee3f75","artist":{"name":"Radiohead","mbid":"a74b1b7f-71a5-4011-9441-d0b5e4122711"}},"album":{"name":"OK Computer","mbid":"150a34e9-7495-4452-b5ae-094610c0d436","artist":{"name":"Radiohead","mbid":"a74b1b7f-71a5-4011-9441-d0b5e4122711"}}},{"timestamp":{"iso":"2007-08-09T08:01:14","unixtimestamp":1186646474},"track":{"name":"No Surprises","mbid":"ec951c67-fd69-4d6a-b684-962c1dcaae32","artist":{"name":"Radiohead","mbid":"a74b1b7f-71a5-4011-9441-d0b5e4122711"}},"uncorrectedTrack":{"name":"No Surprises","mbid":"ec951c67-fd69-4d6a-b684-962c1dcaae32","artist":{"name":"Radiohead","mbid":"a74b1b7f-71a5-4011-9441-d0b5e4122711"}},"album":{"name":"OK Computer","mbid":"150a34e9-7495-4452-b5ae-094610c0d436","artist":{"name":"Radiohead","mbid":"a74b1b7f-71a5-4011-9441-d0b5e4122711"}}},{"timestamp":{"iso":"2007-08-09T08:05:04","unixtimestamp":1186646704},"track":{"name":"Paranoid Android","mbid":"534e0d59-58a8-4594-aaab-847398098ff7","artist":{"name":"Radiohead","mbid":"a74b1b7f-71a5-4011-9441-d0b5e4122711"}},"uncorrectedTrack":{"name":"Paranoid Android","mbid":"534e0d59-58a8-4594-aaab-847398098ff7","artist":{"name":"Radiohead","mbid":"a74b1b7f-71a5-4011-9441-d0b5e4122711"}},"album":{"name":"OK Computer","mbid":"150a34e9-7495-4452-b5ae-094610c0d436","artist":{"name":"Radiohead","mbid":"a74b1b7f-71a5-4011-9441-d0b5e4122711"}}},{"timestamp":{"iso":"2007-08-09T08:11:23","unixtimestamp":1186647083},"track":{"name":"Airbag","mbid":"e6db6e85-c0ce-4b70-97e0-bf212d5fc4a1","artist":{"name":"Radiohead","mbid":"a74b1b7f-71a5-4011-9441-d0b5e4122711"}},"uncorrectedTrack":{"name":"Airbag","mbid":"e6db6e85-c0ce-4b70-97e0-bf212d5fc4a1","artist":{"name":"Radiohead","mbid":"a74b1b7f-71a5-4011-9441-d0b5e4122711"}},"album":{"name":"OK Computer","mbid":"150a34e9-7495-4452-b5ae-094610c0d436","artist":{"name":"Radiohead","mbid":"a74b1b7f-71a5-4011-9441-d0b5e4122711"}}},{"timestamp":{"iso":"2007-08-09T08:16:03","unixtimestamp":1186647363},"track":{"name":"Subterranean Homesick Alien","mbid":"3ce613fe-ded7-422b-abd8-d3531febb9f8","artist":{"name":"Radiohead","mbid":"a74b1b7f-71a5-4011-9441-d0b5e4122711"}},"uncorrectedTrack":{"name":"Subterranean Homesick Alien","mbid":"3ce613fe-ded7-422b-abd8-d3531febb9f8","artist":{"name":"Radiohead","mbid":"a74b1b7f-71a5-4011-9441-d0b5e4122711"}},"album":{"name":"OK Computer","mbid":"150a34e9-7495-4452-b5ae-094610c0d436","artist":{"name":"Radiohead","mbid":"a74b1b7f-71a5-4011-9441-d0b5e4122711"}}},{"timestamp":{"iso":"2007-08-09T08:20:26","unixtimestamp":1186647626},"track":{"name":"Exit Music (for a Film)","mbid":"e1b55bfb-27c5-46c9-82b7-9c7e01f29065","artist":{"name":"Radiohead","mbid":"a74b1b7f-71a5-4011-9441-d0b5e4122711"}},"uncorrectedTrack":{"name":"Exit Music (for a Film)","mbid":"e1b55bfb-27c5-46c9-82b7-9c7e01f29065","artist":{"name":"Radiohead","mbid":"a74b1b7f-71a5-4011-9441-d0b5e4122711"}},"album":{"name":"OK Computer","mbid":"150a34e9-7495-4452-b5ae-094610c0d436","artist":{"name":"Radiohead","mbid":"a74b1b7f-71a5-4011-9441-d0b5e4122711"}}},{"timestamp":{"iso":"2007-08-09T08:24:46","unixtimestamp":1186647886},"track":{"name":"Let Down","mbid":"376e0ecb-dba6-40b1-8dc6-2715b43da9b4","artist":{"name":"Radiohead","mbid":"a74b1b7f-71a5-4011-9441-d0b5e4122711"}},"uncorrectedTrack":{"name":"Let Down","mbid":"376e0ecb-dba6-40b1-8dc6-2715b43da9b4","artist":{"name":"Radiohead","mbid":"a74b1b7f-71a5-4011-9441-d0b5e4122711"}},"album":{"name":"OK Computer","mbid":"150a34e9-7495-4452-b5ae-094610c0d436","artist":{"name":"Radiohead","mbid":"a74b1b7f-71a5-4011-9441-d0b5e4122711"}}},{"timestamp":{"iso":"2007-08-09T08:28:39","unixtimestamp":1186648119},"track":{"name":"Fitter Happier","mbid":"5838f978-0822-4e28-874f-e1511324ec3a","artist":{"name":"Radiohead","mbid":"a74b1b7f-71a5-4011-9441-d0b5e4122711"}},"uncorrectedTrack":{"name":"Fitter Happier","mbid":"5838f978-0822-4e28-874f-e1511324ec3a","artist":{"name":"Radiohead","mbid":"a74b1b7f-71a5-4011-9441-d0b5e4122711"}},"album":{"name":"OK Computer","mbid":"150a34e9-7495-4452-b5ae-094610c0d436","artist":{"name":"Radiohead","mbid":"a74b1b7f-71a5-4011-9441-d0b5e4122711"}}},{"timestamp":{"iso":"2007-08-09T08:31:29","unixtimestamp":1186648289},"track":{"name":"Electioneering","mbid":"ba0a796c-bd1f-4d4b-85a8-918f217a204a","artist":{"name":"Radiohead","mbid":"a74b1b7f-71a5-4011-9441-d0b5e4122711"}},"uncorrectedTrack":{"name":"Electioneering","mbid":"ba0a796c-bd1f-4d4b-85a8-918f217a204a","artist":{"name":"Radiohead","mbid":"a74b1b7f-71a5-4011-9441-d0b5e4122711"}},"album":{"name":"OK Computer","mbid":"150a34e9-7495-4452-b5ae-094610c0d436","artist":{"name":"Radiohead","mbid":"a74b1b7f-71a5-4011-9441-d0b5e4122711"}}},{"timestamp":{"iso":"2007-08-09T08:35:20","unixtimestamp":1186648520},"track":{"name":"Climbing up the Walls","mbid":"c07bd5e8-c3e9-49ae-b003-5fe1ccd01434","artist":{"name":"Radiohead","mbid":"a74b1b7f-71a5-4011-9441-d0b5e4122711"}},"uncorrectedTrack":{"name":"Climbing up the Walls","mbid":"c07bd5e8-c3e9-49ae-b003-5fe1ccd01434","artist":{"name":"Radiohead","mbid":"a74b1b7f-71a5-4011-9441-d0b5e4122711"}},"album":{"name":"OK Computer","mbid":"150a34e9-7495-4452-b5ae-094610c0d436","artist":{"name":"Radiohead","mbid":"a74b1b7f-71a5-4011-9441-d0b5e4122711"}}},{"timestamp":{"iso":"2007-08-09T08:40:00","unixtimestamp":1186648800},"track":{"name":"Lucky","mbid":"ef9bc348-df0b-47e5-b92a-248dbbe435a2","artist":{"name":"Radiohead","mbid":"a74b1b7f-71a5-4011-9441-d0b5e4122711"}},"uncorrectedTrack":{"name":"Lucky","mbid":"ef9bc348-df0b-47e5-b92a-248dbbe435a2","artist":{"name":"Radiohead","mbid":"a74b1b7f-71a5-4011-9441-d0b5e4122711"}},"album":{"name":"OK Computer","mbid":"150a34e9-7495-4452-b5ae-094610c0d436","artist":{"name":"Radiohead","mbid":"a74b1b7f-71a5-4011-9441-d0b5e4122711"}}},{"timestamp":{"iso":"2007-08-09T08:44:14","unixtimestamp":1186649054},"track":{"name":"Creep","mbid":"637bf876-d766-491c-8790-7e303e83282b","artist":{"name":"Radiohead","mbid":"a74b1b7f-71a5-4011-9441-d0b5e4122711"}},"uncorrectedTrack":{"name":"Creep","mbid":"637bf876-d766-491c-8790-7e303e83282b","artist":{"name":"Radiohead","mbid":"a74b1b7f-71a5-4011-9441-d0b5e4122711"}},"album":{"name":"Pablo Honey","mbid":"b1a9b282-7f04-4d14-9aea-bcd2b33e3156","artist":{"name":"Radiohead","mbid":"a74b1b7f-71a5-4011-9441-d0b5e4122711"}}},{"timestamp":{"iso":"2007-08-09T08:47:13","unixtimestamp":1186649233},"track":{"name":"How Do You?","mbid":"174e57b1-0a79-4103-92c2-ec3d109347c1","artist":{"name":"Radiohead","mbid":"a74b1b7f-71a5-4011-9441-d0b5e4122711"}},"uncorrectedTrack":{"name":"How Do You?","mbid":"174e57b1-0a79-4103-92c2-ec3d109347c1","artist":{"name":"Radiohead","mbid":"a74b1b7f-71a5-4011-9441-d0b5e4122711"}},"album":{"name":"Pablo Honey","mbid":"b1a9b282-7f04-4d14-9aea-bcd2b33e3156","artist":{"name":"Radiohead","mbid":"a74b1b7f-71a5-4011-9441-d0b5e4122711"}}},{"timestamp":{"iso":"2007-08-09T08:50:15","unixtimestamp":1186649415},"track":{"name":"Stop Whispering","mbid":"60ec2851-93ad-4d7e-afdd-4f048f698df5","artist":{"name":"Radiohead","mbid":"a74b1b7f-71a5-4011-9441-d0b5e4122711"}},"uncorrectedTrack":{"name":"Stop Whispering","mbid":"60ec2851-93ad-4d7e-afdd-4f048f698df5","artist":{"name":"Radiohead","mbid":"a74b1b7f-71a5-4011-9441-d0b5e4122711"}},"album":{"name":"Pablo Honey","mbid":"b1a9b282-7f04-4d14-9aea-bcd2b33e3156","artist":{"name":"Radiohead","mbid":"a74b1b7f-71a5-4011-9441-d0b5e4122711"}}},{"timestamp":{"iso":"2007-08-09T08:54:56","unixtimestamp":1186649696},"track":{"name":"Thinking About You","mbid":"8948741b-0fd0-48f1-92a7-9ed26fbdd3fe","artist":{"name":"Radiohead","mbid":"a74b1b7f-71a5-4011-9441-d0b5e4122711"}},"uncorrectedTrack":{"name":"Thinking About You","mbid":"8948741b-0fd0-48f1-92a7-9ed26fbdd3fe","artist":{"name":"Radiohead","mbid":"a74b1b7f-71a5-4011-9441-d0b5e4122711"}},"album":{"name":"Pablo Honey","mbid":"b1a9b282-7f04-4d14-9aea-bcd2b33e3156","artist":{"name":"Radiohead","mbid":"a74b1b7f-71a5-4011-9441-d0b5e4122711"}}},{"timestamp":{"iso":"2007-08-09T08:58:01","unixtimestamp":1186649881},"track":{"name":"Anyone Can Play Guitar","mbid":"640ee0c9-3003-4e78-b6fb-9e1974beb09f","artist":{"name":"Radiohead","mbid":"a74b1b7f-71a5-4011-9441-d0b5e4122711"}},"uncorrectedTrack":{"name":"Anyone Can Play Guitar","mbid":"640ee0c9-3003-4e78-b6fb-9e1974beb09f","artist":{"name":"Radiohead","mbid":"a74b1b7f-71a5-4011-9441-d0b5e4122711"}},"album":{"name":"Pablo Honey","mbid":"b1a9b282-7f04-4d14-9aea-bcd2b33e3156","artist":{"name":"Radiohead","mbid":"a74b1b7f-71a5-4011-9441-d0b5e4122711"}}},{"timestamp":{"iso":"2007-08-09T09:01:21","unixtimestamp":1186650081},"track":{"name":"Ripcord","mbid":"5b87d88f-6d67-4a4a-bb20-37b418dd1f94","artist":{"name":"Radiohead","mbid":"a74b1b7f-71a5-4011-9441-d0b5e4122711"}},"uncorrectedTrack":{"name":"Ripcord","mbid":"5b87d88f-6d67-4a4a-bb20-37b418dd1f94","artist":{"name":"Radiohead","mbid":"a74b1b7f-71a5-4011-9441-d0b5e4122711"}},"album":{"name":"Pablo Honey","mbid":"b1a9b282-7f04-4d14-9aea-bcd2b33e3156","artist":{"name":"Radiohead","mbid":"a74b1b7f-71a5-4011-9441-d0b5e4122711"}}},{"timestamp":{"iso":"2007-08-09T09:04:27","unixtimestamp":1186650267},"track":{"name":"Vegetable","mbid":"80f5f5cf-31ad-4fb8-9821-daa9e9f91601","artist":{"name":"Radiohead","mbid":"a74b1b7f-71a5-4011-9441-d0b5e4122711"}},"uncorrectedTrack":{"name":"Vegetable","mbid":"80f5f5cf-31ad-4fb8-9821-daa9e9f91601","artist":{"name":"Radiohead","mbid":"a74b1b7f-71a5-4011-9441-d0b5e4122711"}},"album":{"name":"Pablo Honey","mbid":"b1a9b282-7f04-4d14-9aea-bcd2b33e3156","artist":{"name":"Radiohead","mbid":"a74b1b7f-71a5-4011-9441-d0b5e4122711"}}},{"timestamp":{"iso":"2007-08-09T09:07:12","unixtimestamp":1186650432},"track":{"name":"Prove Yourself","mbid":"ffb5e39d-f919-4229-8661-9a0801d9b92a","artist":{"name":"Radiohead","mbid":"a74b1b7f-71a5-4011-9441-d0b5e4122711"}},"uncorrectedTrack":{"name":"Prove Yourself","mbid":"ffb5e39d-f919-4229-8661-9a0801d9b92a","artist":{"name":"Radiohead","mbid":"a74b1b7f-71a5-4011-9441-d0b5e4122711"}},"album":{"name":"Pablo Honey","mbid":"b1a9b282-7f04-4d14-9aea-bcd2b33e3156","artist":{"name":"Radiohead","mbid":"a74b1b7f-71a5-4011-9441-d0b5e4122711"}}},{"timestamp":{"iso":"2007-08-09T09:10:19","unixtimestamp":1186650619},"track":{"name":"I Can\u0027t","mbid":"1a9cf8b6-8edf-44b4-bdf8-17dcd8459ee1","artist":{"name":"Radiohead","mbid":"a74b1b7f-71a5-4011-9441-d0b5e4122711"}},"uncorrectedTrack":{"name":"I Can\u0027t","mbid":"1a9cf8b6-8edf-44b4-bdf8-17dcd8459ee1","artist":{"name":"Radiohead","mbid":"a74b1b7f-71a5-4011-9441-d0b5e4122711"}},"album":{"name":"Pablo Honey","mbid":"b1a9b282-7f04-4d14-9aea-bcd2b33e3156","artist":{"name":"Radiohead","mbid":"a74b1b7f-71a5-4011-9441-d0b5e4122711"}}},{"timestamp":{"iso":"2007-08-09T09:14:02","unixtimestamp":1186650842},"track":{"name":"Lurgee","mbid":"2142f1ee-f6d6-4b67-8da0-099bc9a58b21","artist":{"name":"Radiohead","mbid":"a74b1b7f-71a5-4011-9441-d0b5e4122711"}},"uncorrectedTrack":{"name":"Lurgee","mbid":"2142f1ee-f6d6-4b67-8da0-099bc9a58b21","artist":{"name":"Radiohead","mbid":"a74b1b7f-71a5-4011-9441-d0b5e4122711"}},"album":{"name":"Pablo Honey","mbid":"b1a9b282-7f04-4d14-9aea-bcd2b33e3156","artist":{"name":"Radiohead","mbid":"a74b1b7f-71a5-4011-9441-d0b5e4122711"}}},{"timestamp":{"iso":"2007-08-09T09:17:31","unixtimestamp":1186651051},"track":{"name":"Blow Out","mbid":"54a67656-1811-4c47-a96e-665a7d33ffce","artist":{"name":"Radiohead","mbid":"a74b1b7f-71a5-4011-9441-d0b5e4122711"}},"uncorrectedTrack":{"name":"Blow Out","mbid":"54a67656-1811-4c47-a96e-665a7d33ffce","artist":{"name":"Radiohead","mbid":"a74b1b7f-71a5-4011-9441-d0b5e4122711"}},"album":{"name":"Pablo Honey","mbid":"b1a9b282-7f04-4d14-9aea-bcd2b33e3156","artist":{"name":"Radiohead","mbid":"a74b1b7f-71a5-4011-9441-d0b5e4122711"}}},{"timestamp":{"iso":"2007-08-09T09:22:07","unixtimestamp":1186651327},"track":{"name":"Black Star","mbid":"2a9d8224-91a6-49b7-8ffa-b99e12983e82","artist":{"name":"Radiohead","mbid":"a74b1b7f-71a5-4011-9441-d0b5e4122711"}},"uncorrectedTrack":{"name":"Black Star","mbid":"2a9d8224-91a6-49b7-8ffa-b99e12983e82","artist":{"name":"Radiohead","mbid":"a74b1b7f-71a5-4011-9441-d0b5e4122711"}},"album":{"name":"The Bends","mbid":"0b0ae271-728d-3899-af0a-0c9d5f2fcad8","artist":{"name":"Radiohead","mbid":"a74b1b7f-71a5-4011-9441-d0b5e4122711"}}},{"timestamp":{"iso":"2007-08-09T09:26:09","unixtimestamp":1186651569},"track":{"name":"Fake Plastic Trees","mbid":"67eaa037-0a83-41e6-8232-224e998c588c","artist":{"name":"Radiohead","mbid":"a74b1b7f-71a5-4011-9441-d0b5e4122711"}},"uncorrectedTrack":{"name":"Fake Plastic Trees","mbid":"67eaa037-0a83-41e6-8232-224e998c588c","artist":{"name":"Radiohead","mbid":"a74b1b7f-71a5-4011-9441-d0b5e4122711"}},"album":{"name":"The Bends","mbid":"0b0ae271-728d-3899-af0a-0c9d5f2fcad8","artist":{"name":"Radiohead","mbid":"a74b1b7f-71a5-4011-9441-d0b5e4122711"}}},{"timestamp":{"iso":"2007-08-09T09:30:52","unixtimestamp":1186651852},"track":{"name":"Just (You Do It To Yourself)","mbid":"8adf0a6f-1987-4cd9-b52e-7bd6c9095e65","artist":{"name":"Radiohead","mbid":"a74b1b7f-71a5-4011-9441-d0b5e4122711"}},"uncorrectedTrack":{"name":"Just (You Do It To Yourself)","mbid":"8adf0a6f-1987-4cd9-b52e-7bd6c9095e65","artist":{"name":"Radiohead","mbid":"a74b1b7f-71a5-4011-9441-d0b5e4122711"}},"album":{"name":"The Bends","mbid":"0b0ae271-728d-3899-af0a-0c9d5f2fcad8","artist":{"name":"Radiohead","mbid":"a74b1b7f-71a5-4011-9441-d0b5e4122711"}}},{"timestamp":{"iso":"2007-08-09T09:34:44","unixtimestamp":1186652084},"track":{"name":"Planet Telex","mbid":"751fd274-a312-4000-8481-3dd55c94224d","artist":{"name":"Radiohead","mbid":"a74b1b7f-71a5-4011-9441-d0b5e4122711"}},"uncorrectedTrack":{"name":"Planet Telex","mbid":"751fd274-a312-4000-8481-3dd55c94224d","artist":{"name":"Radiohead","mbid":"a74b1b7f-71a5-4011-9441-d0b5e4122711"}},"album":{"name":"The Bends","mbid":"0b0ae271-728d-3899-af0a-0c9d5f2fcad8","artist":{"name":"Radiohead","mbid":"a74b1b7f-71a5-4011-9441-d0b5e4122711"}}},{"timestamp":{"iso":"2007-08-09T09:38:58","unixtimestamp":1186652338},"track":{"name":"The Bends","mbid":"67bd3e0a-7834-42d4-96e5-ae8871978312","artist":{"name":"Radiohead","mbid":"a74b1b7f-71a5-4011-9441-d0b5e4122711"}},"uncorrectedTrack":{"name":"The Bends","mbid":"67bd3e0a-7834-42d4-96e5-ae8871978312","artist":{"name":"Radiohead","mbid":"a74b1b7f-71a5-4011-9441-d0b5e4122711"}},"album":{"name":"The Bends","mbid":"0b0ae271-728d-3899-af0a-0c9d5f2fcad8","artist":{"name":"Radiohead","mbid":"a74b1b7f-71a5-4011-9441-d0b5e4122711"}}},{"timestamp":{"iso":"2007-08-09T09:43:00","unixtimestamp":1186652580},"track":{"name":"High and Dry","mbid":"fb5622cf-deaa-4ef6-aa0f-a845140cfadc","artist":{"name":"Radiohead","mbid":"a74b1b7f-71a5-4011-9441-d0b5e4122711"}},"uncorrectedTrack":{"name":"High and Dry","mbid":"fb5622cf-deaa-4ef6-aa0f-a845140cfadc","artist":{"name":"Radiohead","mbid":"a74b1b7f-71a5-4011-9441-d0b5e4122711"}},"album":{"name":"The Bends","mbid":"0b0ae271-728d-3899-af0a-0c9d5f2fcad8","artist":{"name":"Radiohead","mbid":"a74b1b7f-71a5-4011-9441-d0b5e4122711"}}},{"timestamp":{"iso":"2007-08-09T09:46:47","unixtimestamp":1186652807},"track":{"name":"Bones","mbid":"139563fb-9af7-490f-a98d-2cae50cd292d","artist":{"name":"Radiohead","mbid":"a74b1b7f-71a5-4011-9441-d0b5e4122711"}},"uncorrectedTrack":{"name":"Bones","mbid":"139563fb-9af7-490f-a98d-2cae50cd292d","artist":{"name":"Radiohead","mbid":"a74b1b7f-71a5-4011-9441-d0b5e4122711"}},"album":{"name":"The Bends","mbid":"0b0ae271-728d-3899-af0a-0c9d5f2fcad8","artist":{"name":"Radiohead","mbid":"a74b1b7f-71a5-4011-9441-d0b5e4122711"}}},{"timestamp":{"iso":"2007-08-09T09:50:13","unixtimestamp":1186653013},"track":{"name":"(Nice Dream)","mbid":"85fa0899-0e1b-4e51-9db8-76deb2d10f7d","artist":{"name":"Radiohead","mbid":"a74b1b7f-71a5-4011-9441-d0b5e4122711"}},"uncorrectedTrack":{"name":"(Nice Dream)","mbid":"85fa0899-0e1b-4e51-9db8-76deb2d10f7d","artist":{"name":"Radiohead","mbid":"a74b1b7f-71a5-4011-9441-d0b5e4122711"}},"album":{"name":"The Bends","mbid":"0b0ae271-728d-3899-af0a-0c9d5f2fcad8","artist":{"name":"Radiohead","mbid":"a74b1b7f-71a5-4011-9441-d0b5e4122711"}}},{"timestamp":{"iso":"2007-08-09T09:54:02","unixtimestamp":1186653242},"track":{"name":"Just","mbid":"2a0330c4-2fbb-44b0-8003-4617e224fd43","artist":{"name":"Radiohead","mbid":"a74b1b7f-71a5-4011-9441-d0b5e4122711"}},"uncorrectedTrack":{"name":"Just","mbid":"2a0330c4-2fbb-44b0-8003-4617e224fd43","artist":{"name":"Radiohead","mbid":"a74b1b7f-71a5-4011-9441-d0b5e4122711"}},"album":{"name":"The Bends","mbid":"0b0ae271-728d-3899-af0a-0c9d5f2fcad8","artist":{"name":"Radiohead","mbid":"a74b1b7f-71a5-4011-9441-d0b5e4122711"}}},{"timestamp":{"iso":"2007-08-09T09:57:55","unixtimestamp":1186653475},"track":{"name":"My Iron Lung","mbid":"a7d6c226-08ab-4840-94c8-6c605afdbd1c","artist":{"name":"Radiohead","mbid":"a74b1b7f-71a5-4011-9441-d0b5e4122711"}},"uncorrectedTrack":{"name":"My Iron Lung","mbid":"a7d6c226-08ab-4840-94c8-6c605afdbd1c","artist":{"name":"Radiohead","mbid":"a74b1b7f-71a5-4011-9441-d0b5e4122711"}},"album":{"name":"The Bends","mbid":"0b0ae271-728d-3899-af0a-0c9d5f2fcad8","artist":{"name":"Radiohead","mbid":"a74b1b7f-71a5-4011-9441-d0b5e4122711"}}},{"timestamp":{"iso":"2007-08-09T10:02:11","unixtimestamp":1186653731},"track":{"name":"Bullet Proof...I Wish I Was","artist":{"name":"Radiohead","mbid":"a74b1b7f-71a5-4011-9441-d0b5e4122711"}},"uncorrectedTrack":{"name":"Bullet Proof...I Wish I Was","artist":{"name":"Radiohead","mbid":"a74b1b7f-71a5-4011-9441-d0b5e4122711"}},"album":{"name":"The Bends","mbid":"0b0ae271-728d-3899-af0a-0c9d5f2fcad8","artist":{"name":"Radiohead","mbid":"a74b1b7f-71a5-4011-9441-d0b5e4122711"}}},{"timestamp":{"iso":"2007-08-09T10:05:35","unixtimestamp":1186653935},"track":{"name":"Bulletproof...I Wish I was","artist":{"name":"Radiohead","mbid":"a74b1b7f-71a5-4011-9441-d0b5e4122711"}},"uncorrectedTrack":{"name":"Bulletproof...I Wish I was","artist":{"name":"Radiohead","mbid":"a74b1b7f-71a5-4011-9441-d0b5e4122711"}},"album":{"name":"The Bends","mbid":"0b0ae271-728d-3899-af0a-0c9d5f2fcad8","artist":{"name":"Radiohead","mbid":"a74b1b7f-71a5-4011-9441-d0b5e4122711"}}},{"timestamp":{"iso":"2007-08-09T10:09:06","unixtimestamp":1186654146},"track":{"name":"Sulk","mbid":"b6f2797c-4de2-418a-b935-24ad8fcd8251","artist":{"name":"Radiohead","mbid":"a74b1b7f-71a5-4011-9441-d0b5e4122711"}},"uncorrectedTrack":{"name":"Sulk","mbid":"b6f2797c-4de2-418a-b935-24ad8fcd8251","artist":{"name":"Radiohead","mbid":"a74b1b7f-71a5-4011-9441-d0b5e4122711"}},"album":{"name":"The Bends","mbid":"0b0ae271-728d-3899-af0a-0c9d5f2fcad8","artist":{"name":"Radiohead","mbid":"a74b1b7f-71a5-4011-9441-d0b5e4122711"}}},{"timestamp":{"iso":"2007-08-09T10:12:53","unixtimestamp":1186654373},"track":{"name":"Street Spirit (Fade Out)","mbid":"22742064-11bc-4a0b-88ed-aa4f88cf00ee","artist":{"name":"Radiohead","mbid":"a74b1b7f-71a5-4011-9441-d0b5e4122711"}},"uncorrectedTrack":{"name":"Street Spirit (Fade Out)","mbid":"22742064-11bc-4a0b-88ed-aa4f88cf00ee","artist":{"name":"Radiohead","mbid":"a74b1b7f-71a5-4011-9441-d0b5e4122711"}},"album":{"name":"The Bends","mbid":"0b0ae271-728d-3899-af0a-0c9d5f2fcad8","artist":{"name":"Radiohead","mbid":"a74b1b7f-71a5-4011-9441-d0b5e4122711"}}},{"timestamp":{"iso":"2007-08-09T10:17:01","unixtimestamp":1186654621},"track":{"name":"Everything in Its Right Place","mbid":"78ee614a-5cb1-4b18-b7e0-b42c83bebf11","artist":{"name":"Radiohead","mbid":"a74b1b7f-71a5-4011-9441-d0b5e4122711"}},"uncorrectedTrack":{"name":"Everything in Its Right Place","mbid":"78ee614a-5cb1-4b18-b7e0-b42c83bebf11","artist":{"name":"Radiohead","mbid":"a74b1b7f-71a5-4011-9441-d0b5e4122711"}},"album":{"name":"Vanilla Sky","artist":{"name":"Various Artists","mbid":"023671ff-b1ad-4133-a4f3-aadaaadfd2e0"}}},{"timestamp":{"iso":"2007-08-09T10:20:15","unixtimestamp":1186654815},"track":{"name":"thinking about you(02)","artist":{"name":"Radiohead","mbid":"a74b1b7f-71a5-4011-9441-d0b5e4122711"}},"uncorrectedTrack":{"name":"thinking about you(02)","artist":{"name":"Radiohead","mbid":"a74b1b7f-71a5-4011-9441-d0b5e4122711"}}},{"timestamp":{"iso":"2007-08-09T10:23:09","unixtimestamp":1186654989},"track":{"name":"Bring On The Night (Dream Chaser)","mbid":"0c629c16-e1c5-4c44-bda5-15107aa3057c","artist":{"name":"Rainbow","mbid":"1e76d891-8634-4b08-999e-69042304b89c"}},"uncorrectedTrack":{"name":"Bring On The Night (Dream Chaser)","mbid":"0c629c16-e1c5-4c44-bda5-15107aa3057c","artist":{"name":"Rainbow","mbid":"1e76d891-8634-4b08-999e-69042304b89c"}}},{"timestamp":{"iso":"2007-08-09T10:26:53","unixtimestamp":1186655213},"track":{"name":"True Love (Dead as Disco)","artist":{"name":"Raine Vivian Chad Miller"}},"uncorrectedTrack":{"name":"True Love (Dead as Disco)","artist":{"name":"Raine Vivian Chad Miller"}}},{"timestamp":{"iso":"2007-08-09T10:30:59","unixtimestamp":1186655459},"track":{"name":"Feüer Frei","artist":{"name":"Rammstein","mbid":"b2d122f9-eadb-4930-a196-8f221eeb0c66"}},"uncorrectedTrack":{"name":"Feüer Frei","artist":{"name":"Rammstein","mbid":"b2d122f9-eadb-4930-a196-8f221eeb0c66"}},"album":{"name":"Mutter","mbid":"873d99a3-9d77-37ac-bf25-d40db9ba2e24","artist":{"name":"Rammstein","mbid":"b2d122f9-eadb-4930-a196-8f221eeb0c66"}}},{"timestamp":{"iso":"2007-08-09T10:34:29","unixtimestamp":1186655669},"track":{"name":"Mein Herz brennt","mbid":"bc8063b1-b4be-4dd3-af1a-ad6c366bc7cd","artist":{"name":"Rammstein","mbid":"b2d122f9-eadb-4930-a196-8f221eeb0c66"}},"uncorrectedTrack":{"name":"Mein Herz brennt","mbid":"bc8063b1-b4be-4dd3-af1a-ad6c366bc7cd","artist":{"name":"Rammstein","mbid":"b2d122f9-eadb-4930-a196-8f221eeb0c66"}},"album":{"name":"Mutter","mbid":"873d99a3-9d77-37ac-bf25-d40db9ba2e24","artist":{"name":"Rammstein","mbid":"b2d122f9-eadb-4930-a196-8f221eeb0c66"}}},{"timestamp":{"iso":"2007-08-09T10:38:53","unixtimestamp":1186655933},"track":{"name":"Ich will","mbid":"01a645e6-10a9-4a84-981c-34492154ebf0","artist":{"name":"Rammstein","mbid":"b2d122f9-eadb-4930-a196-8f221eeb0c66"}},"uncorrectedTrack":{"name":"Ich will","mbid":"01a645e6-10a9-4a84-981c-34492154ebf0","artist":{"name":"Rammstein","mbid":"b2d122f9-eadb-4930-a196-8f221eeb0c66"}},"album":{"name":"Mutter","mbid":"873d99a3-9d77-37ac-bf25-d40db9ba2e24","artist":{"name":"Rammstein","mbid":"b2d122f9-eadb-4930-a196-8f221eeb0c66"}}},{"timestamp":{"iso":"2007-08-09T10:42:37","unixtimestamp":1186656157},"track":{"name":"Spieluhr","mbid":"7dcb19d2-24cf-4a9f-a743-cb85932032be","artist":{"name":"Rammstein","mbid":"b2d122f9-eadb-4930-a196-8f221eeb0c66"}},"uncorrectedTrack":{"name":"Spieluhr","mbid":"7dcb19d2-24cf-4a9f-a743-cb85932032be","artist":{"name":"Rammstein","mbid":"b2d122f9-eadb-4930-a196-8f221eeb0c66"}},"album":{"name":"Mutter","mbid":"873d99a3-9d77-37ac-bf25-d40db9ba2e24","artist":{"name":"Rammstein","mbid":"b2d122f9-eadb-4930-a196-8f221eeb0c66"}}},{"timestamp":{"iso":"2007-08-09T10:47:19","unixtimestamp":1186656439},"track":{"name":"Mein Herz brennt","mbid":"bc8063b1-b4be-4dd3-af1a-ad6c366bc7cd","artist":{"name":"Rammstein","mbid":"b2d122f9-eadb-4930-a196-8f221eeb0c66"}},"uncorrectedTrack":{"name":"Mein Herz Brent","artist":{"name":"Rammstein","mbid":"b2d122f9-eadb-4930-a196-8f221eeb0c66"}},"album":{"name":"Mutter","mbid":"873d99a3-9d77-37ac-bf25-d40db9ba2e24","artist":{"name":"Rammstein","mbid":"b2d122f9-eadb-4930-a196-8f221eeb0c66"}}},{"timestamp":{"iso":"2007-08-09T10:51:29","unixtimestamp":1186656689},"track":{"name":"Zwitter","mbid":"4b8b247f-839c-4950-bd7c-fd7f1954aea4","artist":{"name":"Rammstein","mbid":"b2d122f9-eadb-4930-a196-8f221eeb0c66"}},"uncorrectedTrack":{"name":"Zwitter","mbid":"4b8b247f-839c-4950-bd7c-fd7f1954aea4","artist":{"name":"Rammstein","mbid":"b2d122f9-eadb-4930-a196-8f221eeb0c66"}}},{"timestamp":{"iso":"2007-08-09T10:54:52","unixtimestamp":1186656892},"track":{"name":"Amerika","mbid":"e7395733-49c9-4031-a168-92929a6168a4","artist":{"name":"Rammstein","mbid":"b2d122f9-eadb-4930-a196-8f221eeb0c66"}},"uncorrectedTrack":{"name":"Amerika","mbid":"e7395733-49c9-4031-a168-92929a6168a4","artist":{"name":"Rammstein","mbid":"b2d122f9-eadb-4930-a196-8f221eeb0c66"}},"album":{"name":"Reise Reise","artist":{"name":"Rammstein","mbid":"b2d122f9-eadb-4930-a196-8f221eeb0c66"}}},{"timestamp":{"iso":"2007-08-09T10:58:41","unixtimestamp":1186657121},"track":{"name":"Mein Teil","mbid":"0e9c6f68-ff84-419e-8479-83e47828b13b","artist":{"name":"Rammstein","mbid":"b2d122f9-eadb-4930-a196-8f221eeb0c66"}},"uncorrectedTrack":{"name":"Mein Teil","mbid":"0e9c6f68-ff84-419e-8479-83e47828b13b","artist":{"name":"Rammstein","mbid":"b2d122f9-eadb-4930-a196-8f221eeb0c66"}},"album":{"name":"Reise Reise","artist":{"name":"Rammstein","mbid":"b2d122f9-eadb-4930-a196-8f221eeb0c66"}}},{"timestamp":{"iso":"2007-08-09T11:03:01","unixtimestamp":1186657381},"track":{"name":"Reise, Reise","mbid":"68536827-ab50-4693-9c20-41ee60763cff","artist":{"name":"Rammstein","mbid":"b2d122f9-eadb-4930-a196-8f221eeb0c66"}},"uncorrectedTrack":{"name":"Reise, Reise","mbid":"68536827-ab50-4693-9c20-41ee60763cff","artist":{"name":"Rammstein","mbid":"b2d122f9-eadb-4930-a196-8f221eeb0c66"}},"album":{"name":"Reise Reise","artist":{"name":"Rammstein","mbid":"b2d122f9-eadb-4930-a196-8f221eeb0c66"}}},{"timestamp":{"iso":"2007-08-09T11:07:09","unixtimestamp":1186657629},"track":{"name":"Dalai Lama","mbid":"37db3443-a429-4bab-94ed-065b1d6ca62d","artist":{"name":"Rammstein","mbid":"b2d122f9-eadb-4930-a196-8f221eeb0c66"}},"uncorrectedTrack":{"name":"Dalai Lama","mbid":"37db3443-a429-4bab-94ed-065b1d6ca62d","artist":{"name":"Rammstein","mbid":"b2d122f9-eadb-4930-a196-8f221eeb0c66"}},"album":{"name":"Reise Reise","artist":{"name":"Rammstein","mbid":"b2d122f9-eadb-4930-a196-8f221eeb0c66"}}},{"timestamp":{"iso":"2007-08-09T11:12:35","unixtimestamp":1186657955},"track":{"name":"Keine Lust","mbid":"80d70190-164d-4734-86d7-3b9e71a43ba8","artist":{"name":"Rammstein","mbid":"b2d122f9-eadb-4930-a196-8f221eeb0c66"}},"uncorrectedTrack":{"name":"Keine Lust","mbid":"80d70190-164d-4734-86d7-3b9e71a43ba8","artist":{"name":"Rammstein","mbid":"b2d122f9-eadb-4930-a196-8f221eeb0c66"}},"album":{"name":"Reise Reise","artist":{"name":"Rammstein","mbid":"b2d122f9-eadb-4930-a196-8f221eeb0c66"}}},{"timestamp":{"iso":"2007-08-09T11:16:18","unixtimestamp":1186658178},"track":{"name":"Du hast","mbid":"02235493-6611-45f9-bcb6-d972bc039de3","artist":{"name":"Rammstein","mbid":"b2d122f9-eadb-4930-a196-8f221eeb0c66"}},"uncorrectedTrack":{"name":"Du hast","mbid":"02235493-6611-45f9-bcb6-d972bc039de3","artist":{"name":"Rammstein","mbid":"b2d122f9-eadb-4930-a196-8f221eeb0c66"}}},{"timestamp":{"iso":"2007-08-09T11:20:10","unixtimestamp":1186658410},"track":{"name":"Blade Theme Techno Remix","artist":{"name":"Rammstein","mbid":"b2d122f9-eadb-4930-a196-8f221eeb0c66"}},"uncorrectedTrack":{"name":"Blade Theme Techno Remix","artist":{"name":"Rammstein","mbid":"b2d122f9-eadb-4930-a196-8f221eeb0c66"}}},{"timestamp":{"iso":"2007-08-09T11:29:54","unixtimestamp":1186658994},"track":{"name":"Bang Bang","artist":{"name":"Rammstein","mbid":"b2d122f9-eadb-4930-a196-8f221eeb0c66"}},"uncorrectedTrack":{"name":"Bang Bang","artist":{"name":"Rammstein","mbid":"b2d122f9-eadb-4930-a196-8f221eeb0c66"}}},{"timestamp":{"iso":"2007-08-09T11:33:24","unixtimestamp":1186659204},"track":{"name":"Engel","mbid":"0602f452-0e87-4624-a186-eba9ac620639","artist":{"name":"Rammstein","mbid":"b2d122f9-eadb-4930-a196-8f221eeb0c66"}},"uncorrectedTrack":{"name":"Engel","mbid":"0602f452-0e87-4624-a186-eba9ac620639","artist":{"name":"Rammstein","mbid":"b2d122f9-eadb-4930-a196-8f221eeb0c66"}}},{"timestamp":{"iso":"2007-08-09T11:37:44","unixtimestamp":1186659464},"track":{"name":"Mutter","mbid":"0629a5b8-ee13-4ae2-bff8-cc337d8fb28d","artist":{"name":"Rammstein","mbid":"b2d122f9-eadb-4930-a196-8f221eeb0c66"}},"uncorrectedTrack":{"name":"Mutter","mbid":"0629a5b8-ee13-4ae2-bff8-cc337d8fb28d","artist":{"name":"Rammstein","mbid":"b2d122f9-eadb-4930-a196-8f221eeb0c66"}}},{"timestamp":{"iso":"2007-08-09T11:42:09","unixtimestamp":1186659729},"track":{"name":"Sonne","mbid":"12a2d909-3f00-457c-9948-906c6c92d2f3","artist":{"name":"Rammstein","mbid":"b2d122f9-eadb-4930-a196-8f221eeb0c66"}},"uncorrectedTrack":{"name":"Sonne","mbid":"12a2d909-3f00-457c-9948-906c6c92d2f3","artist":{"name":"Rammstein","mbid":"b2d122f9-eadb-4930-a196-8f221eeb0c66"}}},{"timestamp":{"iso":"2007-08-09T11:46:38","unixtimestamp":1186659998},"track":{"name":"Witt Heppner Die Flut","artist":{"name":"Rammstein","mbid":"b2d122f9-eadb-4930-a196-8f221eeb0c66"}},"uncorrectedTrack":{"name":"Witt Heppner Die Flut","artist":{"name":"Rammstein","mbid":"b2d122f9-eadb-4930-a196-8f221eeb0c66"}}},{"timestamp":{"iso":"2007-08-09T11:52:10","unixtimestamp":1186660330},"track":{"name":"Fall Back Down","mbid":"075ed0b3-c737-49ea-b25a-1c74353ef79e","artist":{"name":"Rancid","mbid":"24f8d8a5-269b-475c-a1cb-792990b0b2ee"}},"uncorrectedTrack":{"name":"Fall Back Down","mbid":"075ed0b3-c737-49ea-b25a-1c74353ef79e","artist":{"name":"Rancid","mbid":"24f8d8a5-269b-475c-a1cb-792990b0b2ee"}},"album":{"name":"Indestructible","mbid":"631a47bd-cbf0-4191-ae34-49241f6189b7","artist":{"name":"Rancid","mbid":"24f8d8a5-269b-475c-a1cb-792990b0b2ee"}}},{"timestamp":{"iso":"2007-08-09T11:55:40","unixtimestamp":1186660540},"track":{"name":"Feels Like Today","mbid":"3fabe665-c633-451d-9167-883d7b115476","artist":{"name":"Rascal Flatts","mbid":"6e0ae159-8449-4262-bba5-18ec87fa529f"}},"uncorrectedTrack":{"name":"Feels Like Today","mbid":"3fabe665-c633-451d-9167-883d7b115476","artist":{"name":"Rascal Flatts","mbid":"6e0ae159-8449-4262-bba5-18ec87fa529f"}}},{"timestamp":{"iso":"2007-08-09T11:58:36","unixtimestamp":1186660716},"track":{"name":"A Beautiful Morning","mbid":"14e78769-c1f0-4a14-bcaf-22ac17daa3d2","artist":{"name":"The Rascals","mbid":"219ce30a-0f3a-468c-9a13-55ee358ac0f0"}},"uncorrectedTrack":{"name":"A Beautiful Morning","mbid":"14e78769-c1f0-4a14-bcaf-22ac17daa3d2","artist":{"name":"The Rascals","mbid":"219ce30a-0f3a-468c-9a13-55ee358ac0f0"}}},{"timestamp":{"iso":"2007-08-09T12:01:05","unixtimestamp":1186660865},"track":{"name":"A Beauitful Morning","mbid":"0e050748-e236-42a9-9d68-cf9308056660","artist":{"name":"The Rascals","mbid":"219ce30a-0f3a-468c-9a13-55ee358ac0f0"}},"uncorrectedTrack":{"name":"A Beauitful Morning","mbid":"0e050748-e236-42a9-9d68-cf9308056660","artist":{"name":"The Rascals","mbid":"219ce30a-0f3a-468c-9a13-55ee358ac0f0"}}},{"timestamp":{"iso":"2007-08-09T12:03:44","unixtimestamp":1186661024},"track":{"name":"The Olde HeadBoard","mbid":"02b1318b-df08-4333-92f8-243362b1a7f7","artist":{"name":"Rasputina","mbid":"2ee6f445-005e-40dd-8bb8-474849216a38"}},"uncorrectedTrack":{"name":"The Olde HeadBoard","mbid":"02b1318b-df08-4333-92f8-243362b1a7f7","artist":{"name":"Rasputina","mbid":"2ee6f445-005e-40dd-8bb8-474849216a38"}},"album":{"name":"How We Quit the Forest","mbid":"2a758a27-9c2c-4465-a172-f09e641327bf","artist":{"name":"Rasputina","mbid":"2ee6f445-005e-40dd-8bb8-474849216a38"}}},{"timestamp":{"iso":"2007-08-09T12:06:41","unixtimestamp":1186661201},"track":{"name":"LeechWife","mbid":"2d250a08-0754-44e1-8a03-ee51e56c1808","artist":{"name":"Rasputina","mbid":"2ee6f445-005e-40dd-8bb8-474849216a38"}},"uncorrectedTrack":{"name":"LeechWife","mbid":"2d250a08-0754-44e1-8a03-ee51e56c1808","artist":{"name":"Rasputina","mbid":"2ee6f445-005e-40dd-8bb8-474849216a38"}},"album":{"name":"How We Quit the Forest","mbid":"2a758a27-9c2c-4465-a172-f09e641327bf","artist":{"name":"Rasputina","mbid":"2ee6f445-005e-40dd-8bb8-474849216a38"}}},{"timestamp":{"iso":"2007-08-09T12:09:25","unixtimestamp":1186661365},"track":{"name":"You Don\u0027t Own Me","mbid":"83e5239a-726c-455f-9f61-b87a5056f5bc","artist":{"name":"Rasputina","mbid":"2ee6f445-005e-40dd-8bb8-474849216a38"}},"uncorrectedTrack":{"name":"You Don\u0027t Own Me","mbid":"83e5239a-726c-455f-9f61-b87a5056f5bc","artist":{"name":"Rasputina","mbid":"2ee6f445-005e-40dd-8bb8-474849216a38"}},"album":{"name":"How We Quit the Forest","mbid":"2a758a27-9c2c-4465-a172-f09e641327bf","artist":{"name":"Rasputina","mbid":"2ee6f445-005e-40dd-8bb8-474849216a38"}}},{"timestamp":{"iso":"2007-08-09T12:12:23","unixtimestamp":1186661543},"track":{"name":"New Zero","mbid":"fb69a0da-8790-4af7-9b9b-5052070f4396","artist":{"name":"Rasputina","mbid":"2ee6f445-005e-40dd-8bb8-474849216a38"}},"uncorrectedTrack":{"name":"New Zero","mbid":"fb69a0da-8790-4af7-9b9b-5052070f4396","artist":{"name":"Rasputina","mbid":"2ee6f445-005e-40dd-8bb8-474849216a38"}},"album":{"name":"How We Quit the Forest","mbid":"2a758a27-9c2c-4465-a172-f09e641327bf","artist":{"name":"Rasputina","mbid":"2ee6f445-005e-40dd-8bb8-474849216a38"}}},{"timestamp":{"iso":"2007-08-09T12:15:33","unixtimestamp":1186661733},"track":{"name":"Rose K.","mbid":"0ad8feb3-4672-4220-a7e6-a30788c5215f","artist":{"name":"Rasputina","mbid":"2ee6f445-005e-40dd-8bb8-474849216a38"}},"uncorrectedTrack":{"name":"Rose K.","mbid":"0ad8feb3-4672-4220-a7e6-a30788c5215f","artist":{"name":"Rasputina","mbid":"2ee6f445-005e-40dd-8bb8-474849216a38"}},"album":{"name":"How We Quit the Forest","mbid":"2a758a27-9c2c-4465-a172-f09e641327bf","artist":{"name":"Rasputina","mbid":"2ee6f445-005e-40dd-8bb8-474849216a38"}}},{"timestamp":{"iso":"2007-08-09T12:18:13","unixtimestamp":1186661893},"track":{"name":"DwarfStar","mbid":"26ebf1a7-e8b4-4b73-af7b-05e055359856","artist":{"name":"Rasputina","mbid":"2ee6f445-005e-40dd-8bb8-474849216a38"}},"uncorrectedTrack":{"name":"Dwarf Star","artist":{"name":"Rasputina","mbid":"2ee6f445-005e-40dd-8bb8-474849216a38"}},"album":{"name":"How We Quit the Forest","mbid":"2a758a27-9c2c-4465-a172-f09e641327bf","artist":{"name":"Rasputina","mbid":"2ee6f445-005e-40dd-8bb8-474849216a38"}}},{"timestamp":{"iso":"2007-08-09T12:21:23","unixtimestamp":1186662083},"track":{"name":"Sign of the Zodiac","mbid":"25bf0f9f-74be-469b-a8f2-633b1fbcde75","artist":{"name":"Rasputina","mbid":"2ee6f445-005e-40dd-8bb8-474849216a38"}},"uncorrectedTrack":{"name":"Sign of the Zodiac","mbid":"25bf0f9f-74be-469b-a8f2-633b1fbcde75","artist":{"name":"Rasputina","mbid":"2ee6f445-005e-40dd-8bb8-474849216a38"}},"album":{"name":"How We Quit the Forest","mbid":"2a758a27-9c2c-4465-a172-f09e641327bf","artist":{"name":"Rasputina","mbid":"2ee6f445-005e-40dd-8bb8-474849216a38"}}},{"timestamp":{"iso":"2007-08-09T12:24:47","unixtimestamp":1186662287},"track":{"name":"TrenchMouth","mbid":"523662cc-7d8d-45bd-9a80-a6101c635997","artist":{"name":"Rasputina","mbid":"2ee6f445-005e-40dd-8bb8-474849216a38"}},"uncorrectedTrack":{"name":"TrenchMouth","mbid":"523662cc-7d8d-45bd-9a80-a6101c635997","artist":{"name":"Rasputina","mbid":"2ee6f445-005e-40dd-8bb8-474849216a38"}},"album":{"name":"How We Quit the Forest","mbid":"2a758a27-9c2c-4465-a172-f09e641327bf","artist":{"name":"Rasputina","mbid":"2ee6f445-005e-40dd-8bb8-474849216a38"}}},{"timestamp":{"iso":"2007-08-09T12:27:49","unixtimestamp":1186662469},"track":{"name":"Herb Girls of Birkenau","mbid":"05cfdf29-b23c-436e-8fcf-9448f29b8047","artist":{"name":"Rasputina","mbid":"2ee6f445-005e-40dd-8bb8-474849216a38"}},"uncorrectedTrack":{"name":"Herb Girls of Birkenau","mbid":"05cfdf29-b23c-436e-8fcf-9448f29b8047","artist":{"name":"Rasputina","mbid":"2ee6f445-005e-40dd-8bb8-474849216a38"}},"album":{"name":"How We Quit the Forest","mbid":"2a758a27-9c2c-4465-a172-f09e641327bf","artist":{"name":"Rasputina","mbid":"2ee6f445-005e-40dd-8bb8-474849216a38"}}},{"timestamp":{"iso":"2007-08-09T12:30:35","unixtimestamp":1186662635},"track":{"name":"MayFly","mbid":"20ab97b4-2ced-4b48-a0ba-9a5e2bc27e35","artist":{"name":"Rasputina","mbid":"2ee6f445-005e-40dd-8bb8-474849216a38"}},"uncorrectedTrack":{"name":"MayFly","mbid":"20ab97b4-2ced-4b48-a0ba-9a5e2bc27e35","artist":{"name":"Rasputina","mbid":"2ee6f445-005e-40dd-8bb8-474849216a38"}},"album":{"name":"How We Quit the Forest","mbid":"2a758a27-9c2c-4465-a172-f09e641327bf","artist":{"name":"Rasputina","mbid":"2ee6f445-005e-40dd-8bb8-474849216a38"}}},{"timestamp":{"iso":"2007-08-09T12:32:35","unixtimestamp":1186662755},"track":{"name":"Christian Soldiers","mbid":"155eb5a8-6d9f-4ad6-b0d8-3e67f6257566","artist":{"name":"Rasputina","mbid":"2ee6f445-005e-40dd-8bb8-474849216a38"}},"uncorrectedTrack":{"name":"Christian Soldiers","mbid":"155eb5a8-6d9f-4ad6-b0d8-3e67f6257566","artist":{"name":"Rasputina","mbid":"2ee6f445-005e-40dd-8bb8-474849216a38"}},"album":{"name":"How We Quit the Forest","mbid":"2a758a27-9c2c-4465-a172-f09e641327bf","artist":{"name":"Rasputina","mbid":"2ee6f445-005e-40dd-8bb8-474849216a38"}}},{"timestamp":{"iso":"2007-08-09T12:34:53","unixtimestamp":1186662893},"track":{"name":"Things I\u0027m Gonna Do","mbid":"66d2c4d7-7900-4cea-9fa8-35c1fe7d5641","artist":{"name":"Rasputina","mbid":"2ee6f445-005e-40dd-8bb8-474849216a38"}},"uncorrectedTrack":{"name":"Things I\u0027m Gonna Do","mbid":"66d2c4d7-7900-4cea-9fa8-35c1fe7d5641","artist":{"name":"Rasputina","mbid":"2ee6f445-005e-40dd-8bb8-474849216a38"}},"album":{"name":"How We Quit the Forest","mbid":"2a758a27-9c2c-4465-a172-f09e641327bf","artist":{"name":"Rasputina","mbid":"2ee6f445-005e-40dd-8bb8-474849216a38"}}},{"timestamp":{"iso":"2007-08-09T12:37:01","unixtimestamp":1186663021},"track":{"name":"Diamond Mind","mbid":"5eb1973a-d4f5-40e1-ae2e-fe5e235f889b","artist":{"name":"Rasputina","mbid":"2ee6f445-005e-40dd-8bb8-474849216a38"}},"uncorrectedTrack":{"name":"Diamond Mind","mbid":"5eb1973a-d4f5-40e1-ae2e-fe5e235f889b","artist":{"name":"Rasputina","mbid":"2ee6f445-005e-40dd-8bb8-474849216a38"}},"album":{"name":"How We Quit the Forest","mbid":"2a758a27-9c2c-4465-a172-f09e641327bf","artist":{"name":"Rasputina","mbid":"2ee6f445-005e-40dd-8bb8-474849216a38"}}},{"timestamp":{"iso":"2007-08-09T12:38:50","unixtimestamp":1186663130},"track":{"name":"How We Quit the Forest","mbid":"2270d616-3620-4803-8c73-93a5a94cd643","artist":{"name":"Rasputina","mbid":"2ee6f445-005e-40dd-8bb8-474849216a38"}},"uncorrectedTrack":{"name":"How We Quit the Forest","mbid":"2270d616-3620-4803-8c73-93a5a94cd643","artist":{"name":"Rasputina","mbid":"2ee6f445-005e-40dd-8bb8-474849216a38"}},"album":{"name":"How We Quit the Forest","mbid":"2a758a27-9c2c-4465-a172-f09e641327bf","artist":{"name":"Rasputina","mbid":"2ee6f445-005e-40dd-8bb8-474849216a38"}}},{"timestamp":{"iso":"2007-08-09T12:41:37","unixtimestamp":1186663297},"track":{"name":"Watch T.V.","mbid":"38d84475-2bf2-4508-bc15-a236d4a53448","artist":{"name":"Rasputina","mbid":"2ee6f445-005e-40dd-8bb8-474849216a38"}},"uncorrectedTrack":{"name":"Watch T.V.","mbid":"38d84475-2bf2-4508-bc15-a236d4a53448","artist":{"name":"Rasputina","mbid":"2ee6f445-005e-40dd-8bb8-474849216a38"}},"album":{"name":"How We Quit the Forest","mbid":"2a758a27-9c2c-4465-a172-f09e641327bf","artist":{"name":"Rasputina","mbid":"2ee6f445-005e-40dd-8bb8-474849216a38"}}},{"timestamp":{"iso":"2007-08-09T12:45:05","unixtimestamp":1186663505},"track":{"name":"Transylvanian Concubine","mbid":"1bd9b0bc-c74c-4a71-b7b3-7909a047f4ed","artist":{"name":"Rasputina","mbid":"2ee6f445-005e-40dd-8bb8-474849216a38"}},"uncorrectedTrack":{"name":"Transylvanian Concubine","mbid":"1bd9b0bc-c74c-4a71-b7b3-7909a047f4ed","artist":{"name":"Rasputina","mbid":"2ee6f445-005e-40dd-8bb8-474849216a38"}}},{"timestamp":{"iso":"2007-08-09T12:48:59","unixtimestamp":1186663739},"track":{"name":"Lapland","mbid":"1b85ed5b-8ab1-4ca2-9554-44a555615121","artist":{"name":"Ratatat","mbid":"f467181e-d5e0-4285-b47e-e853dcc89ee7"}},"uncorrectedTrack":{"name":"Lapland","mbid":"1b85ed5b-8ab1-4ca2-9554-44a555615121","artist":{"name":"Ratatat","mbid":"f467181e-d5e0-4285-b47e-e853dcc89ee7"}},"album":{"name":"Ratatat","mbid":"8711e3f9-9b77-3c79-bdc6-c7920d5b891a","artist":{"name":"Ratatat","mbid":"f467181e-d5e0-4285-b47e-e853dcc89ee7"}}},{"timestamp":{"iso":"2007-08-09T12:53:30","unixtimestamp":1186664010},"track":{"name":"The Streak","mbid":"63471e90-fb93-425f-a3c6-a39a13825090","artist":{"name":"Ray Stevens","mbid":"140220f3-95fe-417a-8b66-4102d2deacb9"}},"uncorrectedTrack":{"name":"The Streak","mbid":"63471e90-fb93-425f-a3c6-a39a13825090","artist":{"name":"Ray Stevens","mbid":"140220f3-95fe-417a-8b66-4102d2deacb9"}}},{"timestamp":{"iso":"2007-08-09T12:57:04","unixtimestamp":1186664224},"track":{"name":"Feeling The Love","mbid":"b49c3319-22b9-4c6d-b2ac-62145c553844","artist":{"name":"Reactor","mbid":"21078140-ff6b-435e-b3a8-adbccbff56c5"}},"uncorrectedTrack":{"name":"Feeling The Love","mbid":"b49c3319-22b9-4c6d-b2ac-62145c553844","artist":{"name":"Reactor","mbid":"21078140-ff6b-435e-b3a8-adbccbff56c5"}}},{"timestamp":{"iso":"2007-08-09T13:01:04","unixtimestamp":1186664464},"track":{"name":"Have You Forgotten","mbid":"69c54c05-a801-47cf-9af8-bada15fb6085","artist":{"name":"Red House Painters","mbid":"06e59c30-5e21-4318-96e8-7a5f7e309af1"}},"uncorrectedTrack":{"name":"Have You Forgotten","mbid":"69c54c05-a801-47cf-9af8-bada15fb6085","artist":{"name":"Red House Painters","mbid":"06e59c30-5e21-4318-96e8-7a5f7e309af1"}},"album":{"name":"Vanilla Sky","artist":{"name":"Various Artists","mbid":"023671ff-b1ad-4133-a4f3-aadaaadfd2e0"}}},{"timestamp":{"iso":"2007-08-09T13:06:17","unixtimestamp":1186664777},"track":{"name":"Hungry Like the Wolf","mbid":"42a140d5-d210-4a2c-9cfa-25bcafdb4d52","artist":{"name":"Reel Big Fish","mbid":"5e5480be-eded-44ad-9c45-f6136ec2f5db"}},"uncorrectedTrack":{"name":"Hungry Like the Wolf","mbid":"42a140d5-d210-4a2c-9cfa-25bcafdb4d52","artist":{"name":"Reel Big Fish","mbid":"5e5480be-eded-44ad-9c45-f6136ec2f5db"}},"album":{"name":"Viva La Internet","mbid":"8a29457e-083a-4db0-85a3-4675f56e74d3","artist":{"name":"Reel Big Fish","mbid":"5e5480be-eded-44ad-9c45-f6136ec2f5db"}}},{"timestamp":{"iso":"2007-08-09T13:09:47","unixtimestamp":1186664987},"track":{"name":"Beer","mbid":"0e5b75fb-2285-447b-9fb4-28d2b4d33dd8","artist":{"name":"Reel Big Fish","mbid":"5e5480be-eded-44ad-9c45-f6136ec2f5db"}},"uncorrectedTrack":{"name":"Beer","mbid":"0e5b75fb-2285-447b-9fb4-28d2b4d33dd8","artist":{"name":"Reel Big Fish","mbid":"5e5480be-eded-44ad-9c45-f6136ec2f5db"}}},{"timestamp":{"iso":"2007-08-09T13:13:28","unixtimestamp":1186665208},"track":{"name":"Losing My Religion","mbid":"04233db6-f991-4fb2-bef9-813f95a0bf30","artist":{"name":"R.E.M.","mbid":"ea4dfa26-f633-4da6-a52a-f49ea4897b58"}},"uncorrectedTrack":{"name":"Losing My Religion","mbid":"04233db6-f991-4fb2-bef9-813f95a0bf30","artist":{"name":"R.E.M.","mbid":"ea4dfa26-f633-4da6-a52a-f49ea4897b58"}}},{"timestamp":{"iso":"2007-08-10T01:07:31","unixtimestamp":1186708051},"track":{"name":"Bad Stone","mbid":"5e9fd195-fb74-4c68-96f0-d39192d6b4cb","artist":{"name":"The Crystal Method","mbid":"8e72cc9f-9e5f-4641-b7c9-3e7d1a4ef6a2"}},"uncorrectedTrack":{"name":"Bad Stone","mbid":"5e9fd195-fb74-4c68-96f0-d39192d6b4cb","artist":{"name":"The Crystal Method","mbid":"8e72cc9f-9e5f-4641-b7c9-3e7d1a4ef6a2"}},"album":{"name":"Vegas","mbid":"7a664645-ab08-4ffe-9ad2-a34c47029bb2","artist":{"name":"The Crystal Method","mbid":"8e72cc9f-9e5f-4641-b7c9-3e7d1a4ef6a2"}}},{"timestamp":{"iso":"2007-08-10T01:12:39","unixtimestamp":1186708359},"track":{"name":"Wires","mbid":"80cc7a90-c2c6-4ca9-9dc8-cb7987e63452","artist":{"name":"Athlete","mbid":"906cbb69-b793-463a-832d-b5bf850f01a2"}},"uncorrectedTrack":{"name":"Wires","mbid":"80cc7a90-c2c6-4ca9-9dc8-cb7987e63452","artist":{"name":"Athlete","mbid":"906cbb69-b793-463a-832d-b5bf850f01a2"}}},{"timestamp":{"iso":"2007-08-10T01:16:55","unixtimestamp":1186708615},"track":{"name":"Don\u0027t Cry Out","mbid":"61d8db37-8587-4465-a25a-71297da1f105","artist":{"name":"Shiny Toy Guns","mbid":"ad61e25e-5516-41e1-b60d-744e8220986e"}},"uncorrectedTrack":{"name":"Don\u0027t Cry Out","mbid":"61d8db37-8587-4465-a25a-71297da1f105","artist":{"name":"Shiny Toy Guns","mbid":"ad61e25e-5516-41e1-b60d-744e8220986e"}},"album":{"name":"We Are Pilots","mbid":"197cb8a1-9502-49c0-9d86-3411afabeb22","artist":{"name":"Shiny Toy Guns","mbid":"ad61e25e-5516-41e1-b60d-744e8220986e"}}},{"timestamp":{"iso":"2007-08-10T01:22:00","unixtimestamp":1186708920},"track":{"name":"Is This It","mbid":"35ab4a07-cb21-43cb-86f3-140df6cef165","artist":{"name":"The Strokes","mbid":"f181961b-20f7-459e-89de-920ef03c7ed0"}},"uncorrectedTrack":{"name":"Is This It","mbid":"35ab4a07-cb21-43cb-86f3-140df6cef165","artist":{"name":"The Strokes","mbid":"f181961b-20f7-459e-89de-920ef03c7ed0"}}},{"timestamp":{"iso":"2007-08-10T01:24:59","unixtimestamp":1186709099},"track":{"name":"The Modern Age","mbid":"37cfd866-1a70-4b84-8070-63611c9bfccc","artist":{"name":"The Strokes","mbid":"f181961b-20f7-459e-89de-920ef03c7ed0"}},"uncorrectedTrack":{"name":"The Modern Age","mbid":"37cfd866-1a70-4b84-8070-63611c9bfccc","artist":{"name":"The Strokes","mbid":"f181961b-20f7-459e-89de-920ef03c7ed0"}}},{"timestamp":{"iso":"2007-08-10T01:28:00","unixtimestamp":1186709280},"track":{"name":"Soma","mbid":"45f4d906-fb66-4528-8fd9-bf5c0f0e024e","artist":{"name":"The Strokes","mbid":"f181961b-20f7-459e-89de-920ef03c7ed0"}},"uncorrectedTrack":{"name":"Soma","mbid":"45f4d906-fb66-4528-8fd9-bf5c0f0e024e","artist":{"name":"The Strokes","mbid":"f181961b-20f7-459e-89de-920ef03c7ed0"}}},{"timestamp":{"iso":"2007-08-10T01:31:13","unixtimestamp":1186709473},"track":{"name":"Barely Legal","mbid":"598c0b2c-09d0-437b-a796-a5ff51567822","artist":{"name":"The Strokes","mbid":"f181961b-20f7-459e-89de-920ef03c7ed0"}},"uncorrectedTrack":{"name":"Barely Legal","mbid":"598c0b2c-09d0-437b-a796-a5ff51567822","artist":{"name":"The Strokes","mbid":"f181961b-20f7-459e-89de-920ef03c7ed0"}}},{"timestamp":{"iso":"2007-08-10T01:34:41","unixtimestamp":1186709681},"track":{"name":"Someday","mbid":"4488a1b0-5eca-4bd6-8eb1-5ea3ea91aabe","artist":{"name":"The Strokes","mbid":"f181961b-20f7-459e-89de-920ef03c7ed0"}},"uncorrectedTrack":{"name":"Someday","mbid":"4488a1b0-5eca-4bd6-8eb1-5ea3ea91aabe","artist":{"name":"The Strokes","mbid":"f181961b-20f7-459e-89de-920ef03c7ed0"}}},{"timestamp":{"iso":"2007-08-10T01:37:46","unixtimestamp":1186709866},"track":{"name":"Alone, Together","mbid":"6b72c707-1329-44e5-842d-8c8fae3a2b4d","artist":{"name":"The Strokes","mbid":"f181961b-20f7-459e-89de-920ef03c7ed0"}},"uncorrectedTrack":{"name":"Alone, Together","mbid":"6b72c707-1329-44e5-842d-8c8fae3a2b4d","artist":{"name":"The Strokes","mbid":"f181961b-20f7-459e-89de-920ef03c7ed0"}}},{"timestamp":{"iso":"2007-08-10T01:42:41","unixtimestamp":1186710161},"track":{"name":"High and Dry","mbid":"fb5622cf-deaa-4ef6-aa0f-a845140cfadc","artist":{"name":"Radiohead","mbid":"a74b1b7f-71a5-4011-9441-d0b5e4122711"}},"uncorrectedTrack":{"name":"High and Dry","mbid":"fb5622cf-deaa-4ef6-aa0f-a845140cfadc","artist":{"name":"Radiohead","mbid":"a74b1b7f-71a5-4011-9441-d0b5e4122711"}},"album":{"name":"The Bends","mbid":"0b0ae271-728d-3899-af0a-0c9d5f2fcad8","artist":{"name":"Radiohead","mbid":"a74b1b7f-71a5-4011-9441-d0b5e4122711"}}},{"timestamp":{"iso":"2007-08-10T01:46:29","unixtimestamp":1186710389},"track":{"name":"Bones","mbid":"139563fb-9af7-490f-a98d-2cae50cd292d","artist":{"name":"Radiohead","mbid":"a74b1b7f-71a5-4011-9441-d0b5e4122711"}},"uncorrectedTrack":{"name":"Bones","mbid":"139563fb-9af7-490f-a98d-2cae50cd292d","artist":{"name":"Radiohead","mbid":"a74b1b7f-71a5-4011-9441-d0b5e4122711"}},"album":{"name":"The Bends","mbid":"0b0ae271-728d-3899-af0a-0c9d5f2fcad8","artist":{"name":"Radiohead","mbid":"a74b1b7f-71a5-4011-9441-d0b5e4122711"}}},{"timestamp":{"iso":"2007-08-10T01:49:55","unixtimestamp":1186710595},"track":{"name":"(Nice Dream)","mbid":"85fa0899-0e1b-4e51-9db8-76deb2d10f7d","artist":{"name":"Radiohead","mbid":"a74b1b7f-71a5-4011-9441-d0b5e4122711"}},"uncorrectedTrack":{"name":"(Nice Dream)","mbid":"85fa0899-0e1b-4e51-9db8-76deb2d10f7d","artist":{"name":"Radiohead","mbid":"a74b1b7f-71a5-4011-9441-d0b5e4122711"}},"album":{"name":"The Bends","mbid":"0b0ae271-728d-3899-af0a-0c9d5f2fcad8","artist":{"name":"Radiohead","mbid":"a74b1b7f-71a5-4011-9441-d0b5e4122711"}}},{"timestamp":{"iso":"2007-08-10T01:53:44","unixtimestamp":1186710824},"track":{"name":"Just","mbid":"2a0330c4-2fbb-44b0-8003-4617e224fd43","artist":{"name":"Radiohead","mbid":"a74b1b7f-71a5-4011-9441-d0b5e4122711"}},"uncorrectedTrack":{"name":"Just","mbid":"2a0330c4-2fbb-44b0-8003-4617e224fd43","artist":{"name":"Radiohead","mbid":"a74b1b7f-71a5-4011-9441-d0b5e4122711"}},"album":{"name":"The Bends","mbid":"0b0ae271-728d-3899-af0a-0c9d5f2fcad8","artist":{"name":"Radiohead","mbid":"a74b1b7f-71a5-4011-9441-d0b5e4122711"}}},{"timestamp":{"iso":"2007-08-10T01:57:36","unixtimestamp":1186711056},"track":{"name":"My Iron Lung","mbid":"a7d6c226-08ab-4840-94c8-6c605afdbd1c","artist":{"name":"Radiohead","mbid":"a74b1b7f-71a5-4011-9441-d0b5e4122711"}},"uncorrectedTrack":{"name":"My Iron Lung","mbid":"a7d6c226-08ab-4840-94c8-6c605afdbd1c","artist":{"name":"Radiohead","mbid":"a74b1b7f-71a5-4011-9441-d0b5e4122711"}},"album":{"name":"The Bends","mbid":"0b0ae271-728d-3899-af0a-0c9d5f2fcad8","artist":{"name":"Radiohead","mbid":"a74b1b7f-71a5-4011-9441-d0b5e4122711"}}},{"timestamp":{"iso":"2007-08-10T02:01:53","unixtimestamp":1186711313},"track":{"name":"Bullet Proof...I Wish I Was","artist":{"name":"Radiohead","mbid":"a74b1b7f-71a5-4011-9441-d0b5e4122711"}},"uncorrectedTrack":{"name":"Bullet Proof...I Wish I Was","artist":{"name":"Radiohead","mbid":"a74b1b7f-71a5-4011-9441-d0b5e4122711"}},"album":{"name":"The Bends","mbid":"0b0ae271-728d-3899-af0a-0c9d5f2fcad8","artist":{"name":"Radiohead","mbid":"a74b1b7f-71a5-4011-9441-d0b5e4122711"}}},{"timestamp":{"iso":"2007-08-10T02:05:17","unixtimestamp":1186711517},"track":{"name":"Bulletproof...I Wish I was","artist":{"name":"Radiohead","mbid":"a74b1b7f-71a5-4011-9441-d0b5e4122711"}},"uncorrectedTrack":{"name":"Bulletproof...I Wish I was","artist":{"name":"Radiohead","mbid":"a74b1b7f-71a5-4011-9441-d0b5e4122711"}},"album":{"name":"The Bends","mbid":"0b0ae271-728d-3899-af0a-0c9d5f2fcad8","artist":{"name":"Radiohead","mbid":"a74b1b7f-71a5-4011-9441-d0b5e4122711"}}},{"timestamp":{"iso":"2007-08-10T02:10:44","unixtimestamp":1186711844},"track":{"name":"Packt Like Sardines in a Crushd Tin Box","mbid":"91960108-a251-48fb-a6b7-0587926a7549","artist":{"name":"Radiohead","mbid":"a74b1b7f-71a5-4011-9441-d0b5e4122711"}},"uncorrectedTrack":{"name":"Packt Like Sardines in a Crushd Tin Box","mbid":"91960108-a251-48fb-a6b7-0587926a7549","artist":{"name":"Radiohead","mbid":"a74b1b7f-71a5-4011-9441-d0b5e4122711"}},"album":{"name":"Amnesiac","mbid":"8fdf5ccd-98d2-3283-a6c3-498871addaf6","artist":{"name":"Radiohead","mbid":"a74b1b7f-71a5-4011-9441-d0b5e4122711"}}},{"timestamp":{"iso":"2007-08-10T02:14:40","unixtimestamp":1186712080},"track":{"name":"Pyramid Song","mbid":"d9be1e05-bf19-4ace-b3ab-2d7f6522dbdb","artist":{"name":"Radiohead","mbid":"a74b1b7f-71a5-4011-9441-d0b5e4122711"}},"uncorrectedTrack":{"name":"Pyramid Song","mbid":"d9be1e05-bf19-4ace-b3ab-2d7f6522dbdb","artist":{"name":"Radiohead","mbid":"a74b1b7f-71a5-4011-9441-d0b5e4122711"}},"album":{"name":"Amnesiac","mbid":"8fdf5ccd-98d2-3283-a6c3-498871addaf6","artist":{"name":"Radiohead","mbid":"a74b1b7f-71a5-4011-9441-d0b5e4122711"}}},{"timestamp":{"iso":"2007-08-10T02:19:24","unixtimestamp":1186712364},"track":{"name":"Pulk/Pull Revolving Doors","mbid":"d585d71a-283d-4781-bdf2-0840a4b6ec66","artist":{"name":"Radiohead","mbid":"a74b1b7f-71a5-4011-9441-d0b5e4122711"}},"uncorrectedTrack":{"name":"Pulk/Pull Revolving Doors","mbid":"d585d71a-283d-4781-bdf2-0840a4b6ec66","artist":{"name":"Radiohead","mbid":"a74b1b7f-71a5-4011-9441-d0b5e4122711"}},"album":{"name":"Amnesiac","mbid":"8fdf5ccd-98d2-3283-a6c3-498871addaf6","artist":{"name":"Radiohead","mbid":"a74b1b7f-71a5-4011-9441-d0b5e4122711"}}},{"timestamp":{"iso":"2007-08-10T02:23:02","unixtimestamp":1186712582},"track":{"name":"You and Whose Army?","mbid":"839b6d60-8c7d-4dab-99de-e5fbe9348bba","artist":{"name":"Radiohead","mbid":"a74b1b7f-71a5-4011-9441-d0b5e4122711"}},"uncorrectedTrack":{"name":"You and Whose Army?","mbid":"839b6d60-8c7d-4dab-99de-e5fbe9348bba","artist":{"name":"Radiohead","mbid":"a74b1b7f-71a5-4011-9441-d0b5e4122711"}},"album":{"name":"Amnesiac","mbid":"8fdf5ccd-98d2-3283-a6c3-498871addaf6","artist":{"name":"Radiohead","mbid":"a74b1b7f-71a5-4011-9441-d0b5e4122711"}}},{"timestamp":{"iso":"2007-08-10T02:26:33","unixtimestamp":1186712793},"track":{"name":"I Might Be Wrong","mbid":"1bf59297-2c98-4a70-9459-31b560e2934d","artist":{"name":"Radiohead","mbid":"a74b1b7f-71a5-4011-9441-d0b5e4122711"}},"uncorrectedTrack":{"name":"I Might Be Wrong","mbid":"1bf59297-2c98-4a70-9459-31b560e2934d","artist":{"name":"Radiohead","mbid":"a74b1b7f-71a5-4011-9441-d0b5e4122711"}},"album":{"name":"Amnesiac","mbid":"8fdf5ccd-98d2-3283-a6c3-498871addaf6","artist":{"name":"Radiohead","mbid":"a74b1b7f-71a5-4011-9441-d0b5e4122711"}}},{"timestamp":{"iso":"2007-08-10T02:31:22","unixtimestamp":1186713082},"track":{"name":"Knives Out","mbid":"ac042cb6-c6e4-49f3-8756-4219721208b9","artist":{"name":"Radiohead","mbid":"a74b1b7f-71a5-4011-9441-d0b5e4122711"}},"uncorrectedTrack":{"name":"Knives Out","mbid":"ac042cb6-c6e4-49f3-8756-4219721208b9","artist":{"name":"Radiohead","mbid":"a74b1b7f-71a5-4011-9441-d0b5e4122711"}},"album":{"name":"Amnesiac","mbid":"8fdf5ccd-98d2-3283-a6c3-498871addaf6","artist":{"name":"Radiohead","mbid":"a74b1b7f-71a5-4011-9441-d0b5e4122711"}}},{"timestamp":{"iso":"2007-08-10T02:35:09","unixtimestamp":1186713309},"track":{"name":"Morning Bell/Amnesiac","mbid":"50d5c3f8-03d6-4d9f-a38c-5421b1c5d348","artist":{"name":"Radiohead","mbid":"a74b1b7f-71a5-4011-9441-d0b5e4122711"}},"uncorrectedTrack":{"name":"Morning Bell/Amnesiac","mbid":"50d5c3f8-03d6-4d9f-a38c-5421b1c5d348","artist":{"name":"Radiohead","mbid":"a74b1b7f-71a5-4011-9441-d0b5e4122711"}},"album":{"name":"Amnesiac","mbid":"8fdf5ccd-98d2-3283-a6c3-498871addaf6","artist":{"name":"Radiohead","mbid":"a74b1b7f-71a5-4011-9441-d0b5e4122711"}}},{"timestamp":{"iso":"2007-08-10T02:38:42","unixtimestamp":1186713522},"track":{"name":"Dollars \u0026 Cents","mbid":"001f0047-7891-4901-8f4b-2dab703da4f4","artist":{"name":"Radiohead","mbid":"a74b1b7f-71a5-4011-9441-d0b5e4122711"}},"uncorrectedTrack":{"name":"Dollars \u0026 Cents","mbid":"001f0047-7891-4901-8f4b-2dab703da4f4","artist":{"name":"Radiohead","mbid":"a74b1b7f-71a5-4011-9441-d0b5e4122711"}},"album":{"name":"Amnesiac","mbid":"8fdf5ccd-98d2-3283-a6c3-498871addaf6","artist":{"name":"Radiohead","mbid":"a74b1b7f-71a5-4011-9441-d0b5e4122711"}}},{"timestamp":{"iso":"2007-08-28T06:17:56","unixtimestamp":1188281876},"track":{"name":"Time","mbid":"e0850f9d-2bb6-401a-8eed-f983d4865a8f","artist":{"name":"Pink Floyd","mbid":"83d91898-7763-47d7-b03b-b92132375c47"}},"uncorrectedTrack":{"name":"Time","mbid":"e0850f9d-2bb6-401a-8eed-f983d4865a8f","artist":{"name":"Pink Floyd","mbid":"83d91898-7763-47d7-b03b-b92132375c47"}}},{"timestamp":{"iso":"2007-08-28T06:24:53","unixtimestamp":1188282293},"track":{"name":"Pink Bullets","mbid":"abfd92f4-1147-4518-b5fd-781e135427bf","artist":{"name":"The Shins","mbid":"6c8b9855-ba8b-48f9-ac1d-42167f7f7b18"}},"uncorrectedTrack":{"name":"Pink Bullets","mbid":"abfd92f4-1147-4518-b5fd-781e135427bf","artist":{"name":"The Shins","mbid":"6c8b9855-ba8b-48f9-ac1d-42167f7f7b18"}},"album":{"name":"Chutes Too Narrow","mbid":"735e9638-b555-49f5-b536-01ce8df1dbeb","artist":{"name":"The Shins","mbid":"6c8b9855-ba8b-48f9-ac1d-42167f7f7b18"}}},{"timestamp":{"iso":"2007-08-29T00:49:26","unixtimestamp":1188348566},"track":{"name":"So Contagious","mbid":"bf83bac3-63ee-4b9d-b7ea-2d0b0b027180","artist":{"name":"Acceptance","mbid":"364e1151-40f0-476d-a437-8fc6427262e8"}},"uncorrectedTrack":{"name":"So Contagious","mbid":"bf83bac3-63ee-4b9d-b7ea-2d0b0b027180","artist":{"name":"Acceptance","mbid":"364e1151-40f0-476d-a437-8fc6427262e8"}},"album":{"name":"Phantoms","mbid":"dc73104f-81f7-4030-9f1a-9db8799eeac1","artist":{"name":"Acceptance","mbid":"364e1151-40f0-476d-a437-8fc6427262e8"}}},{"timestamp":{"iso":"2007-08-29T00:57:40","unixtimestamp":1188349060},"track":{"name":"Why I\u0027m Here","mbid":"012efc20-4e06-418f-979f-4b75427c3ad0","artist":{"name":"Oleander","mbid":"8b890043-2576-4550-843e-f68fabfd37c6"}},"uncorrectedTrack":{"name":"Why I\u0027m Here","mbid":"012efc20-4e06-418f-979f-4b75427c3ad0","artist":{"name":"Oleander","mbid":"8b890043-2576-4550-843e-f68fabfd37c6"}},"album":{"name":"February Son","mbid":"444558cd-6725-4982-9d38-699196e90cb1","artist":{"name":"Oleander","mbid":"8b890043-2576-4550-843e-f68fabfd37c6"}}},{"timestamp":{"iso":"2007-08-29T01:02:14","unixtimestamp":1188349334},"track":{"name":"Americana","mbid":"fbc1384f-d622-4723-b670-104856cb20c3","artist":{"name":"The Offspring","mbid":"23a03e33-a603-404e-bcbf-2c00159d7067"}},"uncorrectedTrack":{"name":"Americana","mbid":"fbc1384f-d622-4723-b670-104856cb20c3","artist":{"name":"The Offspring","mbid":"23a03e33-a603-404e-bcbf-2c00159d7067"}},"album":{"name":"Americana","mbid":"7d58c466-b66f-3993-8f49-ec134ba8a867","artist":{"name":"The Offspring","mbid":"23a03e33-a603-404e-bcbf-2c00159d7067"}}},{"timestamp":{"iso":"2007-08-29T01:06:44","unixtimestamp":1188349604},"track":{"name":"Karmacoma","mbid":"87efdfd4-0074-432a-ae70-847d85ca80e2","artist":{"name":"Massive Attack","mbid":"10adbe5e-a2c0-4bf3-8249-2b4cbf6e6ca8"}},"uncorrectedTrack":{"name":"Karma Coma","mbid":"6e9a7db5-f2e4-4181-8a55-57061f3b0369","artist":{"name":"Massive Attack","mbid":"10adbe5e-a2c0-4bf3-8249-2b4cbf6e6ca8"}},"album":{"name":"Collected","mbid":"bc5d83b1-c962-4b9f-8803-8c50545ba71c","artist":{"name":"Massive Attack","mbid":"10adbe5e-a2c0-4bf3-8249-2b4cbf6e6ca8"}}},{"timestamp":{"iso":"2007-08-29T01:11:53","unixtimestamp":1188349913},"track":{"name":"Angel","mbid":"061032a5-2519-49a0-8888-5b42a2ba9e16","artist":{"name":"Massive Attack","mbid":"10adbe5e-a2c0-4bf3-8249-2b4cbf6e6ca8"}},"uncorrectedTrack":{"name":"Angel","mbid":"061032a5-2519-49a0-8888-5b42a2ba9e16","artist":{"name":"Massive Attack","mbid":"10adbe5e-a2c0-4bf3-8249-2b4cbf6e6ca8"}},"album":{"name":"Collected","mbid":"bc5d83b1-c962-4b9f-8803-8c50545ba71c","artist":{"name":"Massive Attack","mbid":"10adbe5e-a2c0-4bf3-8249-2b4cbf6e6ca8"}}},{"timestamp":{"iso":"2007-08-29T01:14:07","unixtimestamp":1188350047},"track":{"name":"Inertia Creeps","mbid":"51a04117-1f77-49c4-8591-cb779534727d","artist":{"name":"Massive Attack","mbid":"10adbe5e-a2c0-4bf3-8249-2b4cbf6e6ca8"}},"uncorrectedTrack":{"name":"Inertia Creeps","mbid":"51a04117-1f77-49c4-8591-cb779534727d","artist":{"name":"Massive Attack","mbid":"10adbe5e-a2c0-4bf3-8249-2b4cbf6e6ca8"}},"album":{"name":"Collected","mbid":"bc5d83b1-c962-4b9f-8803-8c50545ba71c","artist":{"name":"Massive Attack","mbid":"10adbe5e-a2c0-4bf3-8249-2b4cbf6e6ca8"}}},{"timestamp":{"iso":"2007-08-29T01:19:57","unixtimestamp":1188350397},"track":{"name":"Protection","mbid":"f6c99d79-9d9f-4e61-a29f-7edde9a554be","artist":{"name":"Massive Attack","mbid":"10adbe5e-a2c0-4bf3-8249-2b4cbf6e6ca8"}},"uncorrectedTrack":{"name":"Protection","mbid":"f6c99d79-9d9f-4e61-a29f-7edde9a554be","artist":{"name":"Massive Attack","mbid":"10adbe5e-a2c0-4bf3-8249-2b4cbf6e6ca8"}},"album":{"name":"Collected","mbid":"bc5d83b1-c962-4b9f-8803-8c50545ba71c","artist":{"name":"Massive Attack","mbid":"10adbe5e-a2c0-4bf3-8249-2b4cbf6e6ca8"}}},{"timestamp":{"iso":"2007-08-29T01:27:38","unixtimestamp":1188350858},"track":{"name":"Butterfly Caught","mbid":"f917cd02-c81b-40a6-9bfc-cf5de65179b2","artist":{"name":"Massive Attack","mbid":"10adbe5e-a2c0-4bf3-8249-2b4cbf6e6ca8"}},"uncorrectedTrack":{"name":"Butterfly Caught","mbid":"f917cd02-c81b-40a6-9bfc-cf5de65179b2","artist":{"name":"Massive Attack","mbid":"10adbe5e-a2c0-4bf3-8249-2b4cbf6e6ca8"}},"album":{"name":"Collected","mbid":"bc5d83b1-c962-4b9f-8803-8c50545ba71c","artist":{"name":"Massive Attack","mbid":"10adbe5e-a2c0-4bf3-8249-2b4cbf6e6ca8"}}},{"timestamp":{"iso":"2007-08-29T01:38:29","unixtimestamp":1188351509},"track":{"name":"Future Proof","mbid":"43112b76-b6b6-4ddf-bc00-9026615814e0","artist":{"name":"Massive Attack","mbid":"10adbe5e-a2c0-4bf3-8249-2b4cbf6e6ca8"}},"uncorrectedTrack":{"name":"Future Proof","mbid":"43112b76-b6b6-4ddf-bc00-9026615814e0","artist":{"name":"Massive Attack","mbid":"10adbe5e-a2c0-4bf3-8249-2b4cbf6e6ca8"}},"album":{"name":"Collected","mbid":"bc5d83b1-c962-4b9f-8803-8c50545ba71c","artist":{"name":"Massive Attack","mbid":"10adbe5e-a2c0-4bf3-8249-2b4cbf6e6ca8"}}},{"timestamp":{"iso":"2007-08-29T01:44:07","unixtimestamp":1188351847},"track":{"name":"Five Man Army","mbid":"622ffd43-bb8f-4274-8296-7a4fc3dfd4ad","artist":{"name":"Massive Attack","mbid":"10adbe5e-a2c0-4bf3-8249-2b4cbf6e6ca8"}},"uncorrectedTrack":{"name":"Five Man Army","mbid":"622ffd43-bb8f-4274-8296-7a4fc3dfd4ad","artist":{"name":"Massive Attack","mbid":"10adbe5e-a2c0-4bf3-8249-2b4cbf6e6ca8"}},"album":{"name":"Collected","mbid":"bc5d83b1-c962-4b9f-8803-8c50545ba71c","artist":{"name":"Massive Attack","mbid":"10adbe5e-a2c0-4bf3-8249-2b4cbf6e6ca8"}}},{"timestamp":{"iso":"2007-08-29T02:08:36","unixtimestamp":1188353316},"track":{"name":"Polaroid Girl","mbid":"1868dc9a-6111-4996-926f-0b58d25911a9","artist":{"name":"Massive Attack","mbid":"10adbe5e-a2c0-4bf3-8249-2b4cbf6e6ca8"}},"uncorrectedTrack":{"name":"Polaroid Girl","mbid":"1868dc9a-6111-4996-926f-0b58d25911a9","artist":{"name":"Massive Attack","mbid":"10adbe5e-a2c0-4bf3-8249-2b4cbf6e6ca8"}},"album":{"name":"Danny the Dog","mbid":"32a158aa-a70e-4f52-8320-3ec7d1752927","artist":{"name":"Massive Attack","mbid":"10adbe5e-a2c0-4bf3-8249-2b4cbf6e6ca8"}}},{"timestamp":{"iso":"2007-08-29T02:12:14","unixtimestamp":1188353534},"track":{"name":"La valse d\u0027Amélie (version orc","artist":{"name":"Yann Tiersen","mbid":"12d432a3-feb0-49b1-a107-d20751880764"}},"uncorrectedTrack":{"name":"La valse d\u0027Amélie (version orc","artist":{"name":"Yann Tiersen","mbid":"12d432a3-feb0-49b1-a107-d20751880764"}}},{"timestamp":{"iso":"2007-08-29T02:16:38","unixtimestamp":1188353798},"track":{"name":"Hysteria","mbid":"ccd42d40-015d-4bae-8cd6-cb3e19b5cbeb","artist":{"name":"Muse","mbid":"1695c115-bf3f-4014-9966-2b0c50179193"}},"uncorrectedTrack":{"name":"Hysteria","mbid":"ccd42d40-015d-4bae-8cd6-cb3e19b5cbeb","artist":{"name":"Muse","mbid":"1695c115-bf3f-4014-9966-2b0c50179193"}},"album":{"name":"Absolution","mbid":"6ff10d60-8e80-4f51-9037-2932b5f49f5a","artist":{"name":"Muse","mbid":"1695c115-bf3f-4014-9966-2b0c50179193"}}},{"timestamp":{"iso":"2007-08-29T02:20:27","unixtimestamp":1188354027},"track":{"name":"Still D.R.E.","mbid":"ec6321eb-d148-4cae-865a-75d0c8cbbac3","artist":{"name":"Dr. Dre","mbid":"5f6ab597-f57a-40da-be9e-adad48708203"}},"uncorrectedTrack":{"name":"Still D.R.E.","mbid":"ec6321eb-d148-4cae-865a-75d0c8cbbac3","artist":{"name":"Dr. Dre","mbid":"5f6ab597-f57a-40da-be9e-adad48708203"}}},{"timestamp":{"iso":"2007-08-29T02:25:43","unixtimestamp":1188354343},"track":{"name":"The girl in Byakkoya","artist":{"name":"平沢進","mbid":"31e7b30b-f960-408f-908b-c8e277308eab"}},"uncorrectedTrack":{"name":"The girl in Byakkoya","artist":{"name":"Susumu Hirasawa"}}},{"timestamp":{"iso":"2007-08-29T02:31:40","unixtimestamp":1188354700},"track":{"name":"Don\u0027t Cry Out","mbid":"61d8db37-8587-4465-a25a-71297da1f105","artist":{"name":"Shiny Toy Guns","mbid":"ad61e25e-5516-41e1-b60d-744e8220986e"}},"uncorrectedTrack":{"name":"Don\u0027t Cry Out","mbid":"61d8db37-8587-4465-a25a-71297da1f105","artist":{"name":"Shiny Toy Guns","mbid":"ad61e25e-5516-41e1-b60d-744e8220986e"}}}]