[{"timestamp":{"iso":"2008-03-04T06:23:26","unixtimestamp":1204611806},"track":{"name":"La femme d\u0027argent","artist":{"name":"Air","mbid":"018dcc90-b1a2-400a-a96e-64b6a101f009"}},"uncorrectedTrack":{"name":"La femme d\u0027argent","artist":{"name":"Air","mbid":"018dcc90-b1a2-400a-a96e-64b6a101f009"}},"album":{"name":"Moon Safari","mbid":"66c2ceb8-d369-4d8c-b702-490838855977","artist":{"name":"Air","mbid":"018dcc90-b1a2-400a-a96e-64b6a101f009"}}},{"timestamp":{"iso":"2008-03-04T06:31:21","unixtimestamp":1204612281},"track":{"name":"Risingson","mbid":"0c209670-42b3-402b-a399-d7de627b459e","artist":{"name":"Massive Attack","mbid":"10adbe5e-a2c0-4bf3-8249-2b4cbf6e6ca8"}},"uncorrectedTrack":{"name":"Risingson","mbid":"0c209670-42b3-402b-a399-d7de627b459e","artist":{"name":"Massive Attack","mbid":"10adbe5e-a2c0-4bf3-8249-2b4cbf6e6ca8"}},"album":{"name":"Collected","mbid":"bc5d83b1-c962-4b9f-8803-8c50545ba71c","artist":{"name":"Massive Attack","mbid":"10adbe5e-a2c0-4bf3-8249-2b4cbf6e6ca8"}}},{"timestamp":{"iso":"2008-03-04T06:36:14","unixtimestamp":1204612574},"track":{"name":"Karmacoma","mbid":"87efdfd4-0074-432a-ae70-847d85ca80e2","artist":{"name":"Massive Attack","mbid":"10adbe5e-a2c0-4bf3-8249-2b4cbf6e6ca8"}},"uncorrectedTrack":{"name":"Karma Coma","mbid":"6e9a7db5-f2e4-4181-8a55-57061f3b0369","artist":{"name":"Massive Attack","mbid":"10adbe5e-a2c0-4bf3-8249-2b4cbf6e6ca8"}},"album":{"name":"Collected","mbid":"bc5d83b1-c962-4b9f-8803-8c50545ba71c","artist":{"name":"Massive Attack","mbid":"10adbe5e-a2c0-4bf3-8249-2b4cbf6e6ca8"}}},{"timestamp":{"iso":"2008-03-04T06:41:24","unixtimestamp":1204612884},"track":{"name":"Inertia Creeps","mbid":"51a04117-1f77-49c4-8591-cb779534727d","artist":{"name":"Massive Attack","mbid":"10adbe5e-a2c0-4bf3-8249-2b4cbf6e6ca8"}},"uncorrectedTrack":{"name":"Inertia Creeps","mbid":"51a04117-1f77-49c4-8591-cb779534727d","artist":{"name":"Massive Attack","mbid":"10adbe5e-a2c0-4bf3-8249-2b4cbf6e6ca8"}},"album":{"name":"Collected","mbid":"bc5d83b1-c962-4b9f-8803-8c50545ba71c","artist":{"name":"Massive Attack","mbid":"10adbe5e-a2c0-4bf3-8249-2b4cbf6e6ca8"}}},{"timestamp":{"iso":"2008-03-04T06:47:13","unixtimestamp":1204613233},"track":{"name":"Future Proof","mbid":"43112b76-b6b6-4ddf-bc00-9026615814e0","artist":{"name":"Massive Attack","mbid":"10adbe5e-a2c0-4bf3-8249-2b4cbf6e6ca8"}},"uncorrectedTrack":{"name":"Future Proof","mbid":"43112b76-b6b6-4ddf-bc00-9026615814e0","artist":{"name":"Massive Attack","mbid":"10adbe5e-a2c0-4bf3-8249-2b4cbf6e6ca8"}},"album":{"name":"Collected","mbid":"bc5d83b1-c962-4b9f-8803-8c50545ba71c","artist":{"name":"Massive Attack","mbid":"10adbe5e-a2c0-4bf3-8249-2b4cbf6e6ca8"}}},{"timestamp":{"iso":"2008-03-04T06:52:52","unixtimestamp":1204613572},"track":{"name":"Teardrop","mbid":"10b95c61-bbab-4473-af83-4803729ee276","artist":{"name":"Massive Attack","mbid":"10adbe5e-a2c0-4bf3-8249-2b4cbf6e6ca8"}},"uncorrectedTrack":{"name":"Teardrop","mbid":"10b95c61-bbab-4473-af83-4803729ee276","artist":{"name":"Massive Attack","mbid":"10adbe5e-a2c0-4bf3-8249-2b4cbf6e6ca8"}},"album":{"name":"Collected","mbid":"bc5d83b1-c962-4b9f-8803-8c50545ba71c","artist":{"name":"Massive Attack","mbid":"10adbe5e-a2c0-4bf3-8249-2b4cbf6e6ca8"}}},{"timestamp":{"iso":"2008-03-04T07:06:03","unixtimestamp":1204614363},"track":{"name":"The Dog Obeys","mbid":"42479f0e-8547-46cd-a066-d0a97985a3ba","artist":{"name":"Massive Attack","mbid":"10adbe5e-a2c0-4bf3-8249-2b4cbf6e6ca8"}},"uncorrectedTrack":{"name":"The Dog Obeys","mbid":"42479f0e-8547-46cd-a066-d0a97985a3ba","artist":{"name":"Massive Attack","mbid":"10adbe5e-a2c0-4bf3-8249-2b4cbf6e6ca8"}},"album":{"name":"Danny the Dog","mbid":"32a158aa-a70e-4f52-8320-3ec7d1752927","artist":{"name":"Massive Attack","mbid":"10adbe5e-a2c0-4bf3-8249-2b4cbf6e6ca8"}}},{"timestamp":{"iso":"2008-03-04T07:08:19","unixtimestamp":1204614499},"track":{"name":"Simple Rules","mbid":"184c6f66-8832-4648-ab67-8b06b7e3e9e7","artist":{"name":"Massive Attack","mbid":"10adbe5e-a2c0-4bf3-8249-2b4cbf6e6ca8"}},"uncorrectedTrack":{"name":"Simple Rules","mbid":"184c6f66-8832-4648-ab67-8b06b7e3e9e7","artist":{"name":"Massive Attack","mbid":"10adbe5e-a2c0-4bf3-8249-2b4cbf6e6ca8"}},"album":{"name":"Danny the Dog","mbid":"32a158aa-a70e-4f52-8320-3ec7d1752927","artist":{"name":"Massive Attack","mbid":"10adbe5e-a2c0-4bf3-8249-2b4cbf6e6ca8"}}},{"timestamp":{"iso":"2008-03-04T07:09:35","unixtimestamp":1204614575},"track":{"name":"I Am Home","mbid":"1bcf6820-8091-46ea-8b83-87d3f0a40e16","artist":{"name":"Massive Attack","mbid":"10adbe5e-a2c0-4bf3-8249-2b4cbf6e6ca8"}},"uncorrectedTrack":{"name":"I Am Home","mbid":"1bcf6820-8091-46ea-8b83-87d3f0a40e16","artist":{"name":"Massive Attack","mbid":"10adbe5e-a2c0-4bf3-8249-2b4cbf6e6ca8"}},"album":{"name":"Danny the Dog","mbid":"32a158aa-a70e-4f52-8320-3ec7d1752927","artist":{"name":"Massive Attack","mbid":"10adbe5e-a2c0-4bf3-8249-2b4cbf6e6ca8"}}},{"timestamp":{"iso":"2008-03-04T07:13:44","unixtimestamp":1204614824},"track":{"name":"Karmacoma","mbid":"87efdfd4-0074-432a-ae70-847d85ca80e2","artist":{"name":"Massive Attack","mbid":"10adbe5e-a2c0-4bf3-8249-2b4cbf6e6ca8"}},"uncorrectedTrack":{"name":"Karmacoma","mbid":"87efdfd4-0074-432a-ae70-847d85ca80e2","artist":{"name":"Massive Attack","mbid":"10adbe5e-a2c0-4bf3-8249-2b4cbf6e6ca8"}},"album":{"name":"Singles 90-98 (disc 7)","artist":{"name":"Massive Attack","mbid":"10adbe5e-a2c0-4bf3-8249-2b4cbf6e6ca8"}}},{"timestamp":{"iso":"2008-03-04T07:19:47","unixtimestamp":1204615187},"track":{"name":"Incantations","mbid":"9f35b680-53b9-47bc-99eb-9918aae27d2e","artist":{"name":"Massive Attack","mbid":"10adbe5e-a2c0-4bf3-8249-2b4cbf6e6ca8"}},"uncorrectedTrack":{"name":"Incantations","mbid":"9f35b680-53b9-47bc-99eb-9918aae27d2e","artist":{"name":"Massive Attack","mbid":"10adbe5e-a2c0-4bf3-8249-2b4cbf6e6ca8"}}},{"timestamp":{"iso":"2008-03-04T07:23:57","unixtimestamp":1204615437},"track":{"name":"You\u0027ve Never Had a Dream","mbid":"2ec7a60a-5a4d-4498-961d-3cb545dc2884","artist":{"name":"Massive Attack","mbid":"10adbe5e-a2c0-4bf3-8249-2b4cbf6e6ca8"}},"uncorrectedTrack":{"name":"You\u0027ve Never Had a Dream","mbid":"2ec7a60a-5a4d-4498-961d-3cb545dc2884","artist":{"name":"Massive Attack","mbid":"10adbe5e-a2c0-4bf3-8249-2b4cbf6e6ca8"}},"album":{"name":"Danny the Dog","mbid":"32a158aa-a70e-4f52-8320-3ec7d1752927","artist":{"name":"Massive Attack","mbid":"10adbe5e-a2c0-4bf3-8249-2b4cbf6e6ca8"}}},{"timestamp":{"iso":"2008-03-04T07:26:38","unixtimestamp":1204615598},"track":{"name":"Red Light Means Go","mbid":"00bcaef0-a128-4b9f-bde9-3ac93931a979","artist":{"name":"Massive Attack","mbid":"10adbe5e-a2c0-4bf3-8249-2b4cbf6e6ca8"}},"uncorrectedTrack":{"name":"Red Light Means Go","mbid":"00bcaef0-a128-4b9f-bde9-3ac93931a979","artist":{"name":"Massive Attack","mbid":"10adbe5e-a2c0-4bf3-8249-2b4cbf6e6ca8"}},"album":{"name":"Danny the Dog","mbid":"32a158aa-a70e-4f52-8320-3ec7d1752927","artist":{"name":"Massive Attack","mbid":"10adbe5e-a2c0-4bf3-8249-2b4cbf6e6ca8"}}},{"timestamp":{"iso":"2008-03-04T07:28:39","unixtimestamp":1204615719},"track":{"name":"Special Cases","mbid":"706c5775-77fa-44b7-bb0b-450910085b85","artist":{"name":"Massive Attack","mbid":"10adbe5e-a2c0-4bf3-8249-2b4cbf6e6ca8"}},"uncorrectedTrack":{"name":"Special Cases","mbid":"706c5775-77fa-44b7-bb0b-450910085b85","artist":{"name":"Massive Attack","mbid":"10adbe5e-a2c0-4bf3-8249-2b4cbf6e6ca8"}},"album":{"name":"100th Window","mbid":"2a4e10c4-29eb-33a0-9b31-646feb2a9f52","artist":{"name":"Massive Attack","mbid":"10adbe5e-a2c0-4bf3-8249-2b4cbf6e6ca8"}}},{"timestamp":{"iso":"2008-03-04T07:33:45","unixtimestamp":1204616025},"track":{"name":"The Academy","mbid":"58647c87-f1b1-4e19-a2f0-245196036780","artist":{"name":"Massive Attack","mbid":"10adbe5e-a2c0-4bf3-8249-2b4cbf6e6ca8"}},"uncorrectedTrack":{"name":"The Academy","mbid":"58647c87-f1b1-4e19-a2f0-245196036780","artist":{"name":"Massive Attack","mbid":"10adbe5e-a2c0-4bf3-8249-2b4cbf6e6ca8"}},"album":{"name":"Danny the Dog","mbid":"32a158aa-a70e-4f52-8320-3ec7d1752927","artist":{"name":"Massive Attack","mbid":"10adbe5e-a2c0-4bf3-8249-2b4cbf6e6ca8"}}},{"timestamp":{"iso":"2008-03-04T07:35:26","unixtimestamp":1204616126},"track":{"name":"Small Time Shoot \u0027em Up","mbid":"ed88a413-9233-4137-8ef0-1737ac42072f","artist":{"name":"Massive Attack","mbid":"10adbe5e-a2c0-4bf3-8249-2b4cbf6e6ca8"}},"uncorrectedTrack":{"name":"Small Time Shoot \u0027em Up","mbid":"ed88a413-9233-4137-8ef0-1737ac42072f","artist":{"name":"Massive Attack","mbid":"10adbe5e-a2c0-4bf3-8249-2b4cbf6e6ca8"}}},{"timestamp":{"iso":"2008-03-04T07:39:29","unixtimestamp":1204616369},"track":{"name":"Dissolved Girl","mbid":"010c3232-3ee7-43fe-81e8-69b0ea3cf1bb","artist":{"name":"Massive Attack","mbid":"10adbe5e-a2c0-4bf3-8249-2b4cbf6e6ca8"}},"uncorrectedTrack":{"name":"Dissolved Girl","mbid":"010c3232-3ee7-43fe-81e8-69b0ea3cf1bb","artist":{"name":"Massive Attack","mbid":"10adbe5e-a2c0-4bf3-8249-2b4cbf6e6ca8"}},"album":{"name":"Mezzanine","mbid":"2fa63133-a4c9-3f41-8deb-162189de83ff","artist":{"name":"Massive Attack","mbid":"10adbe5e-a2c0-4bf3-8249-2b4cbf6e6ca8"}}},{"timestamp":{"iso":"2008-03-04T07:45:27","unixtimestamp":1204616727},"track":{"name":"One Thought At A Time","mbid":"2fafc1bf-7105-409e-974a-275ba4a1d6d7","artist":{"name":"Massive Attack","mbid":"10adbe5e-a2c0-4bf3-8249-2b4cbf6e6ca8"}},"uncorrectedTrack":{"name":"One Thought At A Time","mbid":"2fafc1bf-7105-409e-974a-275ba4a1d6d7","artist":{"name":"Massive Attack","mbid":"10adbe5e-a2c0-4bf3-8249-2b4cbf6e6ca8"}},"album":{"name":"Danny the Dog","mbid":"32a158aa-a70e-4f52-8320-3ec7d1752927","artist":{"name":"Massive Attack","mbid":"10adbe5e-a2c0-4bf3-8249-2b4cbf6e6ca8"}}},{"timestamp":{"iso":"2008-03-04T07:49:45","unixtimestamp":1204616985},"track":{"name":"Future Proof","mbid":"43112b76-b6b6-4ddf-bc00-9026615814e0","artist":{"name":"Massive Attack","mbid":"10adbe5e-a2c0-4bf3-8249-2b4cbf6e6ca8"}},"uncorrectedTrack":{"name":"Future Proof","mbid":"43112b76-b6b6-4ddf-bc00-9026615814e0","artist":{"name":"Massive Attack","mbid":"10adbe5e-a2c0-4bf3-8249-2b4cbf6e6ca8"}},"album":{"name":"Collected","mbid":"bc5d83b1-c962-4b9f-8803-8c50545ba71c","artist":{"name":"Massive Attack","mbid":"10adbe5e-a2c0-4bf3-8249-2b4cbf6e6ca8"}}},{"timestamp":{"iso":"2008-03-04T07:55:24","unixtimestamp":1204617324},"track":{"name":"Two Rocks And A Cup Of Water","mbid":"25f1efe2-6ed5-4469-bfe3-7eb39c014af4","artist":{"name":"Massive Attack","mbid":"10adbe5e-a2c0-4bf3-8249-2b4cbf6e6ca8"}},"uncorrectedTrack":{"name":"Two Rocks And A Cup Of Water","mbid":"25f1efe2-6ed5-4469-bfe3-7eb39c014af4","artist":{"name":"Massive Attack","mbid":"10adbe5e-a2c0-4bf3-8249-2b4cbf6e6ca8"}},"album":{"name":"Danny the Dog","mbid":"32a158aa-a70e-4f52-8320-3ec7d1752927","artist":{"name":"Massive Attack","mbid":"10adbe5e-a2c0-4bf3-8249-2b4cbf6e6ca8"}}},{"timestamp":{"iso":"2008-03-04T07:57:52","unixtimestamp":1204617472},"track":{"name":"Collar Stays On","mbid":"0bd889c3-0260-4dc3-a9d3-8cf9959ff85f","artist":{"name":"Massive Attack","mbid":"10adbe5e-a2c0-4bf3-8249-2b4cbf6e6ca8"}},"uncorrectedTrack":{"name":"Collar Stays On","mbid":"0bd889c3-0260-4dc3-a9d3-8cf9959ff85f","artist":{"name":"Massive Attack","mbid":"10adbe5e-a2c0-4bf3-8249-2b4cbf6e6ca8"}},"album":{"name":"Danny the Dog","mbid":"32a158aa-a70e-4f52-8320-3ec7d1752927","artist":{"name":"Massive Attack","mbid":"10adbe5e-a2c0-4bf3-8249-2b4cbf6e6ca8"}}},{"timestamp":{"iso":"2008-03-04T07:59:38","unixtimestamp":1204617578},"track":{"name":"Risingson","mbid":"0c209670-42b3-402b-a399-d7de627b459e","artist":{"name":"Massive Attack","mbid":"10adbe5e-a2c0-4bf3-8249-2b4cbf6e6ca8"}},"uncorrectedTrack":{"name":"Risingson","mbid":"0c209670-42b3-402b-a399-d7de627b459e","artist":{"name":"Massive Attack","mbid":"10adbe5e-a2c0-4bf3-8249-2b4cbf6e6ca8"}},"album":{"name":"Collected","mbid":"bc5d83b1-c962-4b9f-8803-8c50545ba71c","artist":{"name":"Massive Attack","mbid":"10adbe5e-a2c0-4bf3-8249-2b4cbf6e6ca8"}}},{"timestamp":{"iso":"2008-03-04T08:04:31","unixtimestamp":1204617871},"track":{"name":"Karmacoma","mbid":"87efdfd4-0074-432a-ae70-847d85ca80e2","artist":{"name":"Massive Attack","mbid":"10adbe5e-a2c0-4bf3-8249-2b4cbf6e6ca8"}},"uncorrectedTrack":{"name":"Karma Coma","mbid":"6e9a7db5-f2e4-4181-8a55-57061f3b0369","artist":{"name":"Massive Attack","mbid":"10adbe5e-a2c0-4bf3-8249-2b4cbf6e6ca8"}},"album":{"name":"Collected","mbid":"bc5d83b1-c962-4b9f-8803-8c50545ba71c","artist":{"name":"Massive Attack","mbid":"10adbe5e-a2c0-4bf3-8249-2b4cbf6e6ca8"}}},{"timestamp":{"iso":"2008-03-04T08:09:41","unixtimestamp":1204618181},"track":{"name":"Confused Images","mbid":"4ef2904d-3f17-4a71-b2be-48475c27c722","artist":{"name":"Massive Attack","mbid":"10adbe5e-a2c0-4bf3-8249-2b4cbf6e6ca8"}},"uncorrectedTrack":{"name":"Confused Images","mbid":"4ef2904d-3f17-4a71-b2be-48475c27c722","artist":{"name":"Massive Attack","mbid":"10adbe5e-a2c0-4bf3-8249-2b4cbf6e6ca8"}},"album":{"name":"Danny the Dog","mbid":"32a158aa-a70e-4f52-8320-3ec7d1752927","artist":{"name":"Massive Attack","mbid":"10adbe5e-a2c0-4bf3-8249-2b4cbf6e6ca8"}}},{"timestamp":{"iso":"2008-03-04T08:11:35","unixtimestamp":1204618295},"track":{"name":"Right Way To Hold A Spoon","mbid":"43c87657-dca3-47df-a6ee-fe40f36ee296","artist":{"name":"Massive Attack","mbid":"10adbe5e-a2c0-4bf3-8249-2b4cbf6e6ca8"}},"uncorrectedTrack":{"name":"Right Way To Hold A Spoon","mbid":"43c87657-dca3-47df-a6ee-fe40f36ee296","artist":{"name":"Massive Attack","mbid":"10adbe5e-a2c0-4bf3-8249-2b4cbf6e6ca8"}},"album":{"name":"Danny the Dog","mbid":"32a158aa-a70e-4f52-8320-3ec7d1752927","artist":{"name":"Massive Attack","mbid":"10adbe5e-a2c0-4bf3-8249-2b4cbf6e6ca8"}}},{"timestamp":{"iso":"2008-03-04T08:14:50","unixtimestamp":1204618490},"track":{"name":"Unfinished symphony","mbid":"554408a8-002d-45b2-b1fb-6b9a5c5def03","artist":{"name":"Massive Attack","mbid":"10adbe5e-a2c0-4bf3-8249-2b4cbf6e6ca8"}},"uncorrectedTrack":{"name":"Unfinished symphony","mbid":"554408a8-002d-45b2-b1fb-6b9a5c5def03","artist":{"name":"Massive Attack","mbid":"10adbe5e-a2c0-4bf3-8249-2b4cbf6e6ca8"}},"album":{"name":"Collected","mbid":"bc5d83b1-c962-4b9f-8803-8c50545ba71c","artist":{"name":"Massive Attack","mbid":"10adbe5e-a2c0-4bf3-8249-2b4cbf6e6ca8"}}},{"timestamp":{"iso":"2008-03-04T08:19:57","unixtimestamp":1204618797},"track":{"name":"Teardrop","mbid":"10b95c61-bbab-4473-af83-4803729ee276","artist":{"name":"Massive Attack","mbid":"10adbe5e-a2c0-4bf3-8249-2b4cbf6e6ca8"}},"uncorrectedTrack":{"name":"Teardrop","mbid":"10b95c61-bbab-4473-af83-4803729ee276","artist":{"name":"Massive Attack","mbid":"10adbe5e-a2c0-4bf3-8249-2b4cbf6e6ca8"}},"album":{"name":"Collected","mbid":"bc5d83b1-c962-4b9f-8803-8c50545ba71c","artist":{"name":"Massive Attack","mbid":"10adbe5e-a2c0-4bf3-8249-2b4cbf6e6ca8"}}},{"timestamp":{"iso":"2008-03-04T08:25:21","unixtimestamp":1204619121},"track":{"name":"I Against I","artist":{"name":"Massive Attack","mbid":"10adbe5e-a2c0-4bf3-8249-2b4cbf6e6ca8"}},"uncorrectedTrack":{"name":"I Against I","artist":{"name":"Massive Attack","mbid":"10adbe5e-a2c0-4bf3-8249-2b4cbf6e6ca8"}},"album":{"name":"100th Window","mbid":"2a4e10c4-29eb-33a0-9b31-646feb2a9f52","artist":{"name":"Massive Attack","mbid":"10adbe5e-a2c0-4bf3-8249-2b4cbf6e6ca8"}}},{"timestamp":{"iso":"2008-03-04T08:30:58","unixtimestamp":1204619458},"track":{"name":"I Want You","mbid":"987d4797-7f38-4294-a7d8-99430ca4b615","artist":{"name":"Massive Attack","mbid":"10adbe5e-a2c0-4bf3-8249-2b4cbf6e6ca8"}},"uncorrectedTrack":{"name":"I Want You","mbid":"987d4797-7f38-4294-a7d8-99430ca4b615","artist":{"name":"Massive Attack","mbid":"10adbe5e-a2c0-4bf3-8249-2b4cbf6e6ca8"}}},{"timestamp":{"iso":"2008-03-04T08:35:52","unixtimestamp":1204619752},"track":{"name":"Protection","mbid":"f6c99d79-9d9f-4e61-a29f-7edde9a554be","artist":{"name":"Massive Attack","mbid":"10adbe5e-a2c0-4bf3-8249-2b4cbf6e6ca8"}},"uncorrectedTrack":{"name":"Protection","mbid":"f6c99d79-9d9f-4e61-a29f-7edde9a554be","artist":{"name":"Massive Attack","mbid":"10adbe5e-a2c0-4bf3-8249-2b4cbf6e6ca8"}},"album":{"name":"Collected","mbid":"bc5d83b1-c962-4b9f-8803-8c50545ba71c","artist":{"name":"Massive Attack","mbid":"10adbe5e-a2c0-4bf3-8249-2b4cbf6e6ca8"}}},{"timestamp":{"iso":"2008-03-04T08:43:33","unixtimestamp":1204620213},"track":{"name":"Everything About You Is New","mbid":"0526e724-9231-4db1-a7d0-cbfe28bfb762","artist":{"name":"Massive Attack","mbid":"10adbe5e-a2c0-4bf3-8249-2b4cbf6e6ca8"}},"uncorrectedTrack":{"name":"Everything About You Is New","mbid":"0526e724-9231-4db1-a7d0-cbfe28bfb762","artist":{"name":"Massive Attack","mbid":"10adbe5e-a2c0-4bf3-8249-2b4cbf6e6ca8"}},"album":{"name":"Danny the Dog","mbid":"32a158aa-a70e-4f52-8320-3ec7d1752927","artist":{"name":"Massive Attack","mbid":"10adbe5e-a2c0-4bf3-8249-2b4cbf6e6ca8"}}},{"timestamp":{"iso":"2008-03-04T08:45:54","unixtimestamp":1204620354},"track":{"name":"Butterfly Caught","mbid":"f917cd02-c81b-40a6-9bfc-cf5de65179b2","artist":{"name":"Massive Attack","mbid":"10adbe5e-a2c0-4bf3-8249-2b4cbf6e6ca8"}},"uncorrectedTrack":{"name":"Butterfly Caught","mbid":"f917cd02-c81b-40a6-9bfc-cf5de65179b2","artist":{"name":"Massive Attack","mbid":"10adbe5e-a2c0-4bf3-8249-2b4cbf6e6ca8"}},"album":{"name":"Collected","mbid":"bc5d83b1-c962-4b9f-8803-8c50545ba71c","artist":{"name":"Massive Attack","mbid":"10adbe5e-a2c0-4bf3-8249-2b4cbf6e6ca8"}}},{"timestamp":{"iso":"2008-03-04T08:50:58","unixtimestamp":1204620658},"track":{"name":"Danny The Dog","mbid":"5b6bfb06-6da5-4c17-8151-740a5945c552","artist":{"name":"Massive Attack","mbid":"10adbe5e-a2c0-4bf3-8249-2b4cbf6e6ca8"}},"uncorrectedTrack":{"name":"Danny The Dog","mbid":"5b6bfb06-6da5-4c17-8151-740a5945c552","artist":{"name":"Massive Attack","mbid":"10adbe5e-a2c0-4bf3-8249-2b4cbf6e6ca8"}}},{"timestamp":{"iso":"2008-03-04T08:57:38","unixtimestamp":1204621058},"track":{"name":"Angel","mbid":"061032a5-2519-49a0-8888-5b42a2ba9e16","artist":{"name":"Massive Attack","mbid":"10adbe5e-a2c0-4bf3-8249-2b4cbf6e6ca8"}},"uncorrectedTrack":{"name":"Angel","mbid":"061032a5-2519-49a0-8888-5b42a2ba9e16","artist":{"name":"Massive Attack","mbid":"10adbe5e-a2c0-4bf3-8249-2b4cbf6e6ca8"}},"album":{"name":"Collected","mbid":"bc5d83b1-c962-4b9f-8803-8c50545ba71c","artist":{"name":"Massive Attack","mbid":"10adbe5e-a2c0-4bf3-8249-2b4cbf6e6ca8"}}},{"timestamp":{"iso":"2008-03-04T09:03:48","unixtimestamp":1204621428},"track":{"name":"Sweet Is Good","mbid":"fc5b13ea-2486-42ab-879c-7961934e2408","artist":{"name":"Massive Attack","mbid":"10adbe5e-a2c0-4bf3-8249-2b4cbf6e6ca8"}},"uncorrectedTrack":{"name":"Sweet Is Good","mbid":"fc5b13ea-2486-42ab-879c-7961934e2408","artist":{"name":"Massive Attack","mbid":"10adbe5e-a2c0-4bf3-8249-2b4cbf6e6ca8"}},"album":{"name":"Danny the Dog","mbid":"32a158aa-a70e-4f52-8320-3ec7d1752927","artist":{"name":"Massive Attack","mbid":"10adbe5e-a2c0-4bf3-8249-2b4cbf6e6ca8"}}},{"timestamp":{"iso":"2008-03-04T09:05:17","unixtimestamp":1204621517},"track":{"name":"Bullet Boy","mbid":"f50f927b-d85d-419d-a58f-f2db0a54eedc","artist":{"name":"Massive Attack","mbid":"10adbe5e-a2c0-4bf3-8249-2b4cbf6e6ca8"}},"uncorrectedTrack":{"name":"Bullet Boy","mbid":"f50f927b-d85d-419d-a58f-f2db0a54eedc","artist":{"name":"Massive Attack","mbid":"10adbe5e-a2c0-4bf3-8249-2b4cbf6e6ca8"}}},{"timestamp":{"iso":"2008-03-04T09:10:53","unixtimestamp":1204621853},"track":{"name":"Black Melt","mbid":"ce96ad79-5aba-464d-971e-2d8f6e3ba8bb","artist":{"name":"Massive Attack","mbid":"10adbe5e-a2c0-4bf3-8249-2b4cbf6e6ca8"}},"uncorrectedTrack":{"name":"Black Melt","mbid":"ce96ad79-5aba-464d-971e-2d8f6e3ba8bb","artist":{"name":"Massive Attack","mbid":"10adbe5e-a2c0-4bf3-8249-2b4cbf6e6ca8"}}},{"timestamp":{"iso":"2008-03-04T09:14:08","unixtimestamp":1204622048},"track":{"name":"Sam","mbid":"0b956916-5712-405d-8891-485805ec0d24","artist":{"name":"Massive Attack","mbid":"10adbe5e-a2c0-4bf3-8249-2b4cbf6e6ca8"}},"uncorrectedTrack":{"name":"Sam","mbid":"0b956916-5712-405d-8891-485805ec0d24","artist":{"name":"Massive Attack","mbid":"10adbe5e-a2c0-4bf3-8249-2b4cbf6e6ca8"}},"album":{"name":"Danny the Dog","mbid":"32a158aa-a70e-4f52-8320-3ec7d1752927","artist":{"name":"Massive Attack","mbid":"10adbe5e-a2c0-4bf3-8249-2b4cbf6e6ca8"}}},{"timestamp":{"iso":"2008-03-04T09:17:12","unixtimestamp":1204622232},"track":{"name":"What Your Soul Sings","mbid":"0e08725c-cd2f-4ca1-b195-4e69bacc67a1","artist":{"name":"Massive Attack","mbid":"10adbe5e-a2c0-4bf3-8249-2b4cbf6e6ca8"}},"uncorrectedTrack":{"name":"What Your Soul Sings","mbid":"0e08725c-cd2f-4ca1-b195-4e69bacc67a1","artist":{"name":"Massive Attack","mbid":"10adbe5e-a2c0-4bf3-8249-2b4cbf6e6ca8"}},"album":{"name":"Collected","mbid":"bc5d83b1-c962-4b9f-8803-8c50545ba71c","artist":{"name":"Massive Attack","mbid":"10adbe5e-a2c0-4bf3-8249-2b4cbf6e6ca8"}}},{"timestamp":{"iso":"2008-03-04T09:23:44","unixtimestamp":1204622624},"track":{"name":"Atta\u0027 Boy","mbid":"9f65370a-d13f-41a2-a2d3-e538700fea0f","artist":{"name":"Massive Attack","mbid":"10adbe5e-a2c0-4bf3-8249-2b4cbf6e6ca8"}},"uncorrectedTrack":{"name":"Atta\u0027 Boy","mbid":"9f65370a-d13f-41a2-a2d3-e538700fea0f","artist":{"name":"Massive Attack","mbid":"10adbe5e-a2c0-4bf3-8249-2b4cbf6e6ca8"}},"album":{"name":"Danny the Dog","mbid":"32a158aa-a70e-4f52-8320-3ec7d1752927","artist":{"name":"Massive Attack","mbid":"10adbe5e-a2c0-4bf3-8249-2b4cbf6e6ca8"}}},{"timestamp":{"iso":"2008-03-04T09:26:19","unixtimestamp":1204622779},"track":{"name":"Five Man Army","mbid":"622ffd43-bb8f-4274-8296-7a4fc3dfd4ad","artist":{"name":"Massive Attack","mbid":"10adbe5e-a2c0-4bf3-8249-2b4cbf6e6ca8"}},"uncorrectedTrack":{"name":"Five Man Army","mbid":"622ffd43-bb8f-4274-8296-7a4fc3dfd4ad","artist":{"name":"Massive Attack","mbid":"10adbe5e-a2c0-4bf3-8249-2b4cbf6e6ca8"}},"album":{"name":"Collected","mbid":"bc5d83b1-c962-4b9f-8803-8c50545ba71c","artist":{"name":"Massive Attack","mbid":"10adbe5e-a2c0-4bf3-8249-2b4cbf6e6ca8"}}},{"timestamp":{"iso":"2008-03-04T09:31:36","unixtimestamp":1204623096},"track":{"name":"Live With Me","mbid":"f91f5b22-2465-4c6b-818f-0235d6a881dd","artist":{"name":"Massive Attack","mbid":"10adbe5e-a2c0-4bf3-8249-2b4cbf6e6ca8"}},"uncorrectedTrack":{"name":"Live With Me","mbid":"f91f5b22-2465-4c6b-818f-0235d6a881dd","artist":{"name":"Massive Attack","mbid":"10adbe5e-a2c0-4bf3-8249-2b4cbf6e6ca8"}},"album":{"name":"Collected","mbid":"bc5d83b1-c962-4b9f-8803-8c50545ba71c","artist":{"name":"Massive Attack","mbid":"10adbe5e-a2c0-4bf3-8249-2b4cbf6e6ca8"}}},{"timestamp":{"iso":"2008-03-04T09:36:23","unixtimestamp":1204623383},"track":{"name":"P Is For Piano","mbid":"07690fc3-6533-4f2e-9c3e-1aa60a04cfaf","artist":{"name":"Massive Attack","mbid":"10adbe5e-a2c0-4bf3-8249-2b4cbf6e6ca8"}},"uncorrectedTrack":{"name":"P Is For Piano","mbid":"07690fc3-6533-4f2e-9c3e-1aa60a04cfaf","artist":{"name":"Massive Attack","mbid":"10adbe5e-a2c0-4bf3-8249-2b4cbf6e6ca8"}},"album":{"name":"Danny the Dog","mbid":"32a158aa-a70e-4f52-8320-3ec7d1752927","artist":{"name":"Massive Attack","mbid":"10adbe5e-a2c0-4bf3-8249-2b4cbf6e6ca8"}}},{"timestamp":{"iso":"2008-03-04T09:38:15","unixtimestamp":1204623495},"track":{"name":"Montage","mbid":"091ea03a-041f-4630-b99e-0b30a080ca5e","artist":{"name":"Massive Attack","mbid":"10adbe5e-a2c0-4bf3-8249-2b4cbf6e6ca8"}},"uncorrectedTrack":{"name":"Montage","mbid":"091ea03a-041f-4630-b99e-0b30a080ca5e","artist":{"name":"Massive Attack","mbid":"10adbe5e-a2c0-4bf3-8249-2b4cbf6e6ca8"}},"album":{"name":"Danny the Dog","mbid":"32a158aa-a70e-4f52-8320-3ec7d1752927","artist":{"name":"Massive Attack","mbid":"10adbe5e-a2c0-4bf3-8249-2b4cbf6e6ca8"}}},{"timestamp":{"iso":"2008-03-04T09:40:05","unixtimestamp":1204623605},"track":{"name":"Sly","mbid":"25cd04fc-7583-462b-9329-87700c8c5864","artist":{"name":"Massive Attack","mbid":"10adbe5e-a2c0-4bf3-8249-2b4cbf6e6ca8"}},"uncorrectedTrack":{"name":"Sly","mbid":"25cd04fc-7583-462b-9329-87700c8c5864","artist":{"name":"Massive Attack","mbid":"10adbe5e-a2c0-4bf3-8249-2b4cbf6e6ca8"}},"album":{"name":"Collected","mbid":"bc5d83b1-c962-4b9f-8803-8c50545ba71c","artist":{"name":"Massive Attack","mbid":"10adbe5e-a2c0-4bf3-8249-2b4cbf6e6ca8"}}},{"timestamp":{"iso":"2008-03-04T09:44:57","unixtimestamp":1204623897},"track":{"name":"Inertia Creeps","mbid":"51a04117-1f77-49c4-8591-cb779534727d","artist":{"name":"Massive Attack","mbid":"10adbe5e-a2c0-4bf3-8249-2b4cbf6e6ca8"}},"uncorrectedTrack":{"name":"Inertia Creeps","mbid":"51a04117-1f77-49c4-8591-cb779534727d","artist":{"name":"Massive Attack","mbid":"10adbe5e-a2c0-4bf3-8249-2b4cbf6e6ca8"}},"album":{"name":"Collected","mbid":"bc5d83b1-c962-4b9f-8803-8c50545ba71c","artist":{"name":"Massive Attack","mbid":"10adbe5e-a2c0-4bf3-8249-2b4cbf6e6ca8"}}},{"timestamp":{"iso":"2008-03-04T09:50:47","unixtimestamp":1204624247},"track":{"name":"Polaroid Girl","mbid":"1868dc9a-6111-4996-926f-0b58d25911a9","artist":{"name":"Massive Attack","mbid":"10adbe5e-a2c0-4bf3-8249-2b4cbf6e6ca8"}},"uncorrectedTrack":{"name":"Polaroid Girl","mbid":"1868dc9a-6111-4996-926f-0b58d25911a9","artist":{"name":"Massive Attack","mbid":"10adbe5e-a2c0-4bf3-8249-2b4cbf6e6ca8"}},"album":{"name":"Danny the Dog","mbid":"32a158aa-a70e-4f52-8320-3ec7d1752927","artist":{"name":"Massive Attack","mbid":"10adbe5e-a2c0-4bf3-8249-2b4cbf6e6ca8"}}},{"timestamp":{"iso":"2008-03-09T08:16:37","unixtimestamp":1205050597},"track":{"name":"Come thou fount of Every Blessing","artist":{"name":"Dave Villano"}},"uncorrectedTrack":{"name":"Come thou fount of Every Blessing","artist":{"name":"Dave Villano"}}},{"timestamp":{"iso":"2008-03-10T05:50:06","unixtimestamp":1205128206},"track":{"name":"Come thou fount of Every Blessing","artist":{"name":"Dave Villano"}},"uncorrectedTrack":{"name":"Come thou fount of Every Blessing","artist":{"name":"Dave Villano"}}},{"timestamp":{"iso":"2008-03-10T05:54:24","unixtimestamp":1205128464},"track":{"name":"How Great Thou Art","artist":{"name":"Dave Villano"}},"uncorrectedTrack":{"name":"How Great Thou Art","artist":{"name":"Dave Villano"}}},{"timestamp":{"iso":"2008-03-10T05:58:03","unixtimestamp":1205128683},"track":{"name":"Waltz -2-","artist":{"name":"Peter Kater","mbid":"c290c018-02c4-445f-bfca-cac9186c79d0"}},"uncorrectedTrack":{"name":"Waltz -2-","artist":{"name":"Kater Peter"}}},{"timestamp":{"iso":"2008-03-10T06:01:55","unixtimestamp":1205128915},"track":{"name":"Turning Tides","mbid":"661160a7-58ed-4f1c-998c-40bc9482a606","artist":{"name":"Peter Kater","mbid":"c290c018-02c4-445f-bfca-cac9186c79d0"}},"uncorrectedTrack":{"name":"Turning Tides","artist":{"name":"Kater Peter"}}},{"timestamp":{"iso":"2008-03-10T06:07:46","unixtimestamp":1205129266},"track":{"name":"Clouds of Air","mbid":"9e0c71f0-50e8-4df0-92f2-b886cae7bb70","artist":{"name":"Peter Kater","mbid":"c290c018-02c4-445f-bfca-cac9186c79d0"}},"uncorrectedTrack":{"name":"Clouds Of Air","artist":{"name":"Kater Peter"}}},{"timestamp":{"iso":"2008-03-10T06:10:58","unixtimestamp":1205129458},"track":{"name":"May Improvisation","mbid":"a75ad553-0c17-423a-b3dd-191844a7198f","artist":{"name":"Peter Kater","mbid":"c290c018-02c4-445f-bfca-cac9186c79d0"}},"uncorrectedTrack":{"name":"May Improvisation","artist":{"name":"Kater Peter"}}},{"timestamp":{"iso":"2008-03-10T06:15:20","unixtimestamp":1205129720},"track":{"name":"Early September","mbid":"59fffb42-a83c-4b92-b4f8-a70958bde9a5","artist":{"name":"Peter Kater","mbid":"c290c018-02c4-445f-bfca-cac9186c79d0"}},"uncorrectedTrack":{"name":"Early September","artist":{"name":"Kater Peter"}}},{"timestamp":{"iso":"2008-03-10T06:20:06","unixtimestamp":1205130006},"track":{"name":"River","mbid":"0e57a572-e063-4036-8ba0-3eecaece604d","artist":{"name":"Peter Kater","mbid":"c290c018-02c4-445f-bfca-cac9186c79d0"}},"uncorrectedTrack":{"name":"River","artist":{"name":"Kater Peter"}}},{"timestamp":{"iso":"2008-03-10T06:24:32","unixtimestamp":1205130272},"track":{"name":"Soul Nature -1-","artist":{"name":"Peter Kater","mbid":"c290c018-02c4-445f-bfca-cac9186c79d0"}},"uncorrectedTrack":{"name":"Soul Nature -1-","artist":{"name":"Kater Peter"}}},{"timestamp":{"iso":"2008-03-10T06:31:24","unixtimestamp":1205130684},"track":{"name":"Pagaen Chant","mbid":"19f0eda2-437d-4c6e-8f82-454c964aeb26","artist":{"name":"Peter Kater","mbid":"c290c018-02c4-445f-bfca-cac9186c79d0"}},"uncorrectedTrack":{"name":"Pagaen Chant","artist":{"name":"Kater Peter"}}},{"timestamp":{"iso":"2008-03-10T06:34:25","unixtimestamp":1205130865},"track":{"name":"Beneath the Surface","mbid":"372ee38f-8ea9-486e-96f3-217ddea53429","artist":{"name":"Peter Kater","mbid":"c290c018-02c4-445f-bfca-cac9186c79d0"}},"uncorrectedTrack":{"name":"Beneath The Surface","artist":{"name":"Kater Peter"}}},{"timestamp":{"iso":"2008-03-10T06:41:55","unixtimestamp":1205131315},"track":{"name":"Soul Nature -2-","artist":{"name":"Peter Kater","mbid":"c290c018-02c4-445f-bfca-cac9186c79d0"}},"uncorrectedTrack":{"name":"Soul Nature -2-","artist":{"name":"Kater Peter"}}},{"timestamp":{"iso":"2008-03-10T06:46:16","unixtimestamp":1205131576},"track":{"name":"Blue","mbid":"e8d669d8-4c58-4c95-8020-a6a20014fed8","artist":{"name":"Peter Kater","mbid":"c290c018-02c4-445f-bfca-cac9186c79d0"}},"uncorrectedTrack":{"name":"Blue","artist":{"name":"Kater Peter"}}},{"timestamp":{"iso":"2008-03-10T06:50:50","unixtimestamp":1205131850},"track":{"name":"Griffen And Gwen","mbid":"85ef9fba-85c0-4cf5-a4c2-72c61e9f529b","artist":{"name":"Peter Kater","mbid":"c290c018-02c4-445f-bfca-cac9186c79d0"}},"uncorrectedTrack":{"name":"Griffen And Gwen","artist":{"name":"Kater Peter"}}},{"timestamp":{"iso":"2008-03-10T06:53:50","unixtimestamp":1205132030},"track":{"name":"June","mbid":"aebb9634-0229-478d-87ee-fc1c25849a4e","artist":{"name":"Peter Kater","mbid":"c290c018-02c4-445f-bfca-cac9186c79d0"}},"uncorrectedTrack":{"name":"June","artist":{"name":"Kater Peter"}}},{"timestamp":{"iso":"2008-03-10T06:57:21","unixtimestamp":1205132241},"track":{"name":"Waltz -1-","artist":{"name":"Peter Kater","mbid":"c290c018-02c4-445f-bfca-cac9186c79d0"}},"uncorrectedTrack":{"name":"Waltz -1-","artist":{"name":"Kater Peter"}}},{"timestamp":{"iso":"2008-03-12T18:38:00","unixtimestamp":1205347080},"track":{"name":"I Want to Hold Your Hand","mbid":"35137817-e44f-4ab1-9884-d610eeb3fe5d","artist":{"name":"The Beatles","mbid":"b10bbbfc-cf9e-42e0-be17-e2c3e1d2600d"}},"uncorrectedTrack":{"name":"I Want to Hold Your Hand","mbid":"35137817-e44f-4ab1-9884-d610eeb3fe5d","artist":{"name":"The Beatles","mbid":"b10bbbfc-cf9e-42e0-be17-e2c3e1d2600d"}},"album":{"name":"1962-1966 (disc 1)","artist":{"name":"The Beatles","mbid":"b10bbbfc-cf9e-42e0-be17-e2c3e1d2600d"}}},{"timestamp":{"iso":"2008-03-12T18:40:14","unixtimestamp":1205347214},"track":{"name":"Diablo Rojo","mbid":"63c132f7-eb52-48d9-9ba8-e71eb094f1c3","artist":{"name":"Rodrigo y Gabriela","mbid":"a8ed28e3-5c08-4448-b889-867483e251f5"}},"uncorrectedTrack":{"name":"Diablo Rojo","mbid":"63c132f7-eb52-48d9-9ba8-e71eb094f1c3","artist":{"name":"Rodrigo y Gabriela","mbid":"a8ed28e3-5c08-4448-b889-867483e251f5"}},"album":{"name":"Rodrigo y Gabriela","mbid":"f6fb8aae-3d0d-482d-8af0-422fd9530733","artist":{"name":"Rodrigo y Gabriela","mbid":"a8ed28e3-5c08-4448-b889-867483e251f5"}}},{"timestamp":{"iso":"2008-03-12T18:45:07","unixtimestamp":1205347507},"track":{"name":"Crazy","mbid":"89f63b50-71e9-45e6-9454-3cbe5ff9a859","artist":{"name":"Gnarls Barkley","mbid":"2c0c0a9e-8b81-46a0-be99-c3f16b047c2b"}},"uncorrectedTrack":{"name":"Crazy","mbid":"89f63b50-71e9-45e6-9454-3cbe5ff9a859","artist":{"name":"Gnarls Barkley","mbid":"2c0c0a9e-8b81-46a0-be99-c3f16b047c2b"}}},{"timestamp":{"iso":"2008-03-12T18:48:04","unixtimestamp":1205347684},"track":{"name":"Hello Goodbye","artist":{"name":"The Beatles","mbid":"b10bbbfc-cf9e-42e0-be17-e2c3e1d2600d"}},"uncorrectedTrack":{"name":"Hello, Goodbye","mbid":"dac48c80-5345-4463-a20d-00abee6121f5","artist":{"name":"The Beatles","mbid":"b10bbbfc-cf9e-42e0-be17-e2c3e1d2600d"}},"album":{"name":"1967-1970 (disc 1)","artist":{"name":"The Beatles","mbid":"b10bbbfc-cf9e-42e0-be17-e2c3e1d2600d"}}},{"timestamp":{"iso":"2008-03-12T18:51:32","unixtimestamp":1205347892},"track":{"name":"A Day in the Life","mbid":"d4d963fc-4f30-4a74-9c92-50e56a73cd6f","artist":{"name":"The Beatles","mbid":"b10bbbfc-cf9e-42e0-be17-e2c3e1d2600d"}},"uncorrectedTrack":{"name":"A Day in the Life","mbid":"d4d963fc-4f30-4a74-9c92-50e56a73cd6f","artist":{"name":"The Beatles","mbid":"b10bbbfc-cf9e-42e0-be17-e2c3e1d2600d"}},"album":{"name":"1967-1970 (disc 1)","artist":{"name":"The Beatles","mbid":"b10bbbfc-cf9e-42e0-be17-e2c3e1d2600d"}}},{"timestamp":{"iso":"2008-03-12T18:56:20","unixtimestamp":1205348180},"track":{"name":"Are You Awake?","mbid":"626c2e9d-3bea-4616-81a3-5c06ac2ba1c6","artist":{"name":"Kevin Shields","mbid":"49b34ba3-46a2-40af-b6c0-6f1fab93af8b"}},"uncorrectedTrack":{"name":"Are You Awake?","mbid":"626c2e9d-3bea-4616-81a3-5c06ac2ba1c6","artist":{"name":"Kevin Shields","mbid":"49b34ba3-46a2-40af-b6c0-6f1fab93af8b"}},"album":{"name":"Lost in Translation","mbid":"3a27798e-f3df-485d-b50d-5b2ddd3c908a","artist":{"name":"Various Artists","mbid":"023671ff-b1ad-4133-a4f3-aadaaadfd2e0"}}},{"timestamp":{"iso":"2008-03-12T18:57:51","unixtimestamp":1205348271},"track":{"name":"Pull The Curtains","mbid":"039cfb96-368f-4553-bc0e-e741053fa048","artist":{"name":"Grandaddy","mbid":"9d4c4835-c71a-4647-a4fc-263e26832cd0"}},"uncorrectedTrack":{"name":"Pull The Curtains","mbid":"039cfb96-368f-4553-bc0e-e741053fa048","artist":{"name":"Grandaddy","mbid":"9d4c4835-c71a-4647-a4fc-263e26832cd0"}}},{"timestamp":{"iso":"2008-03-12T19:00:46","unixtimestamp":1205348446},"track":{"name":"Signs of Love","mbid":"5cd04a7f-9d87-41c1-8ae6-bd8c5bd3537e","artist":{"name":"Moby","mbid":"00810267-f0ac-45a6-ae99-0b8c9c18f3c2"}},"uncorrectedTrack":{"name":"Signs of Love","mbid":"5cd04a7f-9d87-41c1-8ae6-bd8c5bd3537e","artist":{"name":"Moby","mbid":"00810267-f0ac-45a6-ae99-0b8c9c18f3c2"}},"album":{"name":"18","mbid":"1b9b0a6b-5c89-3c43-8f1f-0eb1c18eb56f","artist":{"name":"Moby","mbid":"00810267-f0ac-45a6-ae99-0b8c9c18f3c2"}}},{"timestamp":{"iso":"2008-03-16T23:39:40","unixtimestamp":1205710780},"track":{"name":"The Last High","mbid":"a0e83bf3-53ed-4218-8647-a43cdbcd5ac1","artist":{"name":"The Dandy Warhols","mbid":"5f572b31-8fd9-45ae-9beb-358c98d839df"}},"uncorrectedTrack":{"name":"The Last High","mbid":"a0e83bf3-53ed-4218-8647-a43cdbcd5ac1","artist":{"name":"The Dandy Warhols","mbid":"5f572b31-8fd9-45ae-9beb-358c98d839df"}}},{"timestamp":{"iso":"2008-03-16T23:43:44","unixtimestamp":1205711024},"track":{"name":"Plan A","mbid":"a89dcec5-b5bd-4ac1-bec9-55c862a30a5c","artist":{"name":"The Dandy Warhols","mbid":"5f572b31-8fd9-45ae-9beb-358c98d839df"}},"uncorrectedTrack":{"name":"Plan A","mbid":"a89dcec5-b5bd-4ac1-bec9-55c862a30a5c","artist":{"name":"The Dandy Warhols","mbid":"5f572b31-8fd9-45ae-9beb-358c98d839df"}},"album":{"name":"Welcome to the Monkey House","mbid":"42798cf5-0f16-4ef0-946c-5ffa0e065d7b","artist":{"name":"The Dandy Warhols","mbid":"5f572b31-8fd9-45ae-9beb-358c98d839df"}}},{"timestamp":{"iso":"2008-03-16T23:47:43","unixtimestamp":1205711263},"track":{"name":"The Winner Is","artist":{"name":"DeVotchKa","mbid":"a66cc38c-e6cd-4725-a8fd-7d32b998347f"}},"uncorrectedTrack":{"name":"The Winner Is","artist":{"name":"Danna/DeVotchKa"}}},{"timestamp":{"iso":"2008-03-16T23:50:43","unixtimestamp":1205711443},"track":{"name":"First Push","artist":{"name":"DeVotchKa","mbid":"a66cc38c-e6cd-4725-a8fd-7d32b998347f"}},"uncorrectedTrack":{"name":"First Push","artist":{"name":"Danna/DeVotchKa"}}},{"timestamp":{"iso":"2008-03-16T23:52:21","unixtimestamp":1205711541},"track":{"name":"No One Gets Left Behind","artist":{"name":"DeVotchKa","mbid":"a66cc38c-e6cd-4725-a8fd-7d32b998347f"}},"uncorrectedTrack":{"name":"No One Gets Left Behind","artist":{"name":"Danna/DeVotchKa"}}},{"timestamp":{"iso":"2008-03-16T23:53:31","unixtimestamp":1205711611},"track":{"name":"We\u0027re Gonna Make It","artist":{"name":"DeVotchKa","mbid":"a66cc38c-e6cd-4725-a8fd-7d32b998347f"}},"uncorrectedTrack":{"name":"We\u0027re Gonna Make It","artist":{"name":"Danna/DeVotchKa"}}},{"timestamp":{"iso":"2008-03-16T23:55:59","unixtimestamp":1205711759},"track":{"name":"Do You Think There\u0027s A Heaven?","artist":{"name":"DeVotchKa","mbid":"a66cc38c-e6cd-4725-a8fd-7d32b998347f"}},"uncorrectedTrack":{"name":"Do You Think There\u0027s A Heaven?","artist":{"name":"Danna/DeVotchKa"}}},{"timestamp":{"iso":"2008-03-16T23:57:45","unixtimestamp":1205711865},"track":{"name":"Dat Phan (short)","artist":{"name":"Dat Phan"}},"uncorrectedTrack":{"name":"Dat Phan (short)","artist":{"name":"Dat Phan"}}},{"timestamp":{"iso":"2008-03-17T00:00:25","unixtimestamp":1205712025},"track":{"name":"Bohemian Rhapsody","mbid":"405c09b9-ebb7-4442-a086-d4d0b10ccecd","artist":{"name":"Queen","mbid":"0383dadf-2a4e-4d10-a46a-e9e041da8eb3"}},"uncorrectedTrack":{"name":"Bohemian Rhapsody","mbid":"405c09b9-ebb7-4442-a086-d4d0b10ccecd","artist":{"name":"Queen","mbid":"0383dadf-2a4e-4d10-a46a-e9e041da8eb3"}}},{"timestamp":{"iso":"2008-03-22T04:40:59","unixtimestamp":1206160859},"track":{"name":"Tristesse","mbid":"5d28510c-77bf-4fe6-94e0-dc7ce59c4f2d","artist":{"name":"Frédéric Chopin"}},"uncorrectedTrack":{"name":"Tristesse","mbid":"5d28510c-77bf-4fe6-94e0-dc7ce59c4f2d","artist":{"name":"Frédéric Chopin"}}},{"timestamp":{"iso":"2008-03-22T04:43:39","unixtimestamp":1206161019},"track":{"name":"Für Elise","mbid":"288124f4-e135-4994-974f-1e7c05dc657d","artist":{"name":"Ludwig van Beethoven","mbid":"1f9df192-a621-4f54-8850-2c5373b7eac9"}},"uncorrectedTrack":{"name":"Für Elise","mbid":"288124f4-e135-4994-974f-1e7c05dc657d","artist":{"name":"Ludwig van Beethoven","mbid":"1f9df192-a621-4f54-8850-2c5373b7eac9"}}},{"timestamp":{"iso":"2008-03-22T04:50:46","unixtimestamp":1206161446},"track":{"name":"Raindrop Prelude","mbid":"6d74b218-59a4-47f4-9493-3d9ff776d5ba","artist":{"name":"Frédéric Chopin"}},"uncorrectedTrack":{"name":"Raindrop Prelude","mbid":"6d74b218-59a4-47f4-9493-3d9ff776d5ba","artist":{"name":"Frédéric Chopin"}}},{"timestamp":{"iso":"2008-03-22T04:55:40","unixtimestamp":1206161740},"track":{"name":"Clair de lune","mbid":"8bf270c0-2147-4452-a0fd-becb80de80f2","artist":{"name":"Claude Debussy","mbid":"be50643c-0377-4968-b48c-47e06b2e2a3b"}},"uncorrectedTrack":{"name":"Clair de lune","mbid":"8bf270c0-2147-4452-a0fd-becb80de80f2","artist":{"name":"Claude Debussy","mbid":"be50643c-0377-4968-b48c-47e06b2e2a3b"}}},{"timestamp":{"iso":"2008-03-22T05:01:28","unixtimestamp":1206162088},"track":{"name":"Gondoliera","mbid":"05fa6e23-20e1-421e-a432-63d90d311c86","artist":{"name":"Franz Liszt","mbid":"2cd475bb-1abd-40c4-9904-6d4b691c752c"}},"uncorrectedTrack":{"name":"Gondoliera","mbid":"05fa6e23-20e1-421e-a432-63d90d311c86","artist":{"name":"Franz Liszt","mbid":"2cd475bb-1abd-40c4-9904-6d4b691c752c"}}},{"timestamp":{"iso":"2008-03-22T05:07:26","unixtimestamp":1206162446},"track":{"name":"Träumerei","mbid":"a9238367-f1c7-42ed-be38-704a6cfedc30","artist":{"name":"Robert Schumann","mbid":"3cd3882c-00f8-4362-a0c2-ad89ed248533"}},"uncorrectedTrack":{"name":"Träumerei","mbid":"a9238367-f1c7-42ed-be38-704a6cfedc30","artist":{"name":"Robert Schumann","mbid":"3cd3882c-00f8-4362-a0c2-ad89ed248533"}}},{"timestamp":{"iso":"2008-03-22T05:09:48","unixtimestamp":1206162588},"track":{"name":"Moonlight Sonata - Adagio Sostenuto","artist":{"name":"Ludwig van Beethoven","mbid":"1f9df192-a621-4f54-8850-2c5373b7eac9"}},"uncorrectedTrack":{"name":"Moonlight Sonata - Adagio Sostenuto","artist":{"name":"Ludwig van Beethoven","mbid":"1f9df192-a621-4f54-8850-2c5373b7eac9"}}},{"timestamp":{"iso":"2008-03-22T05:15:54","unixtimestamp":1206162954},"track":{"name":"Fantaisie-Impromptu","mbid":"e09c1001-1f70-4880-b687-12889a40159b","artist":{"name":"Frédéric Chopin"}},"uncorrectedTrack":{"name":"Fantaisie-Impromptu","mbid":"e09c1001-1f70-4880-b687-12889a40159b","artist":{"name":"Frédéric Chopin"}}},{"timestamp":{"iso":"2008-03-27T01:49:44","unixtimestamp":1206582584},"track":{"name":"Plan A","mbid":"a89dcec5-b5bd-4ac1-bec9-55c862a30a5c","artist":{"name":"The Dandy Warhols","mbid":"5f572b31-8fd9-45ae-9beb-358c98d839df"}},"uncorrectedTrack":{"name":"Plan A","mbid":"a89dcec5-b5bd-4ac1-bec9-55c862a30a5c","artist":{"name":"The Dandy Warhols","mbid":"5f572b31-8fd9-45ae-9beb-358c98d839df"}},"album":{"name":"Welcome to the Monkey House","mbid":"42798cf5-0f16-4ef0-946c-5ffa0e065d7b","artist":{"name":"The Dandy Warhols","mbid":"5f572b31-8fd9-45ae-9beb-358c98d839df"}}},{"timestamp":{"iso":"2008-03-30T23:13:35","unixtimestamp":1206918815},"track":{"name":"Into the Ocean","mbid":"15aacfab-ab9a-447e-8e41-e4da8e6ebff5","artist":{"name":"Blue October","mbid":"96fafb0a-2f1d-4b15-b2a0-9e0e660e7ecf"}},"uncorrectedTrack":{"name":"Into the Ocean","mbid":"15aacfab-ab9a-447e-8e41-e4da8e6ebff5","artist":{"name":"Blue October","mbid":"96fafb0a-2f1d-4b15-b2a0-9e0e660e7ecf"}}},{"timestamp":{"iso":"2008-03-30T23:21:02","unixtimestamp":1206919262},"track":{"name":"What About Everything","mbid":"38829e8e-bd6e-4da5-bc2a-24ef26fbe2de","artist":{"name":"Carbon Leaf","mbid":"d3fb1614-78fd-4555-9c68-f8b25add2de7"}},"uncorrectedTrack":{"name":"What About Everything","mbid":"38829e8e-bd6e-4da5-bc2a-24ef26fbe2de","artist":{"name":"Carbon Leaf","mbid":"d3fb1614-78fd-4555-9c68-f8b25add2de7"}},"album":{"name":"Indian Summer","mbid":"5552687e-8066-4108-998e-095da01c91af","artist":{"name":"Carbon Leaf","mbid":"d3fb1614-78fd-4555-9c68-f8b25add2de7"}}},{"timestamp":{"iso":"2008-03-30T23:25:21","unixtimestamp":1206919521},"track":{"name":"Hard Sun","mbid":"9ecab1c5-2166-4369-9eeb-7c958a9c2312","artist":{"name":"Eddie Vedder","mbid":"1a60d6dd-9d3e-40fc-a66d-3184f9ee0d61"}},"uncorrectedTrack":{"name":"Hard Sun","mbid":"9ecab1c5-2166-4369-9eeb-7c958a9c2312","artist":{"name":"Eddie Vedder","mbid":"1a60d6dd-9d3e-40fc-a66d-3184f9ee0d61"}},"album":{"name":"Into the Wild","mbid":"683bf534-5ce1-4818-be2d-38ddcd864eb3","artist":{"name":"Eddie Vedder","mbid":"1a60d6dd-9d3e-40fc-a66d-3184f9ee0d61"}}},{"timestamp":{"iso":"2008-03-31T02:24:35","unixtimestamp":1206930275},"track":{"name":"Into the Ocean","mbid":"15aacfab-ab9a-447e-8e41-e4da8e6ebff5","artist":{"name":"Blue October","mbid":"96fafb0a-2f1d-4b15-b2a0-9e0e660e7ecf"}},"uncorrectedTrack":{"name":"Into the Ocean","mbid":"15aacfab-ab9a-447e-8e41-e4da8e6ebff5","artist":{"name":"Blue October","mbid":"96fafb0a-2f1d-4b15-b2a0-9e0e660e7ecf"}}},{"timestamp":{"iso":"2008-03-31T02:29:05","unixtimestamp":1206930545},"track":{"name":"Plan A","mbid":"a89dcec5-b5bd-4ac1-bec9-55c862a30a5c","artist":{"name":"The Dandy Warhols","mbid":"5f572b31-8fd9-45ae-9beb-358c98d839df"}},"uncorrectedTrack":{"name":"Plan A","mbid":"a89dcec5-b5bd-4ac1-bec9-55c862a30a5c","artist":{"name":"The Dandy Warhols","mbid":"5f572b31-8fd9-45ae-9beb-358c98d839df"}},"album":{"name":"Welcome to the Monkey House","mbid":"42798cf5-0f16-4ef0-946c-5ffa0e065d7b","artist":{"name":"The Dandy Warhols","mbid":"5f572b31-8fd9-45ae-9beb-358c98d839df"}}},{"timestamp":{"iso":"2008-03-31T02:33:04","unixtimestamp":1206930784},"track":{"name":"Amazing Grace (Remix)","artist":{"name":"Dave Villano"}},"uncorrectedTrack":{"name":"Amazing Grace (Remix)","artist":{"name":"Dave Villano"}}},{"timestamp":{"iso":"2008-03-31T02:45:23","unixtimestamp":1206931523},"track":{"name":"Opening","mbid":"bd157bef-890f-43b3-b2a8-1f80c132bff6","artist":{"name":"Linkin Park","mbid":"f59c5520-5f46-4d2c-b2c4-822eabf53419"}},"uncorrectedTrack":{"name":"Opening","mbid":"bd157bef-890f-43b3-b2a8-1f80c132bff6","artist":{"name":"Linkin Park","mbid":"f59c5520-5f46-4d2c-b2c4-822eabf53419"}},"album":{"name":"Reanimation","mbid":"67bd7cc3-5096-4b02-8563-8ee887092ff0","artist":{"name":"Linkin Park","mbid":"f59c5520-5f46-4d2c-b2c4-822eabf53419"}}},{"timestamp":{"iso":"2008-03-31T02:46:46","unixtimestamp":1206931606},"track":{"name":"Session","mbid":"153d6571-f53d-4086-aabf-d66537a0effe","artist":{"name":"Linkin Park","mbid":"f59c5520-5f46-4d2c-b2c4-822eabf53419"}},"uncorrectedTrack":{"name":"Session","mbid":"153d6571-f53d-4086-aabf-d66537a0effe","artist":{"name":"Linkin Park","mbid":"f59c5520-5f46-4d2c-b2c4-822eabf53419"}}},{"timestamp":{"iso":"2008-03-31T02:50:40","unixtimestamp":1206931840},"track":{"name":"Phone Call","mbid":"a014bd4c-1cfb-411c-ba09-4aeb9ad47860","artist":{"name":"Jon Brion","mbid":"a32e4aac-1db8-4dc6-be34-a813c4530627"}},"uncorrectedTrack":{"name":"Phone Call","mbid":"a014bd4c-1cfb-411c-ba09-4aeb9ad47860","artist":{"name":"Jon Brion","mbid":"a32e4aac-1db8-4dc6-be34-a813c4530627"}}},{"timestamp":{"iso":"2008-03-31T02:51:40","unixtimestamp":1206931900},"track":{"name":"Are You Awake?","mbid":"626c2e9d-3bea-4616-81a3-5c06ac2ba1c6","artist":{"name":"Kevin Shields","mbid":"49b34ba3-46a2-40af-b6c0-6f1fab93af8b"}},"uncorrectedTrack":{"name":"Are You Awake?","mbid":"626c2e9d-3bea-4616-81a3-5c06ac2ba1c6","artist":{"name":"Kevin Shields","mbid":"49b34ba3-46a2-40af-b6c0-6f1fab93af8b"}},"album":{"name":"Lost in Translation","mbid":"3a27798e-f3df-485d-b50d-5b2ddd3c908a","artist":{"name":"Various Artists","mbid":"023671ff-b1ad-4133-a4f3-aadaaadfd2e0"}}},{"timestamp":{"iso":"2008-03-31T02:53:11","unixtimestamp":1206931991},"track":{"name":"Le Disko","mbid":"9efcface-5c17-4495-9e32-5ea9479910af","artist":{"name":"Shiny Toy Guns","mbid":"ad61e25e-5516-41e1-b60d-744e8220986e"}},"uncorrectedTrack":{"name":"Le Disko","mbid":"9efcface-5c17-4495-9e32-5ea9479910af","artist":{"name":"Shiny Toy Guns","mbid":"ad61e25e-5516-41e1-b60d-744e8220986e"}},"album":{"name":"We Are Pilots","mbid":"197cb8a1-9502-49c0-9d86-3411afabeb22","artist":{"name":"Shiny Toy Guns","mbid":"ad61e25e-5516-41e1-b60d-744e8220986e"}}},{"timestamp":{"iso":"2008-03-31T02:56:37","unixtimestamp":1206932197},"track":{"name":"I Want You","mbid":"987d4797-7f38-4294-a7d8-99430ca4b615","artist":{"name":"Massive Attack","mbid":"10adbe5e-a2c0-4bf3-8249-2b4cbf6e6ca8"}},"uncorrectedTrack":{"name":"I Want You","mbid":"987d4797-7f38-4294-a7d8-99430ca4b615","artist":{"name":"Massive Attack","mbid":"10adbe5e-a2c0-4bf3-8249-2b4cbf6e6ca8"}}},{"timestamp":{"iso":"2008-03-31T03:08:51","unixtimestamp":1206932931},"track":{"name":"Opening","mbid":"bd157bef-890f-43b3-b2a8-1f80c132bff6","artist":{"name":"Linkin Park","mbid":"f59c5520-5f46-4d2c-b2c4-822eabf53419"}},"uncorrectedTrack":{"name":"Opening","mbid":"bd157bef-890f-43b3-b2a8-1f80c132bff6","artist":{"name":"Linkin Park","mbid":"f59c5520-5f46-4d2c-b2c4-822eabf53419"}},"album":{"name":"Reanimation","mbid":"67bd7cc3-5096-4b02-8563-8ee887092ff0","artist":{"name":"Linkin Park","mbid":"f59c5520-5f46-4d2c-b2c4-822eabf53419"}}},{"timestamp":{"iso":"2008-03-31T03:22:02","unixtimestamp":1206933722},"track":{"name":"Phone Call","mbid":"a014bd4c-1cfb-411c-ba09-4aeb9ad47860","artist":{"name":"Jon Brion","mbid":"a32e4aac-1db8-4dc6-be34-a813c4530627"}},"uncorrectedTrack":{"name":"Phone Call","mbid":"a014bd4c-1cfb-411c-ba09-4aeb9ad47860","artist":{"name":"Jon Brion","mbid":"a32e4aac-1db8-4dc6-be34-a813c4530627"}}},{"timestamp":{"iso":"2008-03-31T03:36:59","unixtimestamp":1206934619},"track":{"name":"The girl in Byakkoya","artist":{"name":"平沢進","mbid":"31e7b30b-f960-408f-908b-c8e277308eab"}},"uncorrectedTrack":{"name":"The girl in Byakkoya","artist":{"name":"Susumu Hirasawa"}}},{"timestamp":{"iso":"2008-03-31T19:33:34","unixtimestamp":1206992014},"track":{"name":"El Tango De Roxanne","artist":{"name":"Ewan McGregor, Jose Feliciano \u0026 Jacek Koman"}},"uncorrectedTrack":{"name":"El Tango De Roxanne","artist":{"name":"Ewan McGregor, Jose Feliciano \u0026 Jacek Koman"}}},{"timestamp":{"iso":"2008-03-31T19:38:34","unixtimestamp":1206992314},"track":{"name":"New Slang","mbid":"af725905-9398-4434-89f4-966ccf413c79","artist":{"name":"The Shins","mbid":"6c8b9855-ba8b-48f9-ac1d-42167f7f7b18"}},"uncorrectedTrack":{"name":"New Slang","mbid":"af725905-9398-4434-89f4-966ccf413c79","artist":{"name":"The Shins","mbid":"6c8b9855-ba8b-48f9-ac1d-42167f7f7b18"}},"album":{"name":"Garden State","mbid":"a5ed6698-384f-4d44-86b1-f1dd57b1c8c0","artist":{"name":"Various Artists","mbid":"023671ff-b1ad-4133-a4f3-aadaaadfd2e0"}}}]