[{"timestamp":{"iso":"2015-02-04T22:00:34","unixtimestamp":1423087234},"track":{"name":"Tongues","artist":{"name":"Joywave","mbid":"40ba9452-6a60-42a2-8704-572c7a598bf7"}},"uncorrectedTrack":{"name":"Tongues","artist":{"name":"Joywave","mbid":"40ba9452-6a60-42a2-8704-572c7a598bf7"}},"album":{"name":"(ft.Kopps)","artist":{"name":"Joywave","mbid":"40ba9452-6a60-42a2-8704-572c7a598bf7"}},"application":"Grooveshark"},{"timestamp":{"iso":"2015-02-04T22:04:03","unixtimestamp":1423087443},"track":{"name":"Unsaid","mbid":"72d957d2-8816-4d5f-9018-20e56c7a4593","artist":{"name":"Little People","mbid":"0ab53372-ba70-4e7b-814b-12bc35fe4719"}},"uncorrectedTrack":{"name":"Unsaid","mbid":"72d957d2-8816-4d5f-9018-20e56c7a4593","artist":{"name":"Little People","mbid":"0ab53372-ba70-4e7b-814b-12bc35fe4719"}},"album":{"name":"Mickey Mouse Operation","mbid":"db4d5128-f065-4938-8161-c50cf64b6f05","artist":{"name":"Little People","mbid":"0ab53372-ba70-4e7b-814b-12bc35fe4719"}},"application":"Grooveshark"},{"timestamp":{"iso":"2015-02-04T22:07:51","unixtimestamp":1423087671},"track":{"name":"Go Do","mbid":"a5519bd0-c775-42a4-bc89-72f27943c1f0","artist":{"name":"Jónsi","mbid":"0ecc2c46-d335-485c-a077-240482609672"}},"uncorrectedTrack":{"name":"Go Do","mbid":"a5519bd0-c775-42a4-bc89-72f27943c1f0","artist":{"name":"Jónsi","mbid":"0ecc2c46-d335-485c-a077-240482609672"}},"album":{"name":"Go","mbid":"9511d78e-1068-3fa8-a393-c39d35e393c5","artist":{"name":"Jónsi","mbid":"0ecc2c46-d335-485c-a077-240482609672"}},"application":"Grooveshark"},{"timestamp":{"iso":"2015-02-04T22:12:32","unixtimestamp":1423087952},"track":{"name":"Before and After Light","mbid":"51092672-9aa8-4875-bcd8-8be1de0212b6","artist":{"name":"CFCF","mbid":"c06cb96b-2a5c-439a-8171-fe3bd7d01ac3"}},"uncorrectedTrack":{"name":"Before and After Light","mbid":"51092672-9aa8-4875-bcd8-8be1de0212b6","artist":{"name":"CFCF","mbid":"c06cb96b-2a5c-439a-8171-fe3bd7d01ac3"}},"album":{"name":"The River-EP (Bonus Track Version)","artist":{"name":"CFCF","mbid":"c06cb96b-2a5c-439a-8171-fe3bd7d01ac3"}},"application":"Grooveshark"},{"timestamp":{"iso":"2015-02-04T22:21:19","unixtimestamp":1423088479},"track":{"name":"At Sunset","mbid":"88107fc3-3fa8-4b9c-8d9a-444cd50f9230","artist":{"name":"idenline","mbid":"8af7dbd8-48a1-452c-8da5-092238c5562d"}},"uncorrectedTrack":{"name":"At Sunset","mbid":"88107fc3-3fa8-4b9c-8d9a-444cd50f9230","artist":{"name":"idenline","mbid":"8af7dbd8-48a1-452c-8da5-092238c5562d"}},"album":{"name":"Together EP","artist":{"name":"idenline","mbid":"8af7dbd8-48a1-452c-8da5-092238c5562d"}},"application":"Grooveshark"},{"timestamp":{"iso":"2015-02-04T22:25:03","unixtimestamp":1423088703},"track":{"name":"Siren","mbid":"03228989-efae-4e40-af8c-8bcf1ff7f6c9","artist":{"name":"Emancipator","mbid":"aa1d4315-5246-42b2-b62b-f997d046d8b2"}},"uncorrectedTrack":{"name":"Siren","mbid":"03228989-efae-4e40-af8c-8bcf1ff7f6c9","artist":{"name":"Emancipator","mbid":"aa1d4315-5246-42b2-b62b-f997d046d8b2"}},"album":{"name":"safe in the steep cliffs","mbid":"47f2833f-f125-4a8c-8a10-a3fddf16c2b8","artist":{"name":"Emancipator","mbid":"aa1d4315-5246-42b2-b62b-f997d046d8b2"}},"application":"Grooveshark"},{"timestamp":{"iso":"2015-02-04T22:28:44","unixtimestamp":1423088924},"track":{"name":"A Tubular Bell","mbid":"8baf9627-2358-4dfc-9b85-7457e865e7ac","artist":{"name":"All India Radio","mbid":"53d2a4d1-556e-4701-a8ac-5fcb74a8e393"}},"uncorrectedTrack":{"name":"A Tubular Bell","mbid":"8baf9627-2358-4dfc-9b85-7457e865e7ac","artist":{"name":"All India Radio","mbid":"53d2a4d1-556e-4701-a8ac-5fcb74a8e393"}},"album":{"name":"Fallout","mbid":"d53565e6-fd5a-4b30-8d36-342fa1d1daf5","artist":{"name":"All India Radio","mbid":"53d2a4d1-556e-4701-a8ac-5fcb74a8e393"}},"application":"Grooveshark"},{"timestamp":{"iso":"2015-02-04T22:31:26","unixtimestamp":1423089086},"track":{"name":"Taking Over","mbid":"f31f2b16-9d4b-477e-a26b-30dd7b7fd0a4","artist":{"name":"Joe Goddard","mbid":"cfe625e1-a5ce-4c48-a4a4-d781c44fb64f"}},"uncorrectedTrack":{"name":"Taking Over","mbid":"f31f2b16-9d4b-477e-a26b-30dd7b7fd0a4","artist":{"name":"Joe Goddard","mbid":"cfe625e1-a5ce-4c48-a4a4-d781c44fb64f"}},"album":{"name":"Joe Goddard","artist":{"name":"Joe Goddard","mbid":"cfe625e1-a5ce-4c48-a4a4-d781c44fb64f"}},"application":"Grooveshark"},{"timestamp":{"iso":"2015-02-04T22:37:03","unixtimestamp":1423089423},"track":{"name":"At Sunset","mbid":"88107fc3-3fa8-4b9c-8d9a-444cd50f9230","artist":{"name":"idenline","mbid":"8af7dbd8-48a1-452c-8da5-092238c5562d"}},"uncorrectedTrack":{"name":"At Sunset","mbid":"88107fc3-3fa8-4b9c-8d9a-444cd50f9230","artist":{"name":"idenline","mbid":"8af7dbd8-48a1-452c-8da5-092238c5562d"}},"album":{"name":"Together EP","artist":{"name":"idenline","mbid":"8af7dbd8-48a1-452c-8da5-092238c5562d"}},"application":"Grooveshark"},{"timestamp":{"iso":"2015-02-04T22:40:47","unixtimestamp":1423089647},"track":{"name":"Lost in Thought","mbid":"3810ce0b-32f9-424e-b5f2-d73f8ea8bb98","artist":{"name":"Jon Hopkins","mbid":"0b0c25f4-f31c-46a5-a4fb-ccbf53d663bd"}},"uncorrectedTrack":{"name":"Lost in Thought","mbid":"3810ce0b-32f9-424e-b5f2-d73f8ea8bb98","artist":{"name":"Jon Hopkins","mbid":"0b0c25f4-f31c-46a5-a4fb-ccbf53d663bd"}},"album":{"name":"Opalescent","mbid":"52866029-e8eb-4cc1-9393-a1e495274480","artist":{"name":"Jon Hopkins","mbid":"0b0c25f4-f31c-46a5-a4fb-ccbf53d663bd"}},"application":"Grooveshark"},{"timestamp":{"iso":"2015-02-04T22:47:03","unixtimestamp":1423090023},"track":{"name":"Ghost Song","mbid":"1c102df3-ebc9-4eed-aa71-5b85380ef312","artist":{"name":"All India Radio","mbid":"53d2a4d1-556e-4701-a8ac-5fcb74a8e393"}},"uncorrectedTrack":{"name":"Ghost Song","mbid":"1c102df3-ebc9-4eed-aa71-5b85380ef312","artist":{"name":"All India Radio","mbid":"53d2a4d1-556e-4701-a8ac-5fcb74a8e393"}},"album":{"name":"The Silent Surf","mbid":"56a28ebc-37ec-4325-a7f2-d741b65a1423","artist":{"name":"All India Radio","mbid":"53d2a4d1-556e-4701-a8ac-5fcb74a8e393"}},"application":"Grooveshark"},{"timestamp":{"iso":"2015-02-04T22:51:49","unixtimestamp":1423090309},"track":{"name":"New Piano Song","mbid":"82af1bc9-4f09-4e29-a1ff-d9274d74e524","artist":{"name":"Jónsi","mbid":"0ecc2c46-d335-485c-a077-240482609672"}},"uncorrectedTrack":{"name":"New Piano Song","mbid":"82af1bc9-4f09-4e29-a1ff-d9274d74e524","artist":{"name":"Jónsi","mbid":"0ecc2c46-d335-485c-a077-240482609672"}},"album":{"name":"Go live","mbid":"01b05833-8a80-3087-a2a2-0beb3931d2b8","artist":{"name":"Jónsi","mbid":"0ecc2c46-d335-485c-a077-240482609672"}},"application":"Grooveshark"},{"timestamp":{"iso":"2015-02-11T00:41:21","unixtimestamp":1423615281},"track":{"name":"All Eyes on You","mbid":"6b4dc2f5-c2ce-49e1-8cac-e83e6365f4ce","artist":{"name":"St. Lucia","mbid":"d996eadd-029d-4478-aa4b-fc9446653548"}},"uncorrectedTrack":{"name":"All Eyes on You","mbid":"6b4dc2f5-c2ce-49e1-8cac-e83e6365f4ce","artist":{"name":"St. Lucia","mbid":"d996eadd-029d-4478-aa4b-fc9446653548"}},"album":{"name":"When The Night","mbid":"ed82b5b9-9b07-4e34-bfc2-0e8ce12fcb36","artist":{"name":"St. Lucia","mbid":"d996eadd-029d-4478-aa4b-fc9446653548"}},"application":"Grooveshark"},{"timestamp":{"iso":"2015-02-15T23:24:47","unixtimestamp":1424042687},"track":{"name":"Whistle","mbid":"8268d44e-7011-4d98-a0d8-0e72ad00338e","artist":{"name":"All India Radio","mbid":"53d2a4d1-556e-4701-a8ac-5fcb74a8e393"}},"uncorrectedTrack":{"name":"Whistle","mbid":"8268d44e-7011-4d98-a0d8-0e72ad00338e","artist":{"name":"All India Radio","mbid":"53d2a4d1-556e-4701-a8ac-5fcb74a8e393"}},"album":{"name":"Echo Other","mbid":"48d4b42e-ab47-411c-8c8f-3b519832bd87","artist":{"name":"All India Radio","mbid":"53d2a4d1-556e-4701-a8ac-5fcb74a8e393"}},"application":"Grooveshark"},{"timestamp":{"iso":"2015-02-15T23:28:39","unixtimestamp":1424042919},"track":{"name":"A Tubular Bell","mbid":"8baf9627-2358-4dfc-9b85-7457e865e7ac","artist":{"name":"All India Radio","mbid":"53d2a4d1-556e-4701-a8ac-5fcb74a8e393"}},"uncorrectedTrack":{"name":"A Tubular Bell","mbid":"8baf9627-2358-4dfc-9b85-7457e865e7ac","artist":{"name":"All India Radio","mbid":"53d2a4d1-556e-4701-a8ac-5fcb74a8e393"}},"album":{"name":"Fallout","mbid":"d53565e6-fd5a-4b30-8d36-342fa1d1daf5","artist":{"name":"All India Radio","mbid":"53d2a4d1-556e-4701-a8ac-5fcb74a8e393"}},"application":"Grooveshark"},{"timestamp":{"iso":"2015-02-15T23:31:21","unixtimestamp":1424043081},"track":{"name":"Clouds","mbid":"11880dc1-c531-4fd6-a0b7-d9ab10a46847","artist":{"name":"All India Radio","mbid":"53d2a4d1-556e-4701-a8ac-5fcb74a8e393"}},"uncorrectedTrack":{"name":"Clouds","mbid":"11880dc1-c531-4fd6-a0b7-d9ab10a46847","artist":{"name":"All India Radio","mbid":"53d2a4d1-556e-4701-a8ac-5fcb74a8e393"}},"album":{"name":"The Silent Surf","mbid":"56a28ebc-37ec-4325-a7f2-d741b65a1423","artist":{"name":"All India Radio","mbid":"53d2a4d1-556e-4701-a8ac-5fcb74a8e393"}},"application":"Grooveshark"},{"timestamp":{"iso":"2015-02-15T23:35:22","unixtimestamp":1424043322},"track":{"name":"Ghost Song","mbid":"1c102df3-ebc9-4eed-aa71-5b85380ef312","artist":{"name":"All India Radio","mbid":"53d2a4d1-556e-4701-a8ac-5fcb74a8e393"}},"uncorrectedTrack":{"name":"Ghost Song","mbid":"1c102df3-ebc9-4eed-aa71-5b85380ef312","artist":{"name":"All India Radio","mbid":"53d2a4d1-556e-4701-a8ac-5fcb74a8e393"}},"album":{"name":"The Silent Surf","mbid":"56a28ebc-37ec-4325-a7f2-d741b65a1423","artist":{"name":"All India Radio","mbid":"53d2a4d1-556e-4701-a8ac-5fcb74a8e393"}},"application":"Grooveshark"},{"timestamp":{"iso":"2015-02-15T23:40:07","unixtimestamp":1424043607},"track":{"name":"Over Now (Unreleased Track)","artist":{"name":"All India Radio","mbid":"53d2a4d1-556e-4701-a8ac-5fcb74a8e393"}},"uncorrectedTrack":{"name":"Over Now (Unreleased Track)","artist":{"name":"All India Radio","mbid":"53d2a4d1-556e-4701-a8ac-5fcb74a8e393"}},"album":{"name":"The Silent Surf","mbid":"56a28ebc-37ec-4325-a7f2-d741b65a1423","artist":{"name":"All India Radio","mbid":"53d2a4d1-556e-4701-a8ac-5fcb74a8e393"}},"application":"Grooveshark"},{"timestamp":{"iso":"2015-02-15T23:43:03","unixtimestamp":1424043783},"track":{"name":"Night (Early Jazzy Mix)","mbid":"20ac02bf-214f-41c0-aca9-d29a9601ddee","artist":{"name":"All India Radio","mbid":"53d2a4d1-556e-4701-a8ac-5fcb74a8e393"}},"uncorrectedTrack":{"name":"Night (Early Jazzy Mix)","mbid":"20ac02bf-214f-41c0-aca9-d29a9601ddee","artist":{"name":"All India Radio","mbid":"53d2a4d1-556e-4701-a8ac-5fcb74a8e393"}},"album":{"name":"The Silent Surf","mbid":"56a28ebc-37ec-4325-a7f2-d741b65a1423","artist":{"name":"All India Radio","mbid":"53d2a4d1-556e-4701-a8ac-5fcb74a8e393"}},"application":"Grooveshark"},{"timestamp":{"iso":"2015-02-15T23:47:37","unixtimestamp":1424044057},"track":{"name":"Lofi Groovy mk mix","mbid":"b5226a49-7b27-4b18-8fda-7b6a5ed9b095","artist":{"name":"All India Radio","mbid":"53d2a4d1-556e-4701-a8ac-5fcb74a8e393"}},"uncorrectedTrack":{"name":"Lofi Groovy mk mix","mbid":"b5226a49-7b27-4b18-8fda-7b6a5ed9b095","artist":{"name":"All India Radio","mbid":"53d2a4d1-556e-4701-a8ac-5fcb74a8e393"}},"album":{"name":"A Low High","mbid":"04e81847-e68f-41dc-89a7-a79f4134b7ea","artist":{"name":"All India Radio","mbid":"53d2a4d1-556e-4701-a8ac-5fcb74a8e393"}},"application":"Grooveshark"},{"timestamp":{"iso":"2015-02-15T23:51:12","unixtimestamp":1424044272},"track":{"name":"Lightship","mbid":"41e3a4b5-a272-4ad8-8772-edaffcaa139a","artist":{"name":"All India Radio","mbid":"53d2a4d1-556e-4701-a8ac-5fcb74a8e393"}},"uncorrectedTrack":{"name":"Lightship","mbid":"41e3a4b5-a272-4ad8-8772-edaffcaa139a","artist":{"name":"All India Radio","mbid":"53d2a4d1-556e-4701-a8ac-5fcb74a8e393"}},"album":{"name":"A Low High","mbid":"04e81847-e68f-41dc-89a7-a79f4134b7ea","artist":{"name":"All India Radio","mbid":"53d2a4d1-556e-4701-a8ac-5fcb74a8e393"}},"application":"Grooveshark"},{"timestamp":{"iso":"2015-02-15T23:53:49","unixtimestamp":1424044429},"track":{"name":"Ghost Song","mbid":"1c102df3-ebc9-4eed-aa71-5b85380ef312","artist":{"name":"All India Radio","mbid":"53d2a4d1-556e-4701-a8ac-5fcb74a8e393"}},"uncorrectedTrack":{"name":"Ghost Song","mbid":"1c102df3-ebc9-4eed-aa71-5b85380ef312","artist":{"name":"All India Radio","mbid":"53d2a4d1-556e-4701-a8ac-5fcb74a8e393"}},"album":{"name":"The Silent Surf","mbid":"56a28ebc-37ec-4325-a7f2-d741b65a1423","artist":{"name":"All India Radio","mbid":"53d2a4d1-556e-4701-a8ac-5fcb74a8e393"}},"application":"Grooveshark"},{"timestamp":{"iso":"2015-02-15T23:58:35","unixtimestamp":1424044715},"track":{"name":"Swimming While It Rains","mbid":"37392ec2-cbaf-4633-a687-6282e6fa43d5","artist":{"name":"Lifeformed","mbid":"644b80c2-2163-48f6-9d18-8e59f3cc082a"}},"uncorrectedTrack":{"name":"Swimming While It Rains","mbid":"37392ec2-cbaf-4633-a687-6282e6fa43d5","artist":{"name":"Lifeformed","mbid":"644b80c2-2163-48f6-9d18-8e59f3cc082a"}},"album":{"name":"Fastfall","artist":{"name":"Lifeformed","mbid":"644b80c2-2163-48f6-9d18-8e59f3cc082a"}},"application":"Grooveshark"},{"timestamp":{"iso":"2015-02-16T00:01:15","unixtimestamp":1424044875},"track":{"name":"Safe in the Steep Cliffs","mbid":"313cb5cf-a236-4102-b0f6-a7be316c5fb7","artist":{"name":"Emancipator","mbid":"aa1d4315-5246-42b2-b62b-f997d046d8b2"}},"uncorrectedTrack":{"name":"Safe in the Steep Cliffs","mbid":"313cb5cf-a236-4102-b0f6-a7be316c5fb7","artist":{"name":"Emancipator","mbid":"aa1d4315-5246-42b2-b62b-f997d046d8b2"}},"album":{"name":"safe in the steep cliffs","mbid":"47f2833f-f125-4a8c-8a10-a3fddf16c2b8","artist":{"name":"Emancipator","mbid":"aa1d4315-5246-42b2-b62b-f997d046d8b2"}},"application":"Grooveshark"},{"timestamp":{"iso":"2015-02-16T00:06:04","unixtimestamp":1424045164},"track":{"name":"Safe in the Steep Cliffs","mbid":"313cb5cf-a236-4102-b0f6-a7be316c5fb7","artist":{"name":"Emancipator","mbid":"aa1d4315-5246-42b2-b62b-f997d046d8b2"}},"uncorrectedTrack":{"name":"Safe in the Steep Cliffs","mbid":"313cb5cf-a236-4102-b0f6-a7be316c5fb7","artist":{"name":"Emancipator","mbid":"aa1d4315-5246-42b2-b62b-f997d046d8b2"}},"album":{"name":"safe in the steep cliffs","mbid":"47f2833f-f125-4a8c-8a10-a3fddf16c2b8","artist":{"name":"Emancipator","mbid":"aa1d4315-5246-42b2-b62b-f997d046d8b2"}},"application":"Grooveshark"},{"timestamp":{"iso":"2015-02-16T00:10:54","unixtimestamp":1424045454},"track":{"name":"Safe in the Steep Cliffs","mbid":"313cb5cf-a236-4102-b0f6-a7be316c5fb7","artist":{"name":"Emancipator","mbid":"aa1d4315-5246-42b2-b62b-f997d046d8b2"}},"uncorrectedTrack":{"name":"Safe in the Steep Cliffs","mbid":"313cb5cf-a236-4102-b0f6-a7be316c5fb7","artist":{"name":"Emancipator","mbid":"aa1d4315-5246-42b2-b62b-f997d046d8b2"}},"album":{"name":"safe in the steep cliffs","mbid":"47f2833f-f125-4a8c-8a10-a3fddf16c2b8","artist":{"name":"Emancipator","mbid":"aa1d4315-5246-42b2-b62b-f997d046d8b2"}},"application":"Grooveshark"},{"timestamp":{"iso":"2015-02-16T00:15:58","unixtimestamp":1424045758},"track":{"name":"Lost in Thought","mbid":"3810ce0b-32f9-424e-b5f2-d73f8ea8bb98","artist":{"name":"Jon Hopkins","mbid":"0b0c25f4-f31c-46a5-a4fb-ccbf53d663bd"}},"uncorrectedTrack":{"name":"Lost in Thought","mbid":"3810ce0b-32f9-424e-b5f2-d73f8ea8bb98","artist":{"name":"Jon Hopkins","mbid":"0b0c25f4-f31c-46a5-a4fb-ccbf53d663bd"}},"album":{"name":"Opalescent","mbid":"52866029-e8eb-4cc1-9393-a1e495274480","artist":{"name":"Jon Hopkins","mbid":"0b0c25f4-f31c-46a5-a4fb-ccbf53d663bd"}},"application":"Grooveshark"},{"timestamp":{"iso":"2015-02-24T19:51:41","unixtimestamp":1424807501},"track":{"name":"Safe in the Steep Cliffs","mbid":"313cb5cf-a236-4102-b0f6-a7be316c5fb7","artist":{"name":"Emancipator","mbid":"aa1d4315-5246-42b2-b62b-f997d046d8b2"}},"uncorrectedTrack":{"name":"Safe in the Steep Cliffs","mbid":"313cb5cf-a236-4102-b0f6-a7be316c5fb7","artist":{"name":"Emancipator","mbid":"aa1d4315-5246-42b2-b62b-f997d046d8b2"}},"album":{"name":"safe in the steep cliffs","mbid":"47f2833f-f125-4a8c-8a10-a3fddf16c2b8","artist":{"name":"Emancipator","mbid":"aa1d4315-5246-42b2-b62b-f997d046d8b2"}},"application":"Grooveshark"},{"timestamp":{"iso":"2015-02-24T19:56:31","unixtimestamp":1424807791},"track":{"name":"Taking Over","mbid":"f31f2b16-9d4b-477e-a26b-30dd7b7fd0a4","artist":{"name":"Joe Goddard","mbid":"cfe625e1-a5ce-4c48-a4a4-d781c44fb64f"}},"uncorrectedTrack":{"name":"Taking Over","mbid":"f31f2b16-9d4b-477e-a26b-30dd7b7fd0a4","artist":{"name":"Joe Goddard","mbid":"cfe625e1-a5ce-4c48-a4a4-d781c44fb64f"}},"album":{"name":"Joe Goddard","artist":{"name":"Joe Goddard","mbid":"cfe625e1-a5ce-4c48-a4a4-d781c44fb64f"}},"application":"Grooveshark"},{"timestamp":{"iso":"2015-02-24T20:02:08","unixtimestamp":1424808128},"track":{"name":"Start Shootin\u0027","mbid":"5277462c-f559-467a-9c2b-199226d02c31","artist":{"name":"Little People","mbid":"0ab53372-ba70-4e7b-814b-12bc35fe4719"}},"uncorrectedTrack":{"name":"Start Shootin\u0027","mbid":"5277462c-f559-467a-9c2b-199226d02c31","artist":{"name":"Little People","mbid":"0ab53372-ba70-4e7b-814b-12bc35fe4719"}},"album":{"name":"Mickey Mouse Operation","mbid":"db4d5128-f065-4938-8161-c50cf64b6f05","artist":{"name":"Little People","mbid":"0ab53372-ba70-4e7b-814b-12bc35fe4719"}},"application":"Grooveshark"},{"timestamp":{"iso":"2015-02-24T20:05:44","unixtimestamp":1424808344},"track":{"name":"Above The Clouds","mbid":"21ea50a4-a82e-48a7-a11d-40f9636e874e","artist":{"name":"Little People","mbid":"0ab53372-ba70-4e7b-814b-12bc35fe4719"}},"uncorrectedTrack":{"name":"Above The Clouds","mbid":"21ea50a4-a82e-48a7-a11d-40f9636e874e","artist":{"name":"Little People","mbid":"0ab53372-ba70-4e7b-814b-12bc35fe4719"}},"album":{"name":"Mickey Mouse Operation","mbid":"db4d5128-f065-4938-8161-c50cf64b6f05","artist":{"name":"Little People","mbid":"0ab53372-ba70-4e7b-814b-12bc35fe4719"}},"application":"Grooveshark"},{"timestamp":{"iso":"2015-02-24T20:09:34","unixtimestamp":1424808574},"track":{"name":"Knuddelmaus","mbid":"487eaf88-99fb-469b-a816-f5a8c1ad53f3","artist":{"name":"Ulrich Schnauss","mbid":"1d4e1e22-36d7-46c7-822d-95bd5757c0e0"}},"uncorrectedTrack":{"name":"Knuddelmaus","mbid":"487eaf88-99fb-469b-a816-f5a8c1ad53f3","artist":{"name":"Ulrich Schnauss","mbid":"1d4e1e22-36d7-46c7-822d-95bd5757c0e0"}},"album":{"name":"Far Away Trains Passing By","mbid":"5462af57-8462-4500-a7a3-19d7dda8e568","artist":{"name":"Ulrich Schnauss","mbid":"1d4e1e22-36d7-46c7-822d-95bd5757c0e0"}},"application":"Grooveshark"},{"timestamp":{"iso":"2015-02-24T20:16:36","unixtimestamp":1424808996},"track":{"name":"The Queen Of All Everything","mbid":"b173c868-fa61-412f-bb5a-f4c2dc48c1de","artist":{"name":"Ott","mbid":"1a40f886-0877-4bab-9ab1-761147dadb89"}},"uncorrectedTrack":{"name":"The Queen Of All Everything","mbid":"b173c868-fa61-412f-bb5a-f4c2dc48c1de","artist":{"name":"Ott","mbid":"1a40f886-0877-4bab-9ab1-761147dadb89"}},"album":{"name":"Skylon","mbid":"b7bfc318-2b99-40f0-9052-58fc57c2417e","artist":{"name":"Ott","mbid":"1a40f886-0877-4bab-9ab1-761147dadb89"}},"application":"Grooveshark"},{"timestamp":{"iso":"2015-02-24T20:24:28","unixtimestamp":1424809468},"track":{"name":"The Queen Of All Everything","mbid":"b173c868-fa61-412f-bb5a-f4c2dc48c1de","artist":{"name":"Ott","mbid":"1a40f886-0877-4bab-9ab1-761147dadb89"}},"uncorrectedTrack":{"name":"The Queen Of All Everything","mbid":"b173c868-fa61-412f-bb5a-f4c2dc48c1de","artist":{"name":"Ott","mbid":"1a40f886-0877-4bab-9ab1-761147dadb89"}},"album":{"name":"Skylon","mbid":"b7bfc318-2b99-40f0-9052-58fc57c2417e","artist":{"name":"Ott","mbid":"1a40f886-0877-4bab-9ab1-761147dadb89"}},"application":"Grooveshark"},{"timestamp":{"iso":"2015-02-24T20:32:20","unixtimestamp":1424809940},"track":{"name":"Swimming While It Rains","mbid":"37392ec2-cbaf-4633-a687-6282e6fa43d5","artist":{"name":"Lifeformed","mbid":"644b80c2-2163-48f6-9d18-8e59f3cc082a"}},"uncorrectedTrack":{"name":"Swimming While It Rains","mbid":"37392ec2-cbaf-4633-a687-6282e6fa43d5","artist":{"name":"Lifeformed","mbid":"644b80c2-2163-48f6-9d18-8e59f3cc082a"}},"album":{"name":"Fastfall","artist":{"name":"Lifeformed","mbid":"644b80c2-2163-48f6-9d18-8e59f3cc082a"}},"application":"Grooveshark"},{"timestamp":{"iso":"2015-02-24T20:35:00","unixtimestamp":1424810100},"track":{"name":"\u0027Imi Au Ia \u0027Oe","mbid":"aafdbf52-9908-4d74-a448-5381aaa2a957","artist":{"name":"Keola Beamer","mbid":"7c557252-cf19-4055-a973-8d6f3c55deb1"}},"uncorrectedTrack":{"name":"\u0027Imi Au Ia \u0027Oe","mbid":"aafdbf52-9908-4d74-a448-5381aaa2a957","artist":{"name":"Keola Beamer","mbid":"7c557252-cf19-4055-a973-8d6f3c55deb1"}},"album":{"name":"The Descendants Soundtrack","artist":{"name":"Keola Beamer","mbid":"7c557252-cf19-4055-a973-8d6f3c55deb1"}},"application":"Grooveshark"},{"timestamp":{"iso":"2015-02-24T20:38:12","unixtimestamp":1424810292},"track":{"name":"Night (Early Jazzy Mix)","mbid":"20ac02bf-214f-41c0-aca9-d29a9601ddee","artist":{"name":"All India Radio","mbid":"53d2a4d1-556e-4701-a8ac-5fcb74a8e393"}},"uncorrectedTrack":{"name":"Night (Early Jazzy Mix)","mbid":"20ac02bf-214f-41c0-aca9-d29a9601ddee","artist":{"name":"All India Radio","mbid":"53d2a4d1-556e-4701-a8ac-5fcb74a8e393"}},"album":{"name":"The Silent Surf","mbid":"56a28ebc-37ec-4325-a7f2-d741b65a1423","artist":{"name":"All India Radio","mbid":"53d2a4d1-556e-4701-a8ac-5fcb74a8e393"}},"application":"Grooveshark"},{"timestamp":{"iso":"2015-02-24T20:42:46","unixtimestamp":1424810566},"track":{"name":"Before and After Light","mbid":"51092672-9aa8-4875-bcd8-8be1de0212b6","artist":{"name":"CFCF","mbid":"c06cb96b-2a5c-439a-8171-fe3bd7d01ac3"}},"uncorrectedTrack":{"name":"Before and After Light","mbid":"51092672-9aa8-4875-bcd8-8be1de0212b6","artist":{"name":"CFCF","mbid":"c06cb96b-2a5c-439a-8171-fe3bd7d01ac3"}},"album":{"name":"The River (RVNGNL04 - 192 kbps)","artist":{"name":"CFCF","mbid":"c06cb96b-2a5c-439a-8171-fe3bd7d01ac3"}},"application":"Grooveshark"},{"timestamp":{"iso":"2015-02-24T20:48:06","unixtimestamp":1424810886},"track":{"name":"Unsaid","mbid":"72d957d2-8816-4d5f-9018-20e56c7a4593","artist":{"name":"Little People","mbid":"0ab53372-ba70-4e7b-814b-12bc35fe4719"}},"uncorrectedTrack":{"name":"Unsaid","mbid":"72d957d2-8816-4d5f-9018-20e56c7a4593","artist":{"name":"Little People","mbid":"0ab53372-ba70-4e7b-814b-12bc35fe4719"}},"album":{"name":"Mickey Mouse Operation","mbid":"db4d5128-f065-4938-8161-c50cf64b6f05","artist":{"name":"Little People","mbid":"0ab53372-ba70-4e7b-814b-12bc35fe4719"}},"application":"Grooveshark"},{"timestamp":{"iso":"2015-02-24T20:51:54","unixtimestamp":1424811114},"track":{"name":"Deep in an ancient Hawaiian Forest","mbid":"90d1bf1b-1513-4be6-964b-90b431085e97","artist":{"name":"Makana","mbid":"9e7bd9cd-bd81-48f3-93e1-074c945f3f77"}},"uncorrectedTrack":{"name":"Deep in an ancient Hawaiian Forest","mbid":"90d1bf1b-1513-4be6-964b-90b431085e97","artist":{"name":"Makana","mbid":"9e7bd9cd-bd81-48f3-93e1-074c945f3f77"}},"album":{"name":"The Descendants Soundtrack","artist":{"name":"Makana","mbid":"9e7bd9cd-bd81-48f3-93e1-074c945f3f77"}},"application":"Grooveshark"},{"timestamp":{"iso":"2015-02-24T20:57:08","unixtimestamp":1424811428},"track":{"name":"Over Now (Unreleased Track)","artist":{"name":"All India Radio","mbid":"53d2a4d1-556e-4701-a8ac-5fcb74a8e393"}},"uncorrectedTrack":{"name":"Over Now (Unreleased Track)","artist":{"name":"All India Radio","mbid":"53d2a4d1-556e-4701-a8ac-5fcb74a8e393"}},"album":{"name":"The Silent Surf","mbid":"56a28ebc-37ec-4325-a7f2-d741b65a1423","artist":{"name":"All India Radio","mbid":"53d2a4d1-556e-4701-a8ac-5fcb74a8e393"}},"application":"Grooveshark"},{"timestamp":{"iso":"2015-02-24T21:00:04","unixtimestamp":1424811604},"track":{"name":"At Sunset","mbid":"88107fc3-3fa8-4b9c-8d9a-444cd50f9230","artist":{"name":"idenline","mbid":"8af7dbd8-48a1-452c-8da5-092238c5562d"}},"uncorrectedTrack":{"name":"At Sunset","mbid":"88107fc3-3fa8-4b9c-8d9a-444cd50f9230","artist":{"name":"idenline","mbid":"8af7dbd8-48a1-452c-8da5-092238c5562d"}},"album":{"name":"Together EP","artist":{"name":"idenline","mbid":"8af7dbd8-48a1-452c-8da5-092238c5562d"}},"application":"Grooveshark"},{"timestamp":{"iso":"2015-02-24T21:03:48","unixtimestamp":1424811828},"track":{"name":"Tongues","artist":{"name":"Joywave","mbid":"40ba9452-6a60-42a2-8704-572c7a598bf7"}},"uncorrectedTrack":{"name":"Tongues","artist":{"name":"Joywave","mbid":"40ba9452-6a60-42a2-8704-572c7a598bf7"}},"album":{"name":"(ft.Kopps)","artist":{"name":"Joywave","mbid":"40ba9452-6a60-42a2-8704-572c7a598bf7"}},"application":"Grooveshark"}]