[{"timestamp":{"iso":"2012-02-07T17:58:33","unixtimestamp":1328637513},"track":{"name":"Intro","mbid":"81f1bd87-9342-4a25-87fb-d161ea9bd07c","artist":{"name":"M83","mbid":"6d7b7cd4-254b-4c25-83f6-dd20f98ceacd"}},"uncorrectedTrack":{"name":"Intro","mbid":"81f1bd87-9342-4a25-87fb-d161ea9bd07c","artist":{"name":"M83","mbid":"6d7b7cd4-254b-4c25-83f6-dd20f98ceacd"}},"album":{"name":"Hurry Up We\u0027re Dreaming","artist":{"name":"M83","mbid":"6d7b7cd4-254b-4c25-83f6-dd20f98ceacd"}}},{"timestamp":{"iso":"2012-02-07T18:04:19","unixtimestamp":1328637859},"track":{"name":"Midnight City","mbid":"25ff2819-1212-466d-ba1b-957ef242353e","artist":{"name":"M83","mbid":"6d7b7cd4-254b-4c25-83f6-dd20f98ceacd"}},"uncorrectedTrack":{"name":"Midnight City","mbid":"25ff2819-1212-466d-ba1b-957ef242353e","artist":{"name":"M83","mbid":"6d7b7cd4-254b-4c25-83f6-dd20f98ceacd"}},"album":{"name":"Hurry Up We\u0027re Dreaming","artist":{"name":"M83","mbid":"6d7b7cd4-254b-4c25-83f6-dd20f98ceacd"}}},{"timestamp":{"iso":"2012-02-07T18:08:22","unixtimestamp":1328638102},"track":{"name":"Reunion","mbid":"c57c30ea-f88a-4a1d-9593-aeeea41a3115","artist":{"name":"M83","mbid":"6d7b7cd4-254b-4c25-83f6-dd20f98ceacd"}},"uncorrectedTrack":{"name":"Reunion","mbid":"c57c30ea-f88a-4a1d-9593-aeeea41a3115","artist":{"name":"M83","mbid":"6d7b7cd4-254b-4c25-83f6-dd20f98ceacd"}},"album":{"name":"Hurry Up We\u0027re Dreaming","artist":{"name":"M83","mbid":"6d7b7cd4-254b-4c25-83f6-dd20f98ceacd"}}},{"timestamp":{"iso":"2012-02-07T18:12:17","unixtimestamp":1328638337},"track":{"name":"Where the Boats Go","mbid":"5d32705b-db0c-4490-9b11-15c4d32620c7","artist":{"name":"M83","mbid":"6d7b7cd4-254b-4c25-83f6-dd20f98ceacd"}},"uncorrectedTrack":{"name":"Where the Boats Go","mbid":"5d32705b-db0c-4490-9b11-15c4d32620c7","artist":{"name":"M83","mbid":"6d7b7cd4-254b-4c25-83f6-dd20f98ceacd"}},"album":{"name":"Hurry Up We\u0027re Dreaming","artist":{"name":"M83","mbid":"6d7b7cd4-254b-4c25-83f6-dd20f98ceacd"}}},{"timestamp":{"iso":"2012-02-07T18:14:04","unixtimestamp":1328638444},"track":{"name":"Wait","mbid":"5a05fa5c-1b79-4eaf-9a12-9ba84816118e","artist":{"name":"M83","mbid":"6d7b7cd4-254b-4c25-83f6-dd20f98ceacd"}},"uncorrectedTrack":{"name":"Wait","mbid":"5a05fa5c-1b79-4eaf-9a12-9ba84816118e","artist":{"name":"M83","mbid":"6d7b7cd4-254b-4c25-83f6-dd20f98ceacd"}},"album":{"name":"Hurry Up We\u0027re Dreaming","artist":{"name":"M83","mbid":"6d7b7cd4-254b-4c25-83f6-dd20f98ceacd"}}},{"timestamp":{"iso":"2012-02-07T18:20:13","unixtimestamp":1328638813},"track":{"name":"Raconte-moi une histoire","mbid":"42f8045e-7d3d-4f2b-874c-8515b3c8041e","artist":{"name":"M83","mbid":"6d7b7cd4-254b-4c25-83f6-dd20f98ceacd"}},"uncorrectedTrack":{"name":"Raconte-moi une histoire","mbid":"42f8045e-7d3d-4f2b-874c-8515b3c8041e","artist":{"name":"M83","mbid":"6d7b7cd4-254b-4c25-83f6-dd20f98ceacd"}},"album":{"name":"Hurry Up We\u0027re Dreaming","artist":{"name":"M83","mbid":"6d7b7cd4-254b-4c25-83f6-dd20f98ceacd"}}},{"timestamp":{"iso":"2012-02-07T18:24:07","unixtimestamp":1328639047},"track":{"name":"Intro","mbid":"81f1bd87-9342-4a25-87fb-d161ea9bd07c","artist":{"name":"M83","mbid":"6d7b7cd4-254b-4c25-83f6-dd20f98ceacd"}},"uncorrectedTrack":{"name":"Intro","mbid":"81f1bd87-9342-4a25-87fb-d161ea9bd07c","artist":{"name":"M83","mbid":"6d7b7cd4-254b-4c25-83f6-dd20f98ceacd"}},"album":{"name":"Hurry Up We\u0027re Dreaming","artist":{"name":"M83","mbid":"6d7b7cd4-254b-4c25-83f6-dd20f98ceacd"}}},{"timestamp":{"iso":"2012-02-08T17:26:17","unixtimestamp":1328721977},"track":{"name":"Intro","mbid":"81f1bd87-9342-4a25-87fb-d161ea9bd07c","artist":{"name":"M83","mbid":"6d7b7cd4-254b-4c25-83f6-dd20f98ceacd"}},"uncorrectedTrack":{"name":"Intro","mbid":"81f1bd87-9342-4a25-87fb-d161ea9bd07c","artist":{"name":"M83","mbid":"6d7b7cd4-254b-4c25-83f6-dd20f98ceacd"}},"album":{"name":"Hurry Up We\u0027re Dreaming","artist":{"name":"M83","mbid":"6d7b7cd4-254b-4c25-83f6-dd20f98ceacd"}}},{"timestamp":{"iso":"2012-02-08T17:31:40","unixtimestamp":1328722300},"track":{"name":"Midnight City","mbid":"25ff2819-1212-466d-ba1b-957ef242353e","artist":{"name":"M83","mbid":"6d7b7cd4-254b-4c25-83f6-dd20f98ceacd"}},"uncorrectedTrack":{"name":"Midnight City","mbid":"25ff2819-1212-466d-ba1b-957ef242353e","artist":{"name":"M83","mbid":"6d7b7cd4-254b-4c25-83f6-dd20f98ceacd"}},"album":{"name":"Hurry Up We\u0027re Dreaming","artist":{"name":"M83","mbid":"6d7b7cd4-254b-4c25-83f6-dd20f98ceacd"}}},{"timestamp":{"iso":"2012-02-08T17:35:30","unixtimestamp":1328722530},"track":{"name":"Mylo Xyloto","mbid":"ae4f6bb8-1cb4-429a-bb00-b1ab05d40508","artist":{"name":"Coldplay","mbid":"cc197bad-dc9c-440d-a5b5-d52ba2e14234"}},"uncorrectedTrack":{"name":"Mylo Xyloto","mbid":"ae4f6bb8-1cb4-429a-bb00-b1ab05d40508","artist":{"name":"Coldplay","mbid":"cc197bad-dc9c-440d-a5b5-d52ba2e14234"}},"album":{"name":"Mylo Xyloto","mbid":"e517d946-2933-4176-b57a-9cca2beada94","artist":{"name":"Coldplay","mbid":"cc197bad-dc9c-440d-a5b5-d52ba2e14234"}}},{"timestamp":{"iso":"2012-02-08T17:36:37","unixtimestamp":1328722597},"track":{"name":"Hurts Like Heaven","mbid":"1e8f156a-ecaf-46e6-a3f9-0157e33c807e","artist":{"name":"Coldplay","mbid":"cc197bad-dc9c-440d-a5b5-d52ba2e14234"}},"uncorrectedTrack":{"name":"Hurts Like Heaven","mbid":"1e8f156a-ecaf-46e6-a3f9-0157e33c807e","artist":{"name":"Coldplay","mbid":"cc197bad-dc9c-440d-a5b5-d52ba2e14234"}},"album":{"name":"Mylo Xyloto","mbid":"e517d946-2933-4176-b57a-9cca2beada94","artist":{"name":"Coldplay","mbid":"cc197bad-dc9c-440d-a5b5-d52ba2e14234"}}},{"timestamp":{"iso":"2012-02-08T17:40:38","unixtimestamp":1328722838},"track":{"name":"Paradise","mbid":"0a4d6c64-fb9a-4c07-a3d3-43a45c161602","artist":{"name":"Coldplay","mbid":"cc197bad-dc9c-440d-a5b5-d52ba2e14234"}},"uncorrectedTrack":{"name":"Paradise","mbid":"0a4d6c64-fb9a-4c07-a3d3-43a45c161602","artist":{"name":"Coldplay","mbid":"cc197bad-dc9c-440d-a5b5-d52ba2e14234"}},"album":{"name":"Mylo Xyloto","mbid":"e517d946-2933-4176-b57a-9cca2beada94","artist":{"name":"Coldplay","mbid":"cc197bad-dc9c-440d-a5b5-d52ba2e14234"}}},{"timestamp":{"iso":"2012-02-08T17:45:17","unixtimestamp":1328723117},"track":{"name":"Charlie Brown","mbid":"9f7d4f65-a363-4ee5-9668-0f4be07083dd","artist":{"name":"Coldplay","mbid":"cc197bad-dc9c-440d-a5b5-d52ba2e14234"}},"uncorrectedTrack":{"name":"Charlie Brown","mbid":"9f7d4f65-a363-4ee5-9668-0f4be07083dd","artist":{"name":"Coldplay","mbid":"cc197bad-dc9c-440d-a5b5-d52ba2e14234"}},"album":{"name":"Mylo Xyloto","mbid":"e517d946-2933-4176-b57a-9cca2beada94","artist":{"name":"Coldplay","mbid":"cc197bad-dc9c-440d-a5b5-d52ba2e14234"}}},{"timestamp":{"iso":"2012-02-08T17:50:20","unixtimestamp":1328723420},"track":{"name":"Us Against the World","mbid":"052d0569-1806-4289-a8ef-5f76447ceda6","artist":{"name":"Coldplay","mbid":"cc197bad-dc9c-440d-a5b5-d52ba2e14234"}},"uncorrectedTrack":{"name":"Us Against the World","mbid":"052d0569-1806-4289-a8ef-5f76447ceda6","artist":{"name":"Coldplay","mbid":"cc197bad-dc9c-440d-a5b5-d52ba2e14234"}},"album":{"name":"Mylo Xyloto","mbid":"e517d946-2933-4176-b57a-9cca2beada94","artist":{"name":"Coldplay","mbid":"cc197bad-dc9c-440d-a5b5-d52ba2e14234"}}},{"timestamp":{"iso":"2012-02-08T17:54:20","unixtimestamp":1328723660},"track":{"name":"M.M.I.X.","mbid":"c36f037a-451e-4ac7-b1f4-e90ada44e2d4","artist":{"name":"Coldplay","mbid":"cc197bad-dc9c-440d-a5b5-d52ba2e14234"}},"uncorrectedTrack":{"name":"M.M.I.X.","mbid":"c36f037a-451e-4ac7-b1f4-e90ada44e2d4","artist":{"name":"Coldplay","mbid":"cc197bad-dc9c-440d-a5b5-d52ba2e14234"}},"album":{"name":"Mylo Xyloto","mbid":"e517d946-2933-4176-b57a-9cca2beada94","artist":{"name":"Coldplay","mbid":"cc197bad-dc9c-440d-a5b5-d52ba2e14234"}}},{"timestamp":{"iso":"2012-02-08T17:55:09","unixtimestamp":1328723709},"track":{"name":"Every Teardrop Is a Waterfall","mbid":"756e70df-6fef-4c06-85ae-f039c7d0fee0","artist":{"name":"Coldplay","mbid":"cc197bad-dc9c-440d-a5b5-d52ba2e14234"}},"uncorrectedTrack":{"name":"Every Teardrop Is a Waterfall","mbid":"756e70df-6fef-4c06-85ae-f039c7d0fee0","artist":{"name":"Coldplay","mbid":"cc197bad-dc9c-440d-a5b5-d52ba2e14234"}},"album":{"name":"Mylo Xyloto","mbid":"e517d946-2933-4176-b57a-9cca2beada94","artist":{"name":"Coldplay","mbid":"cc197bad-dc9c-440d-a5b5-d52ba2e14234"}}},{"timestamp":{"iso":"2012-02-08T17:59:10","unixtimestamp":1328723950},"track":{"name":"Major Minus","mbid":"3711c5f8-4113-48e1-a13d-5d7f7f8327d7","artist":{"name":"Coldplay","mbid":"cc197bad-dc9c-440d-a5b5-d52ba2e14234"}},"uncorrectedTrack":{"name":"Major Minus","mbid":"3711c5f8-4113-48e1-a13d-5d7f7f8327d7","artist":{"name":"Coldplay","mbid":"cc197bad-dc9c-440d-a5b5-d52ba2e14234"}},"album":{"name":"Mylo Xyloto","mbid":"e517d946-2933-4176-b57a-9cca2beada94","artist":{"name":"Coldplay","mbid":"cc197bad-dc9c-440d-a5b5-d52ba2e14234"}}},{"timestamp":{"iso":"2012-02-08T18:02:41","unixtimestamp":1328724161},"track":{"name":"U.F.O.","mbid":"ac99ada3-71ef-4689-ac46-327dadd5a855","artist":{"name":"Coldplay","mbid":"cc197bad-dc9c-440d-a5b5-d52ba2e14234"}},"uncorrectedTrack":{"name":"U.F.O.","mbid":"ac99ada3-71ef-4689-ac46-327dadd5a855","artist":{"name":"Coldplay","mbid":"cc197bad-dc9c-440d-a5b5-d52ba2e14234"}},"album":{"name":"Mylo Xyloto","mbid":"e517d946-2933-4176-b57a-9cca2beada94","artist":{"name":"Coldplay","mbid":"cc197bad-dc9c-440d-a5b5-d52ba2e14234"}}},{"timestamp":{"iso":"2012-02-08T18:05:49","unixtimestamp":1328724349},"track":{"name":"Princess of China","mbid":"450eeba1-9c56-411f-bafe-6731edde8ded","artist":{"name":"Coldplay","mbid":"cc197bad-dc9c-440d-a5b5-d52ba2e14234"}},"uncorrectedTrack":{"name":"Princess of China","mbid":"450eeba1-9c56-411f-bafe-6731edde8ded","artist":{"name":"Coldplay","mbid":"cc197bad-dc9c-440d-a5b5-d52ba2e14234"}},"album":{"name":"Mylo Xyloto","mbid":"e517d946-2933-4176-b57a-9cca2beada94","artist":{"name":"Coldplay","mbid":"cc197bad-dc9c-440d-a5b5-d52ba2e14234"}}},{"timestamp":{"iso":"2012-02-08T18:09:48","unixtimestamp":1328724588},"track":{"name":"Up in Flames","mbid":"9b57c53f-6fb9-4ecd-b018-9461bad243cd","artist":{"name":"Coldplay","mbid":"cc197bad-dc9c-440d-a5b5-d52ba2e14234"}},"uncorrectedTrack":{"name":"Up in Flames","mbid":"9b57c53f-6fb9-4ecd-b018-9461bad243cd","artist":{"name":"Coldplay","mbid":"cc197bad-dc9c-440d-a5b5-d52ba2e14234"}},"album":{"name":"Mylo Xyloto","mbid":"e517d946-2933-4176-b57a-9cca2beada94","artist":{"name":"Coldplay","mbid":"cc197bad-dc9c-440d-a5b5-d52ba2e14234"}}},{"timestamp":{"iso":"2012-02-08T18:13:02","unixtimestamp":1328724782},"track":{"name":"A Hopeful Transmission","mbid":"e1af65a8-d083-4344-99e0-da28eaa003c7","artist":{"name":"Coldplay","mbid":"cc197bad-dc9c-440d-a5b5-d52ba2e14234"}},"uncorrectedTrack":{"name":"A Hopeful Transmission","mbid":"e1af65a8-d083-4344-99e0-da28eaa003c7","artist":{"name":"Coldplay","mbid":"cc197bad-dc9c-440d-a5b5-d52ba2e14234"}},"album":{"name":"Mylo Xyloto","mbid":"e517d946-2933-4176-b57a-9cca2beada94","artist":{"name":"Coldplay","mbid":"cc197bad-dc9c-440d-a5b5-d52ba2e14234"}}},{"timestamp":{"iso":"2012-02-08T18:13:35","unixtimestamp":1328724815},"track":{"name":"Don\u0027t Let It Break Your Heart","mbid":"cc8a4250-665a-468d-bea3-0ec440ca218b","artist":{"name":"Coldplay","mbid":"cc197bad-dc9c-440d-a5b5-d52ba2e14234"}},"uncorrectedTrack":{"name":"Don\u0027t Let It Break Your Heart","mbid":"cc8a4250-665a-468d-bea3-0ec440ca218b","artist":{"name":"Coldplay","mbid":"cc197bad-dc9c-440d-a5b5-d52ba2e14234"}},"album":{"name":"Mylo Xyloto","mbid":"e517d946-2933-4176-b57a-9cca2beada94","artist":{"name":"Coldplay","mbid":"cc197bad-dc9c-440d-a5b5-d52ba2e14234"}}},{"timestamp":{"iso":"2012-02-08T18:17:29","unixtimestamp":1328725049},"track":{"name":"Up with the Birds","mbid":"deb6e1d8-83f1-4bef-95e1-f7bfb538b2fb","artist":{"name":"Coldplay","mbid":"cc197bad-dc9c-440d-a5b5-d52ba2e14234"}},"uncorrectedTrack":{"name":"Up with the Birds","mbid":"deb6e1d8-83f1-4bef-95e1-f7bfb538b2fb","artist":{"name":"Coldplay","mbid":"cc197bad-dc9c-440d-a5b5-d52ba2e14234"}},"album":{"name":"Mylo Xyloto","mbid":"e517d946-2933-4176-b57a-9cca2beada94","artist":{"name":"Coldplay","mbid":"cc197bad-dc9c-440d-a5b5-d52ba2e14234"}}},{"timestamp":{"iso":"2012-02-08T18:21:46","unixtimestamp":1328725306},"track":{"name":"Life in Technicolor II","mbid":"2b2e7642-6ce5-4fb6-a211-5fd4d46d20c0","artist":{"name":"Coldplay","mbid":"cc197bad-dc9c-440d-a5b5-d52ba2e14234"}},"uncorrectedTrack":{"name":"Life in Technicolor II","mbid":"2b2e7642-6ce5-4fb6-a211-5fd4d46d20c0","artist":{"name":"Coldplay","mbid":"cc197bad-dc9c-440d-a5b5-d52ba2e14234"}},"album":{"name":"Prospekt\u0027s March EP","mbid":"e3ef4654-fc04-4f3c-b986-2947c6ad9f25","artist":{"name":"Coldplay","mbid":"cc197bad-dc9c-440d-a5b5-d52ba2e14234"}}},{"timestamp":{"iso":"2012-02-08T18:25:51","unixtimestamp":1328725551},"track":{"name":"Postcards from Far Away","mbid":"231631cb-faef-4997-b9fa-250ec4279a68","artist":{"name":"Coldplay","mbid":"cc197bad-dc9c-440d-a5b5-d52ba2e14234"}},"uncorrectedTrack":{"name":"Postcards from Far Away","mbid":"231631cb-faef-4997-b9fa-250ec4279a68","artist":{"name":"Coldplay","mbid":"cc197bad-dc9c-440d-a5b5-d52ba2e14234"}},"album":{"name":"Prospekt\u0027s March EP","mbid":"e3ef4654-fc04-4f3c-b986-2947c6ad9f25","artist":{"name":"Coldplay","mbid":"cc197bad-dc9c-440d-a5b5-d52ba2e14234"}}},{"timestamp":{"iso":"2012-02-08T18:26:39","unixtimestamp":1328725599},"track":{"name":"Glass of Water","mbid":"6f77f0d6-2293-4390-884d-bb49a2e17fe3","artist":{"name":"Coldplay","mbid":"cc197bad-dc9c-440d-a5b5-d52ba2e14234"}},"uncorrectedTrack":{"name":"Glass of Water","mbid":"6f77f0d6-2293-4390-884d-bb49a2e17fe3","artist":{"name":"Coldplay","mbid":"cc197bad-dc9c-440d-a5b5-d52ba2e14234"}},"album":{"name":"Prospekt\u0027s March EP","mbid":"e3ef4654-fc04-4f3c-b986-2947c6ad9f25","artist":{"name":"Coldplay","mbid":"cc197bad-dc9c-440d-a5b5-d52ba2e14234"}}},{"timestamp":{"iso":"2012-02-08T18:31:24","unixtimestamp":1328725884},"track":{"name":"Rainy Day","mbid":"a3fc4ff4-f0dd-4df6-89c9-d1712c0d5e0c","artist":{"name":"Coldplay","mbid":"cc197bad-dc9c-440d-a5b5-d52ba2e14234"}},"uncorrectedTrack":{"name":"Rainy Day","mbid":"a3fc4ff4-f0dd-4df6-89c9-d1712c0d5e0c","artist":{"name":"Coldplay","mbid":"cc197bad-dc9c-440d-a5b5-d52ba2e14234"}},"album":{"name":"Prospekt\u0027s March EP","mbid":"e3ef4654-fc04-4f3c-b986-2947c6ad9f25","artist":{"name":"Coldplay","mbid":"cc197bad-dc9c-440d-a5b5-d52ba2e14234"}}},{"timestamp":{"iso":"2012-02-08T18:35:08","unixtimestamp":1328726108},"track":{"name":"Prospekt\u0027s March/Poppyfields","artist":{"name":"Coldplay","mbid":"cc197bad-dc9c-440d-a5b5-d52ba2e14234"}},"uncorrectedTrack":{"name":"Prospekt\u0027s March/Poppyfields","artist":{"name":"Coldplay","mbid":"cc197bad-dc9c-440d-a5b5-d52ba2e14234"}},"album":{"name":"Prospekt\u0027s March EP","mbid":"e3ef4654-fc04-4f3c-b986-2947c6ad9f25","artist":{"name":"Coldplay","mbid":"cc197bad-dc9c-440d-a5b5-d52ba2e14234"}}},{"timestamp":{"iso":"2012-02-08T18:38:47","unixtimestamp":1328726327},"track":{"name":"Lost+ (with Jay-Z)","artist":{"name":"Coldplay","mbid":"cc197bad-dc9c-440d-a5b5-d52ba2e14234"}},"uncorrectedTrack":{"name":"Lost+ (with Jay-Z)","artist":{"name":"Coldplay","mbid":"cc197bad-dc9c-440d-a5b5-d52ba2e14234"}},"album":{"name":"Prospekt\u0027s March EP","mbid":"e3ef4654-fc04-4f3c-b986-2947c6ad9f25","artist":{"name":"Coldplay","mbid":"cc197bad-dc9c-440d-a5b5-d52ba2e14234"}}},{"timestamp":{"iso":"2012-02-08T18:43:04","unixtimestamp":1328726584},"track":{"name":"Lovers in Japan (Osaka Sun mix)","mbid":"1389267e-b6c2-49db-8ad9-883cba3352ac","artist":{"name":"Coldplay","mbid":"cc197bad-dc9c-440d-a5b5-d52ba2e14234"}},"uncorrectedTrack":{"name":"Lovers in Japan (Osaka Sun mix)","mbid":"1389267e-b6c2-49db-8ad9-883cba3352ac","artist":{"name":"Coldplay","mbid":"cc197bad-dc9c-440d-a5b5-d52ba2e14234"}},"album":{"name":"Prospekt\u0027s March EP","mbid":"e3ef4654-fc04-4f3c-b986-2947c6ad9f25","artist":{"name":"Coldplay","mbid":"cc197bad-dc9c-440d-a5b5-d52ba2e14234"}}},{"timestamp":{"iso":"2012-02-08T18:47:02","unixtimestamp":1328726822},"track":{"name":"Now My Feet Won\u0027t Touch the Ground","artist":{"name":"Coldplay","mbid":"cc197bad-dc9c-440d-a5b5-d52ba2e14234"}},"uncorrectedTrack":{"name":"Now My Feet Won\u0027t Touch the Ground","artist":{"name":"Coldplay","mbid":"cc197bad-dc9c-440d-a5b5-d52ba2e14234"}},"album":{"name":"Prospekt\u0027s March EP","mbid":"e3ef4654-fc04-4f3c-b986-2947c6ad9f25","artist":{"name":"Coldplay","mbid":"cc197bad-dc9c-440d-a5b5-d52ba2e14234"}}},{"timestamp":{"iso":"2012-02-08T18:50:01","unixtimestamp":1328727001},"track":{"name":"Life in Technicolor","mbid":"a243f0b9-0573-4c81-ad67-00dd824e7eb2","artist":{"name":"Coldplay","mbid":"cc197bad-dc9c-440d-a5b5-d52ba2e14234"}},"uncorrectedTrack":{"name":"Life in Technicolor","mbid":"a243f0b9-0573-4c81-ad67-00dd824e7eb2","artist":{"name":"Coldplay","mbid":"cc197bad-dc9c-440d-a5b5-d52ba2e14234"}},"album":{"name":"Viva La Vida - Prospekt\u0027s March Edition","artist":{"name":"Coldplay","mbid":"cc197bad-dc9c-440d-a5b5-d52ba2e14234"}}},{"timestamp":{"iso":"2012-02-08T18:52:30","unixtimestamp":1328727150},"track":{"name":"Cemeteries of London","mbid":"02c63f74-6577-4fef-86b3-879942c2fe3d","artist":{"name":"Coldplay","mbid":"cc197bad-dc9c-440d-a5b5-d52ba2e14234"}},"uncorrectedTrack":{"name":"Cemeteries of London","mbid":"02c63f74-6577-4fef-86b3-879942c2fe3d","artist":{"name":"Coldplay","mbid":"cc197bad-dc9c-440d-a5b5-d52ba2e14234"}},"album":{"name":"Viva La Vida - Prospekt\u0027s March Edition","artist":{"name":"Coldplay","mbid":"cc197bad-dc9c-440d-a5b5-d52ba2e14234"}}},{"timestamp":{"iso":"2012-02-08T18:55:51","unixtimestamp":1328727351},"track":{"name":"Lost!","mbid":"303ed724-3e46-444e-9972-473022c34e74","artist":{"name":"Coldplay","mbid":"cc197bad-dc9c-440d-a5b5-d52ba2e14234"}},"uncorrectedTrack":{"name":"Lost!","mbid":"303ed724-3e46-444e-9972-473022c34e74","artist":{"name":"Coldplay","mbid":"cc197bad-dc9c-440d-a5b5-d52ba2e14234"}},"album":{"name":"Viva La Vida - Prospekt\u0027s March Edition","artist":{"name":"Coldplay","mbid":"cc197bad-dc9c-440d-a5b5-d52ba2e14234"}}},{"timestamp":{"iso":"2012-02-08T18:59:46","unixtimestamp":1328727586},"track":{"name":"42","mbid":"11651812-43c2-4727-bb70-8daa5803c833","artist":{"name":"Coldplay","mbid":"cc197bad-dc9c-440d-a5b5-d52ba2e14234"}},"uncorrectedTrack":{"name":"42","mbid":"11651812-43c2-4727-bb70-8daa5803c833","artist":{"name":"Coldplay","mbid":"cc197bad-dc9c-440d-a5b5-d52ba2e14234"}},"album":{"name":"Viva La Vida - Prospekt\u0027s March Edition","artist":{"name":"Coldplay","mbid":"cc197bad-dc9c-440d-a5b5-d52ba2e14234"}}},{"timestamp":{"iso":"2012-02-08T19:04:26","unixtimestamp":1328727866},"track":{"name":"Lovers in Japan","mbid":"81b9ca23-0d8b-4486-ba78-e3a02d7d7df7","artist":{"name":"Coldplay","mbid":"cc197bad-dc9c-440d-a5b5-d52ba2e14234"}},"uncorrectedTrack":{"name":"Lovers in Japan","mbid":"81b9ca23-0d8b-4486-ba78-e3a02d7d7df7","artist":{"name":"Coldplay","mbid":"cc197bad-dc9c-440d-a5b5-d52ba2e14234"}},"album":{"name":"Viva La Vida - Prospekt\u0027s March Edition","artist":{"name":"Coldplay","mbid":"cc197bad-dc9c-440d-a5b5-d52ba2e14234"}}},{"timestamp":{"iso":"2012-02-08T19:11:17","unixtimestamp":1328728277},"track":{"name":"Yes","artist":{"name":"Coldplay","mbid":"cc197bad-dc9c-440d-a5b5-d52ba2e14234"}},"uncorrectedTrack":{"name":"Yes","artist":{"name":"Coldplay","mbid":"cc197bad-dc9c-440d-a5b5-d52ba2e14234"}},"album":{"name":"Viva La Vida - Prospekt\u0027s March Edition","artist":{"name":"Coldplay","mbid":"cc197bad-dc9c-440d-a5b5-d52ba2e14234"}}},{"timestamp":{"iso":"2012-02-08T19:21:17","unixtimestamp":1328728877},"track":{"name":"Viva la Vida","mbid":"b7585f97-6be2-43ca-b00b-1f5d7f6c5c29","artist":{"name":"Coldplay","mbid":"cc197bad-dc9c-440d-a5b5-d52ba2e14234"}},"uncorrectedTrack":{"name":"Viva la Vida","mbid":"b7585f97-6be2-43ca-b00b-1f5d7f6c5c29","artist":{"name":"Coldplay","mbid":"cc197bad-dc9c-440d-a5b5-d52ba2e14234"}},"album":{"name":"Viva La Vida - Prospekt\u0027s March Edition","artist":{"name":"Coldplay","mbid":"cc197bad-dc9c-440d-a5b5-d52ba2e14234"}}},{"timestamp":{"iso":"2012-02-08T19:26:17","unixtimestamp":1328729177},"track":{"name":"Paradise","mbid":"0a4d6c64-fb9a-4c07-a3d3-43a45c161602","artist":{"name":"Coldplay","mbid":"cc197bad-dc9c-440d-a5b5-d52ba2e14234"}},"uncorrectedTrack":{"name":"Paradise","mbid":"0a4d6c64-fb9a-4c07-a3d3-43a45c161602","artist":{"name":"Coldplay","mbid":"cc197bad-dc9c-440d-a5b5-d52ba2e14234"}},"album":{"name":"Mylo Xyloto","mbid":"e517d946-2933-4176-b57a-9cca2beada94","artist":{"name":"Coldplay","mbid":"cc197bad-dc9c-440d-a5b5-d52ba2e14234"}}},{"timestamp":{"iso":"2012-02-08T19:30:55","unixtimestamp":1328729455},"track":{"name":"Charlie Brown","mbid":"9f7d4f65-a363-4ee5-9668-0f4be07083dd","artist":{"name":"Coldplay","mbid":"cc197bad-dc9c-440d-a5b5-d52ba2e14234"}},"uncorrectedTrack":{"name":"Charlie Brown","mbid":"9f7d4f65-a363-4ee5-9668-0f4be07083dd","artist":{"name":"Coldplay","mbid":"cc197bad-dc9c-440d-a5b5-d52ba2e14234"}},"album":{"name":"Mylo Xyloto","mbid":"e517d946-2933-4176-b57a-9cca2beada94","artist":{"name":"Coldplay","mbid":"cc197bad-dc9c-440d-a5b5-d52ba2e14234"}}},{"timestamp":{"iso":"2012-02-08T19:36:10","unixtimestamp":1328729770},"track":{"name":"Us Against the World","mbid":"052d0569-1806-4289-a8ef-5f76447ceda6","artist":{"name":"Coldplay","mbid":"cc197bad-dc9c-440d-a5b5-d52ba2e14234"}},"uncorrectedTrack":{"name":"Us Against the World","mbid":"052d0569-1806-4289-a8ef-5f76447ceda6","artist":{"name":"Coldplay","mbid":"cc197bad-dc9c-440d-a5b5-d52ba2e14234"}},"album":{"name":"Mylo Xyloto","mbid":"e517d946-2933-4176-b57a-9cca2beada94","artist":{"name":"Coldplay","mbid":"cc197bad-dc9c-440d-a5b5-d52ba2e14234"}}},{"timestamp":{"iso":"2012-02-08T19:40:10","unixtimestamp":1328730010},"track":{"name":"M.M.I.X.","mbid":"c36f037a-451e-4ac7-b1f4-e90ada44e2d4","artist":{"name":"Coldplay","mbid":"cc197bad-dc9c-440d-a5b5-d52ba2e14234"}},"uncorrectedTrack":{"name":"M.M.I.X.","mbid":"c36f037a-451e-4ac7-b1f4-e90ada44e2d4","artist":{"name":"Coldplay","mbid":"cc197bad-dc9c-440d-a5b5-d52ba2e14234"}},"album":{"name":"Mylo Xyloto","mbid":"e517d946-2933-4176-b57a-9cca2beada94","artist":{"name":"Coldplay","mbid":"cc197bad-dc9c-440d-a5b5-d52ba2e14234"}}},{"timestamp":{"iso":"2012-02-08T19:40:59","unixtimestamp":1328730059},"track":{"name":"Every Teardrop Is a Waterfall","mbid":"756e70df-6fef-4c06-85ae-f039c7d0fee0","artist":{"name":"Coldplay","mbid":"cc197bad-dc9c-440d-a5b5-d52ba2e14234"}},"uncorrectedTrack":{"name":"Every Teardrop Is a Waterfall","mbid":"756e70df-6fef-4c06-85ae-f039c7d0fee0","artist":{"name":"Coldplay","mbid":"cc197bad-dc9c-440d-a5b5-d52ba2e14234"}},"album":{"name":"Mylo Xyloto","mbid":"e517d946-2933-4176-b57a-9cca2beada94","artist":{"name":"Coldplay","mbid":"cc197bad-dc9c-440d-a5b5-d52ba2e14234"}}},{"timestamp":{"iso":"2012-02-08T19:45:01","unixtimestamp":1328730301},"track":{"name":"Major Minus","mbid":"3711c5f8-4113-48e1-a13d-5d7f7f8327d7","artist":{"name":"Coldplay","mbid":"cc197bad-dc9c-440d-a5b5-d52ba2e14234"}},"uncorrectedTrack":{"name":"Major Minus","mbid":"3711c5f8-4113-48e1-a13d-5d7f7f8327d7","artist":{"name":"Coldplay","mbid":"cc197bad-dc9c-440d-a5b5-d52ba2e14234"}},"album":{"name":"Mylo Xyloto","mbid":"e517d946-2933-4176-b57a-9cca2beada94","artist":{"name":"Coldplay","mbid":"cc197bad-dc9c-440d-a5b5-d52ba2e14234"}}},{"timestamp":{"iso":"2012-02-08T19:48:55","unixtimestamp":1328730535},"track":{"name":"U.F.O.","mbid":"ac99ada3-71ef-4689-ac46-327dadd5a855","artist":{"name":"Coldplay","mbid":"cc197bad-dc9c-440d-a5b5-d52ba2e14234"}},"uncorrectedTrack":{"name":"U.F.O.","mbid":"ac99ada3-71ef-4689-ac46-327dadd5a855","artist":{"name":"Coldplay","mbid":"cc197bad-dc9c-440d-a5b5-d52ba2e14234"}},"album":{"name":"Mylo Xyloto","mbid":"e517d946-2933-4176-b57a-9cca2beada94","artist":{"name":"Coldplay","mbid":"cc197bad-dc9c-440d-a5b5-d52ba2e14234"}}},{"timestamp":{"iso":"2012-02-08T19:51:13","unixtimestamp":1328730673},"track":{"name":"Princess of China","mbid":"450eeba1-9c56-411f-bafe-6731edde8ded","artist":{"name":"Coldplay","mbid":"cc197bad-dc9c-440d-a5b5-d52ba2e14234"}},"uncorrectedTrack":{"name":"Princess of China","mbid":"450eeba1-9c56-411f-bafe-6731edde8ded","artist":{"name":"Coldplay","mbid":"cc197bad-dc9c-440d-a5b5-d52ba2e14234"}},"album":{"name":"Mylo Xyloto","mbid":"e517d946-2933-4176-b57a-9cca2beada94","artist":{"name":"Coldplay","mbid":"cc197bad-dc9c-440d-a5b5-d52ba2e14234"}}},{"timestamp":{"iso":"2012-02-08T19:55:12","unixtimestamp":1328730912},"track":{"name":"Up in Flames","mbid":"9b57c53f-6fb9-4ecd-b018-9461bad243cd","artist":{"name":"Coldplay","mbid":"cc197bad-dc9c-440d-a5b5-d52ba2e14234"}},"uncorrectedTrack":{"name":"Up in Flames","mbid":"9b57c53f-6fb9-4ecd-b018-9461bad243cd","artist":{"name":"Coldplay","mbid":"cc197bad-dc9c-440d-a5b5-d52ba2e14234"}},"album":{"name":"Mylo Xyloto","mbid":"e517d946-2933-4176-b57a-9cca2beada94","artist":{"name":"Coldplay","mbid":"cc197bad-dc9c-440d-a5b5-d52ba2e14234"}}},{"timestamp":{"iso":"2012-02-08T19:58:26","unixtimestamp":1328731106},"track":{"name":"A Hopeful Transmission","mbid":"e1af65a8-d083-4344-99e0-da28eaa003c7","artist":{"name":"Coldplay","mbid":"cc197bad-dc9c-440d-a5b5-d52ba2e14234"}},"uncorrectedTrack":{"name":"A Hopeful Transmission","mbid":"e1af65a8-d083-4344-99e0-da28eaa003c7","artist":{"name":"Coldplay","mbid":"cc197bad-dc9c-440d-a5b5-d52ba2e14234"}},"album":{"name":"Mylo Xyloto","mbid":"e517d946-2933-4176-b57a-9cca2beada94","artist":{"name":"Coldplay","mbid":"cc197bad-dc9c-440d-a5b5-d52ba2e14234"}}},{"timestamp":{"iso":"2012-02-08T19:58:59","unixtimestamp":1328731139},"track":{"name":"Don\u0027t Let It Break Your Heart","mbid":"cc8a4250-665a-468d-bea3-0ec440ca218b","artist":{"name":"Coldplay","mbid":"cc197bad-dc9c-440d-a5b5-d52ba2e14234"}},"uncorrectedTrack":{"name":"Don\u0027t Let It Break Your Heart","mbid":"cc8a4250-665a-468d-bea3-0ec440ca218b","artist":{"name":"Coldplay","mbid":"cc197bad-dc9c-440d-a5b5-d52ba2e14234"}},"album":{"name":"Mylo Xyloto","mbid":"e517d946-2933-4176-b57a-9cca2beada94","artist":{"name":"Coldplay","mbid":"cc197bad-dc9c-440d-a5b5-d52ba2e14234"}}},{"timestamp":{"iso":"2012-02-08T20:02:53","unixtimestamp":1328731373},"track":{"name":"Up with the Birds","mbid":"deb6e1d8-83f1-4bef-95e1-f7bfb538b2fb","artist":{"name":"Coldplay","mbid":"cc197bad-dc9c-440d-a5b5-d52ba2e14234"}},"uncorrectedTrack":{"name":"Up with the Birds","mbid":"deb6e1d8-83f1-4bef-95e1-f7bfb538b2fb","artist":{"name":"Coldplay","mbid":"cc197bad-dc9c-440d-a5b5-d52ba2e14234"}},"album":{"name":"Mylo Xyloto","mbid":"e517d946-2933-4176-b57a-9cca2beada94","artist":{"name":"Coldplay","mbid":"cc197bad-dc9c-440d-a5b5-d52ba2e14234"}}},{"timestamp":{"iso":"2012-02-08T20:10:37","unixtimestamp":1328731837},"track":{"name":"Life in Technicolor II","mbid":"2b2e7642-6ce5-4fb6-a211-5fd4d46d20c0","artist":{"name":"Coldplay","mbid":"cc197bad-dc9c-440d-a5b5-d52ba2e14234"}},"uncorrectedTrack":{"name":"Life in Technicolor II","mbid":"2b2e7642-6ce5-4fb6-a211-5fd4d46d20c0","artist":{"name":"Coldplay","mbid":"cc197bad-dc9c-440d-a5b5-d52ba2e14234"}},"album":{"name":"Prospekt\u0027s March EP","mbid":"e3ef4654-fc04-4f3c-b986-2947c6ad9f25","artist":{"name":"Coldplay","mbid":"cc197bad-dc9c-440d-a5b5-d52ba2e14234"}}},{"timestamp":{"iso":"2012-02-08T20:14:42","unixtimestamp":1328732082},"track":{"name":"Postcards from Far Away","mbid":"231631cb-faef-4997-b9fa-250ec4279a68","artist":{"name":"Coldplay","mbid":"cc197bad-dc9c-440d-a5b5-d52ba2e14234"}},"uncorrectedTrack":{"name":"Postcards from Far Away","mbid":"231631cb-faef-4997-b9fa-250ec4279a68","artist":{"name":"Coldplay","mbid":"cc197bad-dc9c-440d-a5b5-d52ba2e14234"}},"album":{"name":"Prospekt\u0027s March EP","mbid":"e3ef4654-fc04-4f3c-b986-2947c6ad9f25","artist":{"name":"Coldplay","mbid":"cc197bad-dc9c-440d-a5b5-d52ba2e14234"}}},{"timestamp":{"iso":"2012-02-08T20:15:30","unixtimestamp":1328732130},"track":{"name":"Glass of Water","mbid":"6f77f0d6-2293-4390-884d-bb49a2e17fe3","artist":{"name":"Coldplay","mbid":"cc197bad-dc9c-440d-a5b5-d52ba2e14234"}},"uncorrectedTrack":{"name":"Glass of Water","mbid":"6f77f0d6-2293-4390-884d-bb49a2e17fe3","artist":{"name":"Coldplay","mbid":"cc197bad-dc9c-440d-a5b5-d52ba2e14234"}},"album":{"name":"Prospekt\u0027s March EP","mbid":"e3ef4654-fc04-4f3c-b986-2947c6ad9f25","artist":{"name":"Coldplay","mbid":"cc197bad-dc9c-440d-a5b5-d52ba2e14234"}}},{"timestamp":{"iso":"2012-02-08T20:20:15","unixtimestamp":1328732415},"track":{"name":"Rainy Day","mbid":"a3fc4ff4-f0dd-4df6-89c9-d1712c0d5e0c","artist":{"name":"Coldplay","mbid":"cc197bad-dc9c-440d-a5b5-d52ba2e14234"}},"uncorrectedTrack":{"name":"Rainy Day","mbid":"a3fc4ff4-f0dd-4df6-89c9-d1712c0d5e0c","artist":{"name":"Coldplay","mbid":"cc197bad-dc9c-440d-a5b5-d52ba2e14234"}},"album":{"name":"Prospekt\u0027s March EP","mbid":"e3ef4654-fc04-4f3c-b986-2947c6ad9f25","artist":{"name":"Coldplay","mbid":"cc197bad-dc9c-440d-a5b5-d52ba2e14234"}}},{"timestamp":{"iso":"2012-02-08T20:24:12","unixtimestamp":1328732652},"track":{"name":"Prospekt\u0027s March/Poppyfields","artist":{"name":"Coldplay","mbid":"cc197bad-dc9c-440d-a5b5-d52ba2e14234"}},"uncorrectedTrack":{"name":"Prospekt\u0027s March/Poppyfields","artist":{"name":"Coldplay","mbid":"cc197bad-dc9c-440d-a5b5-d52ba2e14234"}},"album":{"name":"Prospekt\u0027s March EP","mbid":"e3ef4654-fc04-4f3c-b986-2947c6ad9f25","artist":{"name":"Coldplay","mbid":"cc197bad-dc9c-440d-a5b5-d52ba2e14234"}}},{"timestamp":{"iso":"2012-02-08T20:27:51","unixtimestamp":1328732871},"track":{"name":"Lost+ (with Jay-Z)","artist":{"name":"Coldplay","mbid":"cc197bad-dc9c-440d-a5b5-d52ba2e14234"}},"uncorrectedTrack":{"name":"Lost+ (with Jay-Z)","artist":{"name":"Coldplay","mbid":"cc197bad-dc9c-440d-a5b5-d52ba2e14234"}},"album":{"name":"Prospekt\u0027s March EP","mbid":"e3ef4654-fc04-4f3c-b986-2947c6ad9f25","artist":{"name":"Coldplay","mbid":"cc197bad-dc9c-440d-a5b5-d52ba2e14234"}}},{"timestamp":{"iso":"2012-02-08T20:32:08","unixtimestamp":1328733128},"track":{"name":"Lovers in Japan (Osaka Sun mix)","mbid":"1389267e-b6c2-49db-8ad9-883cba3352ac","artist":{"name":"Coldplay","mbid":"cc197bad-dc9c-440d-a5b5-d52ba2e14234"}},"uncorrectedTrack":{"name":"Lovers in Japan (Osaka Sun mix)","mbid":"1389267e-b6c2-49db-8ad9-883cba3352ac","artist":{"name":"Coldplay","mbid":"cc197bad-dc9c-440d-a5b5-d52ba2e14234"}},"album":{"name":"Prospekt\u0027s March EP","mbid":"e3ef4654-fc04-4f3c-b986-2947c6ad9f25","artist":{"name":"Coldplay","mbid":"cc197bad-dc9c-440d-a5b5-d52ba2e14234"}}},{"timestamp":{"iso":"2012-02-08T20:36:06","unixtimestamp":1328733366},"track":{"name":"Now My Feet Won\u0027t Touch the Ground","artist":{"name":"Coldplay","mbid":"cc197bad-dc9c-440d-a5b5-d52ba2e14234"}},"uncorrectedTrack":{"name":"Now My Feet Won\u0027t Touch the Ground","artist":{"name":"Coldplay","mbid":"cc197bad-dc9c-440d-a5b5-d52ba2e14234"}},"album":{"name":"Prospekt\u0027s March EP","mbid":"e3ef4654-fc04-4f3c-b986-2947c6ad9f25","artist":{"name":"Coldplay","mbid":"cc197bad-dc9c-440d-a5b5-d52ba2e14234"}}},{"timestamp":{"iso":"2012-02-08T21:36:32","unixtimestamp":1328736992},"track":{"name":"Life in Technicolor","mbid":"a243f0b9-0573-4c81-ad67-00dd824e7eb2","artist":{"name":"Coldplay","mbid":"cc197bad-dc9c-440d-a5b5-d52ba2e14234"}},"uncorrectedTrack":{"name":"Life in Technicolor","mbid":"a243f0b9-0573-4c81-ad67-00dd824e7eb2","artist":{"name":"Coldplay","mbid":"cc197bad-dc9c-440d-a5b5-d52ba2e14234"}},"album":{"name":"Viva La Vida - Prospekt\u0027s March Edition","artist":{"name":"Coldplay","mbid":"cc197bad-dc9c-440d-a5b5-d52ba2e14234"}}},{"timestamp":{"iso":"2012-02-08T21:39:01","unixtimestamp":1328737141},"track":{"name":"Cemeteries of London","mbid":"02c63f74-6577-4fef-86b3-879942c2fe3d","artist":{"name":"Coldplay","mbid":"cc197bad-dc9c-440d-a5b5-d52ba2e14234"}},"uncorrectedTrack":{"name":"Cemeteries of London","mbid":"02c63f74-6577-4fef-86b3-879942c2fe3d","artist":{"name":"Coldplay","mbid":"cc197bad-dc9c-440d-a5b5-d52ba2e14234"}},"album":{"name":"Viva La Vida - Prospekt\u0027s March Edition","artist":{"name":"Coldplay","mbid":"cc197bad-dc9c-440d-a5b5-d52ba2e14234"}}},{"timestamp":{"iso":"2012-02-08T21:42:22","unixtimestamp":1328737342},"track":{"name":"Lost!","mbid":"303ed724-3e46-444e-9972-473022c34e74","artist":{"name":"Coldplay","mbid":"cc197bad-dc9c-440d-a5b5-d52ba2e14234"}},"uncorrectedTrack":{"name":"Lost!","mbid":"303ed724-3e46-444e-9972-473022c34e74","artist":{"name":"Coldplay","mbid":"cc197bad-dc9c-440d-a5b5-d52ba2e14234"}},"album":{"name":"Viva La Vida - Prospekt\u0027s March Edition","artist":{"name":"Coldplay","mbid":"cc197bad-dc9c-440d-a5b5-d52ba2e14234"}}},{"timestamp":{"iso":"2012-02-08T21:47:14","unixtimestamp":1328737634},"track":{"name":"My Tears Are Becoming a Sea","mbid":"97b1a178-7ea1-45b1-b04b-68ce3b3bde3b","artist":{"name":"M83","mbid":"6d7b7cd4-254b-4c25-83f6-dd20f98ceacd"}},"uncorrectedTrack":{"name":"My Tears Are Becoming a Sea","mbid":"97b1a178-7ea1-45b1-b04b-68ce3b3bde3b","artist":{"name":"M83","mbid":"6d7b7cd4-254b-4c25-83f6-dd20f98ceacd"}},"album":{"name":"Hurry Up We\u0027re Dreaming","artist":{"name":"M83","mbid":"6d7b7cd4-254b-4c25-83f6-dd20f98ceacd"}}},{"timestamp":{"iso":"2012-02-08T21:50:13","unixtimestamp":1328737813},"track":{"name":"New Map","mbid":"5dcecd7f-fb54-4abb-b859-27d90e6b81f2","artist":{"name":"M83","mbid":"6d7b7cd4-254b-4c25-83f6-dd20f98ceacd"}},"uncorrectedTrack":{"name":"New Map","mbid":"5dcecd7f-fb54-4abb-b859-27d90e6b81f2","artist":{"name":"M83","mbid":"6d7b7cd4-254b-4c25-83f6-dd20f98ceacd"}},"album":{"name":"Hurry Up We\u0027re Dreaming","artist":{"name":"M83","mbid":"6d7b7cd4-254b-4c25-83f6-dd20f98ceacd"}}},{"timestamp":{"iso":"2012-02-08T21:54:36","unixtimestamp":1328738076},"track":{"name":"OK Pal","mbid":"08be94d9-7a8d-4a0f-8962-02a35efe2e73","artist":{"name":"M83","mbid":"6d7b7cd4-254b-4c25-83f6-dd20f98ceacd"}},"uncorrectedTrack":{"name":"OK Pal","mbid":"08be94d9-7a8d-4a0f-8962-02a35efe2e73","artist":{"name":"M83","mbid":"6d7b7cd4-254b-4c25-83f6-dd20f98ceacd"}},"album":{"name":"Hurry Up We\u0027re Dreaming","artist":{"name":"M83","mbid":"6d7b7cd4-254b-4c25-83f6-dd20f98ceacd"}}},{"timestamp":{"iso":"2012-02-08T21:58:35","unixtimestamp":1328738315},"track":{"name":"Another Wave from You","mbid":"047e6b22-de08-4d4d-a2fa-ba6df12fd97d","artist":{"name":"M83","mbid":"6d7b7cd4-254b-4c25-83f6-dd20f98ceacd"}},"uncorrectedTrack":{"name":"Another Wave from You","mbid":"047e6b22-de08-4d4d-a2fa-ba6df12fd97d","artist":{"name":"M83","mbid":"6d7b7cd4-254b-4c25-83f6-dd20f98ceacd"}},"album":{"name":"Hurry Up We\u0027re Dreaming","artist":{"name":"M83","mbid":"6d7b7cd4-254b-4c25-83f6-dd20f98ceacd"}}},{"timestamp":{"iso":"2012-02-08T22:00:02","unixtimestamp":1328738402},"track":{"name":"Kiara","mbid":"da17946e-5e74-4c02-a474-6cd8e321b96a","artist":{"name":"Bonobo","mbid":"6f7dea51-1d02-4be1-b138-92078518350c"}},"uncorrectedTrack":{"name":"Kiara","mbid":"da17946e-5e74-4c02-a474-6cd8e321b96a","artist":{"name":"Bonobo","mbid":"6f7dea51-1d02-4be1-b138-92078518350c"}},"album":{"name":"Black Sands","mbid":"6b575427-f110-4c22-bdeb-89620f534da2","artist":{"name":"Bonobo","mbid":"6f7dea51-1d02-4be1-b138-92078518350c"}}},{"timestamp":{"iso":"2012-02-08T22:03:52","unixtimestamp":1328738632},"track":{"name":"Kong","mbid":"325735b0-a7a7-4193-83a7-25ec0c856c06","artist":{"name":"Bonobo","mbid":"6f7dea51-1d02-4be1-b138-92078518350c"}},"uncorrectedTrack":{"name":"Kong","mbid":"325735b0-a7a7-4193-83a7-25ec0c856c06","artist":{"name":"Bonobo","mbid":"6f7dea51-1d02-4be1-b138-92078518350c"}},"album":{"name":"Black Sands","mbid":"6b575427-f110-4c22-bdeb-89620f534da2","artist":{"name":"Bonobo","mbid":"6f7dea51-1d02-4be1-b138-92078518350c"}}},{"timestamp":{"iso":"2012-02-08T22:08:31","unixtimestamp":1328738911},"track":{"name":"Eyesdown","mbid":"da849726-5d67-44d1-8295-1784a03ba2c4","artist":{"name":"Bonobo","mbid":"6f7dea51-1d02-4be1-b138-92078518350c"}},"uncorrectedTrack":{"name":"Eyesdown","mbid":"da849726-5d67-44d1-8295-1784a03ba2c4","artist":{"name":"Bonobo","mbid":"6f7dea51-1d02-4be1-b138-92078518350c"}},"album":{"name":"Black Sands","mbid":"6b575427-f110-4c22-bdeb-89620f534da2","artist":{"name":"Bonobo","mbid":"6f7dea51-1d02-4be1-b138-92078518350c"}}},{"timestamp":{"iso":"2012-02-08T22:13:58","unixtimestamp":1328739238},"track":{"name":"Prelude","mbid":"7eb9fedd-ecc0-4589-aaa6-dc3c1ee3df54","artist":{"name":"Bonobo","mbid":"6f7dea51-1d02-4be1-b138-92078518350c"}},"uncorrectedTrack":{"name":"Prelude","mbid":"7eb9fedd-ecc0-4589-aaa6-dc3c1ee3df54","artist":{"name":"Bonobo","mbid":"6f7dea51-1d02-4be1-b138-92078518350c"}},"album":{"name":"Black Sands","mbid":"6b575427-f110-4c22-bdeb-89620f534da2","artist":{"name":"Bonobo","mbid":"6f7dea51-1d02-4be1-b138-92078518350c"}}},{"timestamp":{"iso":"2012-02-08T22:15:16","unixtimestamp":1328739316},"track":{"name":"El Toro","mbid":"ebb6dd3b-6b29-45f9-b65f-61e76c5c7aa9","artist":{"name":"Bonobo","mbid":"6f7dea51-1d02-4be1-b138-92078518350c"}},"uncorrectedTrack":{"name":"El Toro","mbid":"ebb6dd3b-6b29-45f9-b65f-61e76c5c7aa9","artist":{"name":"Bonobo","mbid":"6f7dea51-1d02-4be1-b138-92078518350c"}},"album":{"name":"Black Sands","mbid":"6b575427-f110-4c22-bdeb-89620f534da2","artist":{"name":"Bonobo","mbid":"6f7dea51-1d02-4be1-b138-92078518350c"}}},{"timestamp":{"iso":"2012-02-08T22:19:33","unixtimestamp":1328739573},"track":{"name":"Prelude","mbid":"7eb9fedd-ecc0-4589-aaa6-dc3c1ee3df54","artist":{"name":"Bonobo","mbid":"6f7dea51-1d02-4be1-b138-92078518350c"}},"uncorrectedTrack":{"name":"Prelude","mbid":"7eb9fedd-ecc0-4589-aaa6-dc3c1ee3df54","artist":{"name":"Bonobo","mbid":"6f7dea51-1d02-4be1-b138-92078518350c"}},"album":{"name":"Black Sands","mbid":"6b575427-f110-4c22-bdeb-89620f534da2","artist":{"name":"Bonobo","mbid":"6f7dea51-1d02-4be1-b138-92078518350c"}}},{"timestamp":{"iso":"2012-02-08T22:20:52","unixtimestamp":1328739652},"track":{"name":"Kiara","mbid":"da17946e-5e74-4c02-a474-6cd8e321b96a","artist":{"name":"Bonobo","mbid":"6f7dea51-1d02-4be1-b138-92078518350c"}},"uncorrectedTrack":{"name":"Kiara","mbid":"da17946e-5e74-4c02-a474-6cd8e321b96a","artist":{"name":"Bonobo","mbid":"6f7dea51-1d02-4be1-b138-92078518350c"}},"album":{"name":"Black Sands","mbid":"6b575427-f110-4c22-bdeb-89620f534da2","artist":{"name":"Bonobo","mbid":"6f7dea51-1d02-4be1-b138-92078518350c"}}},{"timestamp":{"iso":"2012-02-08T22:24:42","unixtimestamp":1328739882},"track":{"name":"Kong","mbid":"325735b0-a7a7-4193-83a7-25ec0c856c06","artist":{"name":"Bonobo","mbid":"6f7dea51-1d02-4be1-b138-92078518350c"}},"uncorrectedTrack":{"name":"Kong","mbid":"325735b0-a7a7-4193-83a7-25ec0c856c06","artist":{"name":"Bonobo","mbid":"6f7dea51-1d02-4be1-b138-92078518350c"}},"album":{"name":"Black Sands","mbid":"6b575427-f110-4c22-bdeb-89620f534da2","artist":{"name":"Bonobo","mbid":"6f7dea51-1d02-4be1-b138-92078518350c"}}},{"timestamp":{"iso":"2012-02-08T22:28:40","unixtimestamp":1328740120},"track":{"name":"Eyesdown","mbid":"da849726-5d67-44d1-8295-1784a03ba2c4","artist":{"name":"Bonobo","mbid":"6f7dea51-1d02-4be1-b138-92078518350c"}},"uncorrectedTrack":{"name":"Eyesdown","mbid":"da849726-5d67-44d1-8295-1784a03ba2c4","artist":{"name":"Bonobo","mbid":"6f7dea51-1d02-4be1-b138-92078518350c"}},"album":{"name":"Black Sands","mbid":"6b575427-f110-4c22-bdeb-89620f534da2","artist":{"name":"Bonobo","mbid":"6f7dea51-1d02-4be1-b138-92078518350c"}}},{"timestamp":{"iso":"2012-02-08T22:34:32","unixtimestamp":1328740472},"track":{"name":"El Toro","mbid":"ebb6dd3b-6b29-45f9-b65f-61e76c5c7aa9","artist":{"name":"Bonobo","mbid":"6f7dea51-1d02-4be1-b138-92078518350c"}},"uncorrectedTrack":{"name":"El Toro","mbid":"ebb6dd3b-6b29-45f9-b65f-61e76c5c7aa9","artist":{"name":"Bonobo","mbid":"6f7dea51-1d02-4be1-b138-92078518350c"}},"album":{"name":"Black Sands","mbid":"6b575427-f110-4c22-bdeb-89620f534da2","artist":{"name":"Bonobo","mbid":"6f7dea51-1d02-4be1-b138-92078518350c"}}},{"timestamp":{"iso":"2012-02-08T22:38:16","unixtimestamp":1328740696},"track":{"name":"We Could Forever","mbid":"8df7af81-005f-405a-a36a-3cc24b5fa138","artist":{"name":"Bonobo","mbid":"6f7dea51-1d02-4be1-b138-92078518350c"}},"uncorrectedTrack":{"name":"We Could Forever","mbid":"8df7af81-005f-405a-a36a-3cc24b5fa138","artist":{"name":"Bonobo","mbid":"6f7dea51-1d02-4be1-b138-92078518350c"}},"album":{"name":"Black Sands","mbid":"6b575427-f110-4c22-bdeb-89620f534da2","artist":{"name":"Bonobo","mbid":"6f7dea51-1d02-4be1-b138-92078518350c"}}},{"timestamp":{"iso":"2012-02-08T22:42:35","unixtimestamp":1328740955},"track":{"name":"1009","mbid":"c4590d2c-f7bc-444a-9e0c-b301b554b534","artist":{"name":"Bonobo","mbid":"6f7dea51-1d02-4be1-b138-92078518350c"}},"uncorrectedTrack":{"name":"1009","mbid":"c4590d2c-f7bc-444a-9e0c-b301b554b534","artist":{"name":"Bonobo","mbid":"6f7dea51-1d02-4be1-b138-92078518350c"}},"album":{"name":"Black Sands","mbid":"6b575427-f110-4c22-bdeb-89620f534da2","artist":{"name":"Bonobo","mbid":"6f7dea51-1d02-4be1-b138-92078518350c"}}},{"timestamp":{"iso":"2012-02-08T22:47:07","unixtimestamp":1328741227},"track":{"name":"All in Forms","mbid":"ad5f9b99-a598-407a-981c-617e88d4e3de","artist":{"name":"Bonobo","mbid":"6f7dea51-1d02-4be1-b138-92078518350c"}},"uncorrectedTrack":{"name":"All in Forms","mbid":"ad5f9b99-a598-407a-981c-617e88d4e3de","artist":{"name":"Bonobo","mbid":"6f7dea51-1d02-4be1-b138-92078518350c"}},"album":{"name":"Black Sands","mbid":"6b575427-f110-4c22-bdeb-89620f534da2","artist":{"name":"Bonobo","mbid":"6f7dea51-1d02-4be1-b138-92078518350c"}}},{"timestamp":{"iso":"2012-02-08T22:52:43","unixtimestamp":1328741563},"track":{"name":"The Keeper","mbid":"7d4f073b-8127-4321-8b0f-c280e37fd853","artist":{"name":"Bonobo","mbid":"6f7dea51-1d02-4be1-b138-92078518350c"}},"uncorrectedTrack":{"name":"The Keeper","mbid":"7d4f073b-8127-4321-8b0f-c280e37fd853","artist":{"name":"Bonobo","mbid":"6f7dea51-1d02-4be1-b138-92078518350c"}},"album":{"name":"Black Sands","mbid":"6b575427-f110-4c22-bdeb-89620f534da2","artist":{"name":"Bonobo","mbid":"6f7dea51-1d02-4be1-b138-92078518350c"}}},{"timestamp":{"iso":"2012-02-09T18:57:37","unixtimestamp":1328813857},"track":{"name":"Deli","mbid":"8aaaa5a2-fc95-4ed1-9dd1-5ef749535148","artist":{"name":"Delorean","mbid":"56c9c56a-3ffc-4489-95f0-c93cb222f1e9"}},"uncorrectedTrack":{"name":"Deli","mbid":"8aaaa5a2-fc95-4ed1-9dd1-5ef749535148","artist":{"name":"Delorean","mbid":"56c9c56a-3ffc-4489-95f0-c93cb222f1e9"}},"album":{"name":"Ayrton Senna","mbid":"8129b9bd-eea8-462b-86ec-e2d11c875893","artist":{"name":"Delorean","mbid":"56c9c56a-3ffc-4489-95f0-c93cb222f1e9"}}},{"timestamp":{"iso":"2012-02-09T19:02:18","unixtimestamp":1328814138},"track":{"name":"Stay Close","mbid":"17521f1b-8f32-47b0-83f7-eb257bc7f5ee","artist":{"name":"Delorean","mbid":"56c9c56a-3ffc-4489-95f0-c93cb222f1e9"}},"uncorrectedTrack":{"name":"Stay Close","mbid":"17521f1b-8f32-47b0-83f7-eb257bc7f5ee","artist":{"name":"Delorean","mbid":"56c9c56a-3ffc-4489-95f0-c93cb222f1e9"}},"album":{"name":"Subiza","mbid":"f7766362-dc42-493d-a70e-b0ccb336b7df","artist":{"name":"Delorean","mbid":"56c9c56a-3ffc-4489-95f0-c93cb222f1e9"}}},{"timestamp":{"iso":"2012-02-09T19:07:13","unixtimestamp":1328814433},"track":{"name":"As Time Breaks Off","mbid":"6f4d2f7d-c13f-4980-b793-ec96db303da3","artist":{"name":"Delorean","mbid":"56c9c56a-3ffc-4489-95f0-c93cb222f1e9"}},"uncorrectedTrack":{"name":"As Time Breaks Off","mbid":"6f4d2f7d-c13f-4980-b793-ec96db303da3","artist":{"name":"Delorean","mbid":"56c9c56a-3ffc-4489-95f0-c93cb222f1e9"}},"album":{"name":"Transatlantic KK","mbid":"9ee97586-a4bd-4f37-aee1-c5e84341d2c6","artist":{"name":"Delorean","mbid":"56c9c56a-3ffc-4489-95f0-c93cb222f1e9"}}},{"timestamp":{"iso":"2012-02-09T19:12:11","unixtimestamp":1328814731},"track":{"name":"Real Love","mbid":"577daf64-3380-4ebe-82c2-32e41ddb4f18","artist":{"name":"Delorean","mbid":"56c9c56a-3ffc-4489-95f0-c93cb222f1e9"}},"uncorrectedTrack":{"name":"Real Love","mbid":"577daf64-3380-4ebe-82c2-32e41ddb4f18","artist":{"name":"Delorean","mbid":"56c9c56a-3ffc-4489-95f0-c93cb222f1e9"}},"album":{"name":"Subiza","mbid":"f7766362-dc42-493d-a70e-b0ccb336b7df","artist":{"name":"Delorean","mbid":"56c9c56a-3ffc-4489-95f0-c93cb222f1e9"}}},{"timestamp":{"iso":"2012-02-09T19:18:18","unixtimestamp":1328815098},"track":{"name":"Seasun","mbid":"74ecb7ee-32c2-4327-9bfb-9be90ef4ab42","artist":{"name":"Delorean","mbid":"56c9c56a-3ffc-4489-95f0-c93cb222f1e9"}},"uncorrectedTrack":{"name":"Seasun","mbid":"74ecb7ee-32c2-4327-9bfb-9be90ef4ab42","artist":{"name":"Delorean","mbid":"56c9c56a-3ffc-4489-95f0-c93cb222f1e9"}},"album":{"name":"Ayrton Senna","mbid":"8129b9bd-eea8-462b-86ec-e2d11c875893","artist":{"name":"Delorean","mbid":"56c9c56a-3ffc-4489-95f0-c93cb222f1e9"}}},{"timestamp":{"iso":"2012-02-09T20:33:50","unixtimestamp":1328819630},"track":{"name":"Deli","mbid":"8aaaa5a2-fc95-4ed1-9dd1-5ef749535148","artist":{"name":"Delorean","mbid":"56c9c56a-3ffc-4489-95f0-c93cb222f1e9"}},"uncorrectedTrack":{"name":"Deli","mbid":"8aaaa5a2-fc95-4ed1-9dd1-5ef749535148","artist":{"name":"Delorean","mbid":"56c9c56a-3ffc-4489-95f0-c93cb222f1e9"}},"album":{"name":"Ayrton Senna","mbid":"8129b9bd-eea8-462b-86ec-e2d11c875893","artist":{"name":"Delorean","mbid":"56c9c56a-3ffc-4489-95f0-c93cb222f1e9"}}},{"timestamp":{"iso":"2012-02-09T20:38:31","unixtimestamp":1328819911},"track":{"name":"Stay Close","mbid":"17521f1b-8f32-47b0-83f7-eb257bc7f5ee","artist":{"name":"Delorean","mbid":"56c9c56a-3ffc-4489-95f0-c93cb222f1e9"}},"uncorrectedTrack":{"name":"Stay Close","mbid":"17521f1b-8f32-47b0-83f7-eb257bc7f5ee","artist":{"name":"Delorean","mbid":"56c9c56a-3ffc-4489-95f0-c93cb222f1e9"}},"album":{"name":"Subiza","mbid":"f7766362-dc42-493d-a70e-b0ccb336b7df","artist":{"name":"Delorean","mbid":"56c9c56a-3ffc-4489-95f0-c93cb222f1e9"}}},{"timestamp":{"iso":"2012-02-09T20:43:55","unixtimestamp":1328820235},"track":{"name":"As Time Breaks Off","mbid":"6f4d2f7d-c13f-4980-b793-ec96db303da3","artist":{"name":"Delorean","mbid":"56c9c56a-3ffc-4489-95f0-c93cb222f1e9"}},"uncorrectedTrack":{"name":"As Time Breaks Off","mbid":"6f4d2f7d-c13f-4980-b793-ec96db303da3","artist":{"name":"Delorean","mbid":"56c9c56a-3ffc-4489-95f0-c93cb222f1e9"}},"album":{"name":"Transatlantic KK","mbid":"9ee97586-a4bd-4f37-aee1-c5e84341d2c6","artist":{"name":"Delorean","mbid":"56c9c56a-3ffc-4489-95f0-c93cb222f1e9"}}},{"timestamp":{"iso":"2012-02-09T20:49:12","unixtimestamp":1328820552},"track":{"name":"Endless Sunset","mbid":"c141c04a-3d4b-45a6-9dcd-503eb610e8a8","artist":{"name":"Delorean","mbid":"56c9c56a-3ffc-4489-95f0-c93cb222f1e9"}},"uncorrectedTrack":{"name":"Endless Sunset","mbid":"c141c04a-3d4b-45a6-9dcd-503eb610e8a8","artist":{"name":"Delorean","mbid":"56c9c56a-3ffc-4489-95f0-c93cb222f1e9"}},"album":{"name":"Subiza","mbid":"f7766362-dc42-493d-a70e-b0ccb336b7df","artist":{"name":"Delorean","mbid":"56c9c56a-3ffc-4489-95f0-c93cb222f1e9"}}},{"timestamp":{"iso":"2012-02-09T20:53:40","unixtimestamp":1328820820},"track":{"name":"Grow","mbid":"f6241b1d-6f0f-40ef-87da-a7f1057dc7bf","artist":{"name":"Delorean","mbid":"56c9c56a-3ffc-4489-95f0-c93cb222f1e9"}},"uncorrectedTrack":{"name":"Grow","mbid":"f6241b1d-6f0f-40ef-87da-a7f1057dc7bf","artist":{"name":"Delorean","mbid":"56c9c56a-3ffc-4489-95f0-c93cb222f1e9"}},"album":{"name":"Subiza","mbid":"f7766362-dc42-493d-a70e-b0ccb336b7df","artist":{"name":"Delorean","mbid":"56c9c56a-3ffc-4489-95f0-c93cb222f1e9"}}},{"timestamp":{"iso":"2012-02-09T20:58:37","unixtimestamp":1328821117},"track":{"name":"Simple Graces","mbid":"e7f0a104-5730-4139-84a8-3c4404272291","artist":{"name":"Delorean","mbid":"56c9c56a-3ffc-4489-95f0-c93cb222f1e9"}},"uncorrectedTrack":{"name":"Simple Graces","mbid":"e7f0a104-5730-4139-84a8-3c4404272291","artist":{"name":"Delorean","mbid":"56c9c56a-3ffc-4489-95f0-c93cb222f1e9"}},"album":{"name":"Subiza","mbid":"f7766362-dc42-493d-a70e-b0ccb336b7df","artist":{"name":"Delorean","mbid":"56c9c56a-3ffc-4489-95f0-c93cb222f1e9"}}},{"timestamp":{"iso":"2012-02-13T19:13:20","unixtimestamp":1329160400},"track":{"name":"Helena Beat","mbid":"5204ae67-afda-49fb-893c-a2dfc59d9ad2","artist":{"name":"Foster the People","mbid":"e0e1a584-dd0a-4bd1-88d1-c4c62895039d"}},"uncorrectedTrack":{"name":"Helena Beat","mbid":"5204ae67-afda-49fb-893c-a2dfc59d9ad2","artist":{"name":"Foster the People","mbid":"e0e1a584-dd0a-4bd1-88d1-c4c62895039d"}},"album":{"name":"Torches","mbid":"76e85923-4717-480e-ad0d-5d7ee4f361d9","artist":{"name":"Foster the People","mbid":"e0e1a584-dd0a-4bd1-88d1-c4c62895039d"}}},{"timestamp":{"iso":"2012-02-13T19:17:57","unixtimestamp":1329160677},"track":{"name":"Pumped Up Kicks","mbid":"fed44724-eae1-40b4-8404-4bd74db9c150","artist":{"name":"Foster the People","mbid":"e0e1a584-dd0a-4bd1-88d1-c4c62895039d"}},"uncorrectedTrack":{"name":"Pumped Up Kicks","mbid":"fed44724-eae1-40b4-8404-4bd74db9c150","artist":{"name":"Foster the People","mbid":"e0e1a584-dd0a-4bd1-88d1-c4c62895039d"}},"album":{"name":"Torches","mbid":"76e85923-4717-480e-ad0d-5d7ee4f361d9","artist":{"name":"Foster the People","mbid":"e0e1a584-dd0a-4bd1-88d1-c4c62895039d"}}},{"timestamp":{"iso":"2012-02-13T19:22:20","unixtimestamp":1329160940},"track":{"name":"Call It What You Want","mbid":"9bcb4491-82a5-4493-bad4-7b662c13acf0","artist":{"name":"Foster the People","mbid":"e0e1a584-dd0a-4bd1-88d1-c4c62895039d"}},"uncorrectedTrack":{"name":"Call It What You Want","mbid":"9bcb4491-82a5-4493-bad4-7b662c13acf0","artist":{"name":"Foster the People","mbid":"e0e1a584-dd0a-4bd1-88d1-c4c62895039d"}},"album":{"name":"Torches","mbid":"76e85923-4717-480e-ad0d-5d7ee4f361d9","artist":{"name":"Foster the People","mbid":"e0e1a584-dd0a-4bd1-88d1-c4c62895039d"}}},{"timestamp":{"iso":"2012-02-13T19:26:19","unixtimestamp":1329161179},"track":{"name":"Don\u0027t Stop (Color on the Walls)","mbid":"ac915b2f-1254-4772-965a-4e1c1f545361","artist":{"name":"Foster the People","mbid":"e0e1a584-dd0a-4bd1-88d1-c4c62895039d"}},"uncorrectedTrack":{"name":"Don\u0027t Stop (Color on the Walls)","mbid":"ac915b2f-1254-4772-965a-4e1c1f545361","artist":{"name":"Foster the People","mbid":"e0e1a584-dd0a-4bd1-88d1-c4c62895039d"}},"album":{"name":"Torches","mbid":"76e85923-4717-480e-ad0d-5d7ee4f361d9","artist":{"name":"Foster the People","mbid":"e0e1a584-dd0a-4bd1-88d1-c4c62895039d"}}},{"timestamp":{"iso":"2012-02-13T19:29:14","unixtimestamp":1329161354},"track":{"name":"Waste","mbid":"45f8104c-9f5b-44bc-bd55-5c26e9634cee","artist":{"name":"Foster the People","mbid":"e0e1a584-dd0a-4bd1-88d1-c4c62895039d"}},"uncorrectedTrack":{"name":"Waste","mbid":"45f8104c-9f5b-44bc-bd55-5c26e9634cee","artist":{"name":"Foster the People","mbid":"e0e1a584-dd0a-4bd1-88d1-c4c62895039d"}},"album":{"name":"Torches","mbid":"76e85923-4717-480e-ad0d-5d7ee4f361d9","artist":{"name":"Foster the People","mbid":"e0e1a584-dd0a-4bd1-88d1-c4c62895039d"}}},{"timestamp":{"iso":"2012-02-13T19:32:40","unixtimestamp":1329161560},"track":{"name":"I Would Do Anything for You","mbid":"0617e2ea-0da8-4454-a999-2c1d193d95c0","artist":{"name":"Foster the People","mbid":"e0e1a584-dd0a-4bd1-88d1-c4c62895039d"}},"uncorrectedTrack":{"name":"I Would Do Anything for You","mbid":"0617e2ea-0da8-4454-a999-2c1d193d95c0","artist":{"name":"Foster the People","mbid":"e0e1a584-dd0a-4bd1-88d1-c4c62895039d"}},"album":{"name":"Torches","mbid":"76e85923-4717-480e-ad0d-5d7ee4f361d9","artist":{"name":"Foster the People","mbid":"e0e1a584-dd0a-4bd1-88d1-c4c62895039d"}}},{"timestamp":{"iso":"2012-02-13T19:36:41","unixtimestamp":1329161801},"track":{"name":"Houdini","mbid":"493c1843-614b-4bd0-9d8a-4a9ec44d3e35","artist":{"name":"Foster the People","mbid":"e0e1a584-dd0a-4bd1-88d1-c4c62895039d"}},"uncorrectedTrack":{"name":"Houdini","mbid":"493c1843-614b-4bd0-9d8a-4a9ec44d3e35","artist":{"name":"Foster the People","mbid":"e0e1a584-dd0a-4bd1-88d1-c4c62895039d"}},"album":{"name":"Torches","mbid":"76e85923-4717-480e-ad0d-5d7ee4f361d9","artist":{"name":"Foster the People","mbid":"e0e1a584-dd0a-4bd1-88d1-c4c62895039d"}}},{"timestamp":{"iso":"2012-02-13T20:02:08","unixtimestamp":1329163328},"track":{"name":"Making Mirrors","mbid":"29e201c3-5ca0-4391-a0a1-9ccd91722701","artist":{"name":"Gotye","mbid":"6f6fd596-76e0-4b82-aa37-f558ac2d337b"}},"uncorrectedTrack":{"name":"Making Mirrors","mbid":"29e201c3-5ca0-4391-a0a1-9ccd91722701","artist":{"name":"Gotye","mbid":"6f6fd596-76e0-4b82-aa37-f558ac2d337b"}},"album":{"name":"Making Mirrors","mbid":"3387ca3e-f676-4829-a391-f7744230243c","artist":{"name":"Gotye","mbid":"6f6fd596-76e0-4b82-aa37-f558ac2d337b"}}},{"timestamp":{"iso":"2012-02-13T20:03:10","unixtimestamp":1329163390},"track":{"name":"Easy Way Out","mbid":"417f88d1-86f8-41a1-8602-b607906b9da2","artist":{"name":"Gotye","mbid":"6f6fd596-76e0-4b82-aa37-f558ac2d337b"}},"uncorrectedTrack":{"name":"Easy Way Out","mbid":"417f88d1-86f8-41a1-8602-b607906b9da2","artist":{"name":"Gotye","mbid":"6f6fd596-76e0-4b82-aa37-f558ac2d337b"}},"album":{"name":"Making Mirrors","mbid":"3387ca3e-f676-4829-a391-f7744230243c","artist":{"name":"Gotye","mbid":"6f6fd596-76e0-4b82-aa37-f558ac2d337b"}}}]