[{"timestamp":{"iso":"2015-01-26T17:39:37","unixtimestamp":1422293977},"track":{"name":"Clouds","mbid":"11880dc1-c531-4fd6-a0b7-d9ab10a46847","artist":{"name":"All India Radio","mbid":"53d2a4d1-556e-4701-a8ac-5fcb74a8e393"}},"uncorrectedTrack":{"name":"Clouds","mbid":"11880dc1-c531-4fd6-a0b7-d9ab10a46847","artist":{"name":"All India Radio","mbid":"53d2a4d1-556e-4701-a8ac-5fcb74a8e393"}},"album":{"name":"The Silent Surf","mbid":"56a28ebc-37ec-4325-a7f2-d741b65a1423","artist":{"name":"All India Radio","mbid":"53d2a4d1-556e-4701-a8ac-5fcb74a8e393"}},"application":"Grooveshark"},{"timestamp":{"iso":"2015-01-26T17:43:37","unixtimestamp":1422294217},"track":{"name":"Night (Early Jazzy Mix)","mbid":"20ac02bf-214f-41c0-aca9-d29a9601ddee","artist":{"name":"All India Radio","mbid":"53d2a4d1-556e-4701-a8ac-5fcb74a8e393"}},"uncorrectedTrack":{"name":"Night (Early Jazzy Mix)","mbid":"20ac02bf-214f-41c0-aca9-d29a9601ddee","artist":{"name":"All India Radio","mbid":"53d2a4d1-556e-4701-a8ac-5fcb74a8e393"}},"album":{"name":"The Silent Surf","mbid":"56a28ebc-37ec-4325-a7f2-d741b65a1423","artist":{"name":"All India Radio","mbid":"53d2a4d1-556e-4701-a8ac-5fcb74a8e393"}},"application":"Grooveshark"},{"timestamp":{"iso":"2015-01-26T17:48:12","unixtimestamp":1422294492},"track":{"name":"Arziyan","artist":{"name":"A.R. Rahman","mbid":"29cc8d2b-db6b-40f2-824e-ed4f4e90da6e"}},"uncorrectedTrack":{"name":"Arziyan","artist":{"name":"A. R. Rahman","mbid":"e0bba708-bdd3-478d-84ea-c706413bedab"}},"album":{"name":"Signature Collection","mbid":"331a3e8c-2f46-4758-8843-5996f1665532","artist":{"name":"A. R. Rahman","mbid":"e0bba708-bdd3-478d-84ea-c706413bedab"}},"application":"Grooveshark"},{"timestamp":{"iso":"2015-01-26T17:53:58","unixtimestamp":1422294838},"track":{"name":"Coffee","mbid":"0ed25af2-cca1-4fbc-ad7b-758468287d7a","artist":{"name":"Sylvan Esso","mbid":"c4593b34-2a94-4e44-ae10-4a0f4c0b4da8"}},"uncorrectedTrack":{"name":"Coffee","mbid":"0ed25af2-cca1-4fbc-ad7b-758468287d7a","artist":{"name":"Sylvan Esso","mbid":"c4593b34-2a94-4e44-ae10-4a0f4c0b4da8"}},"application":"Grooveshark"},{"timestamp":{"iso":"2015-01-26T17:58:25","unixtimestamp":1422295105},"track":{"name":"La Esquina","mbid":"bc493b7c-5f96-4d6e-92c6-9fc34f12d491","artist":{"name":"Federico Aubele","mbid":"2db43da6-401e-4dd7-898d-8f6da60c58da"}},"uncorrectedTrack":{"name":"La Esquina","mbid":"bc493b7c-5f96-4d6e-92c6-9fc34f12d491","artist":{"name":"Federico Aubele","mbid":"2db43da6-401e-4dd7-898d-8f6da60c58da"}},"album":{"name":"KEXP Song of the Day","artist":{"name":"Federico Aubele","mbid":"2db43da6-401e-4dd7-898d-8f6da60c58da"}},"application":"Grooveshark"},{"timestamp":{"iso":"2015-01-26T18:01:50","unixtimestamp":1422295310},"track":{"name":"Go Do","mbid":"a5519bd0-c775-42a4-bc89-72f27943c1f0","artist":{"name":"Jónsi","mbid":"0ecc2c46-d335-485c-a077-240482609672"}},"uncorrectedTrack":{"name":"Go Do","mbid":"a5519bd0-c775-42a4-bc89-72f27943c1f0","artist":{"name":"Jónsi","mbid":"0ecc2c46-d335-485c-a077-240482609672"}},"album":{"name":"Go","mbid":"9511d78e-1068-3fa8-a393-c39d35e393c5","artist":{"name":"Jónsi","mbid":"0ecc2c46-d335-485c-a077-240482609672"}},"application":"Grooveshark"},{"timestamp":{"iso":"2015-01-26T18:06:31","unixtimestamp":1422295591},"track":{"name":"Knuddelmaus","mbid":"487eaf88-99fb-469b-a816-f5a8c1ad53f3","artist":{"name":"Ulrich Schnauss","mbid":"1d4e1e22-36d7-46c7-822d-95bd5757c0e0"}},"uncorrectedTrack":{"name":"Knuddelmaus","mbid":"487eaf88-99fb-469b-a816-f5a8c1ad53f3","artist":{"name":"Ulrich Schnauss","mbid":"1d4e1e22-36d7-46c7-822d-95bd5757c0e0"}},"album":{"name":"Far Away Trains Passing By","mbid":"5462af57-8462-4500-a7a3-19d7dda8e568","artist":{"name":"Ulrich Schnauss","mbid":"1d4e1e22-36d7-46c7-822d-95bd5757c0e0"}},"application":"Grooveshark"},{"timestamp":{"iso":"2015-01-26T18:13:32","unixtimestamp":1422296012},"track":{"name":"Siren","mbid":"03228989-efae-4e40-af8c-8bcf1ff7f6c9","artist":{"name":"Emancipator","mbid":"aa1d4315-5246-42b2-b62b-f997d046d8b2"}},"uncorrectedTrack":{"name":"Siren","mbid":"03228989-efae-4e40-af8c-8bcf1ff7f6c9","artist":{"name":"Emancipator","mbid":"aa1d4315-5246-42b2-b62b-f997d046d8b2"}},"album":{"name":"safe in the steep cliffs","mbid":"47f2833f-f125-4a8c-8a10-a3fddf16c2b8","artist":{"name":"Emancipator","mbid":"aa1d4315-5246-42b2-b62b-f997d046d8b2"}},"application":"Grooveshark"},{"timestamp":{"iso":"2015-01-26T18:17:13","unixtimestamp":1422296233},"track":{"name":"All Eyes on You","mbid":"6b4dc2f5-c2ce-49e1-8cac-e83e6365f4ce","artist":{"name":"St. Lucia","mbid":"d996eadd-029d-4478-aa4b-fc9446653548"}},"uncorrectedTrack":{"name":"All Eyes on You","mbid":"6b4dc2f5-c2ce-49e1-8cac-e83e6365f4ce","artist":{"name":"St. Lucia","mbid":"d996eadd-029d-4478-aa4b-fc9446653548"}},"album":{"name":"When The Night","mbid":"ed82b5b9-9b07-4e34-bfc2-0e8ce12fcb36","artist":{"name":"St. Lucia","mbid":"d996eadd-029d-4478-aa4b-fc9446653548"}},"application":"Grooveshark"},{"timestamp":{"iso":"2015-01-26T18:21:40","unixtimestamp":1422296500},"track":{"name":"Morgan\u0027s Bay","mbid":"74aa462b-6fc8-42f7-8888-229156e41706","artist":{"name":"Goldroom","mbid":"73d91e4c-88f7-4da5-8d18-06fbb4bfcca3"}},"uncorrectedTrack":{"name":"Morgan\u0027s Bay","mbid":"74aa462b-6fc8-42f7-8888-229156e41706","artist":{"name":"Goldroom","mbid":"73d91e4c-88f7-4da5-8d18-06fbb4bfcca3"}},"album":{"name":"Goldroom In 2011","artist":{"name":"Goldroom","mbid":"73d91e4c-88f7-4da5-8d18-06fbb4bfcca3"}},"application":"Grooveshark"},{"timestamp":{"iso":"2015-01-26T18:26:26","unixtimestamp":1422296786},"track":{"name":"The Queen Of All Everything","mbid":"b173c868-fa61-412f-bb5a-f4c2dc48c1de","artist":{"name":"Ott","mbid":"1a40f886-0877-4bab-9ab1-761147dadb89"}},"uncorrectedTrack":{"name":"The Queen Of All Everything","mbid":"b173c868-fa61-412f-bb5a-f4c2dc48c1de","artist":{"name":"Ott","mbid":"1a40f886-0877-4bab-9ab1-761147dadb89"}},"album":{"name":"Skylon","mbid":"b7bfc318-2b99-40f0-9052-58fc57c2417e","artist":{"name":"Ott","mbid":"1a40f886-0877-4bab-9ab1-761147dadb89"}},"application":"Grooveshark"},{"timestamp":{"iso":"2015-01-26T18:34:19","unixtimestamp":1422297259},"track":{"name":"Around Us","mbid":"5274a9b3-acaf-41fa-a934-978c427debf4","artist":{"name":"Jónsi","mbid":"0ecc2c46-d335-485c-a077-240482609672"}},"uncorrectedTrack":{"name":"Around Us","mbid":"5274a9b3-acaf-41fa-a934-978c427debf4","artist":{"name":"Jónsi","mbid":"0ecc2c46-d335-485c-a077-240482609672"}},"album":{"name":"Go - Advance","artist":{"name":"Jónsi","mbid":"0ecc2c46-d335-485c-a077-240482609672"}},"application":"Grooveshark"},{"timestamp":{"iso":"2015-01-26T18:39:37","unixtimestamp":1422297577},"track":{"name":"Basique","mbid":"f140dad9-351e-42e1-9072-c1e5020cdf5a","artist":{"name":"Little People","mbid":"0ab53372-ba70-4e7b-814b-12bc35fe4719"}},"uncorrectedTrack":{"name":"Basique","mbid":"f140dad9-351e-42e1-9072-c1e5020cdf5a","artist":{"name":"Little People","mbid":"0ab53372-ba70-4e7b-814b-12bc35fe4719"}},"album":{"name":"Mickey Mouse Operation","mbid":"db4d5128-f065-4938-8161-c50cf64b6f05","artist":{"name":"Little People","mbid":"0ab53372-ba70-4e7b-814b-12bc35fe4719"}},"application":"Grooveshark"},{"timestamp":{"iso":"2015-01-26T18:43:15","unixtimestamp":1422297795},"track":{"name":"\u0027Imi Au Ia \u0027Oe","mbid":"aafdbf52-9908-4d74-a448-5381aaa2a957","artist":{"name":"Keola Beamer","mbid":"7c557252-cf19-4055-a973-8d6f3c55deb1"}},"uncorrectedTrack":{"name":"\u0027Imi Au Ia \u0027Oe","mbid":"aafdbf52-9908-4d74-a448-5381aaa2a957","artist":{"name":"Keola Beamer","mbid":"7c557252-cf19-4055-a973-8d6f3c55deb1"}},"album":{"name":"The Descendants Soundtrack","artist":{"name":"Keola Beamer","mbid":"7c557252-cf19-4055-a973-8d6f3c55deb1"}},"application":"Grooveshark"},{"timestamp":{"iso":"2015-01-26T18:46:27","unixtimestamp":1422297987},"track":{"name":"Unforgettable","artist":{"name":"Cole, Nat \u0027King\u0027"}},"uncorrectedTrack":{"name":"Unforgettable","artist":{"name":"Cole, Nat \u0027King\u0027"}},"album":{"name":"The Watchmen (OST)","artist":{"name":"Cole, Nat \u0027King\u0027"}},"application":"Grooveshark"},{"timestamp":{"iso":"2015-01-26T18:49:55","unixtimestamp":1422298195},"track":{"name":"Pacific Theme","mbid":"b1326b17-d876-47dc-8a0a-a4a05bb2087d","artist":{"name":"Broken Social Scene","mbid":"2eada8f8-056a-4093-bbc2-004909ce743b"}},"uncorrectedTrack":{"name":"Pacific Theme","mbid":"b1326b17-d876-47dc-8a0a-a4a05bb2087d","artist":{"name":"Broken Social Scene","mbid":"2eada8f8-056a-4093-bbc2-004909ce743b"}},"album":{"name":"You Forgot It In People","mbid":"4a62cd38-0405-33c0-ade2-6be951f7b777","artist":{"name":"Broken Social Scene","mbid":"2eada8f8-056a-4093-bbc2-004909ce743b"}},"application":"Grooveshark"},{"timestamp":{"iso":"2015-01-26T18:55:05","unixtimestamp":1422298505},"track":{"name":"Ghost Song","mbid":"1c102df3-ebc9-4eed-aa71-5b85380ef312","artist":{"name":"All India Radio","mbid":"53d2a4d1-556e-4701-a8ac-5fcb74a8e393"}},"uncorrectedTrack":{"name":"Ghost Song","mbid":"1c102df3-ebc9-4eed-aa71-5b85380ef312","artist":{"name":"All India Radio","mbid":"53d2a4d1-556e-4701-a8ac-5fcb74a8e393"}},"album":{"name":"The Silent Surf","mbid":"56a28ebc-37ec-4325-a7f2-d741b65a1423","artist":{"name":"All India Radio","mbid":"53d2a4d1-556e-4701-a8ac-5fcb74a8e393"}},"application":"Grooveshark"},{"timestamp":{"iso":"2015-01-26T18:59:50","unixtimestamp":1422298790},"track":{"name":"A Tubular Bell","mbid":"8baf9627-2358-4dfc-9b85-7457e865e7ac","artist":{"name":"All India Radio","mbid":"53d2a4d1-556e-4701-a8ac-5fcb74a8e393"}},"uncorrectedTrack":{"name":"A Tubular Bell","mbid":"8baf9627-2358-4dfc-9b85-7457e865e7ac","artist":{"name":"All India Radio","mbid":"53d2a4d1-556e-4701-a8ac-5fcb74a8e393"}},"album":{"name":"Fallout","mbid":"d53565e6-fd5a-4b30-8d36-342fa1d1daf5","artist":{"name":"All India Radio","mbid":"53d2a4d1-556e-4701-a8ac-5fcb74a8e393"}},"application":"Grooveshark"},{"timestamp":{"iso":"2015-01-26T19:02:32","unixtimestamp":1422298952},"track":{"name":"At Sunset","mbid":"88107fc3-3fa8-4b9c-8d9a-444cd50f9230","artist":{"name":"idenline","mbid":"8af7dbd8-48a1-452c-8da5-092238c5562d"}},"uncorrectedTrack":{"name":"At Sunset","mbid":"88107fc3-3fa8-4b9c-8d9a-444cd50f9230","artist":{"name":"idenline","mbid":"8af7dbd8-48a1-452c-8da5-092238c5562d"}},"album":{"name":"Together EP","artist":{"name":"idenline","mbid":"8af7dbd8-48a1-452c-8da5-092238c5562d"}},"application":"Grooveshark"},{"timestamp":{"iso":"2015-01-26T19:06:16","unixtimestamp":1422299176},"track":{"name":"Before and After Light","mbid":"51092672-9aa8-4875-bcd8-8be1de0212b6","artist":{"name":"CFCF","mbid":"c06cb96b-2a5c-439a-8171-fe3bd7d01ac3"}},"uncorrectedTrack":{"name":"Before and After Light","mbid":"51092672-9aa8-4875-bcd8-8be1de0212b6","artist":{"name":"CFCF","mbid":"c06cb96b-2a5c-439a-8171-fe3bd7d01ac3"}},"album":{"name":"The River (RVNGNL04 - 192 kbps)","artist":{"name":"CFCF","mbid":"c06cb96b-2a5c-439a-8171-fe3bd7d01ac3"}},"application":"Grooveshark"},{"timestamp":{"iso":"2015-01-26T19:11:35","unixtimestamp":1422299495},"track":{"name":"Deep in an ancient Hawaiian Forest","mbid":"90d1bf1b-1513-4be6-964b-90b431085e97","artist":{"name":"Makana","mbid":"9e7bd9cd-bd81-48f3-93e1-074c945f3f77"}},"uncorrectedTrack":{"name":"Deep in an ancient Hawaiian Forest","mbid":"90d1bf1b-1513-4be6-964b-90b431085e97","artist":{"name":"Makana","mbid":"9e7bd9cd-bd81-48f3-93e1-074c945f3f77"}},"album":{"name":"The Descendants Soundtrack","artist":{"name":"Makana","mbid":"9e7bd9cd-bd81-48f3-93e1-074c945f3f77"}},"application":"Grooveshark"},{"timestamp":{"iso":"2015-01-26T19:16:49","unixtimestamp":1422299809},"track":{"name":"Ghost Song","mbid":"1c102df3-ebc9-4eed-aa71-5b85380ef312","artist":{"name":"All India Radio","mbid":"53d2a4d1-556e-4701-a8ac-5fcb74a8e393"}},"uncorrectedTrack":{"name":"Ghost Song","mbid":"1c102df3-ebc9-4eed-aa71-5b85380ef312","artist":{"name":"All India Radio","mbid":"53d2a4d1-556e-4701-a8ac-5fcb74a8e393"}},"album":{"name":"The Silent Surf","mbid":"56a28ebc-37ec-4325-a7f2-d741b65a1423","artist":{"name":"All India Radio","mbid":"53d2a4d1-556e-4701-a8ac-5fcb74a8e393"}},"application":"Grooveshark"},{"timestamp":{"iso":"2015-01-26T19:48:42","unixtimestamp":1422301722},"track":{"name":"Lost in Thought","mbid":"3810ce0b-32f9-424e-b5f2-d73f8ea8bb98","artist":{"name":"Jon Hopkins","mbid":"0b0c25f4-f31c-46a5-a4fb-ccbf53d663bd"}},"uncorrectedTrack":{"name":"Lost in Thought","mbid":"3810ce0b-32f9-424e-b5f2-d73f8ea8bb98","artist":{"name":"Jon Hopkins","mbid":"0b0c25f4-f31c-46a5-a4fb-ccbf53d663bd"}},"album":{"name":"Opalescent","mbid":"52866029-e8eb-4cc1-9393-a1e495274480","artist":{"name":"Jon Hopkins","mbid":"0b0c25f4-f31c-46a5-a4fb-ccbf53d663bd"}},"application":"Grooveshark"},{"timestamp":{"iso":"2015-01-26T19:54:59","unixtimestamp":1422302099},"track":{"name":"Deadbeat Summer","mbid":"50609d39-d6be-4923-94cb-80923e99ba54","artist":{"name":"Neon Indian","mbid":"e8238c02-1cf0-4a51-bfd0-cee93904d351"}},"uncorrectedTrack":{"name":"Deadbeat Summer","mbid":"50609d39-d6be-4923-94cb-80923e99ba54","artist":{"name":"Neon Indian","mbid":"e8238c02-1cf0-4a51-bfd0-cee93904d351"}},"album":{"name":"Psychic Chasms","mbid":"31912055-7164-4b43-90c2-bde171d0be15","artist":{"name":"Neon Indian","mbid":"e8238c02-1cf0-4a51-bfd0-cee93904d351"}},"application":"Grooveshark"},{"timestamp":{"iso":"2015-01-26T19:59:02","unixtimestamp":1422302342},"track":{"name":"Above The Clouds","mbid":"21ea50a4-a82e-48a7-a11d-40f9636e874e","artist":{"name":"Little People","mbid":"0ab53372-ba70-4e7b-814b-12bc35fe4719"}},"uncorrectedTrack":{"name":"Above The Clouds","mbid":"21ea50a4-a82e-48a7-a11d-40f9636e874e","artist":{"name":"Little People","mbid":"0ab53372-ba70-4e7b-814b-12bc35fe4719"}},"album":{"name":"Mickey Mouse Operation","mbid":"db4d5128-f065-4938-8161-c50cf64b6f05","artist":{"name":"Little People","mbid":"0ab53372-ba70-4e7b-814b-12bc35fe4719"}},"application":"Grooveshark"},{"timestamp":{"iso":"2015-01-26T20:02:52","unixtimestamp":1422302572},"track":{"name":"Safe in the Steep Cliffs","mbid":"313cb5cf-a236-4102-b0f6-a7be316c5fb7","artist":{"name":"Emancipator","mbid":"aa1d4315-5246-42b2-b62b-f997d046d8b2"}},"uncorrectedTrack":{"name":"Safe in the Steep Cliffs","mbid":"313cb5cf-a236-4102-b0f6-a7be316c5fb7","artist":{"name":"Emancipator","mbid":"aa1d4315-5246-42b2-b62b-f997d046d8b2"}},"album":{"name":"safe in the steep cliffs","mbid":"47f2833f-f125-4a8c-8a10-a3fddf16c2b8","artist":{"name":"Emancipator","mbid":"aa1d4315-5246-42b2-b62b-f997d046d8b2"}},"application":"Grooveshark"},{"timestamp":{"iso":"2015-01-26T20:07:41","unixtimestamp":1422302861},"track":{"name":"Deep in an ancient Hawaiian Forest","mbid":"90d1bf1b-1513-4be6-964b-90b431085e97","artist":{"name":"Makana","mbid":"9e7bd9cd-bd81-48f3-93e1-074c945f3f77"}},"uncorrectedTrack":{"name":"Deep in an ancient Hawaiian Forest","mbid":"90d1bf1b-1513-4be6-964b-90b431085e97","artist":{"name":"Makana","mbid":"9e7bd9cd-bd81-48f3-93e1-074c945f3f77"}},"album":{"name":"The Descendants Soundtrack","artist":{"name":"Makana","mbid":"9e7bd9cd-bd81-48f3-93e1-074c945f3f77"}},"application":"Grooveshark"},{"timestamp":{"iso":"2015-01-26T20:12:54","unixtimestamp":1422303174},"track":{"name":"New Piano Song","mbid":"82af1bc9-4f09-4e29-a1ff-d9274d74e524","artist":{"name":"Jónsi","mbid":"0ecc2c46-d335-485c-a077-240482609672"}},"uncorrectedTrack":{"name":"New Piano Song","mbid":"82af1bc9-4f09-4e29-a1ff-d9274d74e524","artist":{"name":"Jónsi","mbid":"0ecc2c46-d335-485c-a077-240482609672"}},"album":{"name":"Go live","mbid":"01b05833-8a80-3087-a2a2-0beb3931d2b8","artist":{"name":"Jónsi","mbid":"0ecc2c46-d335-485c-a077-240482609672"}},"application":"Grooveshark"},{"timestamp":{"iso":"2015-01-26T20:18:01","unixtimestamp":1422303481},"track":{"name":"The Queen Of All Everything","mbid":"b173c868-fa61-412f-bb5a-f4c2dc48c1de","artist":{"name":"Ott","mbid":"1a40f886-0877-4bab-9ab1-761147dadb89"}},"uncorrectedTrack":{"name":"The Queen Of All Everything","mbid":"b173c868-fa61-412f-bb5a-f4c2dc48c1de","artist":{"name":"Ott","mbid":"1a40f886-0877-4bab-9ab1-761147dadb89"}},"album":{"name":"Skylon","mbid":"b7bfc318-2b99-40f0-9052-58fc57c2417e","artist":{"name":"Ott","mbid":"1a40f886-0877-4bab-9ab1-761147dadb89"}},"application":"Grooveshark"},{"timestamp":{"iso":"2015-01-26T20:25:53","unixtimestamp":1422303953},"track":{"name":"At Sunset","mbid":"88107fc3-3fa8-4b9c-8d9a-444cd50f9230","artist":{"name":"idenline","mbid":"8af7dbd8-48a1-452c-8da5-092238c5562d"}},"uncorrectedTrack":{"name":"At Sunset","mbid":"88107fc3-3fa8-4b9c-8d9a-444cd50f9230","artist":{"name":"idenline","mbid":"8af7dbd8-48a1-452c-8da5-092238c5562d"}},"album":{"name":"Together EP","artist":{"name":"idenline","mbid":"8af7dbd8-48a1-452c-8da5-092238c5562d"}},"application":"Grooveshark"},{"timestamp":{"iso":"2015-01-26T20:29:37","unixtimestamp":1422304177},"track":{"name":"Lightship","mbid":"41e3a4b5-a272-4ad8-8772-edaffcaa139a","artist":{"name":"All India Radio","mbid":"53d2a4d1-556e-4701-a8ac-5fcb74a8e393"}},"uncorrectedTrack":{"name":"Lightship","mbid":"41e3a4b5-a272-4ad8-8772-edaffcaa139a","artist":{"name":"All India Radio","mbid":"53d2a4d1-556e-4701-a8ac-5fcb74a8e393"}},"album":{"name":"A Low High","mbid":"04e81847-e68f-41dc-89a7-a79f4134b7ea","artist":{"name":"All India Radio","mbid":"53d2a4d1-556e-4701-a8ac-5fcb74a8e393"}},"application":"Grooveshark"},{"timestamp":{"iso":"2015-01-26T20:32:15","unixtimestamp":1422304335},"track":{"name":"Daydream","mbid":"ac4e8cb6-07da-405d-8033-ba6cf44de9db","artist":{"name":"Tycho","mbid":"6d56f5cf-211b-418a-ace2-2983c33f530f"}},"uncorrectedTrack":{"name":"Daydream","mbid":"ac4e8cb6-07da-405d-8033-ba6cf44de9db","artist":{"name":"Tycho","mbid":"6d56f5cf-211b-418a-ace2-2983c33f530f"}},"album":{"name":"Dive","mbid":"2a1819f4-2577-4494-bc05-dfede4ed5a23","artist":{"name":"Tycho","mbid":"6d56f5cf-211b-418a-ace2-2983c33f530f"}},"application":"Grooveshark"},{"timestamp":{"iso":"2015-01-26T20:54:30","unixtimestamp":1422305670},"track":{"name":"Taking Over","mbid":"f31f2b16-9d4b-477e-a26b-30dd7b7fd0a4","artist":{"name":"Joe Goddard","mbid":"cfe625e1-a5ce-4c48-a4a4-d781c44fb64f"}},"uncorrectedTrack":{"name":"Taking Over","mbid":"f31f2b16-9d4b-477e-a26b-30dd7b7fd0a4","artist":{"name":"Joe Goddard","mbid":"cfe625e1-a5ce-4c48-a4a4-d781c44fb64f"}},"album":{"name":"Joe Goddard","artist":{"name":"Joe Goddard","mbid":"cfe625e1-a5ce-4c48-a4a4-d781c44fb64f"}},"application":"Grooveshark"},{"timestamp":{"iso":"2015-01-26T21:00:07","unixtimestamp":1422306007},"track":{"name":"Before and After Light","mbid":"51092672-9aa8-4875-bcd8-8be1de0212b6","artist":{"name":"CFCF","mbid":"c06cb96b-2a5c-439a-8171-fe3bd7d01ac3"}},"uncorrectedTrack":{"name":"Before and After Light","mbid":"51092672-9aa8-4875-bcd8-8be1de0212b6","artist":{"name":"CFCF","mbid":"c06cb96b-2a5c-439a-8171-fe3bd7d01ac3"}},"album":{"name":"The River-EP (Bonus Track Version)","artist":{"name":"CFCF","mbid":"c06cb96b-2a5c-439a-8171-fe3bd7d01ac3"}},"application":"Grooveshark"},{"timestamp":{"iso":"2015-01-26T21:05:26","unixtimestamp":1422306326},"track":{"name":"Whistle","mbid":"8268d44e-7011-4d98-a0d8-0e72ad00338e","artist":{"name":"All India Radio","mbid":"53d2a4d1-556e-4701-a8ac-5fcb74a8e393"}},"uncorrectedTrack":{"name":"Whistle","mbid":"8268d44e-7011-4d98-a0d8-0e72ad00338e","artist":{"name":"All India Radio","mbid":"53d2a4d1-556e-4701-a8ac-5fcb74a8e393"}},"album":{"name":"Echo Other","mbid":"48d4b42e-ab47-411c-8c8f-3b519832bd87","artist":{"name":"All India Radio","mbid":"53d2a4d1-556e-4701-a8ac-5fcb74a8e393"}},"application":"Grooveshark"},{"timestamp":{"iso":"2015-01-26T21:09:18","unixtimestamp":1422306558},"track":{"name":"Lofi Groovy mk mix","mbid":"b5226a49-7b27-4b18-8fda-7b6a5ed9b095","artist":{"name":"All India Radio","mbid":"53d2a4d1-556e-4701-a8ac-5fcb74a8e393"}},"uncorrectedTrack":{"name":"Lofi Groovy mk mix","mbid":"b5226a49-7b27-4b18-8fda-7b6a5ed9b095","artist":{"name":"All India Radio","mbid":"53d2a4d1-556e-4701-a8ac-5fcb74a8e393"}},"album":{"name":"A Low High","mbid":"04e81847-e68f-41dc-89a7-a79f4134b7ea","artist":{"name":"All India Radio","mbid":"53d2a4d1-556e-4701-a8ac-5fcb74a8e393"}},"application":"Grooveshark"},{"timestamp":{"iso":"2015-01-26T21:12:52","unixtimestamp":1422306772},"track":{"name":"Concept 1","mbid":"37891add-be9a-45c8-8946-e49f702af1b9","artist":{"name":"Kodomo","mbid":"b6e58f81-0454-4be9-97ef-7b2347979ae0"}},"uncorrectedTrack":{"name":"Concept 1","mbid":"37891add-be9a-45c8-8946-e49f702af1b9","artist":{"name":"Kodomo","mbid":"b6e58f81-0454-4be9-97ef-7b2347979ae0"}},"album":{"name":"Still Life","mbid":"14afaaa9-c0c2-4bbe-a061-ec54bddb1c84","artist":{"name":"Kodomo","mbid":"b6e58f81-0454-4be9-97ef-7b2347979ae0"}},"application":"Grooveshark"},{"timestamp":{"iso":"2015-01-26T21:18:15","unixtimestamp":1422307095},"track":{"name":"Above The Clouds","mbid":"21ea50a4-a82e-48a7-a11d-40f9636e874e","artist":{"name":"Little People","mbid":"0ab53372-ba70-4e7b-814b-12bc35fe4719"}},"uncorrectedTrack":{"name":"Above The Clouds","mbid":"21ea50a4-a82e-48a7-a11d-40f9636e874e","artist":{"name":"Little People","mbid":"0ab53372-ba70-4e7b-814b-12bc35fe4719"}},"album":{"name":"Mickey Mouse Operation","mbid":"db4d5128-f065-4938-8161-c50cf64b6f05","artist":{"name":"Little People","mbid":"0ab53372-ba70-4e7b-814b-12bc35fe4719"}},"application":"Grooveshark"},{"timestamp":{"iso":"2015-01-27T20:06:21","unixtimestamp":1422389181},"track":{"name":"Before and After Light","mbid":"51092672-9aa8-4875-bcd8-8be1de0212b6","artist":{"name":"CFCF","mbid":"c06cb96b-2a5c-439a-8171-fe3bd7d01ac3"}},"uncorrectedTrack":{"name":"Before and After Light","mbid":"51092672-9aa8-4875-bcd8-8be1de0212b6","artist":{"name":"CFCF","mbid":"c06cb96b-2a5c-439a-8171-fe3bd7d01ac3"}},"album":{"name":"The River (RVNGNL04 - 192 kbps)","artist":{"name":"CFCF","mbid":"c06cb96b-2a5c-439a-8171-fe3bd7d01ac3"}},"application":"Grooveshark"},{"timestamp":{"iso":"2015-01-27T20:11:40","unixtimestamp":1422389500},"track":{"name":"Ghost Song","mbid":"1c102df3-ebc9-4eed-aa71-5b85380ef312","artist":{"name":"All India Radio","mbid":"53d2a4d1-556e-4701-a8ac-5fcb74a8e393"}},"uncorrectedTrack":{"name":"Ghost Song","mbid":"1c102df3-ebc9-4eed-aa71-5b85380ef312","artist":{"name":"All India Radio","mbid":"53d2a4d1-556e-4701-a8ac-5fcb74a8e393"}},"album":{"name":"The Silent Surf","mbid":"56a28ebc-37ec-4325-a7f2-d741b65a1423","artist":{"name":"All India Radio","mbid":"53d2a4d1-556e-4701-a8ac-5fcb74a8e393"}},"application":"Grooveshark"},{"timestamp":{"iso":"2015-01-27T20:16:25","unixtimestamp":1422389785},"track":{"name":"Unsaid","mbid":"72d957d2-8816-4d5f-9018-20e56c7a4593","artist":{"name":"Little People","mbid":"0ab53372-ba70-4e7b-814b-12bc35fe4719"}},"uncorrectedTrack":{"name":"Unsaid","mbid":"72d957d2-8816-4d5f-9018-20e56c7a4593","artist":{"name":"Little People","mbid":"0ab53372-ba70-4e7b-814b-12bc35fe4719"}},"album":{"name":"Mickey Mouse Operation","mbid":"db4d5128-f065-4938-8161-c50cf64b6f05","artist":{"name":"Little People","mbid":"0ab53372-ba70-4e7b-814b-12bc35fe4719"}},"application":"Grooveshark"},{"timestamp":{"iso":"2015-01-27T20:20:14","unixtimestamp":1422390014},"track":{"name":"Go Do","mbid":"a5519bd0-c775-42a4-bc89-72f27943c1f0","artist":{"name":"Jónsi","mbid":"0ecc2c46-d335-485c-a077-240482609672"}},"uncorrectedTrack":{"name":"Go Do","mbid":"a5519bd0-c775-42a4-bc89-72f27943c1f0","artist":{"name":"Jónsi","mbid":"0ecc2c46-d335-485c-a077-240482609672"}},"album":{"name":"Go","mbid":"9511d78e-1068-3fa8-a393-c39d35e393c5","artist":{"name":"Jónsi","mbid":"0ecc2c46-d335-485c-a077-240482609672"}},"application":"Grooveshark"},{"timestamp":{"iso":"2015-01-27T20:24:55","unixtimestamp":1422390295},"track":{"name":"Deadbeat Summer","mbid":"50609d39-d6be-4923-94cb-80923e99ba54","artist":{"name":"Neon Indian","mbid":"e8238c02-1cf0-4a51-bfd0-cee93904d351"}},"uncorrectedTrack":{"name":"Deadbeat Summer","mbid":"50609d39-d6be-4923-94cb-80923e99ba54","artist":{"name":"Neon Indian","mbid":"e8238c02-1cf0-4a51-bfd0-cee93904d351"}},"album":{"name":"Psychic Chasms","mbid":"31912055-7164-4b43-90c2-bde171d0be15","artist":{"name":"Neon Indian","mbid":"e8238c02-1cf0-4a51-bfd0-cee93904d351"}},"application":"Grooveshark"},{"timestamp":{"iso":"2015-01-27T20:28:58","unixtimestamp":1422390538},"track":{"name":"\u0027Imi Au Ia \u0027Oe","mbid":"aafdbf52-9908-4d74-a448-5381aaa2a957","artist":{"name":"Keola Beamer","mbid":"7c557252-cf19-4055-a973-8d6f3c55deb1"}},"uncorrectedTrack":{"name":"\u0027Imi Au Ia \u0027Oe","mbid":"aafdbf52-9908-4d74-a448-5381aaa2a957","artist":{"name":"Keola Beamer","mbid":"7c557252-cf19-4055-a973-8d6f3c55deb1"}},"album":{"name":"The Descendants Soundtrack","artist":{"name":"Keola Beamer","mbid":"7c557252-cf19-4055-a973-8d6f3c55deb1"}},"application":"Grooveshark"},{"timestamp":{"iso":"2015-01-27T20:32:09","unixtimestamp":1422390729},"track":{"name":"Night (Early Jazzy Mix)","mbid":"20ac02bf-214f-41c0-aca9-d29a9601ddee","artist":{"name":"All India Radio","mbid":"53d2a4d1-556e-4701-a8ac-5fcb74a8e393"}},"uncorrectedTrack":{"name":"Night (Early Jazzy Mix)","mbid":"20ac02bf-214f-41c0-aca9-d29a9601ddee","artist":{"name":"All India Radio","mbid":"53d2a4d1-556e-4701-a8ac-5fcb74a8e393"}},"album":{"name":"The Silent Surf","mbid":"56a28ebc-37ec-4325-a7f2-d741b65a1423","artist":{"name":"All India Radio","mbid":"53d2a4d1-556e-4701-a8ac-5fcb74a8e393"}},"application":"Grooveshark"},{"timestamp":{"iso":"2015-01-27T20:36:43","unixtimestamp":1422391003},"track":{"name":"Unforgettable","artist":{"name":"Cole, Nat \u0027King\u0027"}},"uncorrectedTrack":{"name":"Unforgettable","artist":{"name":"Cole, Nat \u0027King\u0027"}},"album":{"name":"The Watchmen (OST)","artist":{"name":"Cole, Nat \u0027King\u0027"}},"application":"Grooveshark"},{"timestamp":{"iso":"2015-01-27T20:40:12","unixtimestamp":1422391212},"track":{"name":"Above The Clouds","mbid":"518b81ad-04f0-4ac9-b836-d26bc4804636","artist":{"name":"Aeroplane","mbid":"118c5949-3023-4262-a646-dda45e02f49d"}},"uncorrectedTrack":{"name":"Above The Clouds","mbid":"518b81ad-04f0-4ac9-b836-d26bc4804636","artist":{"name":"Aeroplane","mbid":"118c5949-3023-4262-a646-dda45e02f49d"}},"album":{"name":"Summer Sessions Disc 3","artist":{"name":"Aeroplane","mbid":"118c5949-3023-4262-a646-dda45e02f49d"}},"application":"Grooveshark"},{"timestamp":{"iso":"2015-01-27T20:44:33","unixtimestamp":1422391473},"track":{"name":"Lost in Thought","mbid":"3810ce0b-32f9-424e-b5f2-d73f8ea8bb98","artist":{"name":"Jon Hopkins","mbid":"0b0c25f4-f31c-46a5-a4fb-ccbf53d663bd"}},"uncorrectedTrack":{"name":"Lost in Thought","mbid":"3810ce0b-32f9-424e-b5f2-d73f8ea8bb98","artist":{"name":"Jon Hopkins","mbid":"0b0c25f4-f31c-46a5-a4fb-ccbf53d663bd"}},"album":{"name":"Opalescent","mbid":"52866029-e8eb-4cc1-9393-a1e495274480","artist":{"name":"Jon Hopkins","mbid":"0b0c25f4-f31c-46a5-a4fb-ccbf53d663bd"}},"application":"Grooveshark"},{"timestamp":{"iso":"2015-01-27T20:50:49","unixtimestamp":1422391849},"track":{"name":"Coffee","mbid":"0ed25af2-cca1-4fbc-ad7b-758468287d7a","artist":{"name":"Sylvan Esso","mbid":"c4593b34-2a94-4e44-ae10-4a0f4c0b4da8"}},"uncorrectedTrack":{"name":"Coffee","mbid":"0ed25af2-cca1-4fbc-ad7b-758468287d7a","artist":{"name":"Sylvan Esso","mbid":"c4593b34-2a94-4e44-ae10-4a0f4c0b4da8"}},"application":"Grooveshark"},{"timestamp":{"iso":"2015-01-27T20:55:22","unixtimestamp":1422392122},"track":{"name":"After Dawn","mbid":"9c6ffc75-7e3f-41a3-b7bd-43cf860d7af9","artist":{"name":"Weathertunes","mbid":"9783c62b-3514-42d3-a5e8-de5ee1c6451c"}},"uncorrectedTrack":{"name":"After Dawn","mbid":"9c6ffc75-7e3f-41a3-b7bd-43cf860d7af9","artist":{"name":"Weathertunes","mbid":"9783c62b-3514-42d3-a5e8-de5ee1c6451c"}},"album":{"name":"The Birds \u0026 The Sky","mbid":"8d37fb07-d054-42d4-af4d-27af94def0f1","artist":{"name":"Weathertunes","mbid":"9783c62b-3514-42d3-a5e8-de5ee1c6451c"}},"application":"Grooveshark"},{"timestamp":{"iso":"2015-01-27T20:59:24","unixtimestamp":1422392364},"track":{"name":"At Sunset","mbid":"88107fc3-3fa8-4b9c-8d9a-444cd50f9230","artist":{"name":"idenline","mbid":"8af7dbd8-48a1-452c-8da5-092238c5562d"}},"uncorrectedTrack":{"name":"At Sunset","mbid":"88107fc3-3fa8-4b9c-8d9a-444cd50f9230","artist":{"name":"idenline","mbid":"8af7dbd8-48a1-452c-8da5-092238c5562d"}},"album":{"name":"Together EP","artist":{"name":"idenline","mbid":"8af7dbd8-48a1-452c-8da5-092238c5562d"}},"application":"Grooveshark"},{"timestamp":{"iso":"2015-01-27T21:03:08","unixtimestamp":1422392588},"track":{"name":"Siren","mbid":"03228989-efae-4e40-af8c-8bcf1ff7f6c9","artist":{"name":"Emancipator","mbid":"aa1d4315-5246-42b2-b62b-f997d046d8b2"}},"uncorrectedTrack":{"name":"Siren","mbid":"03228989-efae-4e40-af8c-8bcf1ff7f6c9","artist":{"name":"Emancipator","mbid":"aa1d4315-5246-42b2-b62b-f997d046d8b2"}},"album":{"name":"safe in the steep cliffs","mbid":"47f2833f-f125-4a8c-8a10-a3fddf16c2b8","artist":{"name":"Emancipator","mbid":"aa1d4315-5246-42b2-b62b-f997d046d8b2"}},"application":"Grooveshark"},{"timestamp":{"iso":"2015-01-27T21:06:48","unixtimestamp":1422392808},"track":{"name":"Safe in the Steep Cliffs","mbid":"313cb5cf-a236-4102-b0f6-a7be316c5fb7","artist":{"name":"Emancipator","mbid":"aa1d4315-5246-42b2-b62b-f997d046d8b2"}},"uncorrectedTrack":{"name":"Safe in the Steep Cliffs","mbid":"313cb5cf-a236-4102-b0f6-a7be316c5fb7","artist":{"name":"Emancipator","mbid":"aa1d4315-5246-42b2-b62b-f997d046d8b2"}},"album":{"name":"safe in the steep cliffs","mbid":"47f2833f-f125-4a8c-8a10-a3fddf16c2b8","artist":{"name":"Emancipator","mbid":"aa1d4315-5246-42b2-b62b-f997d046d8b2"}},"application":"Grooveshark"},{"timestamp":{"iso":"2015-01-27T21:11:37","unixtimestamp":1422393097},"track":{"name":"La Esquina","mbid":"bc493b7c-5f96-4d6e-92c6-9fc34f12d491","artist":{"name":"Federico Aubele","mbid":"2db43da6-401e-4dd7-898d-8f6da60c58da"}},"uncorrectedTrack":{"name":"La Esquina","mbid":"bc493b7c-5f96-4d6e-92c6-9fc34f12d491","artist":{"name":"Federico Aubele","mbid":"2db43da6-401e-4dd7-898d-8f6da60c58da"}},"album":{"name":"KEXP Song of the Day","artist":{"name":"Federico Aubele","mbid":"2db43da6-401e-4dd7-898d-8f6da60c58da"}},"application":"Grooveshark"},{"timestamp":{"iso":"2015-01-27T21:15:03","unixtimestamp":1422393303},"track":{"name":"The Queen Of All Everything","mbid":"b173c868-fa61-412f-bb5a-f4c2dc48c1de","artist":{"name":"Ott","mbid":"1a40f886-0877-4bab-9ab1-761147dadb89"}},"uncorrectedTrack":{"name":"The Queen Of All Everything","mbid":"b173c868-fa61-412f-bb5a-f4c2dc48c1de","artist":{"name":"Ott","mbid":"1a40f886-0877-4bab-9ab1-761147dadb89"}},"album":{"name":"Skylon","mbid":"b7bfc318-2b99-40f0-9052-58fc57c2417e","artist":{"name":"Ott","mbid":"1a40f886-0877-4bab-9ab1-761147dadb89"}},"application":"Grooveshark"},{"timestamp":{"iso":"2015-01-27T21:39:27","unixtimestamp":1422394767},"track":{"name":"The Mountains of Pomeroy/Garrett Barry\u0027s/Snug in a Blanket/Iain\u0027s Jig/Clumsy Lover/Itchy Fingers","artist":{"name":"Seven Nations","mbid":"78e1253b-3d19-4f84-b726-ce681f10425e"}},"uncorrectedTrack":{"name":"The Mountains of Pomeroy/Garrett Barry\u0027s/Snug in a Blanket/Iain\u0027s Jig/Clumsy Lover/Itchy Fingers","artist":{"name":"Seven Nations","mbid":"78e1253b-3d19-4f84-b726-ce681f10425e"}},"album":{"name":"Big Dog","mbid":"212f7bdb-08ac-4cba-970a-111e01d66c0a","artist":{"name":"Seven Nations","mbid":"78e1253b-3d19-4f84-b726-ce681f10425e"}},"application":"Grooveshark"},{"timestamp":{"iso":"2015-01-27T21:45:59","unixtimestamp":1422395159},"track":{"name":"The Paddy Song","artist":{"name":"Seven Nations","mbid":"78e1253b-3d19-4f84-b726-ce681f10425e"}},"uncorrectedTrack":{"name":"The Paddy Song","artist":{"name":"Seven Nations","mbid":"78e1253b-3d19-4f84-b726-ce681f10425e"}},"album":{"name":"Napster","artist":{"name":"Seven Nations","mbid":"78e1253b-3d19-4f84-b726-ce681f10425e"}},"application":"Grooveshark"},{"timestamp":{"iso":"2015-01-27T21:48:22","unixtimestamp":1422395302},"track":{"name":"Clumsy Lover","artist":{"name":"Seven Nations","mbid":"78e1253b-3d19-4f84-b726-ce681f10425e"}},"uncorrectedTrack":{"name":"Clumsy Lover","artist":{"name":"Seven Nations","mbid":"78e1253b-3d19-4f84-b726-ce681f10425e"}},"application":"Grooveshark"},{"timestamp":{"iso":"2015-01-27T21:55:16","unixtimestamp":1422395716},"track":{"name":"Scream","mbid":"3235debe-3a11-4a88-ba01-5f770ec6799a","artist":{"name":"Seven Nations","mbid":"78e1253b-3d19-4f84-b726-ce681f10425e"}},"uncorrectedTrack":{"name":"Scream","mbid":"3235debe-3a11-4a88-ba01-5f770ec6799a","artist":{"name":"Seven Nations","mbid":"78e1253b-3d19-4f84-b726-ce681f10425e"}},"album":{"name":"Seven Nations","mbid":"e372abcc-d37a-4996-aaf2-9f15d0cb57fa","artist":{"name":"Seven Nations","mbid":"78e1253b-3d19-4f84-b726-ce681f10425e"}},"application":"Grooveshark"},{"timestamp":{"iso":"2015-01-27T22:02:02","unixtimestamp":1422396122},"track":{"name":"Reel Beatrice","artist":{"name":"Natalie MacMaster","mbid":"4fccc5ba-950d-4698-8655-10844cad67b4"}},"uncorrectedTrack":{"name":"Reel Beatrice","artist":{"name":"Natalie MacMaster","mbid":"4fccc5ba-950d-4698-8655-10844cad67b4"}},"album":{"name":"No Boundaries","mbid":"2f5918e8-e367-4d9c-ad9f-b47df913619e","artist":{"name":"Natalie MacMaster","mbid":"4fccc5ba-950d-4698-8655-10844cad67b4"}},"application":"Grooveshark"},{"timestamp":{"iso":"2015-01-27T22:05:38","unixtimestamp":1422396338},"track":{"name":"The Surprise Ceilidh Band Set","mbid":"1d921d3d-9694-43bf-972f-c11661c587d8","artist":{"name":"Seven Nations","mbid":"78e1253b-3d19-4f84-b726-ce681f10425e"}},"uncorrectedTrack":{"name":"The Surprise Ceilidh Band Set","mbid":"1d921d3d-9694-43bf-972f-c11661c587d8","artist":{"name":"Seven Nations","mbid":"78e1253b-3d19-4f84-b726-ce681f10425e"}},"album":{"name":"The Pictou Sessions: An Acoustic Album","mbid":"f1d31b1d-1174-43bd-bc93-345784a5c10f","artist":{"name":"Seven Nations","mbid":"78e1253b-3d19-4f84-b726-ce681f10425e"}},"application":"Grooveshark"},{"timestamp":{"iso":"2015-01-27T22:10:10","unixtimestamp":1422396610},"track":{"name":"Wander My Friends","mbid":"69f052d8-6c1a-4da0-8c5c-825c7b8fafd8","artist":{"name":"Bear McCreary","mbid":"78192f3c-607b-4190-a02b-8e036887b9a7"}},"uncorrectedTrack":{"name":"Wander My Friends","mbid":"69f052d8-6c1a-4da0-8c5c-825c7b8fafd8","artist":{"name":"Bear McCreary","mbid":"78192f3c-607b-4190-a02b-8e036887b9a7"}},"album":{"name":"Battlestar Galactica: Season 1","mbid":"cfb64169-f6cb-4e2c-9675-dc64c9bb6a5d","artist":{"name":"Bear McCreary","mbid":"78192f3c-607b-4190-a02b-8e036887b9a7"}},"application":"Grooveshark"},{"timestamp":{"iso":"2015-01-27T22:13:08","unixtimestamp":1422396788},"track":{"name":"Matt \u0026 Nat’s","artist":{"name":"Natalie MacMaster","mbid":"4fccc5ba-950d-4698-8655-10844cad67b4"}},"uncorrectedTrack":{"name":"Matt \u0026 Nat’s","artist":{"name":"Natalie MacMaster","mbid":"4fccc5ba-950d-4698-8655-10844cad67b4"}},"album":{"name":"Yours Truly","mbid":"c6acd7d1-a1b8-4ac2-8dc4-ac802f7fc792","artist":{"name":"Natalie MacMaster","mbid":"4fccc5ba-950d-4698-8655-10844cad67b4"}},"application":"Grooveshark"},{"timestamp":{"iso":"2015-01-27T22:16:17","unixtimestamp":1422396977},"track":{"name":"J\u0027ia La Danse Aux Pieds","artist":{"name":"Grand dérangemant"}},"uncorrectedTrack":{"name":"J\u0027ia La Danse Aux Pieds","artist":{"name":"Grand dérangemant"}},"album":{"name":"From Kitchen To Ceilidh","artist":{"name":"Grand dérangemant"}},"application":"Grooveshark"},{"timestamp":{"iso":"2015-01-27T22:20:29","unixtimestamp":1422397229},"track":{"name":"Last Of The Mohicans","mbid":"6b6874e5-02f2-4b67-9886-350737725ad1","artist":{"name":"The Royal Scots Dragoon Guards","mbid":"0494291a-f04c-493f-9daa-d2ea0675d0b4"}},"uncorrectedTrack":{"name":"Last Of The Mohicans","mbid":"6b6874e5-02f2-4b67-9886-350737725ad1","artist":{"name":"The Royal Scots Dragoon Guards","mbid":"0494291a-f04c-493f-9daa-d2ea0675d0b4"}},"album":{"name":"Spirit Of The Glen","mbid":"d4a24061-673f-46f2-9f9f-f12205ba6d72","artist":{"name":"The Royal Scots Dragoon Guards","mbid":"0494291a-f04c-493f-9daa-d2ea0675d0b4"}},"application":"Grooveshark"},{"timestamp":{"iso":"2015-01-27T22:24:23","unixtimestamp":1422397463},"track":{"name":"David’s Jig","artist":{"name":"Natalie MacMaster","mbid":"4fccc5ba-950d-4698-8655-10844cad67b4"}},"uncorrectedTrack":{"name":"David’s Jig","artist":{"name":"Natalie MacMaster","mbid":"4fccc5ba-950d-4698-8655-10844cad67b4"}},"album":{"name":"Yours Truly","mbid":"c6acd7d1-a1b8-4ac2-8dc4-ac802f7fc792","artist":{"name":"Natalie MacMaster","mbid":"4fccc5ba-950d-4698-8655-10844cad67b4"}},"application":"Grooveshark"},{"timestamp":{"iso":"2015-01-27T22:29:13","unixtimestamp":1422397753},"track":{"name":"Michael’s Ride","mbid":"80537fa7-bacc-4d2c-acd1-5aa890f89acb","artist":{"name":"Shaun Davey","mbid":"df0b8e8f-8f95-4474-8204-3e1c4890062f"}},"uncorrectedTrack":{"name":"Michael’s Ride","mbid":"80537fa7-bacc-4d2c-acd1-5aa890f89acb","artist":{"name":"Shaun Davey","mbid":"df0b8e8f-8f95-4474-8204-3e1c4890062f"}},"album":{"name":"Waking Ned Devine","mbid":"d8c6c23a-375c-4ae3-996a-ffa816239290","artist":{"name":"Shaun Davey","mbid":"df0b8e8f-8f95-4474-8204-3e1c4890062f"}},"application":"Grooveshark"},{"timestamp":{"iso":"2015-01-27T22:32:36","unixtimestamp":1422397956},"track":{"name":"Under The Milky Way","mbid":"0749302e-7dfd-4019-a3fe-50a6ce683d59","artist":{"name":"Seven Nations","mbid":"78e1253b-3d19-4f84-b726-ce681f10425e"}},"uncorrectedTrack":{"name":"Under The Milky Way","mbid":"0749302e-7dfd-4019-a3fe-50a6ce683d59","artist":{"name":"Seven Nations","mbid":"78e1253b-3d19-4f84-b726-ce681f10425e"}},"album":{"name":"Seven Nations","mbid":"e372abcc-d37a-4996-aaf2-9f15d0cb57fa","artist":{"name":"Seven Nations","mbid":"78e1253b-3d19-4f84-b726-ce681f10425e"}},"application":"Grooveshark"},{"timestamp":{"iso":"2015-01-27T22:37:53","unixtimestamp":1422398273},"track":{"name":"O\u0027er The Moor And Among The Heather","mbid":"086490e2-45e5-4e23-b338-c8fdec8e7815","artist":{"name":"Seven Nations","mbid":"78e1253b-3d19-4f84-b726-ce681f10425e"}},"uncorrectedTrack":{"name":"O\u0027er the Moor and Amoung the Heather","artist":{"name":"Seven Nations","mbid":"78e1253b-3d19-4f84-b726-ce681f10425e"}},"album":{"name":"The Pictou Sessions","artist":{"name":"Seven Nations","mbid":"78e1253b-3d19-4f84-b726-ce681f10425e"}},"application":"Grooveshark"},{"timestamp":{"iso":"2015-01-27T22:41:40","unixtimestamp":1422398500},"track":{"name":"The Tree","mbid":"54685e41-9351-4510-a016-753be0589554","artist":{"name":"Capercaillie","mbid":"13165aa1-cbbf-4e61-9919-fc1b307fda13"}},"uncorrectedTrack":{"name":"The Tree","mbid":"54685e41-9351-4510-a016-753be0589554","artist":{"name":"Capercaillie","mbid":"13165aa1-cbbf-4e61-9919-fc1b307fda13"}},"album":{"name":"The Rough Guide to Scottish Folk","artist":{"name":"Capercaillie","mbid":"13165aa1-cbbf-4e61-9919-fc1b307fda13"}},"application":"Grooveshark"}]