[{"timestamp":{"iso":"2012-03-07T17:55:04","unixtimestamp":1331142904},"track":{"name":"Young Blood","mbid":"e644905d-3866-4ef2-8e8e-b418a37ac484","artist":{"name":"The Naked and Famous","mbid":"216a7b44-3846-494c-93f5-f2d4d9b95b36"}},"uncorrectedTrack":{"name":"Young Blood","mbid":"e644905d-3866-4ef2-8e8e-b418a37ac484","artist":{"name":"The Naked and Famous","mbid":"216a7b44-3846-494c-93f5-f2d4d9b95b36"}},"album":{"name":"Passive Me, Aggressive You","mbid":"9feca21b-72bf-4190-baaf-dcb2a97368f4","artist":{"name":"The Naked and Famous","mbid":"216a7b44-3846-494c-93f5-f2d4d9b95b36"}}},{"timestamp":{"iso":"2012-03-07T17:59:11","unixtimestamp":1331143151},"track":{"name":"Baby’s Arms","artist":{"name":"Kurt Vile","mbid":"e07a111e-4e8a-4651-a849-01ac60551ab2"}},"uncorrectedTrack":{"name":"Baby’s Arms","artist":{"name":"Kurt Vile","mbid":"e07a111e-4e8a-4651-a849-01ac60551ab2"}},"album":{"name":"Smoke Ring for My Halo","mbid":"b92a5903-4b6c-4fb3-a0c1-052052c7fdc3","artist":{"name":"Kurt Vile","mbid":"e07a111e-4e8a-4651-a849-01ac60551ab2"}}},{"timestamp":{"iso":"2012-03-07T18:03:38","unixtimestamp":1331143418},"track":{"name":"Need You Now","mbid":"4be4add6-f096-40b9-a75c-7a068efbf0a8","artist":{"name":"Cut Copy","mbid":"caaba574-dfbc-4681-8e56-19b5150897d2"}},"uncorrectedTrack":{"name":"Need You Now","mbid":"4be4add6-f096-40b9-a75c-7a068efbf0a8","artist":{"name":"Cut Copy","mbid":"caaba574-dfbc-4681-8e56-19b5150897d2"}},"album":{"name":"Zonoscope","mbid":"78188810-df1a-4ac0-ac60-57e3bd84284b","artist":{"name":"Cut Copy","mbid":"caaba574-dfbc-4681-8e56-19b5150897d2"}}},{"timestamp":{"iso":"2012-03-07T18:09:49","unixtimestamp":1331143789},"track":{"name":"I Don\u0027t Want Love","mbid":"32575fa1-af02-47b2-bbb6-2fd6214c128e","artist":{"name":"The Antlers","mbid":"ff0d20a7-a69e-4207-a18f-ca808759499d"}},"uncorrectedTrack":{"name":"I Don\u0027t Want Love","mbid":"32575fa1-af02-47b2-bbb6-2fd6214c128e","artist":{"name":"The Antlers","mbid":"ff0d20a7-a69e-4207-a18f-ca808759499d"}},"album":{"name":"Burst Apart","mbid":"795178b1-926d-4121-863a-7c801448becc","artist":{"name":"The Antlers","mbid":"ff0d20a7-a69e-4207-a18f-ca808759499d"}}},{"timestamp":{"iso":"2012-03-07T18:13:09","unixtimestamp":1331143989},"track":{"name":"Santa Fe","mbid":"77105f13-82b6-41cd-ae2f-0050a8b06434","artist":{"name":"Beirut","mbid":"0af78501-5647-4c18-9a0d-66ac8789e13b"}},"uncorrectedTrack":{"name":"Santa Fe","mbid":"77105f13-82b6-41cd-ae2f-0050a8b06434","artist":{"name":"Beirut","mbid":"0af78501-5647-4c18-9a0d-66ac8789e13b"}},"album":{"name":"The Rip Tide","mbid":"04d02f96-fdfc-428a-8b3d-366b58f99798","artist":{"name":"Beirut","mbid":"0af78501-5647-4c18-9a0d-66ac8789e13b"}}},{"timestamp":{"iso":"2012-03-07T18:17:24","unixtimestamp":1331144244},"track":{"name":"Where I Found You","mbid":"489a0636-fb73-4f43-b513-655eed78de7f","artist":{"name":"Future Islands","mbid":"74963434-dcb6-4b14-98cc-99873b06db66"}},"uncorrectedTrack":{"name":"Where I Found You","mbid":"489a0636-fb73-4f43-b513-655eed78de7f","artist":{"name":"Future Islands","mbid":"74963434-dcb6-4b14-98cc-99873b06db66"}},"album":{"name":"On the Water","mbid":"0a71a459-981d-4588-9922-022ca7219fe1","artist":{"name":"Future Islands","mbid":"74963434-dcb6-4b14-98cc-99873b06db66"}}},{"timestamp":{"iso":"2012-03-07T18:24:28","unixtimestamp":1331144668},"track":{"name":"Where I Found You","mbid":"489a0636-fb73-4f43-b513-655eed78de7f","artist":{"name":"Future Islands","mbid":"74963434-dcb6-4b14-98cc-99873b06db66"}},"uncorrectedTrack":{"name":"Where I Found You","mbid":"489a0636-fb73-4f43-b513-655eed78de7f","artist":{"name":"Future Islands","mbid":"74963434-dcb6-4b14-98cc-99873b06db66"}},"album":{"name":"On the Water","mbid":"0a71a459-981d-4588-9922-022ca7219fe1","artist":{"name":"Future Islands","mbid":"74963434-dcb6-4b14-98cc-99873b06db66"}}},{"timestamp":{"iso":"2012-03-07T18:30:12","unixtimestamp":1331145012},"track":{"name":"Midnight City","mbid":"25ff2819-1212-466d-ba1b-957ef242353e","artist":{"name":"M83","mbid":"6d7b7cd4-254b-4c25-83f6-dd20f98ceacd"}},"uncorrectedTrack":{"name":"Midnight City","mbid":"25ff2819-1212-466d-ba1b-957ef242353e","artist":{"name":"M83","mbid":"6d7b7cd4-254b-4c25-83f6-dd20f98ceacd"}},"album":{"name":"Hurry Up, We\u0027re Dreaming !","artist":{"name":"M83","mbid":"6d7b7cd4-254b-4c25-83f6-dd20f98ceacd"}}},{"timestamp":{"iso":"2012-03-07T18:36:47","unixtimestamp":1331145407},"track":{"name":"Abducted","mbid":"10d36c1d-2a7b-4121-88c8-10cec1962a9d","artist":{"name":"Cults","mbid":"4c671d5a-7027-4398-8055-03e61d1a3967"}},"uncorrectedTrack":{"name":"Abducted","mbid":"10d36c1d-2a7b-4121-88c8-10cec1962a9d","artist":{"name":"Cults","mbid":"4c671d5a-7027-4398-8055-03e61d1a3967"}},"album":{"name":"Cults","mbid":"ea6d5a6b-be84-4835-b5c5-f28dd41ba884","artist":{"name":"Cults","mbid":"4c671d5a-7027-4398-8055-03e61d1a3967"}}},{"timestamp":{"iso":"2012-03-07T18:46:10","unixtimestamp":1331145970},"track":{"name":"Operation","mbid":"7bfe715a-0bf8-40ab-b395-01a429683920","artist":{"name":"Yuck","mbid":"9929a375-ccf4-4b8c-9b13-0026393fcb84"}},"uncorrectedTrack":{"name":"Operation","mbid":"7bfe715a-0bf8-40ab-b395-01a429683920","artist":{"name":"Yuck","mbid":"9929a375-ccf4-4b8c-9b13-0026393fcb84"}},"album":{"name":"Yuck","mbid":"a3782d43-ba1c-4e66-9369-3b1bfac81b19","artist":{"name":"Yuck","mbid":"9929a375-ccf4-4b8c-9b13-0026393fcb84"}}},{"timestamp":{"iso":"2012-03-07T18:48:11","unixtimestamp":1331146091},"track":{"name":"The Last Living Rose","mbid":"062d82e2-1b43-4e57-9143-c0ee3b122f65","artist":{"name":"PJ Harvey","mbid":"1997bee8-1b6c-4571-a254-ae67f4156339"}},"uncorrectedTrack":{"name":"The Last Living Rose","mbid":"062d82e2-1b43-4e57-9143-c0ee3b122f65","artist":{"name":"PJ Harvey","mbid":"1997bee8-1b6c-4571-a254-ae67f4156339"}},"album":{"name":"Let England Shake","mbid":"e1b46785-d51b-3bf9-9252-086f23d9a1f8","artist":{"name":"PJ Harvey","mbid":"1997bee8-1b6c-4571-a254-ae67f4156339"}}},{"timestamp":{"iso":"2012-03-07T18:50:33","unixtimestamp":1331146233},"track":{"name":"Take Care - Album Version (Edited)","artist":{"name":"Drake","mbid":"7cf5af7a-afa0-4dca-9473-a13508c64e9d"}},"uncorrectedTrack":{"name":"Take Care - Album Version (Edited)","artist":{"name":"Drake","mbid":"7cf5af7a-afa0-4dca-9473-a13508c64e9d"}},"album":{"name":"Take Care","mbid":"572bec72-2d3f-4b3e-bf64-580a956a4310","artist":{"name":"Drake","mbid":"7cf5af7a-afa0-4dca-9473-a13508c64e9d"}}},{"timestamp":{"iso":"2012-03-07T18:55:41","unixtimestamp":1331146541},"track":{"name":"Hey Moon","mbid":"9639470b-8ffc-4099-a8a5-550dda650fd1","artist":{"name":"John Maus","mbid":"4c48078c-af4e-4ca3-9838-5841d91826e1"}},"uncorrectedTrack":{"name":"Hey Moon","mbid":"9639470b-8ffc-4099-a8a5-550dda650fd1","artist":{"name":"John Maus","mbid":"4c48078c-af4e-4ca3-9838-5841d91826e1"}},"album":{"name":"We Must Become the Pitiless Censors of Ourselves","mbid":"307bea77-636e-4593-a16d-ac57c5847c74","artist":{"name":"John Maus","mbid":"4c48078c-af4e-4ca3-9838-5841d91826e1"}}},{"timestamp":{"iso":"2012-03-07T18:59:51","unixtimestamp":1331146791},"track":{"name":"Cruel","mbid":"a426533e-4565-4ef7-960e-a4ee69677b29","artist":{"name":"St. Vincent","mbid":"5334edc0-5faf-4ca5-b1df-000de3e1f752"}},"uncorrectedTrack":{"name":"Cruel","mbid":"a426533e-4565-4ef7-960e-a4ee69677b29","artist":{"name":"St. Vincent","mbid":"5334edc0-5faf-4ca5-b1df-000de3e1f752"}},"album":{"name":"Strange Mercy","mbid":"bd392436-fcce-4fa9-ae5b-23620a7f9904","artist":{"name":"St. Vincent","mbid":"5334edc0-5faf-4ca5-b1df-000de3e1f752"}}},{"timestamp":{"iso":"2012-03-07T19:03:26","unixtimestamp":1331147006},"track":{"name":"Bizness","mbid":"0cdd5328-59a1-4fbb-b41e-b56bf3d83a2d","artist":{"name":"tUnE-yArDs","mbid":"fac3ff34-6ba4-425a-8f01-b181ef4a908a"}},"uncorrectedTrack":{"name":"Bizness","mbid":"0cdd5328-59a1-4fbb-b41e-b56bf3d83a2d","artist":{"name":"tUnE-yArDs","mbid":"fac3ff34-6ba4-425a-8f01-b181ef4a908a"}},"album":{"name":"w h o k i l l","mbid":"2aa9d2e6-fdaa-3f72-8a95-1c5807481cbc","artist":{"name":"tUnE-yArDs","mbid":"fac3ff34-6ba4-425a-8f01-b181ef4a908a"}}},{"timestamp":{"iso":"2012-03-07T19:07:50","unixtimestamp":1331147270},"track":{"name":"Civilian","mbid":"43fcd6f6-a37d-4f4a-908f-14ab14954abf","artist":{"name":"Wye Oak","mbid":"3c8ff4c9-b5b9-4e78-ad9d-5157c323de24"}},"uncorrectedTrack":{"name":"Civilian","mbid":"43fcd6f6-a37d-4f4a-908f-14ab14954abf","artist":{"name":"Wye Oak","mbid":"3c8ff4c9-b5b9-4e78-ad9d-5157c323de24"}},"album":{"name":"Civilian","mbid":"5aeafb83-9504-4a98-ab97-33ccc9194c53","artist":{"name":"Wye Oak","mbid":"3c8ff4c9-b5b9-4e78-ad9d-5157c323de24"}}},{"timestamp":{"iso":"2012-03-07T19:11:55","unixtimestamp":1331147515},"track":{"name":"Concrete Gold","mbid":"625e94c7-53a8-4793-9619-8df4adcc1b74","artist":{"name":"WU LYF","mbid":"338aa8c7-a7c0-4043-9c49-657ae3714f9b"}},"uncorrectedTrack":{"name":"Concrete Gold","mbid":"625e94c7-53a8-4793-9619-8df4adcc1b74","artist":{"name":"WU LYF","mbid":"338aa8c7-a7c0-4043-9c49-657ae3714f9b"}},"album":{"name":"Go Tell Fire to the Mountain","mbid":"0e6ed5f8-a76d-4e42-9431-de15394a0b3c","artist":{"name":"WU LYF","mbid":"338aa8c7-a7c0-4043-9c49-657ae3714f9b"}}},{"timestamp":{"iso":"2012-03-07T19:17:30","unixtimestamp":1331147850},"track":{"name":"One Sunday Morning","mbid":"ff2cd46a-98ac-42ed-ae99-64701fda6c80","artist":{"name":"Wilco","mbid":"9e53f84d-ef44-4c16-9677-5fd4d78cbd7d"}},"uncorrectedTrack":{"name":"One Sunday Morning","mbid":"ff2cd46a-98ac-42ed-ae99-64701fda6c80","artist":{"name":"Wilco","mbid":"9e53f84d-ef44-4c16-9677-5fd4d78cbd7d"}},"album":{"name":"The Whole Love","mbid":"ff966916-47f3-48b8-95ce-75ed50f6673c","artist":{"name":"Wilco","mbid":"9e53f84d-ef44-4c16-9677-5fd4d78cbd7d"}}},{"timestamp":{"iso":"2012-03-07T19:29:59","unixtimestamp":1331148599},"track":{"name":"Polish Girl","mbid":"080341ce-1ad5-42d3-b620-dc00c05950fe","artist":{"name":"Neon Indian","mbid":"e8238c02-1cf0-4a51-bfd0-cee93904d351"}},"uncorrectedTrack":{"name":"Polish Girl","mbid":"080341ce-1ad5-42d3-b620-dc00c05950fe","artist":{"name":"Neon Indian","mbid":"e8238c02-1cf0-4a51-bfd0-cee93904d351"}},"album":{"name":"Era Extraña","mbid":"1cfa5f86-f0a5-4af5-adaa-477f0570c554","artist":{"name":"Neon Indian","mbid":"e8238c02-1cf0-4a51-bfd0-cee93904d351"}}},{"timestamp":{"iso":"2012-03-07T19:34:24","unixtimestamp":1331148864},"track":{"name":"Montana","mbid":"ea455a0d-eced-4635-800e-ee07e22c718f","artist":{"name":"Youth Lagoon","mbid":"4a18722d-5a98-41c8-9e86-814afbffc704"}},"uncorrectedTrack":{"name":"Montana","mbid":"ea455a0d-eced-4635-800e-ee07e22c718f","artist":{"name":"Youth Lagoon","mbid":"4a18722d-5a98-41c8-9e86-814afbffc704"}},"album":{"name":"The Year of Hibernation","mbid":"541c94f4-e448-4cef-a6a2-701bfeef9e70","artist":{"name":"Youth Lagoon","mbid":"4a18722d-5a98-41c8-9e86-814afbffc704"}}},{"timestamp":{"iso":"2012-03-07T19:38:59","unixtimestamp":1331149139},"track":{"name":"Holocene","mbid":"063dbfaf-5e69-4664-b60c-00c608e9e79b","artist":{"name":"Bon Iver","mbid":"437a0e49-c6ae-42f6-a6c1-84f25ed366bc"}},"uncorrectedTrack":{"name":"Holocene","mbid":"063dbfaf-5e69-4664-b60c-00c608e9e79b","artist":{"name":"Bon Iver","mbid":"437a0e49-c6ae-42f6-a6c1-84f25ed366bc"}},"album":{"name":"Bon Iver","artist":{"name":"Bon Iver","mbid":"437a0e49-c6ae-42f6-a6c1-84f25ed366bc"}}},{"timestamp":{"iso":"2012-03-14T16:35:08","unixtimestamp":1331742908},"track":{"name":"Escapee","mbid":"f191f93a-e9de-4f50-a3a3-aee943a45d2a","artist":{"name":"Architecture in Helsinki","mbid":"6247b769-bb8a-4b48-b917-7068d04d10d7"}},"uncorrectedTrack":{"name":"Escapee","mbid":"f191f93a-e9de-4f50-a3a3-aee943a45d2a","artist":{"name":"Architecture in Helsinki","mbid":"6247b769-bb8a-4b48-b917-7068d04d10d7"}},"album":{"name":"Moment Bends","mbid":"05b5e21f-277c-35d3-9155-796d111b8a9f","artist":{"name":"Architecture in Helsinki","mbid":"6247b769-bb8a-4b48-b917-7068d04d10d7"}}}]