[{"timestamp":{"iso":"2010-12-02T01:11:10","unixtimestamp":1291252270},"track":{"name":"Love","mbid":"0fb656c3-0670-40f1-8e69-52c80e42e2ec","artist":{"name":"Air","mbid":"018dcc90-b1a2-400a-a96e-64b6a101f009"}},"uncorrectedTrack":{"name":"Love","mbid":"0fb656c3-0670-40f1-8e69-52c80e42e2ec","artist":{"name":"Air","mbid":"018dcc90-b1a2-400a-a96e-64b6a101f009"}},"album":{"name":"Love 2","mbid":"476fe9ed-0df9-33b3-9de4-bf55666f1df9","artist":{"name":"Air","mbid":"018dcc90-b1a2-400a-a96e-64b6a101f009"}}},{"timestamp":{"iso":"2010-12-02T01:13:53","unixtimestamp":1291252433},"track":{"name":"So Light Is Her Footfall","mbid":"54304819-3d5c-45a7-8aff-2a3266ecb0fb","artist":{"name":"Air","mbid":"018dcc90-b1a2-400a-a96e-64b6a101f009"}},"uncorrectedTrack":{"name":"So Light Is Her Footfall","mbid":"54304819-3d5c-45a7-8aff-2a3266ecb0fb","artist":{"name":"Air","mbid":"018dcc90-b1a2-400a-a96e-64b6a101f009"}},"album":{"name":"Love 2","mbid":"476fe9ed-0df9-33b3-9de4-bf55666f1df9","artist":{"name":"Air","mbid":"018dcc90-b1a2-400a-a96e-64b6a101f009"}}},{"timestamp":{"iso":"2010-12-02T01:17:07","unixtimestamp":1291252627},"track":{"name":"Missing the Light of the Day","mbid":"18543d36-3692-4d0d-bb29-664de59ae417","artist":{"name":"Air","mbid":"018dcc90-b1a2-400a-a96e-64b6a101f009"}},"uncorrectedTrack":{"name":"Missing the Light of the Day","mbid":"18543d36-3692-4d0d-bb29-664de59ae417","artist":{"name":"Air","mbid":"018dcc90-b1a2-400a-a96e-64b6a101f009"}},"album":{"name":"Love 2","mbid":"476fe9ed-0df9-33b3-9de4-bf55666f1df9","artist":{"name":"Air","mbid":"018dcc90-b1a2-400a-a96e-64b6a101f009"}}},{"timestamp":{"iso":"2010-12-02T01:21:33","unixtimestamp":1291252893},"track":{"name":"Tropical Disease","mbid":"24c7644b-fcc1-4e95-9c87-bd4fd47a7fe3","artist":{"name":"Air","mbid":"018dcc90-b1a2-400a-a96e-64b6a101f009"}},"uncorrectedTrack":{"name":"Tropical Disease","mbid":"24c7644b-fcc1-4e95-9c87-bd4fd47a7fe3","artist":{"name":"Air","mbid":"018dcc90-b1a2-400a-a96e-64b6a101f009"}},"album":{"name":"Love 2","mbid":"476fe9ed-0df9-33b3-9de4-bf55666f1df9","artist":{"name":"Air","mbid":"018dcc90-b1a2-400a-a96e-64b6a101f009"}}},{"timestamp":{"iso":"2010-12-02T01:28:23","unixtimestamp":1291253303},"track":{"name":"Heaven\u0027s Light","mbid":"10d5dd2e-5e54-475b-8d4c-7db1b4dbeb78","artist":{"name":"Air","mbid":"018dcc90-b1a2-400a-a96e-64b6a101f009"}},"uncorrectedTrack":{"name":"Heaven\u0027s Light","mbid":"10d5dd2e-5e54-475b-8d4c-7db1b4dbeb78","artist":{"name":"Air","mbid":"018dcc90-b1a2-400a-a96e-64b6a101f009"}},"album":{"name":"Love 2","mbid":"476fe9ed-0df9-33b3-9de4-bf55666f1df9","artist":{"name":"Air","mbid":"018dcc90-b1a2-400a-a96e-64b6a101f009"}}},{"timestamp":{"iso":"2010-12-02T01:32:16","unixtimestamp":1291253536},"track":{"name":"Night Hunter","mbid":"099147aa-1efd-4f1e-be75-0b254f769eee","artist":{"name":"Air","mbid":"018dcc90-b1a2-400a-a96e-64b6a101f009"}},"uncorrectedTrack":{"name":"Night Hunter","mbid":"099147aa-1efd-4f1e-be75-0b254f769eee","artist":{"name":"Air","mbid":"018dcc90-b1a2-400a-a96e-64b6a101f009"}},"album":{"name":"Love 2","mbid":"476fe9ed-0df9-33b3-9de4-bf55666f1df9","artist":{"name":"Air","mbid":"018dcc90-b1a2-400a-a96e-64b6a101f009"}}},{"timestamp":{"iso":"2010-12-02T01:36:30","unixtimestamp":1291253790},"track":{"name":"You Can Tell It To Everybody","mbid":"1d58b26a-e72a-4181-a517-fffcb2a46ec1","artist":{"name":"Air","mbid":"018dcc90-b1a2-400a-a96e-64b6a101f009"}},"uncorrectedTrack":{"name":"You Can Tell It To Everybody","mbid":"1d58b26a-e72a-4181-a517-fffcb2a46ec1","artist":{"name":"Air","mbid":"018dcc90-b1a2-400a-a96e-64b6a101f009"}},"album":{"name":"Love 2","mbid":"476fe9ed-0df9-33b3-9de4-bf55666f1df9","artist":{"name":"Air","mbid":"018dcc90-b1a2-400a-a96e-64b6a101f009"}}},{"timestamp":{"iso":"2010-12-02T01:40:41","unixtimestamp":1291254041},"track":{"name":"African Velvet","mbid":"09d1e667-b1d1-46ec-9b72-ba6332391b15","artist":{"name":"Air","mbid":"018dcc90-b1a2-400a-a96e-64b6a101f009"}},"uncorrectedTrack":{"name":"African Velvet","mbid":"09d1e667-b1d1-46ec-9b72-ba6332391b15","artist":{"name":"Air","mbid":"018dcc90-b1a2-400a-a96e-64b6a101f009"}},"album":{"name":"Love 2","mbid":"476fe9ed-0df9-33b3-9de4-bf55666f1df9","artist":{"name":"Air","mbid":"018dcc90-b1a2-400a-a96e-64b6a101f009"}}},{"timestamp":{"iso":"2010-12-02T02:02:16","unixtimestamp":1291255336},"track":{"name":"Ghosts N Stuff","mbid":"05542e90-747e-439e-840a-fac5c246c444","artist":{"name":"deadmau5","mbid":"316f2aab-3477-4c62-bb08-eb04dcdcc18f"}},"uncorrectedTrack":{"name":"Ghosts N Stuff","mbid":"05542e90-747e-439e-840a-fac5c246c444","artist":{"name":"deadmau5","mbid":"316f2aab-3477-4c62-bb08-eb04dcdcc18f"}},"album":{"name":"It Sounds Like","mbid":"b0a03a16-3daa-4abd-89e6-50858f300246","artist":{"name":"deadmau5","mbid":"316f2aab-3477-4c62-bb08-eb04dcdcc18f"}}},{"timestamp":{"iso":"2010-12-02T02:08:27","unixtimestamp":1291255707},"track":{"name":"Lorge","mbid":"a44a78bc-625b-4625-9486-66ad5956fb3a","artist":{"name":"El Ten Eleven","mbid":"6c99afec-a207-4519-9d39-616880b6177b"}},"uncorrectedTrack":{"name":"Lorge","mbid":"a44a78bc-625b-4625-9486-66ad5956fb3a","artist":{"name":"El Ten Eleven","mbid":"6c99afec-a207-4519-9d39-616880b6177b"}},"album":{"name":"El Ten Eleven","mbid":"db3eebbe-4d38-4cf9-8e70-2ee2643bcac1","artist":{"name":"El Ten Eleven","mbid":"6c99afec-a207-4519-9d39-616880b6177b"}}},{"timestamp":{"iso":"2010-12-02T02:12:23","unixtimestamp":1291255943},"track":{"name":"3 Plus 4","mbid":"a7b352ea-3f45-45d0-a4ec-321fc2351142","artist":{"name":"El Ten Eleven","mbid":"6c99afec-a207-4519-9d39-616880b6177b"}},"uncorrectedTrack":{"name":"3 Plus 4","mbid":"a7b352ea-3f45-45d0-a4ec-321fc2351142","artist":{"name":"El Ten Eleven","mbid":"6c99afec-a207-4519-9d39-616880b6177b"}},"album":{"name":"Every Direction Is North","mbid":"66483cbd-ba45-46be-9d99-c06d87f8198f","artist":{"name":"El Ten Eleven","mbid":"6c99afec-a207-4519-9d39-616880b6177b"}}},{"timestamp":{"iso":"2010-12-02T02:16:35","unixtimestamp":1291256195},"track":{"name":"I Like Van Halen Because My Sister Says They Are Cool","mbid":"041a279f-e3d3-4f88-8dd7-b804979fe859","artist":{"name":"El Ten Eleven","mbid":"6c99afec-a207-4519-9d39-616880b6177b"}},"uncorrectedTrack":{"name":"I Like Van Halen Because My Sister Says Their Cool","artist":{"name":"El Ten Eleven","mbid":"6c99afec-a207-4519-9d39-616880b6177b"}},"album":{"name":"These Promises Are Being Videotaped","mbid":"711122ac-4e1a-48ed-bb36-75e286df01b8","artist":{"name":"El Ten Eleven","mbid":"6c99afec-a207-4519-9d39-616880b6177b"}}},{"timestamp":{"iso":"2010-12-02T02:20:29","unixtimestamp":1291256429},"track":{"name":"So Long, Lonesome","mbid":"253801de-47cc-480f-8e4b-5faaeb6c26eb","artist":{"name":"Explosions in the Sky","mbid":"1c4b9280-7bee-4fdd-8886-daa627d471a0"}},"uncorrectedTrack":{"name":"So Long, Lonesome","mbid":"253801de-47cc-480f-8e4b-5faaeb6c26eb","artist":{"name":"Explosions in the Sky","mbid":"1c4b9280-7bee-4fdd-8886-daa627d471a0"}},"album":{"name":"All of a Sudden I Miss Everyone","mbid":"2649d0a3-3bac-44d1-b60b-646c9fc97288","artist":{"name":"Explosions in the Sky","mbid":"1c4b9280-7bee-4fdd-8886-daa627d471a0"}}},{"timestamp":{"iso":"2010-12-02T02:24:10","unixtimestamp":1291256650},"track":{"name":"AM180","artist":{"name":"Grandaddy","mbid":"9d4c4835-c71a-4647-a4fc-263e26832cd0"}},"uncorrectedTrack":{"name":"AM180","artist":{"name":"Grandaddy","mbid":"9d4c4835-c71a-4647-a4fc-263e26832cd0"}},"album":{"name":"28 Days Later OST","artist":{"name":"Grandaddy","mbid":"9d4c4835-c71a-4647-a4fc-263e26832cd0"}}},{"timestamp":{"iso":"2010-12-02T02:27:30","unixtimestamp":1291256850},"track":{"name":"Ready for the Floor","mbid":"97d9e80a-a0e9-4c66-b2d1-e97d4f341b1a","artist":{"name":"Hot Chip","mbid":"d8915e13-d67a-4aa0-9c0b-1f126af951af"}},"uncorrectedTrack":{"name":"Ready for the Floor","mbid":"97d9e80a-a0e9-4c66-b2d1-e97d4f341b1a","artist":{"name":"Hot Chip","mbid":"d8915e13-d67a-4aa0-9c0b-1f126af951af"}},"album":{"name":"Ready for the Floor","mbid":"0a4160c7-36ff-4ce8-87b4-1f988301c963","artist":{"name":"Hot Chip","mbid":"d8915e13-d67a-4aa0-9c0b-1f126af951af"}}},{"timestamp":{"iso":"2010-12-02T02:31:25","unixtimestamp":1291257085},"track":{"name":"Spotless Mind","mbid":"5e96d2b1-0caa-4151-a46f-d600baa05d93","artist":{"name":"Jon Brion","mbid":"a32e4aac-1db8-4dc6-be34-a813c4530627"}},"uncorrectedTrack":{"name":"Spotless Mind","mbid":"5e96d2b1-0caa-4151-a46f-d600baa05d93","artist":{"name":"Jon Brion","mbid":"a32e4aac-1db8-4dc6-be34-a813c4530627"}},"album":{"name":"Eternal Sunshine Of The Spotle","artist":{"name":"Jon Brion","mbid":"a32e4aac-1db8-4dc6-be34-a813c4530627"}}},{"timestamp":{"iso":"2010-12-02T02:32:37","unixtimestamp":1291257157},"track":{"name":"Theme","mbid":"0488a771-58f0-4739-8b63-6822b19af544","artist":{"name":"Jon Brion","mbid":"a32e4aac-1db8-4dc6-be34-a813c4530627"}},"uncorrectedTrack":{"name":"Theme","mbid":"0488a771-58f0-4739-8b63-6822b19af544","artist":{"name":"Jon Brion","mbid":"a32e4aac-1db8-4dc6-be34-a813c4530627"}},"album":{"name":"Eternal Sunshine Of The Spotle","artist":{"name":"Jon Brion","mbid":"a32e4aac-1db8-4dc6-be34-a813c4530627"}}},{"timestamp":{"iso":"2010-12-02T02:35:01","unixtimestamp":1291257301},"track":{"name":"Winning A Battle, Losing The War","mbid":"bdca082e-1dbe-43a2-b1c0-d74eaafaf850","artist":{"name":"Kings of Convenience","mbid":"cf0f4547-ffbd-4011-98ad-0bec9ba022db"}},"uncorrectedTrack":{"name":"Winning A Battle, Losing The War","mbid":"bdca082e-1dbe-43a2-b1c0-d74eaafaf850","artist":{"name":"Kings of Convenience","mbid":"cf0f4547-ffbd-4011-98ad-0bec9ba022db"}},"album":{"name":"Quiet Is the New Loud","mbid":"f8e764f3-467d-4935-ba3d-32d898ed1c0b","artist":{"name":"Kings of Convenience","mbid":"cf0f4547-ffbd-4011-98ad-0bec9ba022db"}}},{"timestamp":{"iso":"2010-12-02T02:38:56","unixtimestamp":1291257536},"track":{"name":"Toxic Girl","mbid":"0615a4a9-28a5-45e5-bb13-79be884fbc6c","artist":{"name":"Kings of Convenience","mbid":"cf0f4547-ffbd-4011-98ad-0bec9ba022db"}},"uncorrectedTrack":{"name":"Toxic Girl","mbid":"0615a4a9-28a5-45e5-bb13-79be884fbc6c","artist":{"name":"Kings of Convenience","mbid":"cf0f4547-ffbd-4011-98ad-0bec9ba022db"}},"album":{"name":"Quiet Is the New Loud","mbid":"f8e764f3-467d-4935-ba3d-32d898ed1c0b","artist":{"name":"Kings of Convenience","mbid":"cf0f4547-ffbd-4011-98ad-0bec9ba022db"}}},{"timestamp":{"iso":"2010-12-02T02:42:05","unixtimestamp":1291257725},"track":{"name":"Singing Softly To Me","mbid":"4169a07d-abac-49b0-a12b-59a9c0e92fd5","artist":{"name":"Kings of Convenience","mbid":"cf0f4547-ffbd-4011-98ad-0bec9ba022db"}},"uncorrectedTrack":{"name":"Singing Softly To Me","mbid":"4169a07d-abac-49b0-a12b-59a9c0e92fd5","artist":{"name":"Kings of Convenience","mbid":"cf0f4547-ffbd-4011-98ad-0bec9ba022db"}},"album":{"name":"Quiet Is the New Loud","mbid":"f8e764f3-467d-4935-ba3d-32d898ed1c0b","artist":{"name":"Kings of Convenience","mbid":"cf0f4547-ffbd-4011-98ad-0bec9ba022db"}}},{"timestamp":{"iso":"2010-12-02T02:45:14","unixtimestamp":1291257914},"track":{"name":"I Don\u0027t Know What I Can Save You","artist":{"name":"Kings of Convenience","mbid":"cf0f4547-ffbd-4011-98ad-0bec9ba022db"}},"uncorrectedTrack":{"name":"I Don\u0027t Know What I Can Save You","artist":{"name":"Kings of Convenience","mbid":"cf0f4547-ffbd-4011-98ad-0bec9ba022db"}},"album":{"name":"Quiet Is the New Loud","mbid":"f8e764f3-467d-4935-ba3d-32d898ed1c0b","artist":{"name":"Kings of Convenience","mbid":"cf0f4547-ffbd-4011-98ad-0bec9ba022db"}}},{"timestamp":{"iso":"2010-12-02T02:49:52","unixtimestamp":1291258192},"track":{"name":"Failure","mbid":"e7b20c18-7db0-4bfc-b4ed-2e5007df0557","artist":{"name":"Kings of Convenience","mbid":"cf0f4547-ffbd-4011-98ad-0bec9ba022db"}},"uncorrectedTrack":{"name":"Failure","mbid":"e7b20c18-7db0-4bfc-b4ed-2e5007df0557","artist":{"name":"Kings of Convenience","mbid":"cf0f4547-ffbd-4011-98ad-0bec9ba022db"}},"album":{"name":"Quiet Is the New Loud","mbid":"f8e764f3-467d-4935-ba3d-32d898ed1c0b","artist":{"name":"Kings of Convenience","mbid":"cf0f4547-ffbd-4011-98ad-0bec9ba022db"}}},{"timestamp":{"iso":"2010-12-02T02:53:27","unixtimestamp":1291258407},"track":{"name":"Moon","mbid":"793f88ed-2e8c-4cdc-b042-8920877a82fc","artist":{"name":"Little People","mbid":"0ab53372-ba70-4e7b-814b-12bc35fe4719"}},"uncorrectedTrack":{"name":"Moon","mbid":"793f88ed-2e8c-4cdc-b042-8920877a82fc","artist":{"name":"Little People","mbid":"0ab53372-ba70-4e7b-814b-12bc35fe4719"}},"album":{"name":"Mickey Mouse Operation","mbid":"db4d5128-f065-4938-8161-c50cf64b6f05","artist":{"name":"Little People","mbid":"0ab53372-ba70-4e7b-814b-12bc35fe4719"}}},{"timestamp":{"iso":"2010-12-02T02:57:14","unixtimestamp":1291258634},"track":{"name":"Unsaid","mbid":"72d957d2-8816-4d5f-9018-20e56c7a4593","artist":{"name":"Little People","mbid":"0ab53372-ba70-4e7b-814b-12bc35fe4719"}},"uncorrectedTrack":{"name":"Unsaid","mbid":"72d957d2-8816-4d5f-9018-20e56c7a4593","artist":{"name":"Little People","mbid":"0ab53372-ba70-4e7b-814b-12bc35fe4719"}},"album":{"name":"Mickey Mouse Operation","mbid":"db4d5128-f065-4938-8161-c50cf64b6f05","artist":{"name":"Little People","mbid":"0ab53372-ba70-4e7b-814b-12bc35fe4719"}}},{"timestamp":{"iso":"2010-12-02T03:01:03","unixtimestamp":1291258863},"track":{"name":"Eitheror","mbid":"86a9e9a7-aa75-4448-9608-a3ca20e46dad","artist":{"name":"Little People","mbid":"0ab53372-ba70-4e7b-814b-12bc35fe4719"}},"uncorrectedTrack":{"name":"Eitheror","mbid":"86a9e9a7-aa75-4448-9608-a3ca20e46dad","artist":{"name":"Little People","mbid":"0ab53372-ba70-4e7b-814b-12bc35fe4719"}},"album":{"name":"Mickey Mouse Operation","mbid":"db4d5128-f065-4938-8161-c50cf64b6f05","artist":{"name":"Little People","mbid":"0ab53372-ba70-4e7b-814b-12bc35fe4719"}}},{"timestamp":{"iso":"2010-12-02T03:06:48","unixtimestamp":1291259208},"track":{"name":"Above The Clouds","mbid":"21ea50a4-a82e-48a7-a11d-40f9636e874e","artist":{"name":"Little People","mbid":"0ab53372-ba70-4e7b-814b-12bc35fe4719"}},"uncorrectedTrack":{"name":"Above The Clouds","mbid":"21ea50a4-a82e-48a7-a11d-40f9636e874e","artist":{"name":"Little People","mbid":"0ab53372-ba70-4e7b-814b-12bc35fe4719"}},"album":{"name":"Mickey Mouse Operation","mbid":"db4d5128-f065-4938-8161-c50cf64b6f05","artist":{"name":"Little People","mbid":"0ab53372-ba70-4e7b-814b-12bc35fe4719"}}},{"timestamp":{"iso":"2010-12-02T03:10:38","unixtimestamp":1291259438},"track":{"name":"Idiom","mbid":"b0b08fea-3766-491e-a7bc-6db92c7525b7","artist":{"name":"Little People","mbid":"0ab53372-ba70-4e7b-814b-12bc35fe4719"}},"uncorrectedTrack":{"name":"Idiom","mbid":"b0b08fea-3766-491e-a7bc-6db92c7525b7","artist":{"name":"Little People","mbid":"0ab53372-ba70-4e7b-814b-12bc35fe4719"}},"album":{"name":"Mickey Mouse Operation","mbid":"db4d5128-f065-4938-8161-c50cf64b6f05","artist":{"name":"Little People","mbid":"0ab53372-ba70-4e7b-814b-12bc35fe4719"}}},{"timestamp":{"iso":"2010-12-02T03:19:34","unixtimestamp":1291259974},"track":{"name":"Two Dots","artist":{"name":"Lusine"}},"uncorrectedTrack":{"name":"Two Dots","artist":{"name":"Lusine"}},"album":{"name":"A Certain Distance","mbid":"8ac4688a-415e-475f-8aa2-824613cdd44b","artist":{"name":"Lusine"}}},{"timestamp":{"iso":"2010-12-02T03:24:14","unixtimestamp":1291260254},"track":{"name":"Tin Hat","artist":{"name":"Lusine"}},"uncorrectedTrack":{"name":"Tin Hat","artist":{"name":"Lusine"}},"album":{"name":"A Certain Distance","mbid":"8ac4688a-415e-475f-8aa2-824613cdd44b","artist":{"name":"Lusine"}}},{"timestamp":{"iso":"2010-12-02T03:28:56","unixtimestamp":1291260536},"track":{"name":"Thick Of It","mbid":"ffd8bd2e-b7d7-44ed-a9bb-f14abcb94682","artist":{"name":"Lusine"}},"uncorrectedTrack":{"name":"Thick Of It","mbid":"ffd8bd2e-b7d7-44ed-a9bb-f14abcb94682","artist":{"name":"Lusine"}},"album":{"name":"A Certain Distance","mbid":"8ac4688a-415e-475f-8aa2-824613cdd44b","artist":{"name":"Lusine"}}},{"timestamp":{"iso":"2010-12-02T03:35:22","unixtimestamp":1291260922},"track":{"name":"Twilight","artist":{"name":"Lusine"}},"uncorrectedTrack":{"name":"Twilight","artist":{"name":"Lusine"}},"album":{"name":"A Certain Distance","mbid":"8ac4688a-415e-475f-8aa2-824613cdd44b","artist":{"name":"Lusine"}}},{"timestamp":{"iso":"2010-12-03T23:49:02","unixtimestamp":1291420142},"track":{"name":"L.E.S. Artists","artist":{"name":"Santigold","mbid":"56bd1249-3e9a-468d-9efe-57cb980634e1"}},"uncorrectedTrack":{"name":"L.E.S. Artists","artist":{"name":"Santogold"}},"album":{"name":"Palm Out Sounds, Remix Sunday","artist":{"name":"Santogold"}}},{"timestamp":{"iso":"2010-12-03T23:52:58","unixtimestamp":1291420378},"track":{"name":"Betray","mbid":"3bff9e39-3c51-4fba-b9f1-060272076827","artist":{"name":"Son Lux","mbid":"afcd292c-3c1e-4708-af4a-991aadf957e4"}},"uncorrectedTrack":{"name":"Betray","mbid":"3bff9e39-3c51-4fba-b9f1-060272076827","artist":{"name":"Son Lux","mbid":"afcd292c-3c1e-4708-af4a-991aadf957e4"}},"album":{"name":"At War with Walls and Mazes - 2008 - Flac","artist":{"name":"Son Lux","mbid":"afcd292c-3c1e-4708-af4a-991aadf957e4"}}},{"timestamp":{"iso":"2010-12-03T23:58:03","unixtimestamp":1291420683},"track":{"name":"Stay","mbid":"ad8f64d1-6cd7-4423-b6c9-fe2485b2b4aa","artist":{"name":"Son Lux","mbid":"afcd292c-3c1e-4708-af4a-991aadf957e4"}},"uncorrectedTrack":{"name":"Stay","mbid":"ad8f64d1-6cd7-4423-b6c9-fe2485b2b4aa","artist":{"name":"Son Lux","mbid":"afcd292c-3c1e-4708-af4a-991aadf957e4"}},"album":{"name":"At War with Walls and Mazes - 2008 - Flac","artist":{"name":"Son Lux","mbid":"afcd292c-3c1e-4708-af4a-991aadf957e4"}}},{"timestamp":{"iso":"2010-12-04T00:01:19","unixtimestamp":1291420879},"track":{"name":"So Easy","mbid":"12aa2bb9-8afc-467c-be53-e74232b6d46f","artist":{"name":"Röyksopp","mbid":"1c70a3fc-fa3c-4be1-8b55-c3192db8a884"}},"uncorrectedTrack":{"name":"So Easy","mbid":"12aa2bb9-8afc-467c-be53-e74232b6d46f","artist":{"name":"Röyksopp","mbid":"1c70a3fc-fa3c-4be1-8b55-c3192db8a884"}},"album":{"name":"Melody A.M.","mbid":"10f5262b-433c-492c-ab86-7b492a860358","artist":{"name":"Röyksopp","mbid":"1c70a3fc-fa3c-4be1-8b55-c3192db8a884"}}},{"timestamp":{"iso":"2010-12-04T00:05:29","unixtimestamp":1291421129},"track":{"name":"A Higher Place","artist":{"name":"Röyksopp","mbid":"1c70a3fc-fa3c-4be1-8b55-c3192db8a884"}},"uncorrectedTrack":{"name":"A Higher Place","artist":{"name":"Röyksopp","mbid":"1c70a3fc-fa3c-4be1-8b55-c3192db8a884"}},"album":{"name":"Melody A.M.","mbid":"10f5262b-433c-492c-ab86-7b492a860358","artist":{"name":"Röyksopp","mbid":"1c70a3fc-fa3c-4be1-8b55-c3192db8a884"}}},{"timestamp":{"iso":"2010-12-04T00:10:00","unixtimestamp":1291421400},"track":{"name":"Eple (Shakedown remix)","mbid":"0dd9b433-4640-4afb-ab2d-1474cdbeb785","artist":{"name":"Röyksopp","mbid":"1c70a3fc-fa3c-4be1-8b55-c3192db8a884"}},"uncorrectedTrack":{"name":"Eple (Shakedown remix)","artist":{"name":"royksopp"}}},{"timestamp":{"iso":"2010-12-04T19:58:18","unixtimestamp":1291492698},"track":{"name":"Plankton","mbid":"8201fc99-aa18-4c82-b976-f6d9c8ce4b4c","artist":{"name":"Buckethead","mbid":"b5179744-f217-4455-9d8b-17b8d4fdeb93"}},"uncorrectedTrack":{"name":"Plankton","mbid":"8201fc99-aa18-4c82-b976-f6d9c8ce4b4c","artist":{"name":"Buckethead","mbid":"b5179744-f217-4455-9d8b-17b8d4fdeb93"}},"album":{"name":"Pepper\u0027s Ghost","mbid":"a2c5a1dd-9b3b-4199-ae87-7421ffca5f88","artist":{"name":"Buckethead","mbid":"b5179744-f217-4455-9d8b-17b8d4fdeb93"}}},{"timestamp":{"iso":"2010-12-04T20:02:30","unixtimestamp":1291492950},"track":{"name":"Revolution 909","mbid":"fa61d962-db65-46af-bf16-3d8aef59c913","artist":{"name":"Daft Punk","mbid":"056e4f3e-d505-4dad-8ec1-d04f521cbb56"}},"uncorrectedTrack":{"name":"Revolution 909","mbid":"fa61d962-db65-46af-bf16-3d8aef59c913","artist":{"name":"Daft Punk","mbid":"056e4f3e-d505-4dad-8ec1-d04f521cbb56"}},"album":{"name":"Homework","mbid":"497f9acf-a695-332e-bc20-1c8745248550","artist":{"name":"Daft Punk","mbid":"056e4f3e-d505-4dad-8ec1-d04f521cbb56"}}},{"timestamp":{"iso":"2010-12-04T20:07:57","unixtimestamp":1291493277},"track":{"name":"Ghosts N Stuff","mbid":"05542e90-747e-439e-840a-fac5c246c444","artist":{"name":"deadmau5","mbid":"316f2aab-3477-4c62-bb08-eb04dcdcc18f"}},"uncorrectedTrack":{"name":"Ghosts N Stuff","mbid":"05542e90-747e-439e-840a-fac5c246c444","artist":{"name":"deadmau5","mbid":"316f2aab-3477-4c62-bb08-eb04dcdcc18f"}},"album":{"name":"It Sounds Like","mbid":"b0a03a16-3daa-4abd-89e6-50858f300246","artist":{"name":"deadmau5","mbid":"316f2aab-3477-4c62-bb08-eb04dcdcc18f"}}},{"timestamp":{"iso":"2010-12-04T20:14:07","unixtimestamp":1291493647},"track":{"name":"Lorge","mbid":"a44a78bc-625b-4625-9486-66ad5956fb3a","artist":{"name":"El Ten Eleven","mbid":"6c99afec-a207-4519-9d39-616880b6177b"}},"uncorrectedTrack":{"name":"Lorge","mbid":"a44a78bc-625b-4625-9486-66ad5956fb3a","artist":{"name":"El Ten Eleven","mbid":"6c99afec-a207-4519-9d39-616880b6177b"}},"album":{"name":"El Ten Eleven","mbid":"db3eebbe-4d38-4cf9-8e70-2ee2643bcac1","artist":{"name":"El Ten Eleven","mbid":"6c99afec-a207-4519-9d39-616880b6177b"}}},{"timestamp":{"iso":"2010-12-04T20:18:03","unixtimestamp":1291493883},"track":{"name":"3 Plus 4","mbid":"a7b352ea-3f45-45d0-a4ec-321fc2351142","artist":{"name":"El Ten Eleven","mbid":"6c99afec-a207-4519-9d39-616880b6177b"}},"uncorrectedTrack":{"name":"3 Plus 4","mbid":"a7b352ea-3f45-45d0-a4ec-321fc2351142","artist":{"name":"El Ten Eleven","mbid":"6c99afec-a207-4519-9d39-616880b6177b"}},"album":{"name":"Every Direction Is North","mbid":"66483cbd-ba45-46be-9d99-c06d87f8198f","artist":{"name":"El Ten Eleven","mbid":"6c99afec-a207-4519-9d39-616880b6177b"}}},{"timestamp":{"iso":"2010-12-04T20:22:15","unixtimestamp":1291494135},"track":{"name":"I Like Van Halen Because My Sister Says They Are Cool","mbid":"041a279f-e3d3-4f88-8dd7-b804979fe859","artist":{"name":"El Ten Eleven","mbid":"6c99afec-a207-4519-9d39-616880b6177b"}},"uncorrectedTrack":{"name":"I Like Van Halen Because My Sister Says Their Cool","artist":{"name":"El Ten Eleven","mbid":"6c99afec-a207-4519-9d39-616880b6177b"}},"album":{"name":"These Promises Are Being Videotaped","mbid":"711122ac-4e1a-48ed-bb36-75e286df01b8","artist":{"name":"El Ten Eleven","mbid":"6c99afec-a207-4519-9d39-616880b6177b"}}},{"timestamp":{"iso":"2010-12-04T20:26:10","unixtimestamp":1291494370},"track":{"name":"So Long, Lonesome","mbid":"253801de-47cc-480f-8e4b-5faaeb6c26eb","artist":{"name":"Explosions in the Sky","mbid":"1c4b9280-7bee-4fdd-8886-daa627d471a0"}},"uncorrectedTrack":{"name":"So Long, Lonesome","mbid":"253801de-47cc-480f-8e4b-5faaeb6c26eb","artist":{"name":"Explosions in the Sky","mbid":"1c4b9280-7bee-4fdd-8886-daa627d471a0"}},"album":{"name":"All of a Sudden I Miss Everyone","mbid":"2649d0a3-3bac-44d1-b60b-646c9fc97288","artist":{"name":"Explosions in the Sky","mbid":"1c4b9280-7bee-4fdd-8886-daa627d471a0"}}},{"timestamp":{"iso":"2010-12-04T20:29:50","unixtimestamp":1291494590},"track":{"name":"AM180","artist":{"name":"Grandaddy","mbid":"9d4c4835-c71a-4647-a4fc-263e26832cd0"}},"uncorrectedTrack":{"name":"AM180","artist":{"name":"Grandaddy","mbid":"9d4c4835-c71a-4647-a4fc-263e26832cd0"}},"album":{"name":"28 Days Later OST","artist":{"name":"Grandaddy","mbid":"9d4c4835-c71a-4647-a4fc-263e26832cd0"}}},{"timestamp":{"iso":"2010-12-04T20:33:10","unixtimestamp":1291494790},"track":{"name":"Ready for the Floor","mbid":"97d9e80a-a0e9-4c66-b2d1-e97d4f341b1a","artist":{"name":"Hot Chip","mbid":"d8915e13-d67a-4aa0-9c0b-1f126af951af"}},"uncorrectedTrack":{"name":"Ready for the Floor","mbid":"97d9e80a-a0e9-4c66-b2d1-e97d4f341b1a","artist":{"name":"Hot Chip","mbid":"d8915e13-d67a-4aa0-9c0b-1f126af951af"}},"album":{"name":"Ready for the Floor","mbid":"0a4160c7-36ff-4ce8-87b4-1f988301c963","artist":{"name":"Hot Chip","mbid":"d8915e13-d67a-4aa0-9c0b-1f126af951af"}}},{"timestamp":{"iso":"2010-12-04T20:37:05","unixtimestamp":1291495025},"track":{"name":"Spotless Mind","mbid":"5e96d2b1-0caa-4151-a46f-d600baa05d93","artist":{"name":"Jon Brion","mbid":"a32e4aac-1db8-4dc6-be34-a813c4530627"}},"uncorrectedTrack":{"name":"Spotless Mind","mbid":"5e96d2b1-0caa-4151-a46f-d600baa05d93","artist":{"name":"Jon Brion","mbid":"a32e4aac-1db8-4dc6-be34-a813c4530627"}},"album":{"name":"Eternal Sunshine Of The Spotle","artist":{"name":"Jon Brion","mbid":"a32e4aac-1db8-4dc6-be34-a813c4530627"}}},{"timestamp":{"iso":"2010-12-04T20:38:18","unixtimestamp":1291495098},"track":{"name":"Theme","mbid":"0488a771-58f0-4739-8b63-6822b19af544","artist":{"name":"Jon Brion","mbid":"a32e4aac-1db8-4dc6-be34-a813c4530627"}},"uncorrectedTrack":{"name":"Theme","mbid":"0488a771-58f0-4739-8b63-6822b19af544","artist":{"name":"Jon Brion","mbid":"a32e4aac-1db8-4dc6-be34-a813c4530627"}},"album":{"name":"Eternal Sunshine Of The Spotle","artist":{"name":"Jon Brion","mbid":"a32e4aac-1db8-4dc6-be34-a813c4530627"}}},{"timestamp":{"iso":"2010-12-04T20:40:42","unixtimestamp":1291495242},"track":{"name":"Winning A Battle, Losing The War","mbid":"bdca082e-1dbe-43a2-b1c0-d74eaafaf850","artist":{"name":"Kings of Convenience","mbid":"cf0f4547-ffbd-4011-98ad-0bec9ba022db"}},"uncorrectedTrack":{"name":"Winning A Battle, Losing The War","mbid":"bdca082e-1dbe-43a2-b1c0-d74eaafaf850","artist":{"name":"Kings of Convenience","mbid":"cf0f4547-ffbd-4011-98ad-0bec9ba022db"}},"album":{"name":"Quiet Is the New Loud","mbid":"f8e764f3-467d-4935-ba3d-32d898ed1c0b","artist":{"name":"Kings of Convenience","mbid":"cf0f4547-ffbd-4011-98ad-0bec9ba022db"}}},{"timestamp":{"iso":"2010-12-04T20:44:36","unixtimestamp":1291495476},"track":{"name":"Toxic Girl","mbid":"0615a4a9-28a5-45e5-bb13-79be884fbc6c","artist":{"name":"Kings of Convenience","mbid":"cf0f4547-ffbd-4011-98ad-0bec9ba022db"}},"uncorrectedTrack":{"name":"Toxic Girl","mbid":"0615a4a9-28a5-45e5-bb13-79be884fbc6c","artist":{"name":"Kings of Convenience","mbid":"cf0f4547-ffbd-4011-98ad-0bec9ba022db"}},"album":{"name":"Quiet Is the New Loud","mbid":"f8e764f3-467d-4935-ba3d-32d898ed1c0b","artist":{"name":"Kings of Convenience","mbid":"cf0f4547-ffbd-4011-98ad-0bec9ba022db"}}},{"timestamp":{"iso":"2010-12-04T20:47:46","unixtimestamp":1291495666},"track":{"name":"Singing Softly To Me","mbid":"4169a07d-abac-49b0-a12b-59a9c0e92fd5","artist":{"name":"Kings of Convenience","mbid":"cf0f4547-ffbd-4011-98ad-0bec9ba022db"}},"uncorrectedTrack":{"name":"Singing Softly To Me","mbid":"4169a07d-abac-49b0-a12b-59a9c0e92fd5","artist":{"name":"Kings of Convenience","mbid":"cf0f4547-ffbd-4011-98ad-0bec9ba022db"}},"album":{"name":"Quiet Is the New Loud","mbid":"f8e764f3-467d-4935-ba3d-32d898ed1c0b","artist":{"name":"Kings of Convenience","mbid":"cf0f4547-ffbd-4011-98ad-0bec9ba022db"}}},{"timestamp":{"iso":"2010-12-04T20:50:55","unixtimestamp":1291495855},"track":{"name":"I Don\u0027t Know What I Can Save You","artist":{"name":"Kings of Convenience","mbid":"cf0f4547-ffbd-4011-98ad-0bec9ba022db"}},"uncorrectedTrack":{"name":"I Don\u0027t Know What I Can Save You","artist":{"name":"Kings of Convenience","mbid":"cf0f4547-ffbd-4011-98ad-0bec9ba022db"}},"album":{"name":"Quiet Is the New Loud","mbid":"f8e764f3-467d-4935-ba3d-32d898ed1c0b","artist":{"name":"Kings of Convenience","mbid":"cf0f4547-ffbd-4011-98ad-0bec9ba022db"}}},{"timestamp":{"iso":"2010-12-04T20:55:32","unixtimestamp":1291496132},"track":{"name":"Failure","mbid":"e7b20c18-7db0-4bfc-b4ed-2e5007df0557","artist":{"name":"Kings of Convenience","mbid":"cf0f4547-ffbd-4011-98ad-0bec9ba022db"}},"uncorrectedTrack":{"name":"Failure","mbid":"e7b20c18-7db0-4bfc-b4ed-2e5007df0557","artist":{"name":"Kings of Convenience","mbid":"cf0f4547-ffbd-4011-98ad-0bec9ba022db"}},"album":{"name":"Quiet Is the New Loud","mbid":"f8e764f3-467d-4935-ba3d-32d898ed1c0b","artist":{"name":"Kings of Convenience","mbid":"cf0f4547-ffbd-4011-98ad-0bec9ba022db"}}},{"timestamp":{"iso":"2010-12-04T20:59:06","unixtimestamp":1291496346},"track":{"name":"Moon","mbid":"793f88ed-2e8c-4cdc-b042-8920877a82fc","artist":{"name":"Little People","mbid":"0ab53372-ba70-4e7b-814b-12bc35fe4719"}},"uncorrectedTrack":{"name":"Moon","mbid":"793f88ed-2e8c-4cdc-b042-8920877a82fc","artist":{"name":"Little People","mbid":"0ab53372-ba70-4e7b-814b-12bc35fe4719"}},"album":{"name":"Mickey Mouse Operation","mbid":"db4d5128-f065-4938-8161-c50cf64b6f05","artist":{"name":"Little People","mbid":"0ab53372-ba70-4e7b-814b-12bc35fe4719"}}},{"timestamp":{"iso":"2010-12-04T21:02:54","unixtimestamp":1291496574},"track":{"name":"Unsaid","mbid":"72d957d2-8816-4d5f-9018-20e56c7a4593","artist":{"name":"Little People","mbid":"0ab53372-ba70-4e7b-814b-12bc35fe4719"}},"uncorrectedTrack":{"name":"Unsaid","mbid":"72d957d2-8816-4d5f-9018-20e56c7a4593","artist":{"name":"Little People","mbid":"0ab53372-ba70-4e7b-814b-12bc35fe4719"}},"album":{"name":"Mickey Mouse Operation","mbid":"db4d5128-f065-4938-8161-c50cf64b6f05","artist":{"name":"Little People","mbid":"0ab53372-ba70-4e7b-814b-12bc35fe4719"}}},{"timestamp":{"iso":"2010-12-04T21:06:43","unixtimestamp":1291496803},"track":{"name":"Eitheror","mbid":"86a9e9a7-aa75-4448-9608-a3ca20e46dad","artist":{"name":"Little People","mbid":"0ab53372-ba70-4e7b-814b-12bc35fe4719"}},"uncorrectedTrack":{"name":"Eitheror","mbid":"86a9e9a7-aa75-4448-9608-a3ca20e46dad","artist":{"name":"Little People","mbid":"0ab53372-ba70-4e7b-814b-12bc35fe4719"}},"album":{"name":"Mickey Mouse Operation","mbid":"db4d5128-f065-4938-8161-c50cf64b6f05","artist":{"name":"Little People","mbid":"0ab53372-ba70-4e7b-814b-12bc35fe4719"}}},{"timestamp":{"iso":"2010-12-04T21:12:28","unixtimestamp":1291497148},"track":{"name":"Above The Clouds","mbid":"21ea50a4-a82e-48a7-a11d-40f9636e874e","artist":{"name":"Little People","mbid":"0ab53372-ba70-4e7b-814b-12bc35fe4719"}},"uncorrectedTrack":{"name":"Above The Clouds","mbid":"21ea50a4-a82e-48a7-a11d-40f9636e874e","artist":{"name":"Little People","mbid":"0ab53372-ba70-4e7b-814b-12bc35fe4719"}},"album":{"name":"Mickey Mouse Operation","mbid":"db4d5128-f065-4938-8161-c50cf64b6f05","artist":{"name":"Little People","mbid":"0ab53372-ba70-4e7b-814b-12bc35fe4719"}}},{"timestamp":{"iso":"2010-12-04T21:16:18","unixtimestamp":1291497378},"track":{"name":"Idiom","mbid":"b0b08fea-3766-491e-a7bc-6db92c7525b7","artist":{"name":"Little People","mbid":"0ab53372-ba70-4e7b-814b-12bc35fe4719"}},"uncorrectedTrack":{"name":"Idiom","mbid":"b0b08fea-3766-491e-a7bc-6db92c7525b7","artist":{"name":"Little People","mbid":"0ab53372-ba70-4e7b-814b-12bc35fe4719"}},"album":{"name":"Mickey Mouse Operation","mbid":"db4d5128-f065-4938-8161-c50cf64b6f05","artist":{"name":"Little People","mbid":"0ab53372-ba70-4e7b-814b-12bc35fe4719"}}},{"timestamp":{"iso":"2010-12-04T21:22:04","unixtimestamp":1291497724},"track":{"name":"Inutile Et Indispensable","mbid":"f456c90a-40d7-45ec-9a10-3a2f64f3d4f8","artist":{"name":"Little People","mbid":"0ab53372-ba70-4e7b-814b-12bc35fe4719"}},"uncorrectedTrack":{"name":"Inutile Et Indispensable","mbid":"f456c90a-40d7-45ec-9a10-3a2f64f3d4f8","artist":{"name":"Little People","mbid":"0ab53372-ba70-4e7b-814b-12bc35fe4719"}},"album":{"name":"Mickey Mouse Operation","mbid":"db4d5128-f065-4938-8161-c50cf64b6f05","artist":{"name":"Little People","mbid":"0ab53372-ba70-4e7b-814b-12bc35fe4719"}}},{"timestamp":{"iso":"2010-12-10T22:27:41","unixtimestamp":1292020061},"track":{"name":"African Velvet","mbid":"09d1e667-b1d1-46ec-9b72-ba6332391b15","artist":{"name":"Air","mbid":"018dcc90-b1a2-400a-a96e-64b6a101f009"}},"uncorrectedTrack":{"name":"African Velvet","mbid":"09d1e667-b1d1-46ec-9b72-ba6332391b15","artist":{"name":"Air","mbid":"018dcc90-b1a2-400a-a96e-64b6a101f009"}},"album":{"name":"Love 2","mbid":"476fe9ed-0df9-33b3-9de4-bf55666f1df9","artist":{"name":"Air","mbid":"018dcc90-b1a2-400a-a96e-64b6a101f009"}}},{"timestamp":{"iso":"2010-12-10T22:31:32","unixtimestamp":1292020292},"track":{"name":"Double Vision","artist":{"name":"Lusine"}},"uncorrectedTrack":{"name":"Double Vision","artist":{"name":"Lusine"}},"album":{"name":"A Certain Distance","mbid":"8ac4688a-415e-475f-8aa2-824613cdd44b","artist":{"name":"Lusine"}}},{"timestamp":{"iso":"2010-12-10T22:37:42","unixtimestamp":1292020662},"track":{"name":"So Long, Lonesome","mbid":"253801de-47cc-480f-8e4b-5faaeb6c26eb","artist":{"name":"Explosions in the Sky","mbid":"1c4b9280-7bee-4fdd-8886-daa627d471a0"}},"uncorrectedTrack":{"name":"So Long, Lonesome","mbid":"253801de-47cc-480f-8e4b-5faaeb6c26eb","artist":{"name":"Explosions in the Sky","mbid":"1c4b9280-7bee-4fdd-8886-daa627d471a0"}},"album":{"name":"All of a Sudden I Miss Everyone","mbid":"2649d0a3-3bac-44d1-b60b-646c9fc97288","artist":{"name":"Explosions in the Sky","mbid":"1c4b9280-7bee-4fdd-8886-daa627d471a0"}}},{"timestamp":{"iso":"2010-12-10T22:41:22","unixtimestamp":1292020882},"track":{"name":"Love","mbid":"0fb656c3-0670-40f1-8e69-52c80e42e2ec","artist":{"name":"Air","mbid":"018dcc90-b1a2-400a-a96e-64b6a101f009"}},"uncorrectedTrack":{"name":"Love","mbid":"0fb656c3-0670-40f1-8e69-52c80e42e2ec","artist":{"name":"Air","mbid":"018dcc90-b1a2-400a-a96e-64b6a101f009"}},"album":{"name":"Love 2","mbid":"476fe9ed-0df9-33b3-9de4-bf55666f1df9","artist":{"name":"Air","mbid":"018dcc90-b1a2-400a-a96e-64b6a101f009"}}},{"timestamp":{"iso":"2010-12-10T22:44:06","unixtimestamp":1292021046},"track":{"name":"Pale Horses (Apparat remix)","mbid":"72868471-26a0-4e81-adcd-26b5d3baf0be","artist":{"name":"Moby","mbid":"00810267-f0ac-45a6-ae99-0b8c9c18f3c2"}},"uncorrectedTrack":{"name":"Pale Horses [Apparat Dub]","artist":{"name":"Moby","mbid":"00810267-f0ac-45a6-ae99-0b8c9c18f3c2"}},"album":{"name":"Pale Horses","mbid":"7103d5cc-8c91-48a5-9c49-249c9d042c1b","artist":{"name":"Moby","mbid":"00810267-f0ac-45a6-ae99-0b8c9c18f3c2"}}},{"timestamp":{"iso":"2010-12-13T23:58:39","unixtimestamp":1292284719},"track":{"name":"Pieces Form the Whole","mbid":"6896e179-ad8d-4c86-9a94-cb06334188ba","artist":{"name":"Trent Reznor and Atticus Ross"}},"uncorrectedTrack":{"name":"Pieces Form the Whole","mbid":"6896e179-ad8d-4c86-9a94-cb06334188ba","artist":{"name":"Trent Reznor and Atticus Ross"}},"album":{"name":"The Social Network: Five Track Sampler","mbid":"3b1c477a-0268-4d6e-a285-d2f60cad02f8","artist":{"name":"Trent Reznor and Atticus Ross"}}},{"timestamp":{"iso":"2010-12-15T03:43:30","unixtimestamp":1292384610},"track":{"name":"Hope Street","artist":{"name":"Hunting McLeod","mbid":"24a36c8c-4b44-4dcd-957f-12ac4cd8436a"}},"uncorrectedTrack":{"name":"Hope Street","artist":{"name":"Hunting McLeod","mbid":"24a36c8c-4b44-4dcd-957f-12ac4cd8436a"}},"album":{"name":"\"Leod \u0027n\u0027 Proud\"","artist":{"name":"Hunting McLeod","mbid":"24a36c8c-4b44-4dcd-957f-12ac4cd8436a"}}},{"timestamp":{"iso":"2010-12-15T03:51:14","unixtimestamp":1292385074},"track":{"name":"Pressed For Time","artist":{"name":"Hunting McLeod","mbid":"24a36c8c-4b44-4dcd-957f-12ac4cd8436a"}},"uncorrectedTrack":{"name":"Pressed For Time","artist":{"name":"Hunting McLeod","mbid":"24a36c8c-4b44-4dcd-957f-12ac4cd8436a"}},"album":{"name":"\"Leod \u0027n\u0027 Proud\"","artist":{"name":"Hunting McLeod","mbid":"24a36c8c-4b44-4dcd-957f-12ac4cd8436a"}}},{"timestamp":{"iso":"2010-12-15T03:54:27","unixtimestamp":1292385267},"track":{"name":"Military Two-Step Set: Nellie\u0027s Strathspey/Paddy\u0027s Leather Breeches","artist":{"name":"Sporran Again"}},"uncorrectedTrack":{"name":"Military Two-Step Set: Nellie\u0027s Strathspey/Paddy\u0027s Leather Breeches","artist":{"name":"Sporran Again"}}},{"timestamp":{"iso":"2010-12-15T03:59:52","unixtimestamp":1292385592},"track":{"name":"Glasgow Reel","artist":{"name":"Sporran Again"}},"uncorrectedTrack":{"name":"Glasgow Reel","artist":{"name":"Sporran Again"}}},{"timestamp":{"iso":"2010-12-15T04:02:46","unixtimestamp":1292385766},"track":{"name":"Borrowdale Exchange Set: Johnny the Jumper/Say Old Man Can You Play the Fiddle?","artist":{"name":"Sporran Again"}},"uncorrectedTrack":{"name":"Borrowdale Exchange Set: Johnny the Jumper/Say Old Man Can You Play the Fiddle?","artist":{"name":"Sporran Again"}}},{"timestamp":{"iso":"2010-12-15T04:07:12","unixtimestamp":1292386032},"track":{"name":"Firefly","artist":{"name":"Hunting McLeod","mbid":"24a36c8c-4b44-4dcd-957f-12ac4cd8436a"}},"uncorrectedTrack":{"name":"Firefly","artist":{"name":"Hunting McLeod","mbid":"24a36c8c-4b44-4dcd-957f-12ac4cd8436a"}},"album":{"name":"\"Leod \u0027n\u0027 Proud\"","artist":{"name":"Hunting McLeod","mbid":"24a36c8c-4b44-4dcd-957f-12ac4cd8436a"}}},{"timestamp":{"iso":"2010-12-15T04:09:41","unixtimestamp":1292386181},"track":{"name":"The Blood Of Cu Chulainn","artist":{"name":"Mychael Danna \u0026 Jeff Danna"}},"uncorrectedTrack":{"name":"The Blood of Cu Chulainn","artist":{"name":"jeff danna \u0026 mychael danna"}},"album":{"name":"A Celtic Romance","artist":{"name":"jeff danna \u0026 mychael danna"}}},{"timestamp":{"iso":"2010-12-15T04:13:50","unixtimestamp":1292386430},"track":{"name":"moving tribute","artist":{"name":"Hunting McLeod","mbid":"24a36c8c-4b44-4dcd-957f-12ac4cd8436a"}},"uncorrectedTrack":{"name":"moving tribute","artist":{"name":"Hunting McLeod","mbid":"24a36c8c-4b44-4dcd-957f-12ac4cd8436a"}},"album":{"name":"\"Leod \u0027n\u0027 Proud\"","artist":{"name":"Hunting McLeod","mbid":"24a36c8c-4b44-4dcd-957f-12ac4cd8436a"}}},{"timestamp":{"iso":"2010-12-15T04:17:38","unixtimestamp":1292386658},"track":{"name":"Prayer And Tribute","artist":{"name":"Hunting McLeod","mbid":"24a36c8c-4b44-4dcd-957f-12ac4cd8436a"}},"uncorrectedTrack":{"name":"Prayer And Tribute","artist":{"name":"Hunting McLeod","mbid":"24a36c8c-4b44-4dcd-957f-12ac4cd8436a"}},"album":{"name":"\"Leod \u0027n\u0027 Proud\"","artist":{"name":"Hunting McLeod","mbid":"24a36c8c-4b44-4dcd-957f-12ac4cd8436a"}}},{"timestamp":{"iso":"2010-12-15T04:21:02","unixtimestamp":1292386862},"track":{"name":"Tropical Disease","mbid":"24c7644b-fcc1-4e95-9c87-bd4fd47a7fe3","artist":{"name":"Air","mbid":"018dcc90-b1a2-400a-a96e-64b6a101f009"}},"uncorrectedTrack":{"name":"Tropical Disease","mbid":"24c7644b-fcc1-4e95-9c87-bd4fd47a7fe3","artist":{"name":"Air","mbid":"018dcc90-b1a2-400a-a96e-64b6a101f009"}},"album":{"name":"Love 2","mbid":"476fe9ed-0df9-33b3-9de4-bf55666f1df9","artist":{"name":"Air","mbid":"018dcc90-b1a2-400a-a96e-64b6a101f009"}}},{"timestamp":{"iso":"2010-12-16T21:15:36","unixtimestamp":1292534136},"track":{"name":"Ghosts N Stuff","mbid":"05542e90-747e-439e-840a-fac5c246c444","artist":{"name":"deadmau5","mbid":"316f2aab-3477-4c62-bb08-eb04dcdcc18f"}},"uncorrectedTrack":{"name":"Ghosts N Stuff","mbid":"05542e90-747e-439e-840a-fac5c246c444","artist":{"name":"deadmau5","mbid":"316f2aab-3477-4c62-bb08-eb04dcdcc18f"}},"album":{"name":"It Sounds Like","mbid":"b0a03a16-3daa-4abd-89e6-50858f300246","artist":{"name":"deadmau5","mbid":"316f2aab-3477-4c62-bb08-eb04dcdcc18f"}}},{"timestamp":{"iso":"2010-12-16T21:21:48","unixtimestamp":1292534508},"track":{"name":"Theme","mbid":"0488a771-58f0-4739-8b63-6822b19af544","artist":{"name":"Jon Brion","mbid":"a32e4aac-1db8-4dc6-be34-a813c4530627"}},"uncorrectedTrack":{"name":"Theme","mbid":"0488a771-58f0-4739-8b63-6822b19af544","artist":{"name":"Jon Brion","mbid":"a32e4aac-1db8-4dc6-be34-a813c4530627"}},"album":{"name":"Eternal Sunshine Of The Spotle","artist":{"name":"Jon Brion","mbid":"a32e4aac-1db8-4dc6-be34-a813c4530627"}}},{"timestamp":{"iso":"2010-12-16T21:24:12","unixtimestamp":1292534652},"track":{"name":"The Sea","mbid":"2064f240-3f4e-4e8f-bf5d-6ceeee89fca1","artist":{"name":"Morcheeba","mbid":"067102ea-9519-4622-9077-57ca4164cfbb"}},"uncorrectedTrack":{"name":"The Sea","mbid":"2064f240-3f4e-4e8f-bf5d-6ceeee89fca1","artist":{"name":"Morcheeba","mbid":"067102ea-9519-4622-9077-57ca4164cfbb"}},"album":{"name":"Big Calm","mbid":"7c441e5d-2cc8-4dd9-b0fb-29f6769e7706","artist":{"name":"Morcheeba","mbid":"067102ea-9519-4622-9077-57ca4164cfbb"}}},{"timestamp":{"iso":"2010-12-16T21:29:57","unixtimestamp":1292534997},"track":{"name":"Nine","mbid":"03a510ed-ce73-4b24-962d-c7d888a0bcac","artist":{"name":"Autechre","mbid":"410c9baf-5469-44f6-9852-826524b80c61"}},"uncorrectedTrack":{"name":"Nine","mbid":"03a510ed-ce73-4b24-962d-c7d888a0bcac","artist":{"name":"Autechre","mbid":"410c9baf-5469-44f6-9852-826524b80c61"}},"album":{"name":"Amber","mbid":"192a81e6-a335-4126-8fab-abb258ae8e0e","artist":{"name":"Autechre","mbid":"410c9baf-5469-44f6-9852-826524b80c61"}}},{"timestamp":{"iso":"2010-12-16T21:33:39","unixtimestamp":1292535219},"track":{"name":"So Light Is Her Footfall","mbid":"54304819-3d5c-45a7-8aff-2a3266ecb0fb","artist":{"name":"Air","mbid":"018dcc90-b1a2-400a-a96e-64b6a101f009"}},"uncorrectedTrack":{"name":"So Light Is Her Footfall","mbid":"54304819-3d5c-45a7-8aff-2a3266ecb0fb","artist":{"name":"Air","mbid":"018dcc90-b1a2-400a-a96e-64b6a101f009"}},"album":{"name":"Love 2","mbid":"476fe9ed-0df9-33b3-9de4-bf55666f1df9","artist":{"name":"Air","mbid":"018dcc90-b1a2-400a-a96e-64b6a101f009"}}},{"timestamp":{"iso":"2010-12-16T21:36:53","unixtimestamp":1292535413},"track":{"name":"Let\u0027s Go Again","mbid":"2d5f77d0-2090-4a46-8c4b-1de6d4b84c67","artist":{"name":"Télépopmusik","mbid":"265f242e-cf4e-4fbe-a3fe-43112387172f"}},"uncorrectedTrack":{"name":"Let\u0027s Go Again","artist":{"name":"Telepopmusik"}},"album":{"name":"Genetic World","artist":{"name":"Telepopmusik"}}},{"timestamp":{"iso":"2010-12-16T21:40:27","unixtimestamp":1292535627},"track":{"name":"Twilight","artist":{"name":"Lusine"}},"uncorrectedTrack":{"name":"Twilight","artist":{"name":"Lusine"}},"album":{"name":"A Certain Distance","mbid":"8ac4688a-415e-475f-8aa2-824613cdd44b","artist":{"name":"Lusine"}}},{"timestamp":{"iso":"2010-12-16T21:44:18","unixtimestamp":1292535858},"track":{"name":"Close","mbid":"3a1b89de-acc9-404f-be49-09cb2f950a83","artist":{"name":"Télépopmusik","mbid":"265f242e-cf4e-4fbe-a3fe-43112387172f"}},"uncorrectedTrack":{"name":"Close","artist":{"name":"Telepopmusik"}},"album":{"name":"Angel Milk","artist":{"name":"Telepopmusik"}}},{"timestamp":{"iso":"2010-12-16T21:47:36","unixtimestamp":1292536056},"track":{"name":"Pale Horses (Apparat remix)","mbid":"72868471-26a0-4e81-adcd-26b5d3baf0be","artist":{"name":"Moby","mbid":"00810267-f0ac-45a6-ae99-0b8c9c18f3c2"}},"uncorrectedTrack":{"name":"Pale Horses [Apparat Dub]","artist":{"name":"Moby","mbid":"00810267-f0ac-45a6-ae99-0b8c9c18f3c2"}},"album":{"name":"Pale Horses","mbid":"7103d5cc-8c91-48a5-9c49-249c9d042c1b","artist":{"name":"Moby","mbid":"00810267-f0ac-45a6-ae99-0b8c9c18f3c2"}}},{"timestamp":{"iso":"2010-12-16T21:51:05","unixtimestamp":1292536265},"track":{"name":"Anyway","mbid":"2a8ffa4d-075d-402f-a973-8f4e067cb536","artist":{"name":"Télépopmusik","mbid":"265f242e-cf4e-4fbe-a3fe-43112387172f"}},"uncorrectedTrack":{"name":"Anyway","artist":{"name":"Telepopmusik"}},"album":{"name":"Angel Milk","artist":{"name":"Telepopmusik"}}},{"timestamp":{"iso":"2010-12-16T21:53:45","unixtimestamp":1292536425},"track":{"name":"Breathe (extended mix)","mbid":"7b1c3cd4-2031-4280-b422-0eadaf7e280c","artist":{"name":"Télépopmusik","mbid":"265f242e-cf4e-4fbe-a3fe-43112387172f"}},"uncorrectedTrack":{"name":"Breathe (extended mix)","mbid":"7b1c3cd4-2031-4280-b422-0eadaf7e280c","artist":{"name":"Télépopmusik","mbid":"265f242e-cf4e-4fbe-a3fe-43112387172f"}},"album":{"name":"Breathe","mbid":"d507e77a-8338-4fcd-bb93-300c9abd6d39","artist":{"name":"Télépopmusik","mbid":"265f242e-cf4e-4fbe-a3fe-43112387172f"}}},{"timestamp":{"iso":"2010-12-16T22:01:00","unixtimestamp":1292536860},"track":{"name":"Cirrus","mbid":"4c7d29c9-fe13-47f6-a03c-9db3916ba5da","artist":{"name":"Lusine"}},"uncorrectedTrack":{"name":"Cirrus","mbid":"4c7d29c9-fe13-47f6-a03c-9db3916ba5da","artist":{"name":"Lusine"}},"album":{"name":"A Certain Distance","mbid":"8ac4688a-415e-475f-8aa2-824613cdd44b","artist":{"name":"Lusine"}}},{"timestamp":{"iso":"2010-12-16T22:07:39","unixtimestamp":1292537259},"track":{"name":"Scream Pilots","mbid":"1e5f900f-2483-4608-bdb4-90d6884d052a","artist":{"name":"Moby","mbid":"00810267-f0ac-45a6-ae99-0b8c9c18f3c2"}},"uncorrectedTrack":{"name":"Scream Pilots","mbid":"1e5f900f-2483-4608-bdb4-90d6884d052a","artist":{"name":"Moby","mbid":"00810267-f0ac-45a6-ae99-0b8c9c18f3c2"}},"album":{"name":"Wait for Me","mbid":"8e378c3e-0af4-373f-94fc-84c03e8b4374","artist":{"name":"Moby","mbid":"00810267-f0ac-45a6-ae99-0b8c9c18f3c2"}}},{"timestamp":{"iso":"2010-12-16T22:10:27","unixtimestamp":1292537427},"track":{"name":"Last Fare","mbid":"a0d5c107-3a18-4f20-91c9-283b49f114cb","artist":{"name":"Little People","mbid":"0ab53372-ba70-4e7b-814b-12bc35fe4719"}},"uncorrectedTrack":{"name":"Last Fare","mbid":"a0d5c107-3a18-4f20-91c9-283b49f114cb","artist":{"name":"Little People","mbid":"0ab53372-ba70-4e7b-814b-12bc35fe4719"}},"album":{"name":"Mickey Mouse Operation","mbid":"db4d5128-f065-4938-8161-c50cf64b6f05","artist":{"name":"Little People","mbid":"0ab53372-ba70-4e7b-814b-12bc35fe4719"}}},{"timestamp":{"iso":"2010-12-16T22:13:12","unixtimestamp":1292537592},"track":{"name":"Jltf","mbid":"05df9ebb-c604-4c5c-b5fe-85cdc2e67b8e","artist":{"name":"Moby","mbid":"00810267-f0ac-45a6-ae99-0b8c9c18f3c2"}},"uncorrectedTrack":{"name":"Jltf","mbid":"05df9ebb-c604-4c5c-b5fe-85cdc2e67b8e","artist":{"name":"Moby","mbid":"00810267-f0ac-45a6-ae99-0b8c9c18f3c2"}},"album":{"name":"Wait for Me","mbid":"8e378c3e-0af4-373f-94fc-84c03e8b4374","artist":{"name":"Moby","mbid":"00810267-f0ac-45a6-ae99-0b8c9c18f3c2"}}},{"timestamp":{"iso":"2010-12-16T22:17:52","unixtimestamp":1292537872},"track":{"name":"Electric Feel (Justice Remix)","mbid":"05037fb1-6135-4631-b758-8e04633c05e9","artist":{"name":"MGMT","mbid":"50e6288e-3db5-4253-ae51-5e8738ef2c31"}},"uncorrectedTrack":{"name":"Electric Feel (Justice Remix)","mbid":"05037fb1-6135-4631-b758-8e04633c05e9","artist":{"name":"MGMT","mbid":"50e6288e-3db5-4253-ae51-5e8738ef2c31"}},"album":{"name":"Remixed Singles","artist":{"name":"MGMT","mbid":"50e6288e-3db5-4253-ae51-5e8738ef2c31"}}}]