[{"timestamp":{"iso":"2008-07-06T22:42:56","unixtimestamp":1215384176},"track":{"name":"The Hills Are Alive","artist":{"name":"Spanky\u0027s Heroes","mbid":"97fd1e17-ce31-421a-8450-ac876b933971"}},"uncorrectedTrack":{"name":"The Hills Are Alive","artist":{"name":"Spanky\u0027s Heroes","mbid":"97fd1e17-ce31-421a-8450-ac876b933971"}}},{"timestamp":{"iso":"2008-07-06T22:49:09","unixtimestamp":1215384549},"track":{"name":"Eclipse","artist":{"name":"Spanky\u0027s Heroes","mbid":"97fd1e17-ce31-421a-8450-ac876b933971"}},"uncorrectedTrack":{"name":"Eclipse","artist":{"name":"Spanky\u0027s Heroes","mbid":"97fd1e17-ce31-421a-8450-ac876b933971"}}},{"timestamp":{"iso":"2008-07-06T22:53:20","unixtimestamp":1215384800},"track":{"name":"Holy Cow","artist":{"name":"Spanky\u0027s Heroes","mbid":"97fd1e17-ce31-421a-8450-ac876b933971"}},"uncorrectedTrack":{"name":"Holy Cow","artist":{"name":"Spanky\u0027s Heroes","mbid":"97fd1e17-ce31-421a-8450-ac876b933971"}}},{"timestamp":{"iso":"2008-07-06T23:54:22","unixtimestamp":1215388462},"track":{"name":"Diamond Dogs","mbid":"0777a7a5-4f14-436e-b68f-6dded27f7969","artist":{"name":"Beck","mbid":"1cc5adcd-1422-4b5c-a3cd-3ecd4f43f506"}},"uncorrectedTrack":{"name":"Diamond Dogs","mbid":"0777a7a5-4f14-436e-b68f-6dded27f7969","artist":{"name":"Beck","mbid":"1cc5adcd-1422-4b5c-a3cd-3ecd4f43f506"}},"album":{"name":"Moulin Rouge","artist":{"name":"Various Artists","mbid":"023671ff-b1ad-4133-a4f3-aadaaadfd2e0"}}},{"timestamp":{"iso":"2008-07-14T18:26:55","unixtimestamp":1216060015},"track":{"name":"Just So You Know","mbid":"25bf2431-391e-4fbf-bdba-ce7bb637754b","artist":{"name":"American Head Charge","mbid":"9d4e0a6c-7b56-4c51-99e2-5bb03995c5b1"}},"uncorrectedTrack":{"name":"Just So You Know","mbid":"25bf2431-391e-4fbf-bdba-ce7bb637754b","artist":{"name":"American Head Charge","mbid":"9d4e0a6c-7b56-4c51-99e2-5bb03995c5b1"}},"album":{"name":"The War Of Art","mbid":"4cd3b9e0-4944-455b-9ecb-209f17656c0d","artist":{"name":"American Head Charge","mbid":"9d4e0a6c-7b56-4c51-99e2-5bb03995c5b1"}}},{"timestamp":{"iso":"2008-07-14T18:30:28","unixtimestamp":1216060228},"track":{"name":"Holy Cow","artist":{"name":"Spanky\u0027s Heroes","mbid":"97fd1e17-ce31-421a-8450-ac876b933971"}},"uncorrectedTrack":{"name":"Holy Cow","artist":{"name":"Spanky\u0027s Heroes","mbid":"97fd1e17-ce31-421a-8450-ac876b933971"}}},{"timestamp":{"iso":"2008-07-14T18:33:42","unixtimestamp":1216060422},"track":{"name":"Heavenly Sofa","artist":{"name":"Spanky\u0027s Heroes","mbid":"97fd1e17-ce31-421a-8450-ac876b933971"}},"uncorrectedTrack":{"name":"Heavenly Sofa","artist":{"name":"Spanky\u0027s Heroes","mbid":"97fd1e17-ce31-421a-8450-ac876b933971"}}},{"timestamp":{"iso":"2008-07-15T18:03:29","unixtimestamp":1216145009},"track":{"name":"Just So You Know","mbid":"25bf2431-391e-4fbf-bdba-ce7bb637754b","artist":{"name":"American Head Charge","mbid":"9d4e0a6c-7b56-4c51-99e2-5bb03995c5b1"}},"uncorrectedTrack":{"name":"Just So You Know","mbid":"25bf2431-391e-4fbf-bdba-ce7bb637754b","artist":{"name":"American Head Charge","mbid":"9d4e0a6c-7b56-4c51-99e2-5bb03995c5b1"}},"album":{"name":"The War Of Art","mbid":"4cd3b9e0-4944-455b-9ecb-209f17656c0d","artist":{"name":"American Head Charge","mbid":"9d4e0a6c-7b56-4c51-99e2-5bb03995c5b1"}}},{"timestamp":{"iso":"2008-07-15T18:07:40","unixtimestamp":1216145260},"track":{"name":"Visitors","artist":{"name":"Spanky\u0027s Heroes","mbid":"97fd1e17-ce31-421a-8450-ac876b933971"}},"uncorrectedTrack":{"name":"Visitors","artist":{"name":"Spanky\u0027s Heroes","mbid":"97fd1e17-ce31-421a-8450-ac876b933971"}}},{"timestamp":{"iso":"2008-07-15T18:10:19","unixtimestamp":1216145419},"track":{"name":"Second Chance","artist":{"name":"Spanky\u0027s Heroes","mbid":"97fd1e17-ce31-421a-8450-ac876b933971"}},"uncorrectedTrack":{"name":"Second Chance","artist":{"name":"Spanky\u0027s Heroes","mbid":"97fd1e17-ce31-421a-8450-ac876b933971"}}},{"timestamp":{"iso":"2008-07-22T16:30:25","unixtimestamp":1216744225},"track":{"name":"Changeless","mbid":"2371fd87-b47e-4fec-b68b-0e47e666a987","artist":{"name":"Carbon Leaf","mbid":"d3fb1614-78fd-4555-9c68-f8b25add2de7"}},"uncorrectedTrack":{"name":"Changeless","mbid":"2371fd87-b47e-4fec-b68b-0e47e666a987","artist":{"name":"Carbon Leaf","mbid":"d3fb1614-78fd-4555-9c68-f8b25add2de7"}},"album":{"name":"Indian Summer","mbid":"5552687e-8066-4108-998e-095da01c91af","artist":{"name":"Carbon Leaf","mbid":"d3fb1614-78fd-4555-9c68-f8b25add2de7"}}},{"timestamp":{"iso":"2008-07-22T16:36:56","unixtimestamp":1216744616},"track":{"name":"What About Everything","mbid":"38829e8e-bd6e-4da5-bc2a-24ef26fbe2de","artist":{"name":"Carbon Leaf","mbid":"d3fb1614-78fd-4555-9c68-f8b25add2de7"}},"uncorrectedTrack":{"name":"What About Everything","mbid":"38829e8e-bd6e-4da5-bc2a-24ef26fbe2de","artist":{"name":"Carbon Leaf","mbid":"d3fb1614-78fd-4555-9c68-f8b25add2de7"}},"album":{"name":"Indian Summer","mbid":"5552687e-8066-4108-998e-095da01c91af","artist":{"name":"Carbon Leaf","mbid":"d3fb1614-78fd-4555-9c68-f8b25add2de7"}}},{"timestamp":{"iso":"2008-07-22T16:40:41","unixtimestamp":1216744841},"track":{"name":"The Hills Are Alive","artist":{"name":"Spanky\u0027s Heroes","mbid":"97fd1e17-ce31-421a-8450-ac876b933971"}},"uncorrectedTrack":{"name":"The Hills Are Alive","artist":{"name":"Spanky\u0027s Heroes","mbid":"97fd1e17-ce31-421a-8450-ac876b933971"}}},{"timestamp":{"iso":"2008-07-22T16:50:46","unixtimestamp":1216745446},"track":{"name":"Lady Marmalade","artist":{"name":"Christina Aguilera, Lil\u0027 Kim, Mya \u0026 Pink"}},"uncorrectedTrack":{"name":"Lady Marmalade","artist":{"name":"Christina Aguilera, Lil\u0027 Kim, Mya \u0026 Pink"}}},{"timestamp":{"iso":"2008-07-22T16:55:11","unixtimestamp":1216745711},"track":{"name":"Diamond Dogs","mbid":"0777a7a5-4f14-436e-b68f-6dded27f7969","artist":{"name":"Beck","mbid":"1cc5adcd-1422-4b5c-a3cd-3ecd4f43f506"}},"uncorrectedTrack":{"name":"Diamond Dogs","mbid":"0777a7a5-4f14-436e-b68f-6dded27f7969","artist":{"name":"Beck","mbid":"1cc5adcd-1422-4b5c-a3cd-3ecd4f43f506"}},"album":{"name":"Moulin Rouge","artist":{"name":"Various Artists","mbid":"023671ff-b1ad-4133-a4f3-aadaaadfd2e0"}}},{"timestamp":{"iso":"2008-07-22T16:59:45","unixtimestamp":1216745985},"track":{"name":"Stronger","mbid":"c2a831cb-b236-408e-920c-957219a0ca6d","artist":{"name":"Kanye West","mbid":"164f0d73-1234-4e2c-8743-d77bf2191051"}},"uncorrectedTrack":{"name":"Stronger","mbid":"c2a831cb-b236-408e-920c-957219a0ca6d","artist":{"name":"Kanye West","mbid":"164f0d73-1234-4e2c-8743-d77bf2191051"}}},{"timestamp":{"iso":"2008-07-22T17:03:34","unixtimestamp":1216746214},"track":{"name":"Children of the Revolution","mbid":"54fa7512-f800-4fce-8646-6c5c23778100","artist":{"name":"Bono, Gavin Friday \u0026 Maurice Seezer"}},"uncorrectedTrack":{"name":"Children of the Revolution","mbid":"54fa7512-f800-4fce-8646-6c5c23778100","artist":{"name":"Bono, Gavin Friday \u0026 Maurice Seezer"}}},{"timestamp":{"iso":"2008-07-22T17:06:34","unixtimestamp":1216746394},"track":{"name":"Wraith Pinned To The Mist And Other Games","mbid":"001d04a7-c062-4606-9fa1-b7ec0b1af89c","artist":{"name":"of Montreal","mbid":"8475297d-fb78-4630-8d74-9b87b6bb7cc8"}},"uncorrectedTrack":{"name":"Wraith Pinned To The Mist And Other Games","mbid":"001d04a7-c062-4606-9fa1-b7ec0b1af89c","artist":{"name":"of Montreal","mbid":"8475297d-fb78-4630-8d74-9b87b6bb7cc8"}},"album":{"name":"The Sunlandic Twins","mbid":"09d5b61d-d9d4-4d78-9b63-c07039ddef92","artist":{"name":"of Montreal","mbid":"8475297d-fb78-4630-8d74-9b87b6bb7cc8"}}},{"timestamp":{"iso":"2008-07-22T17:10:49","unixtimestamp":1216746649},"track":{"name":"Where Is the Love","artist":{"name":"Black Eyed Peas"}},"uncorrectedTrack":{"name":"Where Is the Love?","artist":{"name":"Black Eyed Peas"}}},{"timestamp":{"iso":"2008-07-22T17:19:24","unixtimestamp":1216747164},"track":{"name":"Butterfly","mbid":"f3138ecd-8b17-4bc9-a1bd-01a3ed6bfd69","artist":{"name":"DJ Mystik","mbid":"6ce9aa3b-a58b-40dc-94f5-954da0a279d1"}},"uncorrectedTrack":{"name":"Butterfly","mbid":"f3138ecd-8b17-4bc9-a1bd-01a3ed6bfd69","artist":{"name":"DJ Mystik","mbid":"6ce9aa3b-a58b-40dc-94f5-954da0a279d1"}}},{"timestamp":{"iso":"2008-07-22T17:22:21","unixtimestamp":1216747341},"track":{"name":"Your Song","mbid":"01ef0aa4-f8ff-453e-a68f-284de885b32b","artist":{"name":"Ewan McGregor \u0026 Alessandro Safina"}},"uncorrectedTrack":{"name":"Your Song","mbid":"01ef0aa4-f8ff-453e-a68f-284de885b32b","artist":{"name":"Ewan McGregor \u0026 Alessandro Safina"}}},{"timestamp":{"iso":"2008-07-22T17:26:00","unixtimestamp":1216747560},"track":{"name":"El Tango De Roxanne","artist":{"name":"Ewan McGregor, Jose Feliciano \u0026 Jacek Koman"}},"uncorrectedTrack":{"name":"El Tango De Roxanne","artist":{"name":"Ewan McGregor, Jose Feliciano \u0026 Jacek Koman"}}},{"timestamp":{"iso":"2008-07-22T17:30:44","unixtimestamp":1216747844},"track":{"name":"Help Me I Am in Hell","mbid":"c00a14f3-214e-41a8-8d14-1af20f5d8d07","artist":{"name":"Nine Inch Nails","mbid":"b7ffd2af-418f-4be2-bdd1-22f8b48613da"}},"uncorrectedTrack":{"name":"Help Me I Am in Hell","mbid":"c00a14f3-214e-41a8-8d14-1af20f5d8d07","artist":{"name":"Nine Inch Nails","mbid":"b7ffd2af-418f-4be2-bdd1-22f8b48613da"}},"album":{"name":"Broken","mbid":"0033b15e-9111-3b48-9279-dd6aa3d88c96","artist":{"name":"Nine Inch Nails","mbid":"b7ffd2af-418f-4be2-bdd1-22f8b48613da"}}},{"timestamp":{"iso":"2008-07-22T17:42:14","unixtimestamp":1216748534},"track":{"name":"Apologize","mbid":"ffa85f20-d53f-4378-b433-066a3bd676a6","artist":{"name":"Timbaland","mbid":"daa09819-5da5-4c7a-8bef-eb372bb27ff1"}},"uncorrectedTrack":{"name":"Apologize","artist":{"name":"Timbaland   Feat. One Republic"}}},{"timestamp":{"iso":"2008-07-22T17:45:18","unixtimestamp":1216748718},"track":{"name":"Nature Boy","artist":{"name":"David Bowie \u0026 Massive Attack"}},"uncorrectedTrack":{"name":"Nature Boy","artist":{"name":"David Bowie \u0026 Massive Attack"}}},{"timestamp":{"iso":"2008-07-22T17:49:27","unixtimestamp":1216748967},"track":{"name":"Clint Eastwood","mbid":"e5a53175-0f5d-4eaf-a54e-c69c0b4a96e8","artist":{"name":"Gorillaz","mbid":"e21857d5-3256-4547-afb3-4b6ded592596"}},"uncorrectedTrack":{"name":"Clint Eastwood","mbid":"e5a53175-0f5d-4eaf-a54e-c69c0b4a96e8","artist":{"name":"Gorillaz","mbid":"e21857d5-3256-4547-afb3-4b6ded592596"}}},{"timestamp":{"iso":"2008-07-22T17:55:07","unixtimestamp":1216749307},"track":{"name":"La belle et le bad boy","mbid":"83373005-0146-4eb4-95e8-9e6cac95fc6e","artist":{"name":"MC Solaar","mbid":"bbbd2644-b4cb-4bb5-a442-315310f68a0b"}},"uncorrectedTrack":{"name":"La belle et le bad boy","mbid":"83373005-0146-4eb4-95e8-9e6cac95fc6e","artist":{"name":"MC Solaar","mbid":"bbbd2644-b4cb-4bb5-a442-315310f68a0b"}},"album":{"name":"Cinquieme As","artist":{"name":"MC Solaar","mbid":"bbbd2644-b4cb-4bb5-a442-315310f68a0b"}}},{"timestamp":{"iso":"2008-07-22T17:58:43","unixtimestamp":1216749523},"track":{"name":"Changeless","mbid":"2371fd87-b47e-4fec-b68b-0e47e666a987","artist":{"name":"Carbon Leaf","mbid":"d3fb1614-78fd-4555-9c68-f8b25add2de7"}},"uncorrectedTrack":{"name":"Changeless","mbid":"2371fd87-b47e-4fec-b68b-0e47e666a987","artist":{"name":"Carbon Leaf","mbid":"d3fb1614-78fd-4555-9c68-f8b25add2de7"}},"album":{"name":"Indian Summer","mbid":"5552687e-8066-4108-998e-095da01c91af","artist":{"name":"Carbon Leaf","mbid":"d3fb1614-78fd-4555-9c68-f8b25add2de7"}}},{"timestamp":{"iso":"2008-07-22T18:03:51","unixtimestamp":1216749831},"track":{"name":"What About Everything","mbid":"38829e8e-bd6e-4da5-bc2a-24ef26fbe2de","artist":{"name":"Carbon Leaf","mbid":"d3fb1614-78fd-4555-9c68-f8b25add2de7"}},"uncorrectedTrack":{"name":"What About Everything","mbid":"38829e8e-bd6e-4da5-bc2a-24ef26fbe2de","artist":{"name":"Carbon Leaf","mbid":"d3fb1614-78fd-4555-9c68-f8b25add2de7"}},"album":{"name":"Indian Summer","mbid":"5552687e-8066-4108-998e-095da01c91af","artist":{"name":"Carbon Leaf","mbid":"d3fb1614-78fd-4555-9c68-f8b25add2de7"}}},{"timestamp":{"iso":"2008-07-22T18:07:36","unixtimestamp":1216750056},"track":{"name":"The Hills Are Alive","artist":{"name":"Spanky\u0027s Heroes","mbid":"97fd1e17-ce31-421a-8450-ac876b933971"}},"uncorrectedTrack":{"name":"The Hills Are Alive","artist":{"name":"Spanky\u0027s Heroes","mbid":"97fd1e17-ce31-421a-8450-ac876b933971"}}},{"timestamp":{"iso":"2008-07-26T13:07:38","unixtimestamp":1217077658},"track":{"name":"The girl in Byakkoya","artist":{"name":"平沢進","mbid":"31e7b30b-f960-408f-908b-c8e277308eab"}},"uncorrectedTrack":{"name":"The girl in Byakkoya","artist":{"name":"Susumu Hirasawa"}}},{"timestamp":{"iso":"2008-07-26T13:12:26","unixtimestamp":1217077946},"track":{"name":"Byakkoya no musume","artist":{"name":"平沢進","mbid":"31e7b30b-f960-408f-908b-c8e277308eab"}},"uncorrectedTrack":{"name":"Byakkoya no Musume","artist":{"name":"Susumu Hirasawa"}}}]