[{"timestamp":{"iso":"2008-05-08T20:53:55","unixtimestamp":1210280035},"track":{"name":"What About Everything","mbid":"38829e8e-bd6e-4da5-bc2a-24ef26fbe2de","artist":{"name":"Carbon Leaf","mbid":"d3fb1614-78fd-4555-9c68-f8b25add2de7"}},"uncorrectedTrack":{"name":"What About Everything","mbid":"38829e8e-bd6e-4da5-bc2a-24ef26fbe2de","artist":{"name":"Carbon Leaf","mbid":"d3fb1614-78fd-4555-9c68-f8b25add2de7"}},"album":{"name":"Indian Summer","mbid":"5552687e-8066-4108-998e-095da01c91af","artist":{"name":"Carbon Leaf","mbid":"d3fb1614-78fd-4555-9c68-f8b25add2de7"}}},{"timestamp":{"iso":"2008-05-08T20:57:43","unixtimestamp":1210280263},"track":{"name":"Changeless","mbid":"2371fd87-b47e-4fec-b68b-0e47e666a987","artist":{"name":"Carbon Leaf","mbid":"d3fb1614-78fd-4555-9c68-f8b25add2de7"}},"uncorrectedTrack":{"name":"Changeless","mbid":"2371fd87-b47e-4fec-b68b-0e47e666a987","artist":{"name":"Carbon Leaf","mbid":"d3fb1614-78fd-4555-9c68-f8b25add2de7"}},"album":{"name":"Indian Summer","mbid":"5552687e-8066-4108-998e-095da01c91af","artist":{"name":"Carbon Leaf","mbid":"d3fb1614-78fd-4555-9c68-f8b25add2de7"}}},{"timestamp":{"iso":"2008-05-08T21:03:19","unixtimestamp":1210280599},"track":{"name":"The Sea","mbid":"c5d8af98-47ec-443e-887c-48831f68fdcb","artist":{"name":"Carbon Leaf","mbid":"d3fb1614-78fd-4555-9c68-f8b25add2de7"}},"uncorrectedTrack":{"name":"The Sea","mbid":"c5d8af98-47ec-443e-887c-48831f68fdcb","artist":{"name":"Carbon Leaf","mbid":"d3fb1614-78fd-4555-9c68-f8b25add2de7"}},"album":{"name":"Indian Summer","mbid":"5552687e-8066-4108-998e-095da01c91af","artist":{"name":"Carbon Leaf","mbid":"d3fb1614-78fd-4555-9c68-f8b25add2de7"}}},{"timestamp":{"iso":"2008-05-08T21:10:14","unixtimestamp":1210281014},"track":{"name":"Disconnect the Dots","mbid":"3fbab88d-d2d0-4e3b-9f09-9ba8d0d19022","artist":{"name":"of Montreal","mbid":"8475297d-fb78-4630-8d74-9b87b6bb7cc8"}},"uncorrectedTrack":{"name":"Disconnect the Dots","mbid":"3fbab88d-d2d0-4e3b-9f09-9ba8d0d19022","artist":{"name":"of Montreal","mbid":"8475297d-fb78-4630-8d74-9b87b6bb7cc8"}},"album":{"name":"Satanic Panic in the Attic","mbid":"a0da0c40-d4d3-42eb-9967-ddbd293d12e1","artist":{"name":"of Montreal","mbid":"8475297d-fb78-4630-8d74-9b87b6bb7cc8"}}},{"timestamp":{"iso":"2008-05-08T21:18:27","unixtimestamp":1210281507},"track":{"name":"Wraith Pinned To The Mist And Other Games","mbid":"001d04a7-c062-4606-9fa1-b7ec0b1af89c","artist":{"name":"of Montreal","mbid":"8475297d-fb78-4630-8d74-9b87b6bb7cc8"}},"uncorrectedTrack":{"name":"Wraith Pinned To The Mist And Other Games","mbid":"001d04a7-c062-4606-9fa1-b7ec0b1af89c","artist":{"name":"of Montreal","mbid":"8475297d-fb78-4630-8d74-9b87b6bb7cc8"}},"album":{"name":"The Sunlandic Twins","mbid":"09d5b61d-d9d4-4d78-9b63-c07039ddef92","artist":{"name":"of Montreal","mbid":"8475297d-fb78-4630-8d74-9b87b6bb7cc8"}}},{"timestamp":{"iso":"2008-05-08T21:23:39","unixtimestamp":1210281819},"track":{"name":"Brand New Colony","mbid":"199b3b15-1094-4a18-a239-aeb8e5172d13","artist":{"name":"The Postal Service","mbid":"299278d3-25dd-4f30-bae4-5b571c28034d"}},"uncorrectedTrack":{"name":"Brand New Colony","mbid":"199b3b15-1094-4a18-a239-aeb8e5172d13","artist":{"name":"The Postal Service","mbid":"299278d3-25dd-4f30-bae4-5b571c28034d"}}},{"timestamp":{"iso":"2008-05-08T21:28:00","unixtimestamp":1210282080},"track":{"name":"Help Me I Am in Hell","mbid":"c00a14f3-214e-41a8-8d14-1af20f5d8d07","artist":{"name":"Nine Inch Nails","mbid":"b7ffd2af-418f-4be2-bdd1-22f8b48613da"}},"uncorrectedTrack":{"name":"Help Me I Am in Hell","mbid":"c00a14f3-214e-41a8-8d14-1af20f5d8d07","artist":{"name":"Nine Inch Nails","mbid":"b7ffd2af-418f-4be2-bdd1-22f8b48613da"}},"album":{"name":"Broken","mbid":"0033b15e-9111-3b48-9279-dd6aa3d88c96","artist":{"name":"Nine Inch Nails","mbid":"b7ffd2af-418f-4be2-bdd1-22f8b48613da"}}},{"timestamp":{"iso":"2008-05-08T21:29:56","unixtimestamp":1210282196},"track":{"name":"The Scientist","mbid":"adc8d579-f958-43bc-9bb2-fa51bbe480be","artist":{"name":"Coldplay","mbid":"cc197bad-dc9c-440d-a5b5-d52ba2e14234"}},"uncorrectedTrack":{"name":"The Scientist","mbid":"adc8d579-f958-43bc-9bb2-fa51bbe480be","artist":{"name":"Coldplay","mbid":"cc197bad-dc9c-440d-a5b5-d52ba2e14234"}},"album":{"name":"A Rush of Blood to the Head","mbid":"53e93362-49f6-322f-8ae4-15a416c83209","artist":{"name":"Coldplay","mbid":"cc197bad-dc9c-440d-a5b5-d52ba2e14234"}}}]