[{"timestamp":{"iso":"2008-06-28T22:05:01","unixtimestamp":1214690701},"track":{"name":"Du hast","mbid":"02235493-6611-45f9-bcb6-d972bc039de3","artist":{"name":"Rammstein","mbid":"b2d122f9-eadb-4930-a196-8f221eeb0c66"}},"uncorrectedTrack":{"name":"Du hast","mbid":"02235493-6611-45f9-bcb6-d972bc039de3","artist":{"name":"Rammstein","mbid":"b2d122f9-eadb-4930-a196-8f221eeb0c66"}}},{"timestamp":{"iso":"2008-06-28T22:08:55","unixtimestamp":1214690935},"track":{"name":"Feüer Frei","artist":{"name":"Rammstein","mbid":"b2d122f9-eadb-4930-a196-8f221eeb0c66"}},"uncorrectedTrack":{"name":"Feüer Frei","artist":{"name":"Rammstein","mbid":"b2d122f9-eadb-4930-a196-8f221eeb0c66"}},"album":{"name":"Mutter","mbid":"873d99a3-9d77-37ac-bf25-d40db9ba2e24","artist":{"name":"Rammstein","mbid":"b2d122f9-eadb-4930-a196-8f221eeb0c66"}}},{"timestamp":{"iso":"2008-06-28T22:12:35","unixtimestamp":1214691155},"track":{"name":"Dragula","mbid":"c136c3b2-b2d5-48ba-8834-fd1fb8f22384","artist":{"name":"Rob Zombie","mbid":"c995a379-60b9-404b-bd97-a7e2de0751d3"}},"uncorrectedTrack":{"name":"Dragula","mbid":"c136c3b2-b2d5-48ba-8834-fd1fb8f22384","artist":{"name":"Rob Zombie","mbid":"c995a379-60b9-404b-bd97-a7e2de0751d3"}}},{"timestamp":{"iso":"2008-06-28T22:17:21","unixtimestamp":1214691441},"track":{"name":"Furious Angels (Matrix Reloaded Original Mix)","artist":{"name":"Rob Dougan","mbid":"19f1a3c4-aae2-4818-9bbe-bdb30af32f6a"}},"uncorrectedTrack":{"name":"Furious Angels (Matrix Reloaded Original Mix)","artist":{"name":"Rob Dougan","mbid":"19f1a3c4-aae2-4818-9bbe-bdb30af32f6a"}}}]