[{"timestamp":{"iso":"2014-11-03T15:52:50","unixtimestamp":1415029970},"track":{"name":"Basique","mbid":"f140dad9-351e-42e1-9072-c1e5020cdf5a","artist":{"name":"Little People","mbid":"0ab53372-ba70-4e7b-814b-12bc35fe4719"}},"uncorrectedTrack":{"name":"Basique","mbid":"f140dad9-351e-42e1-9072-c1e5020cdf5a","artist":{"name":"Little People","mbid":"0ab53372-ba70-4e7b-814b-12bc35fe4719"}},"album":{"name":"Mickey Mouse Operation","mbid":"db4d5128-f065-4938-8161-c50cf64b6f05","artist":{"name":"Little People","mbid":"0ab53372-ba70-4e7b-814b-12bc35fe4719"}},"application":"Grooveshark"},{"timestamp":{"iso":"2014-11-03T15:56:28","unixtimestamp":1415030188},"track":{"name":"Start Shootin\u0027","mbid":"5277462c-f559-467a-9c2b-199226d02c31","artist":{"name":"Little People","mbid":"0ab53372-ba70-4e7b-814b-12bc35fe4719"}},"uncorrectedTrack":{"name":"Start Shootin\u0027","mbid":"5277462c-f559-467a-9c2b-199226d02c31","artist":{"name":"Little People","mbid":"0ab53372-ba70-4e7b-814b-12bc35fe4719"}},"album":{"name":"Mickey Mouse Operation","mbid":"db4d5128-f065-4938-8161-c50cf64b6f05","artist":{"name":"Little People","mbid":"0ab53372-ba70-4e7b-814b-12bc35fe4719"}},"application":"Grooveshark"},{"timestamp":{"iso":"2014-11-03T16:00:05","unixtimestamp":1415030405},"track":{"name":"Unsaid","mbid":"72d957d2-8816-4d5f-9018-20e56c7a4593","artist":{"name":"Little People","mbid":"0ab53372-ba70-4e7b-814b-12bc35fe4719"}},"uncorrectedTrack":{"name":"Unsaid","mbid":"72d957d2-8816-4d5f-9018-20e56c7a4593","artist":{"name":"Little People","mbid":"0ab53372-ba70-4e7b-814b-12bc35fe4719"}},"album":{"name":"Mickey Mouse Operation","mbid":"db4d5128-f065-4938-8161-c50cf64b6f05","artist":{"name":"Little People","mbid":"0ab53372-ba70-4e7b-814b-12bc35fe4719"}},"application":"Grooveshark"},{"timestamp":{"iso":"2014-11-03T16:03:54","unixtimestamp":1415030634},"track":{"name":"Moon","mbid":"793f88ed-2e8c-4cdc-b042-8920877a82fc","artist":{"name":"Little People","mbid":"0ab53372-ba70-4e7b-814b-12bc35fe4719"}},"uncorrectedTrack":{"name":"Moon","mbid":"793f88ed-2e8c-4cdc-b042-8920877a82fc","artist":{"name":"Little People","mbid":"0ab53372-ba70-4e7b-814b-12bc35fe4719"}},"album":{"name":"Mickey Mouse Operation","mbid":"db4d5128-f065-4938-8161-c50cf64b6f05","artist":{"name":"Little People","mbid":"0ab53372-ba70-4e7b-814b-12bc35fe4719"}},"application":"Grooveshark"},{"timestamp":{"iso":"2014-11-03T16:07:42","unixtimestamp":1415030862},"track":{"name":"Above The Clouds","mbid":"21ea50a4-a82e-48a7-a11d-40f9636e874e","artist":{"name":"Little People","mbid":"0ab53372-ba70-4e7b-814b-12bc35fe4719"}},"uncorrectedTrack":{"name":"Above The Clouds","mbid":"21ea50a4-a82e-48a7-a11d-40f9636e874e","artist":{"name":"Little People","mbid":"0ab53372-ba70-4e7b-814b-12bc35fe4719"}},"album":{"name":"Mickey Mouse Operation","mbid":"db4d5128-f065-4938-8161-c50cf64b6f05","artist":{"name":"Little People","mbid":"0ab53372-ba70-4e7b-814b-12bc35fe4719"}},"application":"Grooveshark"},{"timestamp":{"iso":"2014-11-03T16:12:25","unixtimestamp":1415031145},"track":{"name":"Moon","mbid":"793f88ed-2e8c-4cdc-b042-8920877a82fc","artist":{"name":"Little People","mbid":"0ab53372-ba70-4e7b-814b-12bc35fe4719"}},"uncorrectedTrack":{"name":"Moon","mbid":"793f88ed-2e8c-4cdc-b042-8920877a82fc","artist":{"name":"Little People","mbid":"0ab53372-ba70-4e7b-814b-12bc35fe4719"}},"album":{"name":"Mickey Mouse Operation","mbid":"db4d5128-f065-4938-8161-c50cf64b6f05","artist":{"name":"Little People","mbid":"0ab53372-ba70-4e7b-814b-12bc35fe4719"}},"application":"Grooveshark"},{"timestamp":{"iso":"2014-11-03T16:17:24","unixtimestamp":1415031444},"track":{"name":"Eitheror","mbid":"86a9e9a7-aa75-4448-9608-a3ca20e46dad","artist":{"name":"Little People","mbid":"0ab53372-ba70-4e7b-814b-12bc35fe4719"}},"uncorrectedTrack":{"name":"Eitheror","mbid":"86a9e9a7-aa75-4448-9608-a3ca20e46dad","artist":{"name":"Little People","mbid":"0ab53372-ba70-4e7b-814b-12bc35fe4719"}},"album":{"name":"Mickey Mouse Operation","mbid":"db4d5128-f065-4938-8161-c50cf64b6f05","artist":{"name":"Little People","mbid":"0ab53372-ba70-4e7b-814b-12bc35fe4719"}},"application":"Grooveshark"},{"timestamp":{"iso":"2014-11-03T16:23:10","unixtimestamp":1415031790},"track":{"name":"Idiom","mbid":"b0b08fea-3766-491e-a7bc-6db92c7525b7","artist":{"name":"Little People","mbid":"0ab53372-ba70-4e7b-814b-12bc35fe4719"}},"uncorrectedTrack":{"name":"Idiom","mbid":"b0b08fea-3766-491e-a7bc-6db92c7525b7","artist":{"name":"Little People","mbid":"0ab53372-ba70-4e7b-814b-12bc35fe4719"}},"album":{"name":"Mickey Mouse Operation","mbid":"db4d5128-f065-4938-8161-c50cf64b6f05","artist":{"name":"Little People","mbid":"0ab53372-ba70-4e7b-814b-12bc35fe4719"}},"application":"Grooveshark"},{"timestamp":{"iso":"2014-11-03T22:02:16","unixtimestamp":1415052136},"track":{"name":"After the Guiding Venus","mbid":"53abb1c1-4c8c-4d69-96c5-307cbe79ecda","artist":{"name":"Koan","mbid":"05421b4f-d7cb-42eb-9996-e406c7d95616"}},"uncorrectedTrack":{"name":"After the Guiding Venus","mbid":"53abb1c1-4c8c-4d69-96c5-307cbe79ecda","artist":{"name":"Koan","mbid":"05421b4f-d7cb-42eb-9996-e406c7d95616"}},"album":{"name":"When The Silence Is Speaking","mbid":"ec10b2f9-fbf3-446e-a760-a18dd4081ebb","artist":{"name":"Koan","mbid":"05421b4f-d7cb-42eb-9996-e406c7d95616"}},"application":"Grooveshark"},{"timestamp":{"iso":"2014-11-03T22:49:55","unixtimestamp":1415054995},"track":{"name":"Love Like a Sunset, Pt. 1","artist":{"name":"Phoenix","mbid":"02f4c1ff-65e0-4412-8e8b-6239b0faecb5"}},"uncorrectedTrack":{"name":"Love Like a Sunset, Pt. 1","artist":{"name":"Phoenix","mbid":"02f4c1ff-65e0-4412-8e8b-6239b0faecb5"}},"album":{"name":"Wolfgang Amadeus Phoenix","mbid":"7289292c-5fe4-36de-b635-f80581d1182e","artist":{"name":"Phoenix","mbid":"02f4c1ff-65e0-4412-8e8b-6239b0faecb5"}},"application":"Grooveshark"},{"timestamp":{"iso":"2014-11-03T23:05:29","unixtimestamp":1415055929},"track":{"name":"Love Like a Sunset, Pt. 1","artist":{"name":"Phoenix","mbid":"02f4c1ff-65e0-4412-8e8b-6239b0faecb5"}},"uncorrectedTrack":{"name":"Love Like a Sunset, Pt. 1","artist":{"name":"Phoenix","mbid":"02f4c1ff-65e0-4412-8e8b-6239b0faecb5"}},"album":{"name":"Wolfgang Amadeus Phoenix","mbid":"7289292c-5fe4-36de-b635-f80581d1182e","artist":{"name":"Phoenix","mbid":"02f4c1ff-65e0-4412-8e8b-6239b0faecb5"}},"application":"Grooveshark"},{"timestamp":{"iso":"2014-11-03T23:13:05","unixtimestamp":1415056385},"track":{"name":"Love Like a Sunset, Part II","mbid":"007e4777-1ed3-418f-85e2-120b23622c06","artist":{"name":"Phoenix","mbid":"02f4c1ff-65e0-4412-8e8b-6239b0faecb5"}},"uncorrectedTrack":{"name":"Love Like a Sunset, Part II","mbid":"007e4777-1ed3-418f-85e2-120b23622c06","artist":{"name":"Phoenix","mbid":"02f4c1ff-65e0-4412-8e8b-6239b0faecb5"}},"album":{"name":"Wolfgang Amadeus Phoenix","mbid":"7289292c-5fe4-36de-b635-f80581d1182e","artist":{"name":"Phoenix","mbid":"02f4c1ff-65e0-4412-8e8b-6239b0faecb5"}},"application":"Grooveshark"},{"timestamp":{"iso":"2014-11-03T23:15:01","unixtimestamp":1415056501},"track":{"name":"Unsaid","mbid":"72d957d2-8816-4d5f-9018-20e56c7a4593","artist":{"name":"Little People","mbid":"0ab53372-ba70-4e7b-814b-12bc35fe4719"}},"uncorrectedTrack":{"name":"Unsaid","mbid":"72d957d2-8816-4d5f-9018-20e56c7a4593","artist":{"name":"Little People","mbid":"0ab53372-ba70-4e7b-814b-12bc35fe4719"}},"album":{"name":"Mickey Mouse Operation","mbid":"db4d5128-f065-4938-8161-c50cf64b6f05","artist":{"name":"Little People","mbid":"0ab53372-ba70-4e7b-814b-12bc35fe4719"}},"application":"Grooveshark"},{"timestamp":{"iso":"2014-11-03T23:18:50","unixtimestamp":1415056730},"track":{"name":"Above The Clouds","mbid":"21ea50a4-a82e-48a7-a11d-40f9636e874e","artist":{"name":"Little People","mbid":"0ab53372-ba70-4e7b-814b-12bc35fe4719"}},"uncorrectedTrack":{"name":"Above The Clouds","mbid":"21ea50a4-a82e-48a7-a11d-40f9636e874e","artist":{"name":"Little People","mbid":"0ab53372-ba70-4e7b-814b-12bc35fe4719"}},"album":{"name":"Mickey Mouse Operation","mbid":"db4d5128-f065-4938-8161-c50cf64b6f05","artist":{"name":"Little People","mbid":"0ab53372-ba70-4e7b-814b-12bc35fe4719"}},"application":"Grooveshark"},{"timestamp":{"iso":"2014-11-05T20:17:59","unixtimestamp":1415218679},"track":{"name":"Above The Clouds","mbid":"21ea50a4-a82e-48a7-a11d-40f9636e874e","artist":{"name":"Little People","mbid":"0ab53372-ba70-4e7b-814b-12bc35fe4719"}},"uncorrectedTrack":{"name":"Above The Clouds","mbid":"21ea50a4-a82e-48a7-a11d-40f9636e874e","artist":{"name":"Little People","mbid":"0ab53372-ba70-4e7b-814b-12bc35fe4719"}},"album":{"name":"Mickey Mouse Operation","mbid":"db4d5128-f065-4938-8161-c50cf64b6f05","artist":{"name":"Little People","mbid":"0ab53372-ba70-4e7b-814b-12bc35fe4719"}},"application":"Grooveshark"},{"timestamp":{"iso":"2014-11-05T20:21:50","unixtimestamp":1415218910},"track":{"name":"Basique","mbid":"f140dad9-351e-42e1-9072-c1e5020cdf5a","artist":{"name":"Little People","mbid":"0ab53372-ba70-4e7b-814b-12bc35fe4719"}},"uncorrectedTrack":{"name":"Basique","mbid":"f140dad9-351e-42e1-9072-c1e5020cdf5a","artist":{"name":"Little People","mbid":"0ab53372-ba70-4e7b-814b-12bc35fe4719"}},"album":{"name":"Mickey Mouse Operation","mbid":"db4d5128-f065-4938-8161-c50cf64b6f05","artist":{"name":"Little People","mbid":"0ab53372-ba70-4e7b-814b-12bc35fe4719"}},"application":"Grooveshark"},{"timestamp":{"iso":"2014-11-05T20:25:28","unixtimestamp":1415219128},"track":{"name":"Morgan\u0027s Bay","mbid":"74aa462b-6fc8-42f7-8888-229156e41706","artist":{"name":"Goldroom","mbid":"73d91e4c-88f7-4da5-8d18-06fbb4bfcca3"}},"uncorrectedTrack":{"name":"Morgan\u0027s Bay","mbid":"74aa462b-6fc8-42f7-8888-229156e41706","artist":{"name":"Goldroom","mbid":"73d91e4c-88f7-4da5-8d18-06fbb4bfcca3"}},"album":{"name":"Goldroom In 2011","artist":{"name":"Goldroom","mbid":"73d91e4c-88f7-4da5-8d18-06fbb4bfcca3"}},"application":"Grooveshark"},{"timestamp":{"iso":"2014-11-05T20:30:14","unixtimestamp":1415219414},"track":{"name":"Hawaii (Niva remix)","artist":{"name":"Blackbird Blackbird","mbid":"46e32991-1e7b-4575-9206-8e6519c97c14"}},"uncorrectedTrack":{"name":"Hawaii (Niva remix)","artist":{"name":"Blackbird Blackbird","mbid":"46e32991-1e7b-4575-9206-8e6519c97c14"}},"album":{"name":"Miscellaneous","artist":{"name":"Blackbird Blackbird","mbid":"46e32991-1e7b-4575-9206-8e6519c97c14"}},"application":"Grooveshark"},{"timestamp":{"iso":"2014-11-05T20:34:19","unixtimestamp":1415219659},"track":{"name":"The Woodpile","mbid":"71ecedbf-072c-49f7-b542-a8f0055c8cf7","artist":{"name":"Frightened Rabbit","mbid":"dc21d171-7204-4759-9fd0-77d031aeb40c"}},"uncorrectedTrack":{"name":"The Woodpile","mbid":"71ecedbf-072c-49f7-b542-a8f0055c8cf7","artist":{"name":"Frightened Rabbit","mbid":"dc21d171-7204-4759-9fd0-77d031aeb40c"}},"album":{"name":"Pedestrian Verse","mbid":"07066b10-cd86-4e6c-9a74-0499cfc1201e","artist":{"name":"Frightened Rabbit","mbid":"dc21d171-7204-4759-9fd0-77d031aeb40c"}},"application":"Grooveshark"},{"timestamp":{"iso":"2014-11-05T20:37:47","unixtimestamp":1415219867},"track":{"name":"Swim Until You Can\u0027t See Land","mbid":"010e6970-cacb-4f87-9cb8-a18737755cf1","artist":{"name":"Frightened Rabbit","mbid":"dc21d171-7204-4759-9fd0-77d031aeb40c"}},"uncorrectedTrack":{"name":"Swim Until You Can\u0027t See Land","mbid":"010e6970-cacb-4f87-9cb8-a18737755cf1","artist":{"name":"Frightened Rabbit","mbid":"dc21d171-7204-4759-9fd0-77d031aeb40c"}},"album":{"name":"The Winter of Mixed Drinks","mbid":"08a505bc-cadf-4ddc-bb3c-11ee6db2becf","artist":{"name":"Frightened Rabbit","mbid":"dc21d171-7204-4759-9fd0-77d031aeb40c"}},"application":"Grooveshark"},{"timestamp":{"iso":"2014-11-05T20:42:06","unixtimestamp":1415220126},"track":{"name":"Paper Ships","mbid":"e06c15cd-3b96-471d-87cd-71971e44fb47","artist":{"name":"Dead Man\u0027s Bones","mbid":"b2c8ff02-6078-4e9a-b2d7-267451925394"}},"uncorrectedTrack":{"name":"Paper Ships","mbid":"e06c15cd-3b96-471d-87cd-71971e44fb47","artist":{"name":"Dead Man\u0027s Bones","mbid":"b2c8ff02-6078-4e9a-b2d7-267451925394"}},"album":{"name":"Dead Man\u0027s Bones","mbid":"efa93a5d-b718-4434-9486-0a33936e4247","artist":{"name":"Dead Man\u0027s Bones","mbid":"b2c8ff02-6078-4e9a-b2d7-267451925394"}},"application":"Grooveshark"},{"timestamp":{"iso":"2014-11-05T20:44:59","unixtimestamp":1415220299},"track":{"name":"Lose Your Soul","mbid":"22eea410-3398-4c54-9d5a-913e5280da03","artist":{"name":"Dead Man\u0027s Bones","mbid":"b2c8ff02-6078-4e9a-b2d7-267451925394"}},"uncorrectedTrack":{"name":"Lose Your Soul","mbid":"22eea410-3398-4c54-9d5a-913e5280da03","artist":{"name":"Dead Man\u0027s Bones","mbid":"b2c8ff02-6078-4e9a-b2d7-267451925394"}},"album":{"name":"Waiting for Lightening to Strike","artist":{"name":"Dead Man\u0027s Bones","mbid":"b2c8ff02-6078-4e9a-b2d7-267451925394"}},"application":"Grooveshark"},{"timestamp":{"iso":"2014-11-05T20:49:34","unixtimestamp":1415220574},"track":{"name":"Pa Pa Power","mbid":"e7c6c7b4-9830-4539-9142-c839d023e253","artist":{"name":"Dead Man\u0027s Bones","mbid":"b2c8ff02-6078-4e9a-b2d7-267451925394"}},"uncorrectedTrack":{"name":"Pa Pa Power","mbid":"e7c6c7b4-9830-4539-9142-c839d023e253","artist":{"name":"Dead Man\u0027s Bones","mbid":"b2c8ff02-6078-4e9a-b2d7-267451925394"}},"album":{"name":"Dead Man\u0027s Bones","mbid":"efa93a5d-b718-4434-9486-0a33936e4247","artist":{"name":"Dead Man\u0027s Bones","mbid":"b2c8ff02-6078-4e9a-b2d7-267451925394"}},"application":"Grooveshark"},{"timestamp":{"iso":"2014-11-05T20:54:10","unixtimestamp":1415220850},"track":{"name":"My Body\u0027s a Zombie for You","mbid":"0bf1456b-f22d-461e-a899-127ab87556ff","artist":{"name":"Dead Man\u0027s Bones","mbid":"b2c8ff02-6078-4e9a-b2d7-267451925394"}},"uncorrectedTrack":{"name":"My Body\u0027s a Zombie for You","mbid":"0bf1456b-f22d-461e-a899-127ab87556ff","artist":{"name":"Dead Man\u0027s Bones","mbid":"b2c8ff02-6078-4e9a-b2d7-267451925394"}},"album":{"name":"Dead Man\u0027s Bones","mbid":"efa93a5d-b718-4434-9486-0a33936e4247","artist":{"name":"Dead Man\u0027s Bones","mbid":"b2c8ff02-6078-4e9a-b2d7-267451925394"}},"application":"Grooveshark"},{"timestamp":{"iso":"2014-11-05T20:58:43","unixtimestamp":1415221123},"track":{"name":"Lowlands","mbid":"90b21ab8-0e1f-40a3-9b21-d5a86a8b44e4","artist":{"name":"Chris Pureka","mbid":"1f260a5b-b84d-4935-9ca0-855d2fcd3814"}},"uncorrectedTrack":{"name":"Lowlands","mbid":"90b21ab8-0e1f-40a3-9b21-d5a86a8b44e4","artist":{"name":"Chris Pureka","mbid":"1f260a5b-b84d-4935-9ca0-855d2fcd3814"}},"album":{"name":"How I Learned to See in the Dark","mbid":"83fd3095-bfa8-4cd7-b111-b187396f6490","artist":{"name":"Chris Pureka","mbid":"1f260a5b-b84d-4935-9ca0-855d2fcd3814"}},"application":"Grooveshark"},{"timestamp":{"iso":"2014-11-05T21:02:17","unixtimestamp":1415221337},"track":{"name":"Come Outside (Feat. Meg Frampton)","artist":{"name":"The American Spirit"}},"uncorrectedTrack":{"name":"Come Outside (Feat. Meg Frampton)","artist":{"name":"The American Spirit"}},"album":{"name":"Spaces","artist":{"name":"The American Spirit"}},"application":"Grooveshark"},{"timestamp":{"iso":"2014-11-05T21:07:34","unixtimestamp":1415221654},"track":{"name":"California You\u0027re a Hole in My Heart","mbid":"2aa5ce68-203e-46a3-b716-f804f5e9bc39","artist":{"name":"Goodnight, Texas","mbid":"5def8c5b-3a30-43b8-95ee-5c830d717694"}},"uncorrectedTrack":{"name":"California You\u0027re a Hole in My Heart","mbid":"2aa5ce68-203e-46a3-b716-f804f5e9bc39","artist":{"name":"Goodnight, Texas","mbid":"5def8c5b-3a30-43b8-95ee-5c830d717694"}},"album":{"name":"Did.You Hear The New Mixtape? (December 2012)","artist":{"name":"Goodnight, Texas","mbid":"5def8c5b-3a30-43b8-95ee-5c830d717694"}},"application":"Grooveshark"},{"timestamp":{"iso":"2014-11-05T21:11:33","unixtimestamp":1415221893},"track":{"name":"Falling Slowly","mbid":"bd7924fe-d028-4db7-877a-74a844617cb0","artist":{"name":"Glen Hansard","mbid":"57f89cad-d2ef-48df-9119-8287b106716a"}},"uncorrectedTrack":{"name":"Falling Slowly","mbid":"bd7924fe-d028-4db7-877a-74a844617cb0","artist":{"name":"Glen Hansard","mbid":"57f89cad-d2ef-48df-9119-8287b106716a"}},"album":{"name":"Once","artist":{"name":"Glen Hansard","mbid":"57f89cad-d2ef-48df-9119-8287b106716a"}},"application":"Grooveshark"},{"timestamp":{"iso":"2014-11-05T21:15:39","unixtimestamp":1415222139},"track":{"name":"The Boxer","mbid":"313e309a-7e63-4130-8c78-e79ca5320df4","artist":{"name":"Simon \u0026 Garfunkel","mbid":"5d02f264-e225-41ff-83f7-d9b1f0b1874a"}},"uncorrectedTrack":{"name":"The Boxer","mbid":"313e309a-7e63-4130-8c78-e79ca5320df4","artist":{"name":"Simon \u0026 Garfunkel","mbid":"5d02f264-e225-41ff-83f7-d9b1f0b1874a"}},"album":{"name":"Bridge Over Troubled Water","mbid":"a32c1775-4378-3a30-a341-41560aa41c2b","artist":{"name":"Simon \u0026 Garfunkel","mbid":"5d02f264-e225-41ff-83f7-d9b1f0b1874a"}},"application":"Grooveshark"},{"timestamp":{"iso":"2014-11-05T21:20:52","unixtimestamp":1415222452},"track":{"name":"The Beggar \u0026 The Thief","mbid":"85341c5d-c4d2-436b-b226-4240404b2ad1","artist":{"name":"Piers Faccini","mbid":"99698ee5-9b92-4bea-bdf5-418270d820f4"}},"uncorrectedTrack":{"name":"The Beggar \u0026 The Thief","mbid":"85341c5d-c4d2-436b-b226-4240404b2ad1","artist":{"name":"Piers Faccini","mbid":"99698ee5-9b92-4bea-bdf5-418270d820f4"}},"album":{"name":"My Wilderness","mbid":"e7678ab3-ef97-4c10-91bb-1c139dd32141","artist":{"name":"Piers Faccini","mbid":"99698ee5-9b92-4bea-bdf5-418270d820f4"}},"application":"Grooveshark"},{"timestamp":{"iso":"2014-11-05T21:25:38","unixtimestamp":1415222738},"track":{"name":"Wind Song","mbid":"76ff946d-435f-4e84-a19e-9fbd8db858cf","artist":{"name":"Revolver","mbid":"06d4bf3f-5055-45eb-a657-f18ed2684c7d"}},"uncorrectedTrack":{"name":"Wind Song","mbid":"76ff946d-435f-4e84-a19e-9fbd8db858cf","artist":{"name":"Revolver","mbid":"06d4bf3f-5055-45eb-a657-f18ed2684c7d"}},"album":{"name":"Let Go","mbid":"188aa4b8-74d8-4385-a9fa-0a16898b3320","artist":{"name":"Revolver","mbid":"06d4bf3f-5055-45eb-a657-f18ed2684c7d"}},"application":"Grooveshark"},{"timestamp":{"iso":"2014-11-05T21:28:57","unixtimestamp":1415222937},"track":{"name":"Around Us (The Chainsmokers Remix)","artist":{"name":"Jónsi","mbid":"0ecc2c46-d335-485c-a077-240482609672"}},"uncorrectedTrack":{"name":"Around Us (The Chainsmokers Remix)","artist":{"name":"Jónsi","mbid":"0ecc2c46-d335-485c-a077-240482609672"}},"album":{"name":"Soundcloud","artist":{"name":"Jónsi","mbid":"0ecc2c46-d335-485c-a077-240482609672"}},"application":"Grooveshark"},{"timestamp":{"iso":"2014-11-05T21:37:44","unixtimestamp":1415223464},"track":{"name":"New Piano Song","mbid":"82af1bc9-4f09-4e29-a1ff-d9274d74e524","artist":{"name":"Jónsi","mbid":"0ecc2c46-d335-485c-a077-240482609672"}},"uncorrectedTrack":{"name":"New Piano Song","mbid":"82af1bc9-4f09-4e29-a1ff-d9274d74e524","artist":{"name":"Jónsi","mbid":"0ecc2c46-d335-485c-a077-240482609672"}},"album":{"name":"Go live","mbid":"01b05833-8a80-3087-a2a2-0beb3931d2b8","artist":{"name":"Jónsi","mbid":"0ecc2c46-d335-485c-a077-240482609672"}},"application":"Grooveshark"},{"timestamp":{"iso":"2014-11-05T21:42:50","unixtimestamp":1415223770},"track":{"name":"Go Do","mbid":"a5519bd0-c775-42a4-bc89-72f27943c1f0","artist":{"name":"Jónsi","mbid":"0ecc2c46-d335-485c-a077-240482609672"}},"uncorrectedTrack":{"name":"Go Do","mbid":"a5519bd0-c775-42a4-bc89-72f27943c1f0","artist":{"name":"Jónsi","mbid":"0ecc2c46-d335-485c-a077-240482609672"}},"album":{"name":"Go","mbid":"9511d78e-1068-3fa8-a393-c39d35e393c5","artist":{"name":"Jónsi","mbid":"0ecc2c46-d335-485c-a077-240482609672"}},"application":"Grooveshark"},{"timestamp":{"iso":"2014-11-05T21:47:31","unixtimestamp":1415224051},"track":{"name":"Nissim (with Amir Yaghmai)","artist":{"name":"The Gaslamp Killer","mbid":"6ad95b5d-6ae9-45e3-847a-121d2b32dadc"}},"uncorrectedTrack":{"name":"Nissim (with Amir Yaghmai)","artist":{"name":"The Gaslamp Killer","mbid":"6ad95b5d-6ae9-45e3-847a-121d2b32dadc"}},"album":{"name":"Breakthrough","mbid":"20f78ca0-519f-4baf-b909-3485e68d4b0b","artist":{"name":"The Gaslamp Killer","mbid":"6ad95b5d-6ae9-45e3-847a-121d2b32dadc"}},"application":"Grooveshark"},{"timestamp":{"iso":"2014-11-05T21:53:32","unixtimestamp":1415224412},"track":{"name":"Africa Must Wake Up (feat. K\u0027Naan)","artist":{"name":"Nas \u0026 Damian Marley"}},"uncorrectedTrack":{"name":"Africa Must Wake Up (feat. K\u0027Naan)","artist":{"name":"Nas \u0026 Damian Marley"}},"album":{"name":"Distant Relatives","mbid":"cee21897-952a-4d5d-8e3b-542d39a49e87","artist":{"name":"Nas \u0026 Damian Marley"}},"application":"Grooveshark"},{"timestamp":{"iso":"2014-11-05T22:00:14","unixtimestamp":1415224814},"track":{"name":"Travelers","mbid":"514af98a-5d14-49a8-8086-e61629164926","artist":{"name":"Bright Moments","mbid":"d555eeba-630c-4843-b251-576c5f628cd5"}},"uncorrectedTrack":{"name":"Travelers","mbid":"514af98a-5d14-49a8-8086-e61629164926","artist":{"name":"Bright Moments","mbid":"d555eeba-630c-4843-b251-576c5f628cd5"}},"album":{"name":"Natives","mbid":"4984ff4b-9799-4852-b2e8-1f252c07343e","artist":{"name":"Bright Moments","mbid":"d555eeba-630c-4843-b251-576c5f628cd5"}},"application":"Grooveshark"},{"timestamp":{"iso":"2014-11-05T22:07:52","unixtimestamp":1415225272},"track":{"name":"Go Do","mbid":"a5519bd0-c775-42a4-bc89-72f27943c1f0","artist":{"name":"Jónsi","mbid":"0ecc2c46-d335-485c-a077-240482609672"}},"uncorrectedTrack":{"name":"Go Do","mbid":"a5519bd0-c775-42a4-bc89-72f27943c1f0","artist":{"name":"Jónsi","mbid":"0ecc2c46-d335-485c-a077-240482609672"}},"album":{"name":"Go","mbid":"9511d78e-1068-3fa8-a393-c39d35e393c5","artist":{"name":"Jónsi","mbid":"0ecc2c46-d335-485c-a077-240482609672"}},"application":"Grooveshark"},{"timestamp":{"iso":"2014-11-05T22:12:16","unixtimestamp":1415225536},"track":{"name":"Morgan\u0027s Bay","mbid":"74aa462b-6fc8-42f7-8888-229156e41706","artist":{"name":"Goldroom","mbid":"73d91e4c-88f7-4da5-8d18-06fbb4bfcca3"}},"uncorrectedTrack":{"name":"Morgan\u0027s Bay","mbid":"74aa462b-6fc8-42f7-8888-229156e41706","artist":{"name":"Goldroom","mbid":"73d91e4c-88f7-4da5-8d18-06fbb4bfcca3"}},"album":{"name":"Goldroom In 2011","artist":{"name":"Goldroom","mbid":"73d91e4c-88f7-4da5-8d18-06fbb4bfcca3"}},"application":"Grooveshark"},{"timestamp":{"iso":"2014-11-05T22:18:54","unixtimestamp":1415225934},"track":{"name":"Over Now (Unreleased Track)","artist":{"name":"All India Radio","mbid":"53d2a4d1-556e-4701-a8ac-5fcb74a8e393"}},"uncorrectedTrack":{"name":"Over Now (Unreleased Track)","artist":{"name":"All India Radio","mbid":"53d2a4d1-556e-4701-a8ac-5fcb74a8e393"}},"album":{"name":"The Silent Surf","mbid":"56a28ebc-37ec-4325-a7f2-d741b65a1423","artist":{"name":"All India Radio","mbid":"53d2a4d1-556e-4701-a8ac-5fcb74a8e393"}},"application":"Grooveshark"},{"timestamp":{"iso":"2014-11-05T22:21:49","unixtimestamp":1415226109},"track":{"name":"After Dawn","mbid":"9c6ffc75-7e3f-41a3-b7bd-43cf860d7af9","artist":{"name":"Weathertunes","mbid":"9783c62b-3514-42d3-a5e8-de5ee1c6451c"}},"uncorrectedTrack":{"name":"After Dawn","mbid":"9c6ffc75-7e3f-41a3-b7bd-43cf860d7af9","artist":{"name":"Weathertunes","mbid":"9783c62b-3514-42d3-a5e8-de5ee1c6451c"}},"album":{"name":"The Birds \u0026 The Sky","mbid":"8d37fb07-d054-42d4-af4d-27af94def0f1","artist":{"name":"Weathertunes","mbid":"9783c62b-3514-42d3-a5e8-de5ee1c6451c"}},"application":"Grooveshark"},{"timestamp":{"iso":"2014-11-05T22:25:52","unixtimestamp":1415226352},"track":{"name":"Complexity Reducer","mbid":"7ed7baa3-0d14-4343-b651-95029be6f822","artist":{"name":"Delorean","mbid":"56c9c56a-3ffc-4489-95f0-c93cb222f1e9"}},"uncorrectedTrack":{"name":"Complexity Reducer","mbid":"7ed7baa3-0d14-4343-b651-95029be6f822","artist":{"name":"Delorean","mbid":"56c9c56a-3ffc-4489-95f0-c93cb222f1e9"}},"album":{"name":"Transatlantic KK","mbid":"9ee97586-a4bd-4f37-aee1-c5e84341d2c6","artist":{"name":"Delorean","mbid":"56c9c56a-3ffc-4489-95f0-c93cb222f1e9"}},"application":"Grooveshark"},{"timestamp":{"iso":"2014-11-05T22:31:32","unixtimestamp":1415226692},"track":{"name":"Stay the Same (feat. Andreya Triana)","artist":{"name":"Bonobo","mbid":"6f7dea51-1d02-4be1-b138-92078518350c"}},"uncorrectedTrack":{"name":"Stay the Same (feat. Andreya Triana)","artist":{"name":"Bonobo","mbid":"6f7dea51-1d02-4be1-b138-92078518350c"}},"album":{"name":"Black Sands","mbid":"6b575427-f110-4c22-bdeb-89620f534da2","artist":{"name":"Bonobo","mbid":"6f7dea51-1d02-4be1-b138-92078518350c"}},"application":"Grooveshark"},{"timestamp":{"iso":"2014-11-05T22:36:18","unixtimestamp":1415226978},"track":{"name":"Wind Song","mbid":"76ff946d-435f-4e84-a19e-9fbd8db858cf","artist":{"name":"Revolver","mbid":"06d4bf3f-5055-45eb-a657-f18ed2684c7d"}},"uncorrectedTrack":{"name":"Wind Song","mbid":"76ff946d-435f-4e84-a19e-9fbd8db858cf","artist":{"name":"Revolver","mbid":"06d4bf3f-5055-45eb-a657-f18ed2684c7d"}},"album":{"name":"Let Go","mbid":"188aa4b8-74d8-4385-a9fa-0a16898b3320","artist":{"name":"Revolver","mbid":"06d4bf3f-5055-45eb-a657-f18ed2684c7d"}},"application":"Grooveshark"},{"timestamp":{"iso":"2014-11-05T22:39:36","unixtimestamp":1415227176},"track":{"name":"The Woodpile","mbid":"71ecedbf-072c-49f7-b542-a8f0055c8cf7","artist":{"name":"Frightened Rabbit","mbid":"dc21d171-7204-4759-9fd0-77d031aeb40c"}},"uncorrectedTrack":{"name":"The Woodpile","mbid":"71ecedbf-072c-49f7-b542-a8f0055c8cf7","artist":{"name":"Frightened Rabbit","mbid":"dc21d171-7204-4759-9fd0-77d031aeb40c"}},"album":{"name":"Pedestrian Verse","mbid":"07066b10-cd86-4e6c-9a74-0499cfc1201e","artist":{"name":"Frightened Rabbit","mbid":"dc21d171-7204-4759-9fd0-77d031aeb40c"}},"application":"Grooveshark"},{"timestamp":{"iso":"2014-11-06T18:43:23","unixtimestamp":1415299403},"track":{"name":"Around Us","mbid":"5274a9b3-acaf-41fa-a934-978c427debf4","artist":{"name":"Jónsi","mbid":"0ecc2c46-d335-485c-a077-240482609672"}},"uncorrectedTrack":{"name":"Around Us","mbid":"5274a9b3-acaf-41fa-a934-978c427debf4","artist":{"name":"Jónsi","mbid":"0ecc2c46-d335-485c-a077-240482609672"}},"album":{"name":"Go - Advance","artist":{"name":"Jónsi","mbid":"0ecc2c46-d335-485c-a077-240482609672"}},"application":"Grooveshark"},{"timestamp":{"iso":"2014-11-06T18:48:42","unixtimestamp":1415299722},"track":{"name":"Bright Whites","mbid":"de57f59e-9dfe-47f8-b5a1-93dc9077f99c","artist":{"name":"Kishi Bashi","mbid":"7c340ac5-6eda-4981-91d6-d5b1f4d1bbbf"}},"uncorrectedTrack":{"name":"Bright Whites","mbid":"de57f59e-9dfe-47f8-b5a1-93dc9077f99c","artist":{"name":"Kishi Bashi","mbid":"7c340ac5-6eda-4981-91d6-d5b1f4d1bbbf"}},"album":{"name":"Room For Dream","mbid":"5305b6a6-aae4-43cf-90bd-087cad8433e2","artist":{"name":"Kishi Bashi","mbid":"7c340ac5-6eda-4981-91d6-d5b1f4d1bbbf"}},"application":"Grooveshark"},{"timestamp":{"iso":"2014-11-06T18:52:58","unixtimestamp":1415299978},"track":{"name":"Alone in Kyoto","mbid":"4044ad32-2ac5-4f95-afee-4379656b64f8","artist":{"name":"Air","mbid":"018dcc90-b1a2-400a-a96e-64b6a101f009"}},"uncorrectedTrack":{"name":"Alone in Kyoto","mbid":"4044ad32-2ac5-4f95-afee-4379656b64f8","artist":{"name":"Air","mbid":"018dcc90-b1a2-400a-a96e-64b6a101f009"}},"album":{"name":"Talkie Walkie","mbid":"25d4d542-bbb8-4f8d-8572-692c6ceab44d","artist":{"name":"Air","mbid":"018dcc90-b1a2-400a-a96e-64b6a101f009"}},"application":"Grooveshark"},{"timestamp":{"iso":"2014-11-06T18:57:49","unixtimestamp":1415300269},"track":{"name":"Go Do","mbid":"a5519bd0-c775-42a4-bc89-72f27943c1f0","artist":{"name":"Jónsi","mbid":"0ecc2c46-d335-485c-a077-240482609672"}},"uncorrectedTrack":{"name":"Go Do","mbid":"a5519bd0-c775-42a4-bc89-72f27943c1f0","artist":{"name":"Jónsi","mbid":"0ecc2c46-d335-485c-a077-240482609672"}},"album":{"name":"Go - Advance","artist":{"name":"Jónsi","mbid":"0ecc2c46-d335-485c-a077-240482609672"}},"application":"Grooveshark"},{"timestamp":{"iso":"2014-11-06T20:57:07","unixtimestamp":1415307427},"track":{"name":"Nissim (with Amir Yaghmai)","artist":{"name":"The Gaslamp Killer","mbid":"6ad95b5d-6ae9-45e3-847a-121d2b32dadc"}},"uncorrectedTrack":{"name":"Nissim (with Amir Yaghmai)","artist":{"name":"The Gaslamp Killer","mbid":"6ad95b5d-6ae9-45e3-847a-121d2b32dadc"}},"album":{"name":"Breakthrough","mbid":"20f78ca0-519f-4baf-b909-3485e68d4b0b","artist":{"name":"The Gaslamp Killer","mbid":"6ad95b5d-6ae9-45e3-847a-121d2b32dadc"}},"application":"Grooveshark"},{"timestamp":{"iso":"2014-11-06T21:05:29","unixtimestamp":1415307929},"track":{"name":"Cinematic Orchestra - Flite","artist":{"name":"The Cinematic Orchestra","mbid":"7c158ea8-c0aa-410e-bdc1-20bba9759577"}},"uncorrectedTrack":{"name":"Cinematic Orchestra - Flite","artist":{"name":"The Cinematic Orchestra","mbid":"7c158ea8-c0aa-410e-bdc1-20bba9759577"}},"album":{"name":"Every Day","mbid":"44270faa-917a-4415-be27-d7f0aab94d52","artist":{"name":"The Cinematic Orchestra","mbid":"7c158ea8-c0aa-410e-bdc1-20bba9759577"}},"application":"Grooveshark"},{"timestamp":{"iso":"2014-11-06T21:12:05","unixtimestamp":1415308325},"track":{"name":"California You\u0027re a Hole in My Heart","mbid":"2aa5ce68-203e-46a3-b716-f804f5e9bc39","artist":{"name":"Goodnight, Texas","mbid":"5def8c5b-3a30-43b8-95ee-5c830d717694"}},"uncorrectedTrack":{"name":"California You\u0027re a Hole in My Heart","mbid":"2aa5ce68-203e-46a3-b716-f804f5e9bc39","artist":{"name":"Goodnight, Texas","mbid":"5def8c5b-3a30-43b8-95ee-5c830d717694"}},"album":{"name":"Did.You Hear The New Mixtape? (December 2012)","artist":{"name":"Goodnight, Texas","mbid":"5def8c5b-3a30-43b8-95ee-5c830d717694"}},"application":"Grooveshark"},{"timestamp":{"iso":"2014-11-06T21:16:27","unixtimestamp":1415308587},"track":{"name":"Emkay","mbid":"4b6b0286-e45a-4182-ad5f-bb67850a1da7","artist":{"name":"Bonobo","mbid":"6f7dea51-1d02-4be1-b138-92078518350c"}},"uncorrectedTrack":{"name":"Emkay","mbid":"4b6b0286-e45a-4182-ad5f-bb67850a1da7","artist":{"name":"Bonobo","mbid":"6f7dea51-1d02-4be1-b138-92078518350c"}},"album":{"name":"The North Borders.","artist":{"name":"Bonobo","mbid":"6f7dea51-1d02-4be1-b138-92078518350c"}},"application":"Grooveshark"},{"timestamp":{"iso":"2014-11-06T21:21:54","unixtimestamp":1415308914},"track":{"name":"Yeh Jo Des Hai Tera (Shehnai)","artist":{"name":"bollywood","mbid":"fea05818-cd3b-4217-8af8-1435877382dc"}},"uncorrectedTrack":{"name":"Yeh Jo Des Hai Tera (Shehnai)","artist":{"name":"bollywood","mbid":"fea05818-cd3b-4217-8af8-1435877382dc"}},"album":{"name":"Swades","artist":{"name":"bollywood","mbid":"fea05818-cd3b-4217-8af8-1435877382dc"}},"application":"Grooveshark"},{"timestamp":{"iso":"2014-11-06T21:25:54","unixtimestamp":1415309154},"track":{"name":"Unforgettable","mbid":"4b9a0711-e5b0-491a-979d-86ffc42411a9","artist":{"name":"Marvin Gaye","mbid":"afdb7919-059d-43c1-b668-ba1d265e7e42"}},"uncorrectedTrack":{"name":"Unforgettable","mbid":"4b9a0711-e5b0-491a-979d-86ffc42411a9","artist":{"name":"Marvin Gaye","mbid":"afdb7919-059d-43c1-b668-ba1d265e7e42"}},"album":{"name":"A Tribute to the Great Nat King Cole","mbid":"192d9189-6f94-3e1a-bcca-e90eac03b1fa","artist":{"name":"Marvin Gaye","mbid":"afdb7919-059d-43c1-b668-ba1d265e7e42"}},"application":"Grooveshark"},{"timestamp":{"iso":"2014-11-06T21:29:43","unixtimestamp":1415309383},"track":{"name":"Bonus - to Build a Home (Edit Ft Patrick Watson)Bonus - to Build a Home (Edit Ft Patrick Watson)","artist":{"name":"The Cinematic Orchestra","mbid":"7c158ea8-c0aa-410e-bdc1-20bba9759577"}},"uncorrectedTrack":{"name":"Bonus - to Build a Home (Edit Ft Patrick Watson)Bonus - to Build a Home (Edit Ft Patrick Watson)","artist":{"name":"The Cinematic Orchestra","mbid":"7c158ea8-c0aa-410e-bdc1-20bba9759577"}},"album":{"name":"Ma Fleur","mbid":"63ebd406-fd8c-4382-a4b8-08b5d205c2c3","artist":{"name":"The Cinematic Orchestra","mbid":"7c158ea8-c0aa-410e-bdc1-20bba9759577"}},"application":"Grooveshark"},{"timestamp":{"iso":"2014-11-06T21:32:42","unixtimestamp":1415309562},"track":{"name":"Pacific Theme","mbid":"b1326b17-d876-47dc-8a0a-a4a05bb2087d","artist":{"name":"Broken Social Scene","mbid":"2eada8f8-056a-4093-bbc2-004909ce743b"}},"uncorrectedTrack":{"name":"Pacific Theme","mbid":"b1326b17-d876-47dc-8a0a-a4a05bb2087d","artist":{"name":"Broken Social Scene","mbid":"2eada8f8-056a-4093-bbc2-004909ce743b"}},"album":{"name":"You Forgot It In People","mbid":"4a62cd38-0405-33c0-ade2-6be951f7b777","artist":{"name":"Broken Social Scene","mbid":"2eada8f8-056a-4093-bbc2-004909ce743b"}},"application":"Grooveshark"},{"timestamp":{"iso":"2014-11-06T21:37:51","unixtimestamp":1415309871},"track":{"name":"Towers (ft. Szjerdene)","artist":{"name":"Bonobo","mbid":"6f7dea51-1d02-4be1-b138-92078518350c"}},"uncorrectedTrack":{"name":"Towers (ft. Szjerdene)","artist":{"name":"Bonobo","mbid":"6f7dea51-1d02-4be1-b138-92078518350c"}},"album":{"name":"The North Borders.","artist":{"name":"Bonobo","mbid":"6f7dea51-1d02-4be1-b138-92078518350c"}},"application":"Grooveshark"},{"timestamp":{"iso":"2014-11-06T22:10:33","unixtimestamp":1415311833},"track":{"name":"Ghost Song","mbid":"1c102df3-ebc9-4eed-aa71-5b85380ef312","artist":{"name":"All India Radio","mbid":"53d2a4d1-556e-4701-a8ac-5fcb74a8e393"}},"uncorrectedTrack":{"name":"Ghost Song","mbid":"1c102df3-ebc9-4eed-aa71-5b85380ef312","artist":{"name":"All India Radio","mbid":"53d2a4d1-556e-4701-a8ac-5fcb74a8e393"}},"album":{"name":"The Silent Surf","mbid":"56a28ebc-37ec-4325-a7f2-d741b65a1423","artist":{"name":"All India Radio","mbid":"53d2a4d1-556e-4701-a8ac-5fcb74a8e393"}},"application":"Grooveshark"},{"timestamp":{"iso":"2014-11-06T22:15:20","unixtimestamp":1415312120},"track":{"name":"Come Outside (Feat. Meg Frampton)","artist":{"name":"The American Spirit"}},"uncorrectedTrack":{"name":"Come Outside (Feat. Meg Frampton)","artist":{"name":"The American Spirit"}},"album":{"name":"Spaces","artist":{"name":"The American Spirit"}},"application":"Grooveshark"},{"timestamp":{"iso":"2014-11-06T22:20:36","unixtimestamp":1415312436},"track":{"name":"Kiara","mbid":"da17946e-5e74-4c02-a474-6cd8e321b96a","artist":{"name":"Bonobo","mbid":"6f7dea51-1d02-4be1-b138-92078518350c"}},"uncorrectedTrack":{"name":"Kiara","mbid":"da17946e-5e74-4c02-a474-6cd8e321b96a","artist":{"name":"Bonobo","mbid":"6f7dea51-1d02-4be1-b138-92078518350c"}},"album":{"name":"Black Sands","mbid":"6b575427-f110-4c22-bdeb-89620f534da2","artist":{"name":"Bonobo","mbid":"6f7dea51-1d02-4be1-b138-92078518350c"}},"application":"Grooveshark"},{"timestamp":{"iso":"2014-11-06T22:24:27","unixtimestamp":1415312667},"track":{"name":"The Woodpile","mbid":"71ecedbf-072c-49f7-b542-a8f0055c8cf7","artist":{"name":"Frightened Rabbit","mbid":"dc21d171-7204-4759-9fd0-77d031aeb40c"}},"uncorrectedTrack":{"name":"The Woodpile","mbid":"71ecedbf-072c-49f7-b542-a8f0055c8cf7","artist":{"name":"Frightened Rabbit","mbid":"dc21d171-7204-4759-9fd0-77d031aeb40c"}},"album":{"name":"Pedestrian Verse","mbid":"07066b10-cd86-4e6c-9a74-0499cfc1201e","artist":{"name":"Frightened Rabbit","mbid":"dc21d171-7204-4759-9fd0-77d031aeb40c"}},"application":"Grooveshark"},{"timestamp":{"iso":"2014-11-06T22:27:01","unixtimestamp":1415312821},"track":{"name":"New Piano Song","mbid":"82af1bc9-4f09-4e29-a1ff-d9274d74e524","artist":{"name":"Jónsi","mbid":"0ecc2c46-d335-485c-a077-240482609672"}},"uncorrectedTrack":{"name":"New Piano Song","mbid":"82af1bc9-4f09-4e29-a1ff-d9274d74e524","artist":{"name":"Jónsi","mbid":"0ecc2c46-d335-485c-a077-240482609672"}},"album":{"name":"Go live","mbid":"01b05833-8a80-3087-a2a2-0beb3931d2b8","artist":{"name":"Jónsi","mbid":"0ecc2c46-d335-485c-a077-240482609672"}},"application":"Grooveshark"},{"timestamp":{"iso":"2014-11-06T22:32:09","unixtimestamp":1415313129},"track":{"name":"One Door Opens","mbid":"25d3b6ef-bd50-4f8d-a48c-8a183d7409f7","artist":{"name":"Richard Thompson","mbid":"3f4e5ebb-49e3-4155-a1cd-ef4a4e155dbc"}},"uncorrectedTrack":{"name":"One Door Opens","mbid":"25d3b6ef-bd50-4f8d-a48c-8a183d7409f7","artist":{"name":"Richard Thompson","mbid":"3f4e5ebb-49e3-4155-a1cd-ef4a4e155dbc"}},"album":{"name":"The Old Kit Bag","mbid":"67df084d-9f3e-4240-be57-14c886058b62","artist":{"name":"Richard Thompson","mbid":"3f4e5ebb-49e3-4155-a1cd-ef4a4e155dbc"}},"application":"Grooveshark"},{"timestamp":{"iso":"2014-11-06T22:36:28","unixtimestamp":1415313388},"track":{"name":"Complexity Reducer","mbid":"7ed7baa3-0d14-4343-b651-95029be6f822","artist":{"name":"Delorean","mbid":"56c9c56a-3ffc-4489-95f0-c93cb222f1e9"}},"uncorrectedTrack":{"name":"Complexity Reducer","mbid":"7ed7baa3-0d14-4343-b651-95029be6f822","artist":{"name":"Delorean","mbid":"56c9c56a-3ffc-4489-95f0-c93cb222f1e9"}},"album":{"name":"Transatlantic KK","mbid":"9ee97586-a4bd-4f37-aee1-c5e84341d2c6","artist":{"name":"Delorean","mbid":"56c9c56a-3ffc-4489-95f0-c93cb222f1e9"}},"application":"Grooveshark"},{"timestamp":{"iso":"2014-11-06T22:41:02","unixtimestamp":1415313662},"track":{"name":"\u0027Imi Au Ia \u0027Oe","mbid":"aafdbf52-9908-4d74-a448-5381aaa2a957","artist":{"name":"Keola Beamer","mbid":"7c557252-cf19-4055-a973-8d6f3c55deb1"}},"uncorrectedTrack":{"name":"\u0027Imi Au Ia \u0027Oe","mbid":"aafdbf52-9908-4d74-a448-5381aaa2a957","artist":{"name":"Keola Beamer","mbid":"7c557252-cf19-4055-a973-8d6f3c55deb1"}},"album":{"name":"The Descendants Soundtrack","artist":{"name":"Keola Beamer","mbid":"7c557252-cf19-4055-a973-8d6f3c55deb1"}},"application":"Grooveshark"},{"timestamp":{"iso":"2014-11-06T22:44:14","unixtimestamp":1415313854},"track":{"name":"Above The Clouds","mbid":"21ea50a4-a82e-48a7-a11d-40f9636e874e","artist":{"name":"Little People","mbid":"0ab53372-ba70-4e7b-814b-12bc35fe4719"}},"uncorrectedTrack":{"name":"Above The Clouds","mbid":"21ea50a4-a82e-48a7-a11d-40f9636e874e","artist":{"name":"Little People","mbid":"0ab53372-ba70-4e7b-814b-12bc35fe4719"}},"album":{"name":"Mickey Mouse Operation","mbid":"db4d5128-f065-4938-8161-c50cf64b6f05","artist":{"name":"Little People","mbid":"0ab53372-ba70-4e7b-814b-12bc35fe4719"}},"application":"Grooveshark"},{"timestamp":{"iso":"2014-11-06T22:48:05","unixtimestamp":1415314085},"track":{"name":"The Tullymore Polka / The Witch, the Fiddle and the Phonebox","mbid":"e6c3c6e1-27a9-4cbc-9930-714626971fc7","artist":{"name":"Shaun Davey","mbid":"df0b8e8f-8f95-4474-8204-3e1c4890062f"}},"uncorrectedTrack":{"name":"The Tullymore Polka/The Witch , The Fiddle And The Phonebox","artist":{"name":"Shaun Davey","mbid":"df0b8e8f-8f95-4474-8204-3e1c4890062f"}},"album":{"name":"Waking Ned Devine","mbid":"d8c6c23a-375c-4ae3-996a-ffa816239290","artist":{"name":"Shaun Davey","mbid":"df0b8e8f-8f95-4474-8204-3e1c4890062f"}},"application":"Grooveshark"},{"timestamp":{"iso":"2014-11-06T22:52:32","unixtimestamp":1415314352},"track":{"name":"Wind Song","mbid":"76ff946d-435f-4e84-a19e-9fbd8db858cf","artist":{"name":"Revolver","mbid":"06d4bf3f-5055-45eb-a657-f18ed2684c7d"}},"uncorrectedTrack":{"name":"Wind Song","mbid":"76ff946d-435f-4e84-a19e-9fbd8db858cf","artist":{"name":"Revolver","mbid":"06d4bf3f-5055-45eb-a657-f18ed2684c7d"}},"album":{"name":"Let Go","mbid":"188aa4b8-74d8-4385-a9fa-0a16898b3320","artist":{"name":"Revolver","mbid":"06d4bf3f-5055-45eb-a657-f18ed2684c7d"}},"application":"Grooveshark"},{"timestamp":{"iso":"2014-11-06T22:55:51","unixtimestamp":1415314551},"track":{"name":"Blumenwiese neben Autobahn","mbid":"f782d927-eb38-48fd-aba5-3de1be8c2217","artist":{"name":"Ulrich Schnauss","mbid":"1d4e1e22-36d7-46c7-822d-95bd5757c0e0"}},"uncorrectedTrack":{"name":"Blumenwiese neben Autobahn","mbid":"f782d927-eb38-48fd-aba5-3de1be8c2217","artist":{"name":"Ulrich Schnauss","mbid":"1d4e1e22-36d7-46c7-822d-95bd5757c0e0"}},"album":{"name":"Far Away Trains Passing By","mbid":"5462af57-8462-4500-a7a3-19d7dda8e568","artist":{"name":"Ulrich Schnauss","mbid":"1d4e1e22-36d7-46c7-822d-95bd5757c0e0"}},"application":"Grooveshark"},{"timestamp":{"iso":"2014-11-06T23:02:24","unixtimestamp":1415314944},"track":{"name":"Reverse Skydiving","mbid":"10f33fbe-70c6-418e-a892-9e27da99addb","artist":{"name":"Hot Natured feat. Anabel Englund"}},"uncorrectedTrack":{"name":"Reverse Skydiving","mbid":"10f33fbe-70c6-418e-a892-9e27da99addb","artist":{"name":"Hot Natured feat. Anabel Englund"}},"album":{"name":"hot natured","artist":{"name":"Hot Natured feat. Anabel Englund"}},"application":"Grooveshark"},{"timestamp":{"iso":"2014-11-06T23:06:48","unixtimestamp":1415315208},"track":{"name":"Pa Pa Power","mbid":"e7c6c7b4-9830-4539-9142-c839d023e253","artist":{"name":"Dead Man\u0027s Bones","mbid":"b2c8ff02-6078-4e9a-b2d7-267451925394"}},"uncorrectedTrack":{"name":"Pa Pa Power","mbid":"e7c6c7b4-9830-4539-9142-c839d023e253","artist":{"name":"Dead Man\u0027s Bones","mbid":"b2c8ff02-6078-4e9a-b2d7-267451925394"}},"album":{"name":"Dead Man\u0027s Bones","mbid":"efa93a5d-b718-4434-9486-0a33936e4247","artist":{"name":"Dead Man\u0027s Bones","mbid":"b2c8ff02-6078-4e9a-b2d7-267451925394"}},"application":"Grooveshark"},{"timestamp":{"iso":"2014-11-06T23:11:26","unixtimestamp":1415315486},"track":{"name":"The Beggar \u0026 The Thief","mbid":"85341c5d-c4d2-436b-b226-4240404b2ad1","artist":{"name":"Piers Faccini","mbid":"99698ee5-9b92-4bea-bdf5-418270d820f4"}},"uncorrectedTrack":{"name":"The Beggar \u0026 The Thief","mbid":"85341c5d-c4d2-436b-b226-4240404b2ad1","artist":{"name":"Piers Faccini","mbid":"99698ee5-9b92-4bea-bdf5-418270d820f4"}},"album":{"name":"My Wilderness","mbid":"e7678ab3-ef97-4c10-91bb-1c139dd32141","artist":{"name":"Piers Faccini","mbid":"99698ee5-9b92-4bea-bdf5-418270d820f4"}},"application":"Grooveshark"},{"timestamp":{"iso":"2014-11-06T23:16:12","unixtimestamp":1415315772},"track":{"name":"Basique","mbid":"f140dad9-351e-42e1-9072-c1e5020cdf5a","artist":{"name":"Little People","mbid":"0ab53372-ba70-4e7b-814b-12bc35fe4719"}},"uncorrectedTrack":{"name":"Basique","mbid":"f140dad9-351e-42e1-9072-c1e5020cdf5a","artist":{"name":"Little People","mbid":"0ab53372-ba70-4e7b-814b-12bc35fe4719"}},"album":{"name":"Mickey Mouse Operation","mbid":"db4d5128-f065-4938-8161-c50cf64b6f05","artist":{"name":"Little People","mbid":"0ab53372-ba70-4e7b-814b-12bc35fe4719"}},"application":"Grooveshark"},{"timestamp":{"iso":"2014-11-07T15:44:17","unixtimestamp":1415375057},"track":{"name":"Politik","mbid":"047fd277-c4a2-4255-9ad7-991cb5c99994","artist":{"name":"Coldplay","mbid":"cc197bad-dc9c-440d-a5b5-d52ba2e14234"}},"uncorrectedTrack":{"name":"Politik","mbid":"047fd277-c4a2-4255-9ad7-991cb5c99994","artist":{"name":"Coldplay","mbid":"cc197bad-dc9c-440d-a5b5-d52ba2e14234"}},"album":{"name":"A Rush of Blood to the Head","mbid":"53e93362-49f6-322f-8ae4-15a416c83209","artist":{"name":"Coldplay","mbid":"cc197bad-dc9c-440d-a5b5-d52ba2e14234"}},"application":"Grooveshark"},{"timestamp":{"iso":"2014-11-07T15:51:56","unixtimestamp":1415375516},"track":{"name":"We Never Change","mbid":"ffbad1c3-952a-4183-964e-d6c2c1f8b7ed","artist":{"name":"Coldplay","mbid":"cc197bad-dc9c-440d-a5b5-d52ba2e14234"}},"uncorrectedTrack":{"name":"We Never Change","mbid":"ffbad1c3-952a-4183-964e-d6c2c1f8b7ed","artist":{"name":"Coldplay","mbid":"cc197bad-dc9c-440d-a5b5-d52ba2e14234"}},"album":{"name":"Parachutes","mbid":"435fc965-9121-461e-b8da-d9b505c9dc9b","artist":{"name":"Coldplay","mbid":"cc197bad-dc9c-440d-a5b5-d52ba2e14234"}},"application":"Grooveshark"},{"timestamp":{"iso":"2014-11-07T15:56:06","unixtimestamp":1415375766},"track":{"name":"Clocks","mbid":"d5d0176d-0200-4306-ab3d-afe8ec994996","artist":{"name":"Coldplay","mbid":"cc197bad-dc9c-440d-a5b5-d52ba2e14234"}},"uncorrectedTrack":{"name":"Clocks","mbid":"d5d0176d-0200-4306-ab3d-afe8ec994996","artist":{"name":"Coldplay","mbid":"cc197bad-dc9c-440d-a5b5-d52ba2e14234"}},"album":{"name":"A Rush of Blood to the Head","mbid":"53e93362-49f6-322f-8ae4-15a416c83209","artist":{"name":"Coldplay","mbid":"cc197bad-dc9c-440d-a5b5-d52ba2e14234"}},"application":"Grooveshark"},{"timestamp":{"iso":"2014-11-07T16:01:13","unixtimestamp":1415376073},"track":{"name":"Spies","mbid":"9a0835b2-ca36-4ee1-9ece-a766599ea7e7","artist":{"name":"Coldplay","mbid":"cc197bad-dc9c-440d-a5b5-d52ba2e14234"}},"uncorrectedTrack":{"name":"Spies","mbid":"9a0835b2-ca36-4ee1-9ece-a766599ea7e7","artist":{"name":"Coldplay","mbid":"cc197bad-dc9c-440d-a5b5-d52ba2e14234"}},"album":{"name":"Parachutes","mbid":"435fc965-9121-461e-b8da-d9b505c9dc9b","artist":{"name":"Coldplay","mbid":"cc197bad-dc9c-440d-a5b5-d52ba2e14234"}},"application":"Grooveshark"},{"timestamp":{"iso":"2014-11-07T16:06:32","unixtimestamp":1415376392},"track":{"name":"High Speed","mbid":"8ad8c2cf-a53e-4eb1-b8f2-8edc87eeebcb","artist":{"name":"Coldplay","mbid":"cc197bad-dc9c-440d-a5b5-d52ba2e14234"}},"uncorrectedTrack":{"name":"High Speed","mbid":"8ad8c2cf-a53e-4eb1-b8f2-8edc87eeebcb","artist":{"name":"Coldplay","mbid":"cc197bad-dc9c-440d-a5b5-d52ba2e14234"}},"album":{"name":"Parachutes","mbid":"435fc965-9121-461e-b8da-d9b505c9dc9b","artist":{"name":"Coldplay","mbid":"cc197bad-dc9c-440d-a5b5-d52ba2e14234"}},"application":"Grooveshark"},{"timestamp":{"iso":"2014-11-07T16:10:46","unixtimestamp":1415376646},"track":{"name":"Trouble","mbid":"00f77229-31a6-4ab6-8b4a-33adc343a9c0","artist":{"name":"Coldplay","mbid":"cc197bad-dc9c-440d-a5b5-d52ba2e14234"}},"uncorrectedTrack":{"name":"Trouble","mbid":"00f77229-31a6-4ab6-8b4a-33adc343a9c0","artist":{"name":"Coldplay","mbid":"cc197bad-dc9c-440d-a5b5-d52ba2e14234"}},"album":{"name":"Parachutes","mbid":"435fc965-9121-461e-b8da-d9b505c9dc9b","artist":{"name":"Coldplay","mbid":"cc197bad-dc9c-440d-a5b5-d52ba2e14234"}},"application":"Grooveshark"},{"timestamp":{"iso":"2014-11-07T16:15:17","unixtimestamp":1415376917},"track":{"name":"Shiver","mbid":"6db295af-24ca-41a8-89df-628f6456e150","artist":{"name":"Coldplay","mbid":"cc197bad-dc9c-440d-a5b5-d52ba2e14234"}},"uncorrectedTrack":{"name":"Shiver","mbid":"6db295af-24ca-41a8-89df-628f6456e150","artist":{"name":"Coldplay","mbid":"cc197bad-dc9c-440d-a5b5-d52ba2e14234"}},"album":{"name":"Parachutes","mbid":"435fc965-9121-461e-b8da-d9b505c9dc9b","artist":{"name":"Coldplay","mbid":"cc197bad-dc9c-440d-a5b5-d52ba2e14234"}},"application":"Grooveshark"},{"timestamp":{"iso":"2014-11-07T16:24:44","unixtimestamp":1415377484},"track":{"name":"Daylight","mbid":"dbff34b3-b6aa-498f-bd9b-5df870a1ce63","artist":{"name":"Coldplay","mbid":"cc197bad-dc9c-440d-a5b5-d52ba2e14234"}},"uncorrectedTrack":{"name":"Daylight","mbid":"dbff34b3-b6aa-498f-bd9b-5df870a1ce63","artist":{"name":"Coldplay","mbid":"cc197bad-dc9c-440d-a5b5-d52ba2e14234"}},"album":{"name":"A Rush of Blood to the Head","mbid":"53e93362-49f6-322f-8ae4-15a416c83209","artist":{"name":"Coldplay","mbid":"cc197bad-dc9c-440d-a5b5-d52ba2e14234"}},"application":"Grooveshark"},{"timestamp":{"iso":"2014-11-07T16:30:12","unixtimestamp":1415377812},"track":{"name":"Warning Sign","mbid":"1c7e1f6e-be0d-4d13-998a-75236bd3b47c","artist":{"name":"Coldplay","mbid":"cc197bad-dc9c-440d-a5b5-d52ba2e14234"}},"uncorrectedTrack":{"name":"Warning Sign","mbid":"1c7e1f6e-be0d-4d13-998a-75236bd3b47c","artist":{"name":"Coldplay","mbid":"cc197bad-dc9c-440d-a5b5-d52ba2e14234"}},"album":{"name":"A Rush of Blood to the Head","mbid":"53e93362-49f6-322f-8ae4-15a416c83209","artist":{"name":"Coldplay","mbid":"cc197bad-dc9c-440d-a5b5-d52ba2e14234"}},"application":"Grooveshark"},{"timestamp":{"iso":"2014-11-07T16:35:43","unixtimestamp":1415378143},"track":{"name":"Don\u0027t Panic","mbid":"e807c8d9-b1d8-467f-912f-a8e46e5b9afd","artist":{"name":"Coldplay","mbid":"cc197bad-dc9c-440d-a5b5-d52ba2e14234"}},"uncorrectedTrack":{"name":"Don\u0027t Panic","mbid":"e807c8d9-b1d8-467f-912f-a8e46e5b9afd","artist":{"name":"Coldplay","mbid":"cc197bad-dc9c-440d-a5b5-d52ba2e14234"}},"album":{"name":"Parachutes","mbid":"435fc965-9121-461e-b8da-d9b505c9dc9b","artist":{"name":"Coldplay","mbid":"cc197bad-dc9c-440d-a5b5-d52ba2e14234"}},"application":"Grooveshark"},{"timestamp":{"iso":"2014-11-07T16:49:41","unixtimestamp":1415378981},"track":{"name":"Amsterdam","mbid":"3faf0efc-2695-4ba3-bb30-94496a0b2ab6","artist":{"name":"Coldplay","mbid":"cc197bad-dc9c-440d-a5b5-d52ba2e14234"}},"uncorrectedTrack":{"name":"Amsterdam","mbid":"3faf0efc-2695-4ba3-bb30-94496a0b2ab6","artist":{"name":"Coldplay","mbid":"cc197bad-dc9c-440d-a5b5-d52ba2e14234"}},"album":{"name":"A Rush of Blood to the Head","mbid":"53e93362-49f6-322f-8ae4-15a416c83209","artist":{"name":"Coldplay","mbid":"cc197bad-dc9c-440d-a5b5-d52ba2e14234"}},"application":"Grooveshark"},{"timestamp":{"iso":"2014-11-07T16:54:58","unixtimestamp":1415379298},"track":{"name":"In My Place","mbid":"a36c1c52-9288-4f14-b1ee-23db4a38e7bf","artist":{"name":"Coldplay","mbid":"cc197bad-dc9c-440d-a5b5-d52ba2e14234"}},"uncorrectedTrack":{"name":"In My Place","mbid":"a36c1c52-9288-4f14-b1ee-23db4a38e7bf","artist":{"name":"Coldplay","mbid":"cc197bad-dc9c-440d-a5b5-d52ba2e14234"}},"album":{"name":"A Rush of Blood to the Head","mbid":"53e93362-49f6-322f-8ae4-15a416c83209","artist":{"name":"Coldplay","mbid":"cc197bad-dc9c-440d-a5b5-d52ba2e14234"}},"application":"Grooveshark"},{"timestamp":{"iso":"2014-11-07T16:58:47","unixtimestamp":1415379527},"track":{"name":"Sparks","mbid":"13ddbd84-02bc-4311-af93-78bb353ce6b7","artist":{"name":"Coldplay","mbid":"cc197bad-dc9c-440d-a5b5-d52ba2e14234"}},"uncorrectedTrack":{"name":"Sparks","mbid":"13ddbd84-02bc-4311-af93-78bb353ce6b7","artist":{"name":"Coldplay","mbid":"cc197bad-dc9c-440d-a5b5-d52ba2e14234"}},"album":{"name":"Parachutes","mbid":"435fc965-9121-461e-b8da-d9b505c9dc9b","artist":{"name":"Coldplay","mbid":"cc197bad-dc9c-440d-a5b5-d52ba2e14234"}},"application":"Grooveshark"},{"timestamp":{"iso":"2014-11-07T17:02:34","unixtimestamp":1415379754},"track":{"name":"God Put a Smile Upon Your Face","mbid":"a61975b7-15e3-4ee9-a07a-a90420a5110e","artist":{"name":"Coldplay","mbid":"cc197bad-dc9c-440d-a5b5-d52ba2e14234"}},"uncorrectedTrack":{"name":"God Put a Smile Upon Your Face","mbid":"a61975b7-15e3-4ee9-a07a-a90420a5110e","artist":{"name":"Coldplay","mbid":"cc197bad-dc9c-440d-a5b5-d52ba2e14234"}},"album":{"name":"A Rush of Blood to the Head","mbid":"53e93362-49f6-322f-8ae4-15a416c83209","artist":{"name":"Coldplay","mbid":"cc197bad-dc9c-440d-a5b5-d52ba2e14234"}},"application":"Grooveshark"},{"timestamp":{"iso":"2014-11-07T17:07:31","unixtimestamp":1415380051},"track":{"name":"Green Eyes","mbid":"522da5b6-9ce1-4fbb-9262-4914b91fb532","artist":{"name":"Coldplay","mbid":"cc197bad-dc9c-440d-a5b5-d52ba2e14234"}},"uncorrectedTrack":{"name":"Green Eyes","mbid":"522da5b6-9ce1-4fbb-9262-4914b91fb532","artist":{"name":"Coldplay","mbid":"cc197bad-dc9c-440d-a5b5-d52ba2e14234"}},"album":{"name":"A Rush of Blood to the Head","mbid":"53e93362-49f6-322f-8ae4-15a416c83209","artist":{"name":"Coldplay","mbid":"cc197bad-dc9c-440d-a5b5-d52ba2e14234"}},"application":"Grooveshark"},{"timestamp":{"iso":"2014-11-07T17:11:15","unixtimestamp":1415380275},"track":{"name":"A Rush of Blood to the Head","mbid":"364a1436-7302-45d6-aafe-8253184865c1","artist":{"name":"Coldplay","mbid":"cc197bad-dc9c-440d-a5b5-d52ba2e14234"}},"uncorrectedTrack":{"name":"A Rush of Blood to the Head","mbid":"364a1436-7302-45d6-aafe-8253184865c1","artist":{"name":"Coldplay","mbid":"cc197bad-dc9c-440d-a5b5-d52ba2e14234"}},"album":{"name":"A Rush of Blood to the Head","mbid":"53e93362-49f6-322f-8ae4-15a416c83209","artist":{"name":"Coldplay","mbid":"cc197bad-dc9c-440d-a5b5-d52ba2e14234"}},"application":"Grooveshark"},{"timestamp":{"iso":"2014-11-07T17:17:05","unixtimestamp":1415380625},"track":{"name":"Clocks","mbid":"d5d0176d-0200-4306-ab3d-afe8ec994996","artist":{"name":"Coldplay","mbid":"cc197bad-dc9c-440d-a5b5-d52ba2e14234"}},"uncorrectedTrack":{"name":"Clocks","mbid":"d5d0176d-0200-4306-ab3d-afe8ec994996","artist":{"name":"Coldplay","mbid":"cc197bad-dc9c-440d-a5b5-d52ba2e14234"}},"album":{"name":"A Rush of Blood to the Head","mbid":"53e93362-49f6-322f-8ae4-15a416c83209","artist":{"name":"Coldplay","mbid":"cc197bad-dc9c-440d-a5b5-d52ba2e14234"}},"application":"Grooveshark"},{"timestamp":{"iso":"2014-11-07T17:22:12","unixtimestamp":1415380932},"track":{"name":"Daylight","mbid":"dbff34b3-b6aa-498f-bd9b-5df870a1ce63","artist":{"name":"Coldplay","mbid":"cc197bad-dc9c-440d-a5b5-d52ba2e14234"}},"uncorrectedTrack":{"name":"Daylight","mbid":"dbff34b3-b6aa-498f-bd9b-5df870a1ce63","artist":{"name":"Coldplay","mbid":"cc197bad-dc9c-440d-a5b5-d52ba2e14234"}},"album":{"name":"A Rush of Blood to the Head","mbid":"53e93362-49f6-322f-8ae4-15a416c83209","artist":{"name":"Coldplay","mbid":"cc197bad-dc9c-440d-a5b5-d52ba2e14234"}},"application":"Grooveshark"},{"timestamp":{"iso":"2014-11-07T17:27:40","unixtimestamp":1415381260},"track":{"name":"Politik","mbid":"047fd277-c4a2-4255-9ad7-991cb5c99994","artist":{"name":"Coldplay","mbid":"cc197bad-dc9c-440d-a5b5-d52ba2e14234"}},"uncorrectedTrack":{"name":"Politik","mbid":"047fd277-c4a2-4255-9ad7-991cb5c99994","artist":{"name":"Coldplay","mbid":"cc197bad-dc9c-440d-a5b5-d52ba2e14234"}},"album":{"name":"A Rush of Blood to the Head","mbid":"53e93362-49f6-322f-8ae4-15a416c83209","artist":{"name":"Coldplay","mbid":"cc197bad-dc9c-440d-a5b5-d52ba2e14234"}},"application":"Grooveshark"},{"timestamp":{"iso":"2014-11-07T17:33:01","unixtimestamp":1415381581},"track":{"name":"Sparks","mbid":"13ddbd84-02bc-4311-af93-78bb353ce6b7","artist":{"name":"Coldplay","mbid":"cc197bad-dc9c-440d-a5b5-d52ba2e14234"}},"uncorrectedTrack":{"name":"Sparks","mbid":"13ddbd84-02bc-4311-af93-78bb353ce6b7","artist":{"name":"Coldplay","mbid":"cc197bad-dc9c-440d-a5b5-d52ba2e14234"}},"album":{"name":"Parachutes","mbid":"435fc965-9121-461e-b8da-d9b505c9dc9b","artist":{"name":"Coldplay","mbid":"cc197bad-dc9c-440d-a5b5-d52ba2e14234"}},"application":"Grooveshark"},{"timestamp":{"iso":"2014-11-07T17:36:48","unixtimestamp":1415381808},"track":{"name":"Shiver","mbid":"6db295af-24ca-41a8-89df-628f6456e150","artist":{"name":"Coldplay","mbid":"cc197bad-dc9c-440d-a5b5-d52ba2e14234"}},"uncorrectedTrack":{"name":"Shiver","mbid":"6db295af-24ca-41a8-89df-628f6456e150","artist":{"name":"Coldplay","mbid":"cc197bad-dc9c-440d-a5b5-d52ba2e14234"}},"album":{"name":"Parachutes","mbid":"435fc965-9121-461e-b8da-d9b505c9dc9b","artist":{"name":"Coldplay","mbid":"cc197bad-dc9c-440d-a5b5-d52ba2e14234"}},"application":"Grooveshark"},{"timestamp":{"iso":"2014-11-07T17:39:58","unixtimestamp":1415381998},"track":{"name":"Life in Technicolor","mbid":"a243f0b9-0573-4c81-ad67-00dd824e7eb2","artist":{"name":"Coldplay","mbid":"cc197bad-dc9c-440d-a5b5-d52ba2e14234"}},"uncorrectedTrack":{"name":"Life in Technicolor","mbid":"a243f0b9-0573-4c81-ad67-00dd824e7eb2","artist":{"name":"Coldplay","mbid":"cc197bad-dc9c-440d-a5b5-d52ba2e14234"}},"album":{"name":"Viva la Vida or Death and All His Friends","mbid":"10c38900-3f35-4a09-a9cc-5c44ee2da0ed","artist":{"name":"Coldplay","mbid":"cc197bad-dc9c-440d-a5b5-d52ba2e14234"}},"application":"Grooveshark"},{"timestamp":{"iso":"2014-11-07T17:42:30","unixtimestamp":1415382150},"track":{"name":"In My Place","mbid":"a36c1c52-9288-4f14-b1ee-23db4a38e7bf","artist":{"name":"Coldplay","mbid":"cc197bad-dc9c-440d-a5b5-d52ba2e14234"}},"uncorrectedTrack":{"name":"In My Place","mbid":"a36c1c52-9288-4f14-b1ee-23db4a38e7bf","artist":{"name":"Coldplay","mbid":"cc197bad-dc9c-440d-a5b5-d52ba2e14234"}},"album":{"name":"A Rush of Blood to the Head","mbid":"53e93362-49f6-322f-8ae4-15a416c83209","artist":{"name":"Coldplay","mbid":"cc197bad-dc9c-440d-a5b5-d52ba2e14234"}},"application":"Grooveshark"},{"timestamp":{"iso":"2014-11-07T17:46:18","unixtimestamp":1415382378},"track":{"name":"Talk","mbid":"2bd26fe0-8b1a-40b0-af20-28c44cdc0c01","artist":{"name":"Coldplay","mbid":"cc197bad-dc9c-440d-a5b5-d52ba2e14234"}},"uncorrectedTrack":{"name":"Talk","mbid":"2bd26fe0-8b1a-40b0-af20-28c44cdc0c01","artist":{"name":"Coldplay","mbid":"cc197bad-dc9c-440d-a5b5-d52ba2e14234"}},"album":{"name":"X\u0026Y","mbid":"6ab046e8-ee3b-4e23-9244-4529d6d154a6","artist":{"name":"Coldplay","mbid":"cc197bad-dc9c-440d-a5b5-d52ba2e14234"}},"application":"Grooveshark"},{"timestamp":{"iso":"2014-11-07T17:51:31","unixtimestamp":1415382691},"track":{"name":"Low","mbid":"186229ca-7bb2-4c98-9418-7df600aa31f6","artist":{"name":"Coldplay","mbid":"cc197bad-dc9c-440d-a5b5-d52ba2e14234"}},"uncorrectedTrack":{"name":"Low","mbid":"186229ca-7bb2-4c98-9418-7df600aa31f6","artist":{"name":"Coldplay","mbid":"cc197bad-dc9c-440d-a5b5-d52ba2e14234"}},"album":{"name":"X\u0026Y","mbid":"6ab046e8-ee3b-4e23-9244-4529d6d154a6","artist":{"name":"Coldplay","mbid":"cc197bad-dc9c-440d-a5b5-d52ba2e14234"}},"application":"Grooveshark"},{"timestamp":{"iso":"2014-11-07T17:57:03","unixtimestamp":1415383023},"track":{"name":"Life in Technicolor II","mbid":"2b2e7642-6ce5-4fb6-a211-5fd4d46d20c0","artist":{"name":"Coldplay","mbid":"cc197bad-dc9c-440d-a5b5-d52ba2e14234"}},"uncorrectedTrack":{"name":"Life in Technicolor II","mbid":"2b2e7642-6ce5-4fb6-a211-5fd4d46d20c0","artist":{"name":"Coldplay","mbid":"cc197bad-dc9c-440d-a5b5-d52ba2e14234"}},"album":{"name":"Prospekt\u0027s March","artist":{"name":"Coldplay","mbid":"cc197bad-dc9c-440d-a5b5-d52ba2e14234"}},"application":"Grooveshark"},{"timestamp":{"iso":"2014-11-07T18:04:43","unixtimestamp":1415383483},"track":{"name":"Clocks","mbid":"d5d0176d-0200-4306-ab3d-afe8ec994996","artist":{"name":"Coldplay","mbid":"cc197bad-dc9c-440d-a5b5-d52ba2e14234"}},"uncorrectedTrack":{"name":"Clocks","mbid":"d5d0176d-0200-4306-ab3d-afe8ec994996","artist":{"name":"Coldplay","mbid":"cc197bad-dc9c-440d-a5b5-d52ba2e14234"}},"album":{"name":"Clocks","mbid":"932f7b0b-9918-4fdb-ab96-7c3b3c8e9bdf","artist":{"name":"Coldplay","mbid":"cc197bad-dc9c-440d-a5b5-d52ba2e14234"}},"application":"Grooveshark"},{"timestamp":{"iso":"2014-11-07T18:09:50","unixtimestamp":1415383790},"track":{"name":"How You See The World (Live Fr","artist":{"name":"Coldplay","mbid":"cc197bad-dc9c-440d-a5b5-d52ba2e14234"}},"uncorrectedTrack":{"name":"How You See The World (Live Fr","artist":{"name":"Coldplay","mbid":"cc197bad-dc9c-440d-a5b5-d52ba2e14234"}},"album":{"name":"The Hardest Part","mbid":"90874914-f58f-483d-ae5e-d35c4fece05e","artist":{"name":"Coldplay","mbid":"cc197bad-dc9c-440d-a5b5-d52ba2e14234"}},"application":"Grooveshark"},{"timestamp":{"iso":"2014-11-07T18:12:11","unixtimestamp":1415383931},"track":{"name":"One I Love","mbid":"b3019853-b108-49d1-8af0-ff3dda7cd3b5","artist":{"name":"Coldplay","mbid":"cc197bad-dc9c-440d-a5b5-d52ba2e14234"}},"uncorrectedTrack":{"name":"One I Love","mbid":"b3019853-b108-49d1-8af0-ff3dda7cd3b5","artist":{"name":"Coldplay","mbid":"cc197bad-dc9c-440d-a5b5-d52ba2e14234"}},"album":{"name":"In My Place","mbid":"80dcd3f3-0b3e-44e8-bdad-a8aa919f8919","artist":{"name":"Coldplay","mbid":"cc197bad-dc9c-440d-a5b5-d52ba2e14234"}},"application":"Grooveshark"},{"timestamp":{"iso":"2014-11-07T21:34:04","unixtimestamp":1415396044},"track":{"name":"Warning Sign","mbid":"1c7e1f6e-be0d-4d13-998a-75236bd3b47c","artist":{"name":"Coldplay","mbid":"cc197bad-dc9c-440d-a5b5-d52ba2e14234"}},"uncorrectedTrack":{"name":"Warning Sign","mbid":"1c7e1f6e-be0d-4d13-998a-75236bd3b47c","artist":{"name":"Coldplay","mbid":"cc197bad-dc9c-440d-a5b5-d52ba2e14234"}},"album":{"name":"A Rush of Blood to the Head","mbid":"53e93362-49f6-322f-8ae4-15a416c83209","artist":{"name":"Coldplay","mbid":"cc197bad-dc9c-440d-a5b5-d52ba2e14234"}},"application":"Grooveshark"},{"timestamp":{"iso":"2014-11-07T21:43:07","unixtimestamp":1415396587},"track":{"name":"Death and All His Friends / The Escapist","mbid":"41e8b7d6-ad5c-47d7-a72d-290f4e2d1959","artist":{"name":"Coldplay","mbid":"cc197bad-dc9c-440d-a5b5-d52ba2e14234"}},"uncorrectedTrack":{"name":"Death and All His Friends / The Escapist","mbid":"41e8b7d6-ad5c-47d7-a72d-290f4e2d1959","artist":{"name":"Coldplay","mbid":"cc197bad-dc9c-440d-a5b5-d52ba2e14234"}},"album":{"name":"Viva la Vida or Death and All His Friends","mbid":"10c38900-3f35-4a09-a9cc-5c44ee2da0ed","artist":{"name":"Coldplay","mbid":"cc197bad-dc9c-440d-a5b5-d52ba2e14234"}},"application":"Grooveshark"},{"timestamp":{"iso":"2014-11-10T15:29:14","unixtimestamp":1415633354},"track":{"name":"Green Eyes","mbid":"522da5b6-9ce1-4fbb-9262-4914b91fb532","artist":{"name":"Coldplay","mbid":"cc197bad-dc9c-440d-a5b5-d52ba2e14234"}},"uncorrectedTrack":{"name":"Green Eyes","mbid":"522da5b6-9ce1-4fbb-9262-4914b91fb532","artist":{"name":"Coldplay","mbid":"cc197bad-dc9c-440d-a5b5-d52ba2e14234"}},"album":{"name":"A Rush of Blood to the Head","mbid":"53e93362-49f6-322f-8ae4-15a416c83209","artist":{"name":"Coldplay","mbid":"cc197bad-dc9c-440d-a5b5-d52ba2e14234"}},"application":"Grooveshark"},{"timestamp":{"iso":"2014-11-10T15:32:57","unixtimestamp":1415633577},"track":{"name":"Trouble","mbid":"00f77229-31a6-4ab6-8b4a-33adc343a9c0","artist":{"name":"Coldplay","mbid":"cc197bad-dc9c-440d-a5b5-d52ba2e14234"}},"uncorrectedTrack":{"name":"Trouble","mbid":"00f77229-31a6-4ab6-8b4a-33adc343a9c0","artist":{"name":"Coldplay","mbid":"cc197bad-dc9c-440d-a5b5-d52ba2e14234"}},"album":{"name":"Parachutes","mbid":"435fc965-9121-461e-b8da-d9b505c9dc9b","artist":{"name":"Coldplay","mbid":"cc197bad-dc9c-440d-a5b5-d52ba2e14234"}},"application":"Grooveshark"},{"timestamp":{"iso":"2014-11-10T15:37:28","unixtimestamp":1415633848},"track":{"name":"Clocks","mbid":"d5d0176d-0200-4306-ab3d-afe8ec994996","artist":{"name":"Coldplay","mbid":"cc197bad-dc9c-440d-a5b5-d52ba2e14234"}},"uncorrectedTrack":{"name":"Clocks","mbid":"d5d0176d-0200-4306-ab3d-afe8ec994996","artist":{"name":"Coldplay","mbid":"cc197bad-dc9c-440d-a5b5-d52ba2e14234"}},"album":{"name":"Clocks","mbid":"932f7b0b-9918-4fdb-ab96-7c3b3c8e9bdf","artist":{"name":"Coldplay","mbid":"cc197bad-dc9c-440d-a5b5-d52ba2e14234"}},"application":"Grooveshark"},{"timestamp":{"iso":"2014-11-10T15:42:35","unixtimestamp":1415634155},"track":{"name":"Moon","mbid":"793f88ed-2e8c-4cdc-b042-8920877a82fc","artist":{"name":"Little People","mbid":"0ab53372-ba70-4e7b-814b-12bc35fe4719"}},"uncorrectedTrack":{"name":"Moon","mbid":"793f88ed-2e8c-4cdc-b042-8920877a82fc","artist":{"name":"Little People","mbid":"0ab53372-ba70-4e7b-814b-12bc35fe4719"}},"album":{"name":"Mickey Mouse Operation","mbid":"db4d5128-f065-4938-8161-c50cf64b6f05","artist":{"name":"Little People","mbid":"0ab53372-ba70-4e7b-814b-12bc35fe4719"}},"application":"Grooveshark"},{"timestamp":{"iso":"2014-11-10T15:46:23","unixtimestamp":1415634383},"track":{"name":"Hawaii (Niva remix)","artist":{"name":"Blackbird Blackbird","mbid":"46e32991-1e7b-4575-9206-8e6519c97c14"}},"uncorrectedTrack":{"name":"Hawaii (Niva remix)","artist":{"name":"Blackbird Blackbird","mbid":"46e32991-1e7b-4575-9206-8e6519c97c14"}},"album":{"name":"Miscellaneous","artist":{"name":"Blackbird Blackbird","mbid":"46e32991-1e7b-4575-9206-8e6519c97c14"}},"application":"Grooveshark"},{"timestamp":{"iso":"2014-11-10T15:50:28","unixtimestamp":1415634628},"track":{"name":"Death and All His Friends / The Escapist","mbid":"41e8b7d6-ad5c-47d7-a72d-290f4e2d1959","artist":{"name":"Coldplay","mbid":"cc197bad-dc9c-440d-a5b5-d52ba2e14234"}},"uncorrectedTrack":{"name":"Death and All His Friends / The Escapist","mbid":"41e8b7d6-ad5c-47d7-a72d-290f4e2d1959","artist":{"name":"Coldplay","mbid":"cc197bad-dc9c-440d-a5b5-d52ba2e14234"}},"album":{"name":"Viva la Vida or Death and All His Friends","mbid":"10c38900-3f35-4a09-a9cc-5c44ee2da0ed","artist":{"name":"Coldplay","mbid":"cc197bad-dc9c-440d-a5b5-d52ba2e14234"}},"application":"Grooveshark"},{"timestamp":{"iso":"2014-11-10T15:56:47","unixtimestamp":1415635007},"track":{"name":"Complexity Reducer","mbid":"7ed7baa3-0d14-4343-b651-95029be6f822","artist":{"name":"Delorean","mbid":"56c9c56a-3ffc-4489-95f0-c93cb222f1e9"}},"uncorrectedTrack":{"name":"Complexity Reducer","mbid":"7ed7baa3-0d14-4343-b651-95029be6f822","artist":{"name":"Delorean","mbid":"56c9c56a-3ffc-4489-95f0-c93cb222f1e9"}},"album":{"name":"Transatlantic KK","mbid":"9ee97586-a4bd-4f37-aee1-c5e84341d2c6","artist":{"name":"Delorean","mbid":"56c9c56a-3ffc-4489-95f0-c93cb222f1e9"}},"application":"Grooveshark"},{"timestamp":{"iso":"2014-11-10T16:01:22","unixtimestamp":1415635282},"track":{"name":"Paper Ships","mbid":"e06c15cd-3b96-471d-87cd-71971e44fb47","artist":{"name":"Dead Man\u0027s Bones","mbid":"b2c8ff02-6078-4e9a-b2d7-267451925394"}},"uncorrectedTrack":{"name":"Paper Ships","mbid":"e06c15cd-3b96-471d-87cd-71971e44fb47","artist":{"name":"Dead Man\u0027s Bones","mbid":"b2c8ff02-6078-4e9a-b2d7-267451925394"}},"album":{"name":"Dead Man\u0027s Bones","mbid":"efa93a5d-b718-4434-9486-0a33936e4247","artist":{"name":"Dead Man\u0027s Bones","mbid":"b2c8ff02-6078-4e9a-b2d7-267451925394"}},"application":"Grooveshark"},{"timestamp":{"iso":"2014-11-10T17:29:20","unixtimestamp":1415640560},"track":{"name":"Come Outside (Feat. Meg Frampton)","artist":{"name":"The American Spirit"}},"uncorrectedTrack":{"name":"Come Outside (Feat. Meg Frampton)","artist":{"name":"The American Spirit"}},"album":{"name":"Spaces","artist":{"name":"The American Spirit"}},"application":"Grooveshark"},{"timestamp":{"iso":"2014-11-10T17:42:19","unixtimestamp":1415641339},"track":{"name":"Unsaid","mbid":"72d957d2-8816-4d5f-9018-20e56c7a4593","artist":{"name":"Little People","mbid":"0ab53372-ba70-4e7b-814b-12bc35fe4719"}},"uncorrectedTrack":{"name":"Unsaid","mbid":"72d957d2-8816-4d5f-9018-20e56c7a4593","artist":{"name":"Little People","mbid":"0ab53372-ba70-4e7b-814b-12bc35fe4719"}},"album":{"name":"Mickey Mouse Operation","mbid":"db4d5128-f065-4938-8161-c50cf64b6f05","artist":{"name":"Little People","mbid":"0ab53372-ba70-4e7b-814b-12bc35fe4719"}},"application":"Grooveshark"},{"timestamp":{"iso":"2014-11-10T17:46:08","unixtimestamp":1415641568},"track":{"name":"Around Us (The Chainsmokers Remix)","artist":{"name":"Jónsi","mbid":"0ecc2c46-d335-485c-a077-240482609672"}},"uncorrectedTrack":{"name":"Around Us (The Chainsmokers Remix)","artist":{"name":"Jónsi","mbid":"0ecc2c46-d335-485c-a077-240482609672"}},"album":{"name":"Soundcloud","artist":{"name":"Jónsi","mbid":"0ecc2c46-d335-485c-a077-240482609672"}},"application":"Grooveshark"},{"timestamp":{"iso":"2014-11-10T17:51:05","unixtimestamp":1415641865},"track":{"name":"Warning Sign","mbid":"1c7e1f6e-be0d-4d13-998a-75236bd3b47c","artist":{"name":"Coldplay","mbid":"cc197bad-dc9c-440d-a5b5-d52ba2e14234"}},"uncorrectedTrack":{"name":"Warning Sign","mbid":"1c7e1f6e-be0d-4d13-998a-75236bd3b47c","artist":{"name":"Coldplay","mbid":"cc197bad-dc9c-440d-a5b5-d52ba2e14234"}},"album":{"name":"A Rush of Blood to the Head","mbid":"53e93362-49f6-322f-8ae4-15a416c83209","artist":{"name":"Coldplay","mbid":"cc197bad-dc9c-440d-a5b5-d52ba2e14234"}},"application":"Grooveshark"},{"timestamp":{"iso":"2014-11-10T17:56:36","unixtimestamp":1415642196},"track":{"name":"Cinematic Orchestra - Flite","artist":{"name":"The Cinematic Orchestra","mbid":"7c158ea8-c0aa-410e-bdc1-20bba9759577"}},"uncorrectedTrack":{"name":"Cinematic Orchestra - Flite","artist":{"name":"The Cinematic Orchestra","mbid":"7c158ea8-c0aa-410e-bdc1-20bba9759577"}},"album":{"name":"Every Day","mbid":"44270faa-917a-4415-be27-d7f0aab94d52","artist":{"name":"The Cinematic Orchestra","mbid":"7c158ea8-c0aa-410e-bdc1-20bba9759577"}},"application":"Grooveshark"},{"timestamp":{"iso":"2014-11-10T18:03:12","unixtimestamp":1415642592},"track":{"name":"Bright Whites","mbid":"de57f59e-9dfe-47f8-b5a1-93dc9077f99c","artist":{"name":"Kishi Bashi","mbid":"7c340ac5-6eda-4981-91d6-d5b1f4d1bbbf"}},"uncorrectedTrack":{"name":"Bright Whites","mbid":"de57f59e-9dfe-47f8-b5a1-93dc9077f99c","artist":{"name":"Kishi Bashi","mbid":"7c340ac5-6eda-4981-91d6-d5b1f4d1bbbf"}},"album":{"name":"Room For Dream","mbid":"5305b6a6-aae4-43cf-90bd-087cad8433e2","artist":{"name":"Kishi Bashi","mbid":"7c340ac5-6eda-4981-91d6-d5b1f4d1bbbf"}},"application":"Grooveshark"},{"timestamp":{"iso":"2014-11-10T18:07:28","unixtimestamp":1415642848},"track":{"name":"Lowlands","mbid":"90b21ab8-0e1f-40a3-9b21-d5a86a8b44e4","artist":{"name":"Chris Pureka","mbid":"1f260a5b-b84d-4935-9ca0-855d2fcd3814"}},"uncorrectedTrack":{"name":"Lowlands","mbid":"90b21ab8-0e1f-40a3-9b21-d5a86a8b44e4","artist":{"name":"Chris Pureka","mbid":"1f260a5b-b84d-4935-9ca0-855d2fcd3814"}},"album":{"name":"How I Learned to See in the Dark","mbid":"83fd3095-bfa8-4cd7-b111-b187396f6490","artist":{"name":"Chris Pureka","mbid":"1f260a5b-b84d-4935-9ca0-855d2fcd3814"}},"application":"Grooveshark"},{"timestamp":{"iso":"2014-11-10T18:11:02","unixtimestamp":1415643062},"track":{"name":"Lose Your Soul","mbid":"22eea410-3398-4c54-9d5a-913e5280da03","artist":{"name":"Dead Man\u0027s Bones","mbid":"b2c8ff02-6078-4e9a-b2d7-267451925394"}},"uncorrectedTrack":{"name":"Lose Your Soul","mbid":"22eea410-3398-4c54-9d5a-913e5280da03","artist":{"name":"Dead Man\u0027s Bones","mbid":"b2c8ff02-6078-4e9a-b2d7-267451925394"}},"album":{"name":"Waiting for Lightening to Strike","artist":{"name":"Dead Man\u0027s Bones","mbid":"b2c8ff02-6078-4e9a-b2d7-267451925394"}},"application":"Grooveshark"},{"timestamp":{"iso":"2014-11-10T18:15:37","unixtimestamp":1415643337},"track":{"name":"Wind Song","mbid":"76ff946d-435f-4e84-a19e-9fbd8db858cf","artist":{"name":"Revolver","mbid":"06d4bf3f-5055-45eb-a657-f18ed2684c7d"}},"uncorrectedTrack":{"name":"Wind Song","mbid":"76ff946d-435f-4e84-a19e-9fbd8db858cf","artist":{"name":"Revolver","mbid":"06d4bf3f-5055-45eb-a657-f18ed2684c7d"}},"album":{"name":"Let Go","mbid":"188aa4b8-74d8-4385-a9fa-0a16898b3320","artist":{"name":"Revolver","mbid":"06d4bf3f-5055-45eb-a657-f18ed2684c7d"}},"application":"Grooveshark"},{"timestamp":{"iso":"2014-11-10T18:18:56","unixtimestamp":1415643536},"track":{"name":"Daylight","mbid":"dbff34b3-b6aa-498f-bd9b-5df870a1ce63","artist":{"name":"Coldplay","mbid":"cc197bad-dc9c-440d-a5b5-d52ba2e14234"}},"uncorrectedTrack":{"name":"Daylight","mbid":"dbff34b3-b6aa-498f-bd9b-5df870a1ce63","artist":{"name":"Coldplay","mbid":"cc197bad-dc9c-440d-a5b5-d52ba2e14234"}},"album":{"name":"A Rush of Blood to the Head","mbid":"53e93362-49f6-322f-8ae4-15a416c83209","artist":{"name":"Coldplay","mbid":"cc197bad-dc9c-440d-a5b5-d52ba2e14234"}},"application":"Grooveshark"},{"timestamp":{"iso":"2014-11-10T18:24:23","unixtimestamp":1415643863},"track":{"name":"Go Do","mbid":"a5519bd0-c775-42a4-bc89-72f27943c1f0","artist":{"name":"Jónsi","mbid":"0ecc2c46-d335-485c-a077-240482609672"}},"uncorrectedTrack":{"name":"Go Do","mbid":"a5519bd0-c775-42a4-bc89-72f27943c1f0","artist":{"name":"Jónsi","mbid":"0ecc2c46-d335-485c-a077-240482609672"}},"album":{"name":"Go - Advance","artist":{"name":"Jónsi","mbid":"0ecc2c46-d335-485c-a077-240482609672"}},"application":"Grooveshark"},{"timestamp":{"iso":"2014-11-10T18:29:08","unixtimestamp":1415644148},"track":{"name":"Ghost Song","mbid":"1c102df3-ebc9-4eed-aa71-5b85380ef312","artist":{"name":"All India Radio","mbid":"53d2a4d1-556e-4701-a8ac-5fcb74a8e393"}},"uncorrectedTrack":{"name":"Ghost Song","mbid":"1c102df3-ebc9-4eed-aa71-5b85380ef312","artist":{"name":"All India Radio","mbid":"53d2a4d1-556e-4701-a8ac-5fcb74a8e393"}},"album":{"name":"The Silent Surf","mbid":"56a28ebc-37ec-4325-a7f2-d741b65a1423","artist":{"name":"All India Radio","mbid":"53d2a4d1-556e-4701-a8ac-5fcb74a8e393"}},"application":"Grooveshark"},{"timestamp":{"iso":"2014-11-10T19:32:43","unixtimestamp":1415647963},"track":{"name":"Above The Clouds","mbid":"21ea50a4-a82e-48a7-a11d-40f9636e874e","artist":{"name":"Little People","mbid":"0ab53372-ba70-4e7b-814b-12bc35fe4719"}},"uncorrectedTrack":{"name":"Above The Clouds","mbid":"21ea50a4-a82e-48a7-a11d-40f9636e874e","artist":{"name":"Little People","mbid":"0ab53372-ba70-4e7b-814b-12bc35fe4719"}},"album":{"name":"Mickey Mouse Operation","mbid":"db4d5128-f065-4938-8161-c50cf64b6f05","artist":{"name":"Little People","mbid":"0ab53372-ba70-4e7b-814b-12bc35fe4719"}},"application":"Grooveshark"},{"timestamp":{"iso":"2014-11-10T19:36:33","unixtimestamp":1415648193},"track":{"name":"La Esquina","mbid":"bc493b7c-5f96-4d6e-92c6-9fc34f12d491","artist":{"name":"Federico Aubele","mbid":"2db43da6-401e-4dd7-898d-8f6da60c58da"}},"uncorrectedTrack":{"name":"La Esquina","mbid":"bc493b7c-5f96-4d6e-92c6-9fc34f12d491","artist":{"name":"Federico Aubele","mbid":"2db43da6-401e-4dd7-898d-8f6da60c58da"}},"album":{"name":"KEXP Song of the Day","artist":{"name":"Federico Aubele","mbid":"2db43da6-401e-4dd7-898d-8f6da60c58da"}},"application":"Grooveshark"},{"timestamp":{"iso":"2014-11-10T19:39:58","unixtimestamp":1415648398},"track":{"name":"Before and After Light","mbid":"51092672-9aa8-4875-bcd8-8be1de0212b6","artist":{"name":"CFCF","mbid":"c06cb96b-2a5c-439a-8171-fe3bd7d01ac3"}},"uncorrectedTrack":{"name":"Before and After Light","mbid":"51092672-9aa8-4875-bcd8-8be1de0212b6","artist":{"name":"CFCF","mbid":"c06cb96b-2a5c-439a-8171-fe3bd7d01ac3"}},"album":{"name":"The River-EP (Bonus Track Version)","artist":{"name":"CFCF","mbid":"c06cb96b-2a5c-439a-8171-fe3bd7d01ac3"}},"application":"Grooveshark"},{"timestamp":{"iso":"2014-11-10T19:45:18","unixtimestamp":1415648718},"track":{"name":"At Sunset","mbid":"88107fc3-3fa8-4b9c-8d9a-444cd50f9230","artist":{"name":"idenline","mbid":"8af7dbd8-48a1-452c-8da5-092238c5562d"}},"uncorrectedTrack":{"name":"At Sunset","mbid":"88107fc3-3fa8-4b9c-8d9a-444cd50f9230","artist":{"name":"idenline","mbid":"8af7dbd8-48a1-452c-8da5-092238c5562d"}},"album":{"name":"Together EP","artist":{"name":"idenline","mbid":"8af7dbd8-48a1-452c-8da5-092238c5562d"}},"application":"Grooveshark"},{"timestamp":{"iso":"2014-11-10T19:49:07","unixtimestamp":1415648947},"track":{"name":"All Eyes on You","mbid":"6b4dc2f5-c2ce-49e1-8cac-e83e6365f4ce","artist":{"name":"St. Lucia","mbid":"d996eadd-029d-4478-aa4b-fc9446653548"}},"uncorrectedTrack":{"name":"All Eyes on You","mbid":"6b4dc2f5-c2ce-49e1-8cac-e83e6365f4ce","artist":{"name":"St. Lucia","mbid":"d996eadd-029d-4478-aa4b-fc9446653548"}},"album":{"name":"When The Night","mbid":"ed82b5b9-9b07-4e34-bfc2-0e8ce12fcb36","artist":{"name":"St. Lucia","mbid":"d996eadd-029d-4478-aa4b-fc9446653548"}},"application":"Grooveshark"},{"timestamp":{"iso":"2014-11-10T19:53:34","unixtimestamp":1415649214},"track":{"name":"Taking Over","mbid":"f31f2b16-9d4b-477e-a26b-30dd7b7fd0a4","artist":{"name":"Joe Goddard","mbid":"cfe625e1-a5ce-4c48-a4a4-d781c44fb64f"}},"uncorrectedTrack":{"name":"Taking Over","mbid":"f31f2b16-9d4b-477e-a26b-30dd7b7fd0a4","artist":{"name":"Joe Goddard","mbid":"cfe625e1-a5ce-4c48-a4a4-d781c44fb64f"}},"album":{"name":"Joe Goddard","artist":{"name":"Joe Goddard","mbid":"cfe625e1-a5ce-4c48-a4a4-d781c44fb64f"}},"application":"Grooveshark"},{"timestamp":{"iso":"2014-11-10T21:40:21","unixtimestamp":1415655621},"track":{"name":"Go Do","mbid":"a5519bd0-c775-42a4-bc89-72f27943c1f0","artist":{"name":"Jónsi","mbid":"0ecc2c46-d335-485c-a077-240482609672"}},"uncorrectedTrack":{"name":"Go Do","mbid":"a5519bd0-c775-42a4-bc89-72f27943c1f0","artist":{"name":"Jónsi","mbid":"0ecc2c46-d335-485c-a077-240482609672"}},"album":{"name":"Go","mbid":"9511d78e-1068-3fa8-a393-c39d35e393c5","artist":{"name":"Jónsi","mbid":"0ecc2c46-d335-485c-a077-240482609672"}},"application":"Grooveshark"},{"timestamp":{"iso":"2014-11-10T21:45:02","unixtimestamp":1415655902},"track":{"name":"Lost in Thought","mbid":"3810ce0b-32f9-424e-b5f2-d73f8ea8bb98","artist":{"name":"Jon Hopkins","mbid":"0b0c25f4-f31c-46a5-a4fb-ccbf53d663bd"}},"uncorrectedTrack":{"name":"Lost in Thought","mbid":"3810ce0b-32f9-424e-b5f2-d73f8ea8bb98","artist":{"name":"Jon Hopkins","mbid":"0b0c25f4-f31c-46a5-a4fb-ccbf53d663bd"}},"album":{"name":"Opalescent","mbid":"52866029-e8eb-4cc1-9393-a1e495274480","artist":{"name":"Jon Hopkins","mbid":"0b0c25f4-f31c-46a5-a4fb-ccbf53d663bd"}},"application":"Grooveshark"},{"timestamp":{"iso":"2014-11-10T21:51:19","unixtimestamp":1415656279},"track":{"name":"\u0027Imi Au Ia \u0027Oe","mbid":"aafdbf52-9908-4d74-a448-5381aaa2a957","artist":{"name":"Keola Beamer","mbid":"7c557252-cf19-4055-a973-8d6f3c55deb1"}},"uncorrectedTrack":{"name":"\u0027Imi Au Ia \u0027Oe","mbid":"aafdbf52-9908-4d74-a448-5381aaa2a957","artist":{"name":"Keola Beamer","mbid":"7c557252-cf19-4055-a973-8d6f3c55deb1"}},"album":{"name":"The Descendants Soundtrack","artist":{"name":"Keola Beamer","mbid":"7c557252-cf19-4055-a973-8d6f3c55deb1"}},"application":"Grooveshark"},{"timestamp":{"iso":"2014-11-10T21:58:43","unixtimestamp":1415656723},"track":{"name":"New Piano Song","mbid":"82af1bc9-4f09-4e29-a1ff-d9274d74e524","artist":{"name":"Jónsi","mbid":"0ecc2c46-d335-485c-a077-240482609672"}},"uncorrectedTrack":{"name":"New Piano Song","mbid":"82af1bc9-4f09-4e29-a1ff-d9274d74e524","artist":{"name":"Jónsi","mbid":"0ecc2c46-d335-485c-a077-240482609672"}},"album":{"name":"Go live","mbid":"01b05833-8a80-3087-a2a2-0beb3931d2b8","artist":{"name":"Jónsi","mbid":"0ecc2c46-d335-485c-a077-240482609672"}},"application":"Grooveshark"},{"timestamp":{"iso":"2014-11-10T23:01:21","unixtimestamp":1415660481},"track":{"name":"Above The Clouds","mbid":"518b81ad-04f0-4ac9-b836-d26bc4804636","artist":{"name":"Aeroplane","mbid":"118c5949-3023-4262-a646-dda45e02f49d"}},"uncorrectedTrack":{"name":"Above The Clouds","mbid":"518b81ad-04f0-4ac9-b836-d26bc4804636","artist":{"name":"Aeroplane","mbid":"118c5949-3023-4262-a646-dda45e02f49d"}},"album":{"name":"Summer Sessions Disc 3","artist":{"name":"Aeroplane","mbid":"118c5949-3023-4262-a646-dda45e02f49d"}},"application":"Grooveshark"},{"timestamp":{"iso":"2014-11-10T23:05:41","unixtimestamp":1415660741},"track":{"name":"Start Shootin\u0027","mbid":"5277462c-f559-467a-9c2b-199226d02c31","artist":{"name":"Little People","mbid":"0ab53372-ba70-4e7b-814b-12bc35fe4719"}},"uncorrectedTrack":{"name":"Start Shootin\u0027","mbid":"5277462c-f559-467a-9c2b-199226d02c31","artist":{"name":"Little People","mbid":"0ab53372-ba70-4e7b-814b-12bc35fe4719"}},"album":{"name":"Mickey Mouse Operation","mbid":"db4d5128-f065-4938-8161-c50cf64b6f05","artist":{"name":"Little People","mbid":"0ab53372-ba70-4e7b-814b-12bc35fe4719"}},"application":"Grooveshark"},{"timestamp":{"iso":"2014-11-10T23:09:19","unixtimestamp":1415660959},"track":{"name":"Deadbeat Summer","mbid":"50609d39-d6be-4923-94cb-80923e99ba54","artist":{"name":"Neon Indian","mbid":"e8238c02-1cf0-4a51-bfd0-cee93904d351"}},"uncorrectedTrack":{"name":"Deadbeat Summer","mbid":"50609d39-d6be-4923-94cb-80923e99ba54","artist":{"name":"Neon Indian","mbid":"e8238c02-1cf0-4a51-bfd0-cee93904d351"}},"album":{"name":"Psychic Chasms","mbid":"31912055-7164-4b43-90c2-bde171d0be15","artist":{"name":"Neon Indian","mbid":"e8238c02-1cf0-4a51-bfd0-cee93904d351"}},"application":"Grooveshark"},{"timestamp":{"iso":"2014-11-10T23:13:21","unixtimestamp":1415661201},"track":{"name":"Above The Clouds","mbid":"21ea50a4-a82e-48a7-a11d-40f9636e874e","artist":{"name":"Little People","mbid":"0ab53372-ba70-4e7b-814b-12bc35fe4719"}},"uncorrectedTrack":{"name":"Above The Clouds","mbid":"21ea50a4-a82e-48a7-a11d-40f9636e874e","artist":{"name":"Little People","mbid":"0ab53372-ba70-4e7b-814b-12bc35fe4719"}},"album":{"name":"Mickey Mouse Operation","mbid":"db4d5128-f065-4938-8161-c50cf64b6f05","artist":{"name":"Little People","mbid":"0ab53372-ba70-4e7b-814b-12bc35fe4719"}},"application":"Grooveshark"},{"timestamp":{"iso":"2014-11-11T15:26:12","unixtimestamp":1415719572},"track":{"name":"Deadbeat Summer","mbid":"50609d39-d6be-4923-94cb-80923e99ba54","artist":{"name":"Neon Indian","mbid":"e8238c02-1cf0-4a51-bfd0-cee93904d351"}},"uncorrectedTrack":{"name":"Deadbeat Summer","mbid":"50609d39-d6be-4923-94cb-80923e99ba54","artist":{"name":"Neon Indian","mbid":"e8238c02-1cf0-4a51-bfd0-cee93904d351"}},"album":{"name":"Psychic Chasms","mbid":"31912055-7164-4b43-90c2-bde171d0be15","artist":{"name":"Neon Indian","mbid":"e8238c02-1cf0-4a51-bfd0-cee93904d351"}},"application":"Grooveshark"},{"timestamp":{"iso":"2014-11-11T15:30:15","unixtimestamp":1415719815},"track":{"name":"Cinematic Orchestra - Flite","artist":{"name":"The Cinematic Orchestra","mbid":"7c158ea8-c0aa-410e-bdc1-20bba9759577"}},"uncorrectedTrack":{"name":"Cinematic Orchestra - Flite","artist":{"name":"The Cinematic Orchestra","mbid":"7c158ea8-c0aa-410e-bdc1-20bba9759577"}},"album":{"name":"Every Day","mbid":"44270faa-917a-4415-be27-d7f0aab94d52","artist":{"name":"The Cinematic Orchestra","mbid":"7c158ea8-c0aa-410e-bdc1-20bba9759577"}},"application":"Grooveshark"},{"timestamp":{"iso":"2014-11-11T15:43:11","unixtimestamp":1415720591},"track":{"name":"Taking Over","mbid":"f31f2b16-9d4b-477e-a26b-30dd7b7fd0a4","artist":{"name":"Joe Goddard","mbid":"cfe625e1-a5ce-4c48-a4a4-d781c44fb64f"}},"uncorrectedTrack":{"name":"Taking Over","mbid":"f31f2b16-9d4b-477e-a26b-30dd7b7fd0a4","artist":{"name":"Joe Goddard","mbid":"cfe625e1-a5ce-4c48-a4a4-d781c44fb64f"}},"album":{"name":"Joe Goddard","artist":{"name":"Joe Goddard","mbid":"cfe625e1-a5ce-4c48-a4a4-d781c44fb64f"}},"application":"Grooveshark"},{"timestamp":{"iso":"2014-11-11T15:48:48","unixtimestamp":1415720928},"track":{"name":"All Eyes on You","mbid":"6b4dc2f5-c2ce-49e1-8cac-e83e6365f4ce","artist":{"name":"St. Lucia","mbid":"d996eadd-029d-4478-aa4b-fc9446653548"}},"uncorrectedTrack":{"name":"All Eyes on You","mbid":"6b4dc2f5-c2ce-49e1-8cac-e83e6365f4ce","artist":{"name":"St. Lucia","mbid":"d996eadd-029d-4478-aa4b-fc9446653548"}},"album":{"name":"When The Night","mbid":"ed82b5b9-9b07-4e34-bfc2-0e8ce12fcb36","artist":{"name":"St. Lucia","mbid":"d996eadd-029d-4478-aa4b-fc9446653548"}},"application":"Grooveshark"},{"timestamp":{"iso":"2014-11-25T17:42:42","unixtimestamp":1416937362},"track":{"name":"Wolf","mbid":"26dfba9b-bcfd-4ce8-a5e0-b8f6bb786a2b","artist":{"name":"Sylvan Esso","mbid":"c4593b34-2a94-4e44-ae10-4a0f4c0b4da8"}},"uncorrectedTrack":{"name":"Wolf","mbid":"26dfba9b-bcfd-4ce8-a5e0-b8f6bb786a2b","artist":{"name":"Sylvan Esso","mbid":"c4593b34-2a94-4e44-ae10-4a0f4c0b4da8"}},"album":{"name":"Sylvan Esso","mbid":"77fe735b-a0ce-4f69-8825-866795db205a","artist":{"name":"Sylvan Esso","mbid":"c4593b34-2a94-4e44-ae10-4a0f4c0b4da8"}},"application":"Grooveshark"},{"timestamp":{"iso":"2014-11-25T17:45:58","unixtimestamp":1416937558},"track":{"name":"Hey Mami","mbid":"b9f83ac0-4908-49d6-9db7-16265dfad1e9","artist":{"name":"Sylvan Esso","mbid":"c4593b34-2a94-4e44-ae10-4a0f4c0b4da8"}},"uncorrectedTrack":{"name":"Hey Mami","mbid":"b9f83ac0-4908-49d6-9db7-16265dfad1e9","artist":{"name":"Sylvan Esso","mbid":"c4593b34-2a94-4e44-ae10-4a0f4c0b4da8"}},"album":{"name":"Sylvan Esso","mbid":"77fe735b-a0ce-4f69-8825-866795db205a","artist":{"name":"Sylvan Esso","mbid":"c4593b34-2a94-4e44-ae10-4a0f4c0b4da8"}},"application":"Grooveshark"},{"timestamp":{"iso":"2014-11-25T17:49:18","unixtimestamp":1416937758},"track":{"name":"Dress","mbid":"ea47bc66-f5c6-4933-bb55-1a881069cb62","artist":{"name":"Sylvan Esso","mbid":"c4593b34-2a94-4e44-ae10-4a0f4c0b4da8"}},"uncorrectedTrack":{"name":"Dress","mbid":"ea47bc66-f5c6-4933-bb55-1a881069cb62","artist":{"name":"Sylvan Esso","mbid":"c4593b34-2a94-4e44-ae10-4a0f4c0b4da8"}},"album":{"name":"Sylvan Esso","mbid":"77fe735b-a0ce-4f69-8825-866795db205a","artist":{"name":"Sylvan Esso","mbid":"c4593b34-2a94-4e44-ae10-4a0f4c0b4da8"}},"application":"Grooveshark"},{"timestamp":{"iso":"2014-11-25T17:53:08","unixtimestamp":1416937988},"track":{"name":"Hey Mami","mbid":"b9f83ac0-4908-49d6-9db7-16265dfad1e9","artist":{"name":"Sylvan Esso","mbid":"c4593b34-2a94-4e44-ae10-4a0f4c0b4da8"}},"uncorrectedTrack":{"name":"Hey Mami","mbid":"b9f83ac0-4908-49d6-9db7-16265dfad1e9","artist":{"name":"Sylvan Esso","mbid":"c4593b34-2a94-4e44-ae10-4a0f4c0b4da8"}},"album":{"name":"BIRP! February 2014","artist":{"name":"Sylvan Esso","mbid":"c4593b34-2a94-4e44-ae10-4a0f4c0b4da8"}},"application":"Grooveshark"},{"timestamp":{"iso":"2014-11-25T17:56:30","unixtimestamp":1416938190},"track":{"name":"Coffee","mbid":"0ed25af2-cca1-4fbc-ad7b-758468287d7a","artist":{"name":"Sylvan Esso","mbid":"c4593b34-2a94-4e44-ae10-4a0f4c0b4da8"}},"uncorrectedTrack":{"name":"Coffee","mbid":"0ed25af2-cca1-4fbc-ad7b-758468287d7a","artist":{"name":"Sylvan Esso","mbid":"c4593b34-2a94-4e44-ae10-4a0f4c0b4da8"}},"application":"Grooveshark"},{"timestamp":{"iso":"2014-11-25T18:00:58","unixtimestamp":1416938458},"track":{"name":"Coffee","mbid":"0ed25af2-cca1-4fbc-ad7b-758468287d7a","artist":{"name":"Sylvan Esso","mbid":"c4593b34-2a94-4e44-ae10-4a0f4c0b4da8"}},"uncorrectedTrack":{"name":"Coffee","mbid":"0ed25af2-cca1-4fbc-ad7b-758468287d7a","artist":{"name":"Sylvan Esso","mbid":"c4593b34-2a94-4e44-ae10-4a0f4c0b4da8"}},"album":{"name":"02","artist":{"name":"Sylvan Esso","mbid":"c4593b34-2a94-4e44-ae10-4a0f4c0b4da8"}},"application":"Grooveshark"},{"timestamp":{"iso":"2014-11-25T18:05:25","unixtimestamp":1416938725},"track":{"name":"Hey Mami","mbid":"b9f83ac0-4908-49d6-9db7-16265dfad1e9","artist":{"name":"Sylvan Esso","mbid":"c4593b34-2a94-4e44-ae10-4a0f4c0b4da8"}},"uncorrectedTrack":{"name":"Hey Mami","mbid":"b9f83ac0-4908-49d6-9db7-16265dfad1e9","artist":{"name":"Sylvan Esso","mbid":"c4593b34-2a94-4e44-ae10-4a0f4c0b4da8"}},"album":{"name":"Hey Mami/Play It Right EP","artist":{"name":"Sylvan Esso","mbid":"c4593b34-2a94-4e44-ae10-4a0f4c0b4da8"}},"application":"Grooveshark"},{"timestamp":{"iso":"2014-11-25T18:08:47","unixtimestamp":1416938927},"track":{"name":"Play It Right","mbid":"0514f5e4-32cf-4aac-9afe-610c86868f9b","artist":{"name":"Sylvan Esso","mbid":"c4593b34-2a94-4e44-ae10-4a0f4c0b4da8"}},"uncorrectedTrack":{"name":"Play It Right","mbid":"0514f5e4-32cf-4aac-9afe-610c86868f9b","artist":{"name":"Sylvan Esso","mbid":"c4593b34-2a94-4e44-ae10-4a0f4c0b4da8"}},"album":{"name":"Debut Album","artist":{"name":"Sylvan Esso","mbid":"c4593b34-2a94-4e44-ae10-4a0f4c0b4da8"}},"application":"Grooveshark"},{"timestamp":{"iso":"2014-11-25T18:11:52","unixtimestamp":1416939112},"track":{"name":"H.S.K.T","artist":{"name":"Sylvan Esso","mbid":"c4593b34-2a94-4e44-ae10-4a0f4c0b4da8"}},"uncorrectedTrack":{"name":"H.S.K.T","artist":{"name":"Sylvan Esso","mbid":"c4593b34-2a94-4e44-ae10-4a0f4c0b4da8"}},"album":{"name":"Sylvan Esso","mbid":"77fe735b-a0ce-4f69-8825-866795db205a","artist":{"name":"Sylvan Esso","mbid":"c4593b34-2a94-4e44-ae10-4a0f4c0b4da8"}},"application":"Grooveshark"},{"timestamp":{"iso":"2014-11-25T18:16:10","unixtimestamp":1416939370},"track":{"name":"Coffee","mbid":"0ed25af2-cca1-4fbc-ad7b-758468287d7a","artist":{"name":"Sylvan Esso","mbid":"c4593b34-2a94-4e44-ae10-4a0f4c0b4da8"}},"uncorrectedTrack":{"name":"Coffee","mbid":"0ed25af2-cca1-4fbc-ad7b-758468287d7a","artist":{"name":"Sylvan Esso","mbid":"c4593b34-2a94-4e44-ae10-4a0f4c0b4da8"}},"album":{"name":"Sylvan Esso","mbid":"77fe735b-a0ce-4f69-8825-866795db205a","artist":{"name":"Sylvan Esso","mbid":"c4593b34-2a94-4e44-ae10-4a0f4c0b4da8"}},"application":"Grooveshark"},{"timestamp":{"iso":"2014-11-25T18:20:59","unixtimestamp":1416939659},"track":{"name":"Uncatena","mbid":"076f0e0d-922c-4e89-a9c0-570bda375974","artist":{"name":"Sylvan Esso","mbid":"c4593b34-2a94-4e44-ae10-4a0f4c0b4da8"}},"uncorrectedTrack":{"name":"Uncatena","mbid":"076f0e0d-922c-4e89-a9c0-570bda375974","artist":{"name":"Sylvan Esso","mbid":"c4593b34-2a94-4e44-ae10-4a0f4c0b4da8"}},"album":{"name":"Sylvan Esso","mbid":"77fe735b-a0ce-4f69-8825-866795db205a","artist":{"name":"Sylvan Esso","mbid":"c4593b34-2a94-4e44-ae10-4a0f4c0b4da8"}},"application":"Grooveshark"},{"timestamp":{"iso":"2014-11-25T18:52:28","unixtimestamp":1416941548},"track":{"name":"Dreamy Bruises","mbid":"710c431b-6e35-498c-b099-5ca76f1c86d1","artist":{"name":"Sylvan Esso","mbid":"c4593b34-2a94-4e44-ae10-4a0f4c0b4da8"}},"uncorrectedTrack":{"name":"Dreamy Bruises","mbid":"710c431b-6e35-498c-b099-5ca76f1c86d1","artist":{"name":"Sylvan Esso","mbid":"c4593b34-2a94-4e44-ae10-4a0f4c0b4da8"}},"album":{"name":"Sylvan Esso","mbid":"77fe735b-a0ce-4f69-8825-866795db205a","artist":{"name":"Sylvan Esso","mbid":"c4593b34-2a94-4e44-ae10-4a0f4c0b4da8"}},"application":"Grooveshark"},{"timestamp":{"iso":"2014-11-25T18:56:36","unixtimestamp":1416941796},"track":{"name":"Come Down","mbid":"8f581ea0-eae9-498d-9251-c14a622e9e83","artist":{"name":"Sylvan Esso","mbid":"c4593b34-2a94-4e44-ae10-4a0f4c0b4da8"}},"uncorrectedTrack":{"name":"Come Down","mbid":"8f581ea0-eae9-498d-9251-c14a622e9e83","artist":{"name":"Sylvan Esso","mbid":"c4593b34-2a94-4e44-ae10-4a0f4c0b4da8"}},"album":{"name":"Sylvan Esso","mbid":"77fe735b-a0ce-4f69-8825-866795db205a","artist":{"name":"Sylvan Esso","mbid":"c4593b34-2a94-4e44-ae10-4a0f4c0b4da8"}},"application":"Grooveshark"},{"timestamp":{"iso":"2014-11-25T18:59:33","unixtimestamp":1416941973},"track":{"name":"Hey Mami","mbid":"b9f83ac0-4908-49d6-9db7-16265dfad1e9","artist":{"name":"Sylvan Esso","mbid":"c4593b34-2a94-4e44-ae10-4a0f4c0b4da8"}},"uncorrectedTrack":{"name":"Hey Mami","mbid":"b9f83ac0-4908-49d6-9db7-16265dfad1e9","artist":{"name":"Sylvan Esso","mbid":"c4593b34-2a94-4e44-ae10-4a0f4c0b4da8"}},"album":{"name":"Hey Mami / Play It Right","artist":{"name":"Sylvan Esso","mbid":"c4593b34-2a94-4e44-ae10-4a0f4c0b4da8"}},"application":"Grooveshark"},{"timestamp":{"iso":"2014-11-25T19:02:55","unixtimestamp":1416942175},"track":{"name":"Hey Mami","mbid":"b9f83ac0-4908-49d6-9db7-16265dfad1e9","artist":{"name":"Sylvan Esso","mbid":"c4593b34-2a94-4e44-ae10-4a0f4c0b4da8"}},"uncorrectedTrack":{"name":"Hey Mami","mbid":"b9f83ac0-4908-49d6-9db7-16265dfad1e9","artist":{"name":"Sylvan Esso","mbid":"c4593b34-2a94-4e44-ae10-4a0f4c0b4da8"}},"album":{"name":"Hey Mami","mbid":"18418517-5028-4c72-9e4f-ee4667b2d563","artist":{"name":"Sylvan Esso","mbid":"c4593b34-2a94-4e44-ae10-4a0f4c0b4da8"}},"application":"Grooveshark"},{"timestamp":{"iso":"2014-11-25T19:06:15","unixtimestamp":1416942375},"track":{"name":"Hey Mami","mbid":"b9f83ac0-4908-49d6-9db7-16265dfad1e9","artist":{"name":"Sylvan Esso","mbid":"c4593b34-2a94-4e44-ae10-4a0f4c0b4da8"}},"uncorrectedTrack":{"name":"Hey Mami","mbid":"b9f83ac0-4908-49d6-9db7-16265dfad1e9","artist":{"name":"Sylvan Esso","mbid":"c4593b34-2a94-4e44-ae10-4a0f4c0b4da8"}},"album":{"name":"Did.You Hear The New Mixtape? (January + February 2014)","artist":{"name":"Sylvan Esso","mbid":"c4593b34-2a94-4e44-ae10-4a0f4c0b4da8"}},"application":"Grooveshark"},{"timestamp":{"iso":"2014-11-25T19:09:37","unixtimestamp":1416942577},"track":{"name":"Play It Right","mbid":"0514f5e4-32cf-4aac-9afe-610c86868f9b","artist":{"name":"Sylvan Esso","mbid":"c4593b34-2a94-4e44-ae10-4a0f4c0b4da8"}},"uncorrectedTrack":{"name":"Play It Right","mbid":"0514f5e4-32cf-4aac-9afe-610c86868f9b","artist":{"name":"Sylvan Esso","mbid":"c4593b34-2a94-4e44-ae10-4a0f4c0b4da8"}},"album":{"name":"Sylvan Esso","mbid":"77fe735b-a0ce-4f69-8825-866795db205a","artist":{"name":"Sylvan Esso","mbid":"c4593b34-2a94-4e44-ae10-4a0f4c0b4da8"}},"application":"Grooveshark"},{"timestamp":{"iso":"2014-11-25T19:14:17","unixtimestamp":1416942857},"track":{"name":"Coffee","mbid":"0ed25af2-cca1-4fbc-ad7b-758468287d7a","artist":{"name":"Sylvan Esso","mbid":"c4593b34-2a94-4e44-ae10-4a0f4c0b4da8"}},"uncorrectedTrack":{"name":"Coffee","mbid":"0ed25af2-cca1-4fbc-ad7b-758468287d7a","artist":{"name":"Sylvan Esso","mbid":"c4593b34-2a94-4e44-ae10-4a0f4c0b4da8"}},"application":"Grooveshark"},{"timestamp":{"iso":"2014-11-25T19:24:07","unixtimestamp":1416943447},"track":{"name":"Wolf","mbid":"26dfba9b-bcfd-4ce8-a5e0-b8f6bb786a2b","artist":{"name":"Sylvan Esso","mbid":"c4593b34-2a94-4e44-ae10-4a0f4c0b4da8"}},"uncorrectedTrack":{"name":"Wolf","mbid":"26dfba9b-bcfd-4ce8-a5e0-b8f6bb786a2b","artist":{"name":"Sylvan Esso","mbid":"c4593b34-2a94-4e44-ae10-4a0f4c0b4da8"}},"album":{"name":"Sylvan Esso","mbid":"77fe735b-a0ce-4f69-8825-866795db205a","artist":{"name":"Sylvan Esso","mbid":"c4593b34-2a94-4e44-ae10-4a0f4c0b4da8"}},"application":"Grooveshark"}]