[{"timestamp":{"iso":"2011-03-01T04:00:19","unixtimestamp":1298952019},"track":{"name":"Hey Jude","mbid":"3a98f51b-04e7-4ee5-8fed-10876d577cd6","artist":{"name":"The Beatles","mbid":"b10bbbfc-cf9e-42e0-be17-e2c3e1d2600d"}},"uncorrectedTrack":{"name":"Hey Jude","mbid":"3a98f51b-04e7-4ee5-8fed-10876d577cd6","artist":{"name":"The Beatles","mbid":"b10bbbfc-cf9e-42e0-be17-e2c3e1d2600d"}},"album":{"name":"1967-1970 (disc 1)","artist":{"name":"The Beatles","mbid":"b10bbbfc-cf9e-42e0-be17-e2c3e1d2600d"}}},{"timestamp":{"iso":"2011-03-01T04:10:20","unixtimestamp":1298952620},"track":{"name":"Hey Jude","mbid":"7161a47f-a301-4476-8a5c-c276b4e7bd50","artist":{"name":"Paul McCartney","mbid":"ba550d0e-adac-4864-b88b-407cab5e76af"}},"uncorrectedTrack":{"name":"Hey Jude","mbid":"7161a47f-a301-4476-8a5c-c276b4e7bd50","artist":{"name":"Paul McCartney","mbid":"ba550d0e-adac-4864-b88b-407cab5e76af"}},"album":{"name":"Back In The U.S. Live 2002 [Disc 2]","artist":{"name":"Paul McCartney","mbid":"ba550d0e-adac-4864-b88b-407cab5e76af"}}},{"timestamp":{"iso":"2011-03-01T04:15:15","unixtimestamp":1298952915},"track":{"name":"Hey Jude","mbid":"cbb5027e-1f63-4dc3-b2a2-df8558f948c3","artist":{"name":"The Mutato Muzika Orchestra","mbid":"63f73f45-30a6-477b-bc4a-1e9909c54049"}},"uncorrectedTrack":{"name":"Hey Jude","artist":{"name":"Mutato Muzika Orchestra"}},"album":{"name":"The Royal Tenenbaums Soundtrack","artist":{"name":"Mutato Muzika Orchestra"}}},{"timestamp":{"iso":"2011-03-10T04:41:57","unixtimestamp":1299732117},"track":{"name":"African Velvet","mbid":"09d1e667-b1d1-46ec-9b72-ba6332391b15","artist":{"name":"Air","mbid":"018dcc90-b1a2-400a-a96e-64b6a101f009"}},"uncorrectedTrack":{"name":"African Velvet","mbid":"09d1e667-b1d1-46ec-9b72-ba6332391b15","artist":{"name":"Air","mbid":"018dcc90-b1a2-400a-a96e-64b6a101f009"}},"album":{"name":"Love 2","mbid":"476fe9ed-0df9-33b3-9de4-bf55666f1df9","artist":{"name":"Air","mbid":"018dcc90-b1a2-400a-a96e-64b6a101f009"}}},{"timestamp":{"iso":"2011-03-10T04:47:43","unixtimestamp":1299732463},"track":{"name":"Clouds Over Greenland","artist":{"name":"Wonderful Noise"}},"uncorrectedTrack":{"name":"Clouds Over Greenland","artist":{"name":"Wonderful Noise"}}},{"timestamp":{"iso":"2011-03-10T04:49:32","unixtimestamp":1299732572},"track":{"name":"So Long, Lonesome","mbid":"253801de-47cc-480f-8e4b-5faaeb6c26eb","artist":{"name":"Explosions in the Sky","mbid":"1c4b9280-7bee-4fdd-8886-daa627d471a0"}},"uncorrectedTrack":{"name":"So Long, Lonesome","mbid":"253801de-47cc-480f-8e4b-5faaeb6c26eb","artist":{"name":"Explosions in the Sky","mbid":"1c4b9280-7bee-4fdd-8886-daa627d471a0"}},"album":{"name":"All of a Sudden I Miss Everyone","mbid":"2649d0a3-3bac-44d1-b60b-646c9fc97288","artist":{"name":"Explosions in the Sky","mbid":"1c4b9280-7bee-4fdd-8886-daa627d471a0"}}},{"timestamp":{"iso":"2011-03-10T04:53:12","unixtimestamp":1299732792},"track":{"name":"Slip","mbid":"22e9527e-b6d1-49d1-9dc3-e616fd26c27d","artist":{"name":"Autechre","mbid":"410c9baf-5469-44f6-9852-826524b80c61"}},"uncorrectedTrack":{"name":"Slip","mbid":"22e9527e-b6d1-49d1-9dc3-e616fd26c27d","artist":{"name":"Autechre","mbid":"410c9baf-5469-44f6-9852-826524b80c61"}},"album":{"name":"Amber","mbid":"192a81e6-a335-4126-8fab-abb258ae8e0e","artist":{"name":"Autechre","mbid":"410c9baf-5469-44f6-9852-826524b80c61"}}},{"timestamp":{"iso":"2011-03-10T04:59:35","unixtimestamp":1299733175},"track":{"name":"Scream Pilots","mbid":"1e5f900f-2483-4608-bdb4-90d6884d052a","artist":{"name":"Moby","mbid":"00810267-f0ac-45a6-ae99-0b8c9c18f3c2"}},"uncorrectedTrack":{"name":"Scream Pilots","mbid":"1e5f900f-2483-4608-bdb4-90d6884d052a","artist":{"name":"Moby","mbid":"00810267-f0ac-45a6-ae99-0b8c9c18f3c2"}},"album":{"name":"Wait for Me","mbid":"8e378c3e-0af4-373f-94fc-84c03e8b4374","artist":{"name":"Moby","mbid":"00810267-f0ac-45a6-ae99-0b8c9c18f3c2"}}},{"timestamp":{"iso":"2011-03-10T05:02:24","unixtimestamp":1299733344},"track":{"name":"Silverside","mbid":"1735cdac-6ee3-4a5f-9c11-c5d5a864749f","artist":{"name":"Autechre","mbid":"410c9baf-5469-44f6-9852-826524b80c61"}},"uncorrectedTrack":{"name":"Silverside","mbid":"1735cdac-6ee3-4a5f-9c11-c5d5a864749f","artist":{"name":"Autechre","mbid":"410c9baf-5469-44f6-9852-826524b80c61"}},"album":{"name":"Amber","mbid":"192a81e6-a335-4126-8fab-abb258ae8e0e","artist":{"name":"Autechre","mbid":"410c9baf-5469-44f6-9852-826524b80c61"}}},{"timestamp":{"iso":"2011-03-10T05:07:57","unixtimestamp":1299733677},"track":{"name":"Operation Costs (Disassembled Mix)","artist":{"name":"Lusine"}},"uncorrectedTrack":{"name":"Operation Costs (Disassembled)","artist":{"name":"Lusine"}},"album":{"name":"A Certain Distance","mbid":"8ac4688a-415e-475f-8aa2-824613cdd44b","artist":{"name":"Lusine"}}},{"timestamp":{"iso":"2011-03-10T05:12:30","unixtimestamp":1299733950},"track":{"name":"Breathe (radio edit)","mbid":"1fd44a56-29cb-4e42-944f-08e5e4d6c883","artist":{"name":"Télépopmusik","mbid":"265f242e-cf4e-4fbe-a3fe-43112387172f"}},"uncorrectedTrack":{"name":"Breathe [Radio Edit]","artist":{"name":"Télépopmusik","mbid":"265f242e-cf4e-4fbe-a3fe-43112387172f"}},"album":{"name":"Breathe","mbid":"d507e77a-8338-4fcd-bb93-300c9abd6d39","artist":{"name":"Télépopmusik","mbid":"265f242e-cf4e-4fbe-a3fe-43112387172f"}}},{"timestamp":{"iso":"2011-03-10T05:15:44","unixtimestamp":1299734144},"track":{"name":"Theme","mbid":"0488a771-58f0-4739-8b63-6822b19af544","artist":{"name":"Jon Brion","mbid":"a32e4aac-1db8-4dc6-be34-a813c4530627"}},"uncorrectedTrack":{"name":"Theme","mbid":"0488a771-58f0-4739-8b63-6822b19af544","artist":{"name":"Jon Brion","mbid":"a32e4aac-1db8-4dc6-be34-a813c4530627"}},"album":{"name":"Eternal Sunshine Of The Spotle","artist":{"name":"Jon Brion","mbid":"a32e4aac-1db8-4dc6-be34-a813c4530627"}}},{"timestamp":{"iso":"2011-03-10T05:20:25","unixtimestamp":1299734425},"track":{"name":"Brighton Beach","mbid":"3c17f2f1-e0a0-4c6a-8c38-a7bbdc052943","artist":{"name":"Télépopmusik","mbid":"265f242e-cf4e-4fbe-a3fe-43112387172f"}},"uncorrectedTrack":{"name":"Brighton Beach","artist":{"name":"Telepopmusik"}},"album":{"name":"Angel Milk","artist":{"name":"Telepopmusik"}}},{"timestamp":{"iso":"2011-03-10T05:24:49","unixtimestamp":1299734689},"track":{"name":"Breathe (extended mix)","mbid":"7b1c3cd4-2031-4280-b422-0eadaf7e280c","artist":{"name":"Télépopmusik","mbid":"265f242e-cf4e-4fbe-a3fe-43112387172f"}},"uncorrectedTrack":{"name":"Breathe (extended mix)","mbid":"7b1c3cd4-2031-4280-b422-0eadaf7e280c","artist":{"name":"Télépopmusik","mbid":"265f242e-cf4e-4fbe-a3fe-43112387172f"}},"album":{"name":"Breathe","mbid":"d507e77a-8338-4fcd-bb93-300c9abd6d39","artist":{"name":"Télépopmusik","mbid":"265f242e-cf4e-4fbe-a3fe-43112387172f"}}},{"timestamp":{"iso":"2011-03-10T05:32:04","unixtimestamp":1299735124},"track":{"name":"Thick Of It","mbid":"ffd8bd2e-b7d7-44ed-a9bb-f14abcb94682","artist":{"name":"Lusine"}},"uncorrectedTrack":{"name":"Thick Of It","mbid":"ffd8bd2e-b7d7-44ed-a9bb-f14abcb94682","artist":{"name":"Lusine"}},"album":{"name":"A Certain Distance","mbid":"8ac4688a-415e-475f-8aa2-824613cdd44b","artist":{"name":"Lusine"}}},{"timestamp":{"iso":"2011-03-10T05:38:30","unixtimestamp":1299735510},"track":{"name":"I Like Van Halen Because My Sister Says They Are Cool","mbid":"041a279f-e3d3-4f88-8dd7-b804979fe859","artist":{"name":"El Ten Eleven","mbid":"6c99afec-a207-4519-9d39-616880b6177b"}},"uncorrectedTrack":{"name":"I Like Van Halen Because My Sister Says Their Cool","artist":{"name":"El Ten Eleven","mbid":"6c99afec-a207-4519-9d39-616880b6177b"}},"album":{"name":"These Promises Are Being Videotaped","mbid":"711122ac-4e1a-48ed-bb36-75e286df01b8","artist":{"name":"El Ten Eleven","mbid":"6c99afec-a207-4519-9d39-616880b6177b"}}},{"timestamp":{"iso":"2011-03-10T06:28:09","unixtimestamp":1299738489},"track":{"name":"Crowded Room","artist":{"name":"Lusine"}},"uncorrectedTrack":{"name":"Crowded Room","artist":{"name":"Lusine"}},"album":{"name":"A Certain Distance","mbid":"8ac4688a-415e-475f-8aa2-824613cdd44b","artist":{"name":"Lusine"}}},{"timestamp":{"iso":"2011-03-10T06:33:35","unixtimestamp":1299738815},"track":{"name":"Above The Clouds","mbid":"21ea50a4-a82e-48a7-a11d-40f9636e874e","artist":{"name":"Little People","mbid":"0ab53372-ba70-4e7b-814b-12bc35fe4719"}},"uncorrectedTrack":{"name":"Above The Clouds","mbid":"21ea50a4-a82e-48a7-a11d-40f9636e874e","artist":{"name":"Little People","mbid":"0ab53372-ba70-4e7b-814b-12bc35fe4719"}},"album":{"name":"Mickey Mouse Operation","mbid":"db4d5128-f065-4938-8161-c50cf64b6f05","artist":{"name":"Little People","mbid":"0ab53372-ba70-4e7b-814b-12bc35fe4719"}}},{"timestamp":{"iso":"2011-03-10T06:37:39","unixtimestamp":1299739059},"track":{"name":"Let Me See","mbid":"11a29fc1-4ed3-4f1c-934b-d479e5ef951d","artist":{"name":"Morcheeba","mbid":"067102ea-9519-4622-9077-57ca4164cfbb"}},"uncorrectedTrack":{"name":"Let Me See","mbid":"11a29fc1-4ed3-4f1c-934b-d479e5ef951d","artist":{"name":"Morcheeba","mbid":"067102ea-9519-4622-9077-57ca4164cfbb"}},"album":{"name":"Big Calm","mbid":"7c441e5d-2cc8-4dd9-b0fb-29f6769e7706","artist":{"name":"Morcheeba","mbid":"067102ea-9519-4622-9077-57ca4164cfbb"}}},{"timestamp":{"iso":"2011-03-10T06:41:58","unixtimestamp":1299739318},"track":{"name":"Start Shootin\u0027","mbid":"5277462c-f559-467a-9c2b-199226d02c31","artist":{"name":"Little People","mbid":"0ab53372-ba70-4e7b-814b-12bc35fe4719"}},"uncorrectedTrack":{"name":"Start Shootin\u0027","mbid":"5277462c-f559-467a-9c2b-199226d02c31","artist":{"name":"Little People","mbid":"0ab53372-ba70-4e7b-814b-12bc35fe4719"}},"album":{"name":"Mickey Mouse Operation","mbid":"db4d5128-f065-4938-8161-c50cf64b6f05","artist":{"name":"Little People","mbid":"0ab53372-ba70-4e7b-814b-12bc35fe4719"}}},{"timestamp":{"iso":"2011-03-10T06:45:34","unixtimestamp":1299739534},"track":{"name":"Missing the Light of the Day","mbid":"18543d36-3692-4d0d-bb29-664de59ae417","artist":{"name":"Air","mbid":"018dcc90-b1a2-400a-a96e-64b6a101f009"}},"uncorrectedTrack":{"name":"Missing the Light of the Day","mbid":"18543d36-3692-4d0d-bb29-664de59ae417","artist":{"name":"Air","mbid":"018dcc90-b1a2-400a-a96e-64b6a101f009"}},"album":{"name":"Love 2","mbid":"476fe9ed-0df9-33b3-9de4-bf55666f1df9","artist":{"name":"Air","mbid":"018dcc90-b1a2-400a-a96e-64b6a101f009"}}},{"timestamp":{"iso":"2011-03-10T06:48:03","unixtimestamp":1299739683},"track":{"name":"Shot in the Back of the Head","mbid":"aa6a1e84-ad11-4e3c-90c3-a8a5553bf1d0","artist":{"name":"Moby","mbid":"00810267-f0ac-45a6-ae99-0b8c9c18f3c2"}},"uncorrectedTrack":{"name":"Shot in the Back of the Head","mbid":"aa6a1e84-ad11-4e3c-90c3-a8a5553bf1d0","artist":{"name":"Moby","mbid":"00810267-f0ac-45a6-ae99-0b8c9c18f3c2"}},"album":{"name":"Wait for Me","mbid":"8e378c3e-0af4-373f-94fc-84c03e8b4374","artist":{"name":"Moby","mbid":"00810267-f0ac-45a6-ae99-0b8c9c18f3c2"}}},{"timestamp":{"iso":"2011-03-10T06:51:20","unixtimestamp":1299739880},"track":{"name":"Shoulder Holster","mbid":"1bb5410f-e092-4525-9b7d-0c406037efce","artist":{"name":"Morcheeba","mbid":"067102ea-9519-4622-9077-57ca4164cfbb"}},"uncorrectedTrack":{"name":"Shoulder Holster","mbid":"1bb5410f-e092-4525-9b7d-0c406037efce","artist":{"name":"Morcheeba","mbid":"067102ea-9519-4622-9077-57ca4164cfbb"}},"album":{"name":"Big Calm","mbid":"7c441e5d-2cc8-4dd9-b0fb-29f6769e7706","artist":{"name":"Morcheeba","mbid":"067102ea-9519-4622-9077-57ca4164cfbb"}}},{"timestamp":{"iso":"2011-03-10T06:55:21","unixtimestamp":1299740121},"track":{"name":"Love Can Damage Your Health","mbid":"30241b98-5b73-430b-bb75-fa19c07e8011","artist":{"name":"Télépopmusik","mbid":"265f242e-cf4e-4fbe-a3fe-43112387172f"}},"uncorrectedTrack":{"name":"Love Can Damage Your Health","artist":{"name":"Telepopmusik"}},"album":{"name":"Genetic World","artist":{"name":"Telepopmusik"}}},{"timestamp":{"iso":"2011-03-10T07:00:54","unixtimestamp":1299740454},"track":{"name":"Isolate","mbid":"6265a50a-2df4-4739-810e-cd6515086752","artist":{"name":"Moby","mbid":"00810267-f0ac-45a6-ae99-0b8c9c18f3c2"}},"uncorrectedTrack":{"name":"Isolate","mbid":"6265a50a-2df4-4739-810e-cd6515086752","artist":{"name":"Moby","mbid":"00810267-f0ac-45a6-ae99-0b8c9c18f3c2"}},"album":{"name":"Wait for Me","mbid":"8e378c3e-0af4-373f-94fc-84c03e8b4374","artist":{"name":"Moby","mbid":"00810267-f0ac-45a6-ae99-0b8c9c18f3c2"}}},{"timestamp":{"iso":"2011-03-10T07:04:23","unixtimestamp":1299740663},"track":{"name":"So Long, Lonesome","mbid":"253801de-47cc-480f-8e4b-5faaeb6c26eb","artist":{"name":"Explosions in the Sky","mbid":"1c4b9280-7bee-4fdd-8886-daa627d471a0"}},"uncorrectedTrack":{"name":"So Long, Lonesome","mbid":"253801de-47cc-480f-8e4b-5faaeb6c26eb","artist":{"name":"Explosions in the Sky","mbid":"1c4b9280-7bee-4fdd-8886-daa627d471a0"}},"album":{"name":"All of a Sudden I Miss Everyone","mbid":"2649d0a3-3bac-44d1-b60b-646c9fc97288","artist":{"name":"Explosions in the Sky","mbid":"1c4b9280-7bee-4fdd-8886-daa627d471a0"}}},{"timestamp":{"iso":"2011-03-10T07:08:03","unixtimestamp":1299740883},"track":{"name":"You Can Tell It To Everybody","mbid":"1d58b26a-e72a-4181-a517-fffcb2a46ec1","artist":{"name":"Air","mbid":"018dcc90-b1a2-400a-a96e-64b6a101f009"}},"uncorrectedTrack":{"name":"You Can Tell It To Everybody","mbid":"1d58b26a-e72a-4181-a517-fffcb2a46ec1","artist":{"name":"Air","mbid":"018dcc90-b1a2-400a-a96e-64b6a101f009"}},"album":{"name":"Love 2","mbid":"476fe9ed-0df9-33b3-9de4-bf55666f1df9","artist":{"name":"Air","mbid":"018dcc90-b1a2-400a-a96e-64b6a101f009"}}},{"timestamp":{"iso":"2011-03-10T07:12:14","unixtimestamp":1299741134},"track":{"name":"Breathe (radio edit)","mbid":"1fd44a56-29cb-4e42-944f-08e5e4d6c883","artist":{"name":"Télépopmusik","mbid":"265f242e-cf4e-4fbe-a3fe-43112387172f"}},"uncorrectedTrack":{"name":"Breathe [Radio Edit]","artist":{"name":"Télépopmusik","mbid":"265f242e-cf4e-4fbe-a3fe-43112387172f"}},"album":{"name":"Breathe","mbid":"d507e77a-8338-4fcd-bb93-300c9abd6d39","artist":{"name":"Télépopmusik","mbid":"265f242e-cf4e-4fbe-a3fe-43112387172f"}}},{"timestamp":{"iso":"2011-03-10T07:15:28","unixtimestamp":1299741328},"track":{"name":"Nightlite (feat. Bajka)","mbid":"2de9c3e2-7412-49fb-b70c-a98917bee03a","artist":{"name":"Bonobo","mbid":"6f7dea51-1d02-4be1-b138-92078518350c"}},"uncorrectedTrack":{"name":"Nightlite (feat. Bajka)","mbid":"2de9c3e2-7412-49fb-b70c-a98917bee03a","artist":{"name":"Bonobo","mbid":"6f7dea51-1d02-4be1-b138-92078518350c"}},"album":{"name":"Days to Come","mbid":"6e99b4b6-42ca-4187-8249-68edaed60fe5","artist":{"name":"Bonobo","mbid":"6f7dea51-1d02-4be1-b138-92078518350c"}}},{"timestamp":{"iso":"2011-03-10T07:20:37","unixtimestamp":1299741637},"track":{"name":"Winning A Battle, Losing The War","mbid":"bdca082e-1dbe-43a2-b1c0-d74eaafaf850","artist":{"name":"Kings of Convenience","mbid":"cf0f4547-ffbd-4011-98ad-0bec9ba022db"}},"uncorrectedTrack":{"name":"Winning A Battle, Losing The War","mbid":"bdca082e-1dbe-43a2-b1c0-d74eaafaf850","artist":{"name":"Kings of Convenience","mbid":"cf0f4547-ffbd-4011-98ad-0bec9ba022db"}},"album":{"name":"Quiet Is the New Loud","mbid":"f8e764f3-467d-4935-ba3d-32d898ed1c0b","artist":{"name":"Kings of Convenience","mbid":"cf0f4547-ffbd-4011-98ad-0bec9ba022db"}}},{"timestamp":{"iso":"2011-03-10T07:24:32","unixtimestamp":1299741872},"track":{"name":"Clouds Over Greenland","artist":{"name":"Wonderful Noise"}},"uncorrectedTrack":{"name":"Clouds Over Greenland","artist":{"name":"Wonderful Noise"}}},{"timestamp":{"iso":"2011-03-13T18:07:34","unixtimestamp":1300039654},"track":{"name":"The High Road","mbid":"e0adfd20-9ef5-4772-86d3-66977673cbff","artist":{"name":"Broken Bells","mbid":"62d364d2-550b-420e-b918-b3bd1e4a2efc"}},"uncorrectedTrack":{"name":"The High Road","mbid":"e0adfd20-9ef5-4772-86d3-66977673cbff","artist":{"name":"Broken Bells","mbid":"62d364d2-550b-420e-b918-b3bd1e4a2efc"}},"album":{"name":"Broken Bells","mbid":"e8f8ead8-7abb-42f2-8974-19c6b16cf4bf","artist":{"name":"Broken Bells","mbid":"62d364d2-550b-420e-b918-b3bd1e4a2efc"}}},{"timestamp":{"iso":"2011-03-13T18:11:27","unixtimestamp":1300039887},"track":{"name":"The Ghost Inside","mbid":"d9804075-a4e6-4b68-a1a1-3abc04aacf8e","artist":{"name":"Broken Bells","mbid":"62d364d2-550b-420e-b918-b3bd1e4a2efc"}},"uncorrectedTrack":{"name":"The Ghost Inside","mbid":"d9804075-a4e6-4b68-a1a1-3abc04aacf8e","artist":{"name":"Broken Bells","mbid":"62d364d2-550b-420e-b918-b3bd1e4a2efc"}},"album":{"name":"Broken Bells","mbid":"e8f8ead8-7abb-42f2-8974-19c6b16cf4bf","artist":{"name":"Broken Bells","mbid":"62d364d2-550b-420e-b918-b3bd1e4a2efc"}}},{"timestamp":{"iso":"2011-03-13T18:14:45","unixtimestamp":1300040085},"track":{"name":"Trap Doors","mbid":"15658687-52c8-4c9d-82f3-e7aa7d313650","artist":{"name":"Broken Bells","mbid":"62d364d2-550b-420e-b918-b3bd1e4a2efc"}},"uncorrectedTrack":{"name":"Trap Doors","mbid":"15658687-52c8-4c9d-82f3-e7aa7d313650","artist":{"name":"Broken Bells","mbid":"62d364d2-550b-420e-b918-b3bd1e4a2efc"}},"album":{"name":"Broken Bells","mbid":"e8f8ead8-7abb-42f2-8974-19c6b16cf4bf","artist":{"name":"Broken Bells","mbid":"62d364d2-550b-420e-b918-b3bd1e4a2efc"}}},{"timestamp":{"iso":"2011-03-13T18:18:05","unixtimestamp":1300040285},"track":{"name":"October","mbid":"7f6488da-979c-4d21-a7a8-a48036aceb7a","artist":{"name":"Broken Bells","mbid":"62d364d2-550b-420e-b918-b3bd1e4a2efc"}},"uncorrectedTrack":{"name":"October","mbid":"7f6488da-979c-4d21-a7a8-a48036aceb7a","artist":{"name":"Broken Bells","mbid":"62d364d2-550b-420e-b918-b3bd1e4a2efc"}},"album":{"name":"Broken Bells","mbid":"e8f8ead8-7abb-42f2-8974-19c6b16cf4bf","artist":{"name":"Broken Bells","mbid":"62d364d2-550b-420e-b918-b3bd1e4a2efc"}}},{"timestamp":{"iso":"2011-03-13T18:21:45","unixtimestamp":1300040505},"track":{"name":"Le Chemin","mbid":"17e99b1f-d695-4088-88b6-7b79ce5df403","artist":{"name":"Kyo","mbid":"016de4c4-6dfd-4f33-9655-0deaa85644bb"}},"uncorrectedTrack":{"name":"Le Chemin","mbid":"17e99b1f-d695-4088-88b6-7b79ce5df403","artist":{"name":"Kyo","mbid":"016de4c4-6dfd-4f33-9655-0deaa85644bb"}},"album":{"name":"Le Chemin","mbid":"e614c12e-413f-427f-aa18-79f264cb0409","artist":{"name":"Kyo","mbid":"016de4c4-6dfd-4f33-9655-0deaa85644bb"}}},{"timestamp":{"iso":"2011-03-13T18:25:17","unixtimestamp":1300040717},"track":{"name":"The Only Time","mbid":"acb9a667-2a6f-4dbf-8653-9d983a620b96","artist":{"name":"Nine Inch Nails","mbid":"b7ffd2af-418f-4be2-bdd1-22f8b48613da"}},"uncorrectedTrack":{"name":"The Only Time","mbid":"acb9a667-2a6f-4dbf-8653-9d983a620b96","artist":{"name":"Nine Inch Nails","mbid":"b7ffd2af-418f-4be2-bdd1-22f8b48613da"}},"album":{"name":"Pretty Hate Machine","mbid":"24019d61-f0bb-30e3-b54a-2cedbd67052b","artist":{"name":"Nine Inch Nails","mbid":"b7ffd2af-418f-4be2-bdd1-22f8b48613da"}}}]