[{"timestamp":{"iso":"2011-01-03T22:58:43","unixtimestamp":1294095523},"track":{"name":"Old Old Fashioned","mbid":"01ca008a-cd78-4474-bb78-febc7e3a20f9","artist":{"name":"Frightened Rabbit","mbid":"dc21d171-7204-4759-9fd0-77d031aeb40c"}},"uncorrectedTrack":{"name":"Old Old Fashioned","mbid":"01ca008a-cd78-4474-bb78-febc7e3a20f9","artist":{"name":"Frightened Rabbit","mbid":"dc21d171-7204-4759-9fd0-77d031aeb40c"}},"album":{"name":"The Midnight Organ Fight","mbid":"c3df7206-f769-49bb-9f57-2f6110c65621","artist":{"name":"Frightened Rabbit","mbid":"dc21d171-7204-4759-9fd0-77d031aeb40c"}}},{"timestamp":{"iso":"2011-01-03T23:02:26","unixtimestamp":1294095746},"track":{"name":"The Kids Don\u0027t Stand a Chance","mbid":"02876cab-616f-4be0-be1b-aff583db982d","artist":{"name":"Vampire Weekend","mbid":"af37c51c-0790-4a29-b995-456f98a6b8c9"}},"uncorrectedTrack":{"name":"The Kids Don\u0027t Stand a Chance","mbid":"02876cab-616f-4be0-be1b-aff583db982d","artist":{"name":"Vampire Weekend","mbid":"af37c51c-0790-4a29-b995-456f98a6b8c9"}},"album":{"name":"Vampire Weekend","mbid":"29436531-8e43-4e5e-9d36-037e775e2883","artist":{"name":"Vampire Weekend","mbid":"af37c51c-0790-4a29-b995-456f98a6b8c9"}}},{"timestamp":{"iso":"2011-01-03T23:06:30","unixtimestamp":1294095990},"track":{"name":"Sur nos levres","artist":{"name":"Kyo","mbid":"016de4c4-6dfd-4f33-9655-0deaa85644bb"}},"uncorrectedTrack":{"name":"Sur nos levres","artist":{"name":"Kyo","mbid":"016de4c4-6dfd-4f33-9655-0deaa85644bb"}}},{"timestamp":{"iso":"2011-01-03T23:10:34","unixtimestamp":1294096234},"track":{"name":"Oxford Comma","mbid":"1a02f999-12f1-4391-ba0f-16d490f80b5e","artist":{"name":"Vampire Weekend","mbid":"af37c51c-0790-4a29-b995-456f98a6b8c9"}},"uncorrectedTrack":{"name":"Oxford Comma","mbid":"1a02f999-12f1-4391-ba0f-16d490f80b5e","artist":{"name":"Vampire Weekend","mbid":"af37c51c-0790-4a29-b995-456f98a6b8c9"}},"album":{"name":"Vampire Weekend (Blue CD-R)","artist":{"name":"Vampire Weekend","mbid":"af37c51c-0790-4a29-b995-456f98a6b8c9"}}},{"timestamp":{"iso":"2011-01-03T23:14:05","unixtimestamp":1294096445},"track":{"name":"Bed Space","mbid":"8170a61b-4c1d-40b7-9ee9-be5f2e63fcaa","artist":{"name":"Darwin Deez","mbid":"9946d737-38d1-4625-94ea-0cf1f8cce8be"}},"uncorrectedTrack":{"name":"Bed Space","mbid":"8170a61b-4c1d-40b7-9ee9-be5f2e63fcaa","artist":{"name":"Darwin Deez","mbid":"9946d737-38d1-4625-94ea-0cf1f8cce8be"}},"album":{"name":"Darwin Deez","mbid":"42542170-fa86-4097-b473-f09a11162cde","artist":{"name":"Darwin Deez","mbid":"9946d737-38d1-4625-94ea-0cf1f8cce8be"}}},{"timestamp":{"iso":"2011-01-03T23:17:37","unixtimestamp":1294096657},"track":{"name":"Holiday","mbid":"b6ea5d88-1d01-453c-9ed8-d2136f7e0058","artist":{"name":"Vampire Weekend","mbid":"af37c51c-0790-4a29-b995-456f98a6b8c9"}},"uncorrectedTrack":{"name":"Holiday","mbid":"b6ea5d88-1d01-453c-9ed8-d2136f7e0058","artist":{"name":"Vampire Weekend","mbid":"af37c51c-0790-4a29-b995-456f98a6b8c9"}},"album":{"name":"Contra","mbid":"6a37f216-01ce-4102-ae19-d3546925cc24","artist":{"name":"Vampire Weekend","mbid":"af37c51c-0790-4a29-b995-456f98a6b8c9"}}},{"timestamp":{"iso":"2011-01-03T23:19:55","unixtimestamp":1294096795},"track":{"name":"Here (In Your Arms)","mbid":"574c630e-01f6-490b-9d74-96237c84ed60","artist":{"name":"Hellogoodbye","mbid":"3fa7095b-4447-465e-a784-14b07789d7a1"}},"uncorrectedTrack":{"name":"Here (In Your Arms)","mbid":"574c630e-01f6-490b-9d74-96237c84ed60","artist":{"name":"Hellogoodbye","mbid":"3fa7095b-4447-465e-a784-14b07789d7a1"}},"album":{"name":"Zombies! Aliens! Vampires! Dinosaurs!","artist":{"name":"Hellogoodbye;Elliott Yamin"}}},{"timestamp":{"iso":"2011-01-07T19:51:25","unixtimestamp":1294429885},"track":{"name":"The Twist","mbid":"cb3ba18f-7ccb-4cd6-b206-fd707fa5842d","artist":{"name":"Frightened Rabbit","mbid":"dc21d171-7204-4759-9fd0-77d031aeb40c"}},"uncorrectedTrack":{"name":"The Twist","mbid":"cb3ba18f-7ccb-4cd6-b206-fd707fa5842d","artist":{"name":"Frightened Rabbit","mbid":"dc21d171-7204-4759-9fd0-77d031aeb40c"}},"album":{"name":"The Midnight Organ Fight","mbid":"c3df7206-f769-49bb-9f57-2f6110c65621","artist":{"name":"Frightened Rabbit","mbid":"dc21d171-7204-4759-9fd0-77d031aeb40c"}}},{"timestamp":{"iso":"2011-01-07T19:56:01","unixtimestamp":1294430161},"track":{"name":"Paradise Circus","mbid":"022ef151-9c94-435d-b637-a8fe9ac9acb2","artist":{"name":"Massive Attack","mbid":"10adbe5e-a2c0-4bf3-8249-2b4cbf6e6ca8"}},"uncorrectedTrack":{"name":"Paradise Circus feat. Hope Sandoval","artist":{"name":"Massive Attack","mbid":"10adbe5e-a2c0-4bf3-8249-2b4cbf6e6ca8"}},"album":{"name":"Heligoland","mbid":"5042d45d-6a48-4546-bdf5-26f01caa3a43","artist":{"name":"Massive Attack","mbid":"10adbe5e-a2c0-4bf3-8249-2b4cbf6e6ca8"}}},{"timestamp":{"iso":"2011-01-07T20:00:55","unixtimestamp":1294430455},"track":{"name":"anythingwildo","artist":{"name":"Wonderful Noise"}},"uncorrectedTrack":{"name":"anythingwildo","artist":{"name":"Wonderful Noise"}}},{"timestamp":{"iso":"2011-01-07T20:04:07","unixtimestamp":1294430647},"track":{"name":"Derniere danse","artist":{"name":"Kyo","mbid":"016de4c4-6dfd-4f33-9655-0deaa85644bb"}},"uncorrectedTrack":{"name":"Derniere danse","artist":{"name":"Kyo","mbid":"016de4c4-6dfd-4f33-9655-0deaa85644bb"}}},{"timestamp":{"iso":"2011-01-07T20:07:55","unixtimestamp":1294430875},"track":{"name":"Giving up the Gun","mbid":"fb46ee06-4ded-4b0c-862f-4e2b226d9430","artist":{"name":"Vampire Weekend","mbid":"af37c51c-0790-4a29-b995-456f98a6b8c9"}},"uncorrectedTrack":{"name":"Giving up the Gun","mbid":"fb46ee06-4ded-4b0c-862f-4e2b226d9430","artist":{"name":"Vampire Weekend","mbid":"af37c51c-0790-4a29-b995-456f98a6b8c9"}},"album":{"name":"Contra","mbid":"6a37f216-01ce-4102-ae19-d3546925cc24","artist":{"name":"Vampire Weekend","mbid":"af37c51c-0790-4a29-b995-456f98a6b8c9"}}},{"timestamp":{"iso":"2011-01-07T20:12:41","unixtimestamp":1294431161},"track":{"name":"Cousins","mbid":"c17a17ab-920b-48bb-873c-04827e72c9bf","artist":{"name":"Vampire Weekend","mbid":"af37c51c-0790-4a29-b995-456f98a6b8c9"}},"uncorrectedTrack":{"name":"Cousins","mbid":"c17a17ab-920b-48bb-873c-04827e72c9bf","artist":{"name":"Vampire Weekend","mbid":"af37c51c-0790-4a29-b995-456f98a6b8c9"}},"album":{"name":"Contra","mbid":"6a37f216-01ce-4102-ae19-d3546925cc24","artist":{"name":"Vampire Weekend","mbid":"af37c51c-0790-4a29-b995-456f98a6b8c9"}}},{"timestamp":{"iso":"2011-01-07T20:15:07","unixtimestamp":1294431307},"track":{"name":"Je Saigne Encore","mbid":"29cac8d8-ff5e-4f14-822e-e89c18ef8cab","artist":{"name":"Kyo","mbid":"016de4c4-6dfd-4f33-9655-0deaa85644bb"}},"uncorrectedTrack":{"name":"Je Saigne Encore","mbid":"29cac8d8-ff5e-4f14-822e-e89c18ef8cab","artist":{"name":"Kyo","mbid":"016de4c4-6dfd-4f33-9655-0deaa85644bb"}}},{"timestamp":{"iso":"2011-01-07T20:19:10","unixtimestamp":1294431550},"track":{"name":"Sur nos levres","artist":{"name":"Kyo","mbid":"016de4c4-6dfd-4f33-9655-0deaa85644bb"}},"uncorrectedTrack":{"name":"Sur nos levres","artist":{"name":"Kyo","mbid":"016de4c4-6dfd-4f33-9655-0deaa85644bb"}}},{"timestamp":{"iso":"2011-01-07T20:23:15","unixtimestamp":1294431795},"track":{"name":"Pardonne","artist":{"name":"Kyo","mbid":"016de4c4-6dfd-4f33-9655-0deaa85644bb"}},"uncorrectedTrack":{"name":"Pardonne","artist":{"name":"Kyo","mbid":"016de4c4-6dfd-4f33-9655-0deaa85644bb"}}},{"timestamp":{"iso":"2011-01-07T20:26:51","unixtimestamp":1294432011},"track":{"name":"Kids","mbid":"261b54ec-5552-4099-aa5b-035ceda6bca9","artist":{"name":"MGMT","mbid":"50e6288e-3db5-4253-ae51-5e8738ef2c31"}},"uncorrectedTrack":{"name":"Kids","mbid":"261b54ec-5552-4099-aa5b-035ceda6bca9","artist":{"name":"MGMT","mbid":"50e6288e-3db5-4253-ae51-5e8738ef2c31"}},"album":{"name":"Oracular Spectacular","mbid":"44e1c283-8a80-44b8-91d3-7e72b69228bf","artist":{"name":"MGMT","mbid":"50e6288e-3db5-4253-ae51-5e8738ef2c31"}}},{"timestamp":{"iso":"2011-01-07T20:31:53","unixtimestamp":1294432313},"track":{"name":"Here (In Your Arms)","mbid":"574c630e-01f6-490b-9d74-96237c84ed60","artist":{"name":"Hellogoodbye","mbid":"3fa7095b-4447-465e-a784-14b07789d7a1"}},"uncorrectedTrack":{"name":"Here (In Your Arms)","mbid":"574c630e-01f6-490b-9d74-96237c84ed60","artist":{"name":"Hellogoodbye","mbid":"3fa7095b-4447-465e-a784-14b07789d7a1"}},"album":{"name":"Zombies! Aliens! Vampires! Dinosaurs!","artist":{"name":"Hellogoodbye;Elliott Yamin"}}},{"timestamp":{"iso":"2011-01-07T20:35:54","unixtimestamp":1294432554},"track":{"name":"I Think Ur a Contra","mbid":"1c242a81-e3b1-4afd-b661-79889a8e7d58","artist":{"name":"Vampire Weekend","mbid":"af37c51c-0790-4a29-b995-456f98a6b8c9"}},"uncorrectedTrack":{"name":"I Think Ur a Contra","mbid":"1c242a81-e3b1-4afd-b661-79889a8e7d58","artist":{"name":"Vampire Weekend","mbid":"af37c51c-0790-4a29-b995-456f98a6b8c9"}},"album":{"name":"Contra","mbid":"6a37f216-01ce-4102-ae19-d3546925cc24","artist":{"name":"Vampire Weekend","mbid":"af37c51c-0790-4a29-b995-456f98a6b8c9"}}},{"timestamp":{"iso":"2011-01-07T20:40:20","unixtimestamp":1294432820},"track":{"name":"Campus","mbid":"1703691a-ec5d-45ae-a880-f3f2a6f7843c","artist":{"name":"Vampire Weekend","mbid":"af37c51c-0790-4a29-b995-456f98a6b8c9"}},"uncorrectedTrack":{"name":"Campus","mbid":"1703691a-ec5d-45ae-a880-f3f2a6f7843c","artist":{"name":"Vampire Weekend","mbid":"af37c51c-0790-4a29-b995-456f98a6b8c9"}},"album":{"name":"Vampire Weekend","mbid":"29436531-8e43-4e5e-9d36-037e775e2883","artist":{"name":"Vampire Weekend","mbid":"af37c51c-0790-4a29-b995-456f98a6b8c9"}}},{"timestamp":{"iso":"2011-01-07T20:43:16","unixtimestamp":1294432996},"track":{"name":"Diplomat\u0027s Son","artist":{"name":"Vampire Weekend","mbid":"af37c51c-0790-4a29-b995-456f98a6b8c9"}},"uncorrectedTrack":{"name":"Diplomat\u0027s Son","artist":{"name":"Vampire Weekend","mbid":"af37c51c-0790-4a29-b995-456f98a6b8c9"}},"album":{"name":"Contra","mbid":"6a37f216-01ce-4102-ae19-d3546925cc24","artist":{"name":"Vampire Weekend","mbid":"af37c51c-0790-4a29-b995-456f98a6b8c9"}}},{"timestamp":{"iso":"2011-01-07T20:49:17","unixtimestamp":1294433357},"track":{"name":"Je Cours","mbid":"4b5246c2-f5d3-4d9c-9f22-dbb3e3ccd6bf","artist":{"name":"Kyo","mbid":"016de4c4-6dfd-4f33-9655-0deaa85644bb"}},"uncorrectedTrack":{"name":"Je Cours","mbid":"4b5246c2-f5d3-4d9c-9f22-dbb3e3ccd6bf","artist":{"name":"Kyo","mbid":"016de4c4-6dfd-4f33-9655-0deaa85644bb"}},"album":{"name":"Le Chemin","mbid":"e614c12e-413f-427f-aa18-79f264cb0409","artist":{"name":"Kyo","mbid":"016de4c4-6dfd-4f33-9655-0deaa85644bb"}}},{"timestamp":{"iso":"2011-01-07T20:52:20","unixtimestamp":1294433540},"track":{"name":"YouandI","artist":{"name":"Wonderful Noise"}},"uncorrectedTrack":{"name":"YouandI","artist":{"name":"Wonderful Noise"}}},{"timestamp":{"iso":"2011-01-07T20:54:53","unixtimestamp":1294433693},"track":{"name":"Tout Envoyer En L\u0027Air","mbid":"5b3106e2-764a-4a81-8591-f12d9c23deb0","artist":{"name":"Kyo","mbid":"016de4c4-6dfd-4f33-9655-0deaa85644bb"}},"uncorrectedTrack":{"name":"Tout Envoyer En L\u0027Air","mbid":"5b3106e2-764a-4a81-8591-f12d9c23deb0","artist":{"name":"Kyo","mbid":"016de4c4-6dfd-4f33-9655-0deaa85644bb"}}},{"timestamp":{"iso":"2011-01-07T20:58:05","unixtimestamp":1294433885},"track":{"name":"Le Chemin","mbid":"17e99b1f-d695-4088-88b6-7b79ce5df403","artist":{"name":"Kyo","mbid":"016de4c4-6dfd-4f33-9655-0deaa85644bb"}},"uncorrectedTrack":{"name":"Le Chemin","mbid":"17e99b1f-d695-4088-88b6-7b79ce5df403","artist":{"name":"Kyo","mbid":"016de4c4-6dfd-4f33-9655-0deaa85644bb"}},"album":{"name":"Le Chemin","mbid":"e614c12e-413f-427f-aa18-79f264cb0409","artist":{"name":"Kyo","mbid":"016de4c4-6dfd-4f33-9655-0deaa85644bb"}}},{"timestamp":{"iso":"2011-01-07T21:01:38","unixtimestamp":1294434098},"track":{"name":"Bad Day","mbid":"3c1101c1-8c14-4228-9ee8-bbf6352bcf72","artist":{"name":"Darwin Deez","mbid":"9946d737-38d1-4625-94ea-0cf1f8cce8be"}},"uncorrectedTrack":{"name":"Bad Day","mbid":"3c1101c1-8c14-4228-9ee8-bbf6352bcf72","artist":{"name":"Darwin Deez","mbid":"9946d737-38d1-4625-94ea-0cf1f8cce8be"}},"album":{"name":"Darwin Deez","mbid":"42542170-fa86-4097-b473-f09a11162cde","artist":{"name":"Darwin Deez","mbid":"9946d737-38d1-4625-94ea-0cf1f8cce8be"}}},{"timestamp":{"iso":"2011-01-07T21:04:45","unixtimestamp":1294434285},"track":{"name":"Oxford Comma","mbid":"1a02f999-12f1-4391-ba0f-16d490f80b5e","artist":{"name":"Vampire Weekend","mbid":"af37c51c-0790-4a29-b995-456f98a6b8c9"}},"uncorrectedTrack":{"name":"Oxford Comma","mbid":"1a02f999-12f1-4391-ba0f-16d490f80b5e","artist":{"name":"Vampire Weekend","mbid":"af37c51c-0790-4a29-b995-456f98a6b8c9"}},"album":{"name":"Vampire Weekend (Blue CD-R)","artist":{"name":"Vampire Weekend","mbid":"af37c51c-0790-4a29-b995-456f98a6b8c9"}}},{"timestamp":{"iso":"2011-01-07T21:08:16","unixtimestamp":1294434496},"track":{"name":"Bed Space","mbid":"8170a61b-4c1d-40b7-9ee9-be5f2e63fcaa","artist":{"name":"Darwin Deez","mbid":"9946d737-38d1-4625-94ea-0cf1f8cce8be"}},"uncorrectedTrack":{"name":"Bed Space","mbid":"8170a61b-4c1d-40b7-9ee9-be5f2e63fcaa","artist":{"name":"Darwin Deez","mbid":"9946d737-38d1-4625-94ea-0cf1f8cce8be"}},"album":{"name":"Darwin Deez","mbid":"42542170-fa86-4097-b473-f09a11162cde","artist":{"name":"Darwin Deez","mbid":"9946d737-38d1-4625-94ea-0cf1f8cce8be"}}},{"timestamp":{"iso":"2011-01-07T21:11:48","unixtimestamp":1294434708},"track":{"name":"The Kids Don\u0027t Stand a Chance","mbid":"02876cab-616f-4be0-be1b-aff583db982d","artist":{"name":"Vampire Weekend","mbid":"af37c51c-0790-4a29-b995-456f98a6b8c9"}},"uncorrectedTrack":{"name":"The Kids Don\u0027t Stand a Chance","mbid":"02876cab-616f-4be0-be1b-aff583db982d","artist":{"name":"Vampire Weekend","mbid":"af37c51c-0790-4a29-b995-456f98a6b8c9"}},"album":{"name":"Vampire Weekend","mbid":"29436531-8e43-4e5e-9d36-037e775e2883","artist":{"name":"Vampire Weekend","mbid":"af37c51c-0790-4a29-b995-456f98a6b8c9"}}},{"timestamp":{"iso":"2011-01-07T21:15:51","unixtimestamp":1294434951},"track":{"name":"The Modern Leper","mbid":"80845237-3651-4451-a10f-79a0b9dc01d8","artist":{"name":"Frightened Rabbit","mbid":"dc21d171-7204-4759-9fd0-77d031aeb40c"}},"uncorrectedTrack":{"name":"The Modern Leper","mbid":"80845237-3651-4451-a10f-79a0b9dc01d8","artist":{"name":"Frightened Rabbit","mbid":"dc21d171-7204-4759-9fd0-77d031aeb40c"}},"album":{"name":"The Midnight Organ Fight","mbid":"c3df7206-f769-49bb-9f57-2f6110c65621","artist":{"name":"Frightened Rabbit","mbid":"dc21d171-7204-4759-9fd0-77d031aeb40c"}}},{"timestamp":{"iso":"2011-01-07T21:19:40","unixtimestamp":1294435180},"track":{"name":"Trap Doors","mbid":"15658687-52c8-4c9d-82f3-e7aa7d313650","artist":{"name":"Broken Bells","mbid":"62d364d2-550b-420e-b918-b3bd1e4a2efc"}},"uncorrectedTrack":{"name":"Trap Doors","mbid":"15658687-52c8-4c9d-82f3-e7aa7d313650","artist":{"name":"Broken Bells","mbid":"62d364d2-550b-420e-b918-b3bd1e4a2efc"}},"album":{"name":"Broken Bells","mbid":"e8f8ead8-7abb-42f2-8974-19c6b16cf4bf","artist":{"name":"Broken Bells","mbid":"62d364d2-550b-420e-b918-b3bd1e4a2efc"}}},{"timestamp":{"iso":"2011-01-29T04:34:05","unixtimestamp":1296275645},"track":{"name":"X\u0026Y","mbid":"251af601-e972-4d3b-a81c-4a33c5f5395b","artist":{"name":"Coldplay","mbid":"cc197bad-dc9c-440d-a5b5-d52ba2e14234"}},"uncorrectedTrack":{"name":"X\u0026Y","mbid":"251af601-e972-4d3b-a81c-4a33c5f5395b","artist":{"name":"Coldplay","mbid":"cc197bad-dc9c-440d-a5b5-d52ba2e14234"}},"album":{"name":"X\u0026Y","mbid":"6ab046e8-ee3b-4e23-9244-4529d6d154a6","artist":{"name":"Coldplay","mbid":"cc197bad-dc9c-440d-a5b5-d52ba2e14234"}}},{"timestamp":{"iso":"2011-01-29T04:39:13","unixtimestamp":1296275953},"track":{"name":"In A Heartbeat","artist":{"name":"John Murphy","mbid":"1ad39ddd-b4fd-49b7-8137-d5569c0eb2e5"}},"uncorrectedTrack":{"name":"In A Heartbeat","artist":{"name":"28 Days Later Soundtrack"}}},{"timestamp":{"iso":"2011-01-29T04:46:44","unixtimestamp":1296276404},"track":{"name":"Norway","mbid":"17e3f1a9-cb07-4602-8081-216a9372f9e0","artist":{"name":"Beach House","mbid":"d5cc67b8-1cc4-453b-96e8-44487acdebea"}},"uncorrectedTrack":{"name":"Norway","mbid":"17e3f1a9-cb07-4602-8081-216a9372f9e0","artist":{"name":"Beach House","mbid":"d5cc67b8-1cc4-453b-96e8-44487acdebea"}},"album":{"name":"Teen Dream","mbid":"44f67ad5-cdff-3036-80e9-bee67402ded0","artist":{"name":"Beach House","mbid":"d5cc67b8-1cc4-453b-96e8-44487acdebea"}}},{"timestamp":{"iso":"2011-01-29T04:50:51","unixtimestamp":1296276651},"track":{"name":"Somebody Loves You","mbid":"2754fe89-b030-4a98-befd-236d6d70cbed","artist":{"name":"Eels","mbid":"14387b0f-765c-4852-852f-135335790466"}},"uncorrectedTrack":{"name":"Somebody Loves You","mbid":"2754fe89-b030-4a98-befd-236d6d70cbed","artist":{"name":"Eels","mbid":"14387b0f-765c-4852-852f-135335790466"}},"album":{"name":"Shootenanny","artist":{"name":"Eels","mbid":"14387b0f-765c-4852-852f-135335790466"}}},{"timestamp":{"iso":"2011-01-29T04:53:53","unixtimestamp":1296276833},"track":{"name":"Kids With Guns","mbid":"1d33b2e6-c090-4abb-9a47-85b2dee953ea","artist":{"name":"Gorillaz","mbid":"e21857d5-3256-4547-afb3-4b6ded592596"}},"uncorrectedTrack":{"name":"Kids With Guns","mbid":"1d33b2e6-c090-4abb-9a47-85b2dee953ea","artist":{"name":"Gorillaz","mbid":"e21857d5-3256-4547-afb3-4b6ded592596"}},"album":{"name":"Demon Days","mbid":"ad0a377b-6c7c-30ff-921d-a47edae073e2","artist":{"name":"Gorillaz","mbid":"e21857d5-3256-4547-afb3-4b6ded592596"}}},{"timestamp":{"iso":"2011-01-29T04:57:39","unixtimestamp":1296277059},"track":{"name":"Nothing To You","mbid":"02b0b9e5-1198-4a90-9243-31dfc6485bb0","artist":{"name":"Milk Inc.","mbid":"67bb73ee-e70c-4bfd-9bf1-e7a09768f9a9"}},"uncorrectedTrack":{"name":"Nothing To You","mbid":"02b0b9e5-1198-4a90-9243-31dfc6485bb0","artist":{"name":"Milk Inc.","mbid":"67bb73ee-e70c-4bfd-9bf1-e7a09768f9a9"}},"album":{"name":"Closer","mbid":"2a5a0099-3185-4dad-8b90-31da581e9474","artist":{"name":"Milk Inc.","mbid":"67bb73ee-e70c-4bfd-9bf1-e7a09768f9a9"}}},{"timestamp":{"iso":"2011-01-29T05:00:48","unixtimestamp":1296277248},"track":{"name":"The Dangling Conversation","mbid":"d08c87d0-91ea-4ebf-bda4-7678ba0ee630","artist":{"name":"Simon \u0026 Garfunkel","mbid":"5d02f264-e225-41ff-83f7-d9b1f0b1874a"}},"uncorrectedTrack":{"name":"The Dangling Conversation","mbid":"d08c87d0-91ea-4ebf-bda4-7678ba0ee630","artist":{"name":"Simon \u0026 Garfunkel","mbid":"5d02f264-e225-41ff-83f7-d9b1f0b1874a"}},"album":{"name":"Parsley, Sage, Rosemary And Thyme","mbid":"512b73d9-ff03-3e42-988a-c65db081476f","artist":{"name":"Simon \u0026 Garfunkel","mbid":"5d02f264-e225-41ff-83f7-d9b1f0b1874a"}}},{"timestamp":{"iso":"2011-01-29T05:04:12","unixtimestamp":1296277452},"track":{"name":"Flowers Never Bend with the Rainfall","mbid":"07f4a641-5fbc-436f-97ff-4f3e326be79f","artist":{"name":"Simon \u0026 Garfunkel","mbid":"5d02f264-e225-41ff-83f7-d9b1f0b1874a"}},"uncorrectedTrack":{"name":"Flowers Never Bend with the Rainfall","mbid":"07f4a641-5fbc-436f-97ff-4f3e326be79f","artist":{"name":"Simon \u0026 Garfunkel","mbid":"5d02f264-e225-41ff-83f7-d9b1f0b1874a"}},"album":{"name":"Parsley, Sage, Rosemary And Thyme","mbid":"512b73d9-ff03-3e42-988a-c65db081476f","artist":{"name":"Simon \u0026 Garfunkel","mbid":"5d02f264-e225-41ff-83f7-d9b1f0b1874a"}}},{"timestamp":{"iso":"2011-01-29T05:06:28","unixtimestamp":1296277588},"track":{"name":"A Poem on the Underground Wall","mbid":"6df3b03b-2320-419a-ac0e-b33b0e739cb5","artist":{"name":"Simon \u0026 Garfunkel","mbid":"5d02f264-e225-41ff-83f7-d9b1f0b1874a"}},"uncorrectedTrack":{"name":"A Poem on the Underground Wall","mbid":"6df3b03b-2320-419a-ac0e-b33b0e739cb5","artist":{"name":"Simon \u0026 Garfunkel","mbid":"5d02f264-e225-41ff-83f7-d9b1f0b1874a"}},"album":{"name":"Parsley, Sage, Rosemary And Thyme","mbid":"512b73d9-ff03-3e42-988a-c65db081476f","artist":{"name":"Simon \u0026 Garfunkel","mbid":"5d02f264-e225-41ff-83f7-d9b1f0b1874a"}}},{"timestamp":{"iso":"2011-01-29T05:09:06","unixtimestamp":1296277746},"track":{"name":"For Emily, Whenever I May Find Her","mbid":"abc813a2-fc72-4380-9775-c37d9d2d09d7","artist":{"name":"Simon \u0026 Garfunkel","mbid":"5d02f264-e225-41ff-83f7-d9b1f0b1874a"}},"uncorrectedTrack":{"name":"For Emily, Whenever I May Find Her","mbid":"abc813a2-fc72-4380-9775-c37d9d2d09d7","artist":{"name":"Simon \u0026 Garfunkel","mbid":"5d02f264-e225-41ff-83f7-d9b1f0b1874a"}},"album":{"name":"Parsley, Sage, Rosemary And Thyme","mbid":"512b73d9-ff03-3e42-988a-c65db081476f","artist":{"name":"Simon \u0026 Garfunkel","mbid":"5d02f264-e225-41ff-83f7-d9b1f0b1874a"}}},{"timestamp":{"iso":"2011-01-29T05:11:15","unixtimestamp":1296277875},"track":{"name":"Homeward Bound","mbid":"00b571a7-cb2e-4ba2-99b6-7d50cab9ca57","artist":{"name":"Simon \u0026 Garfunkel","mbid":"5d02f264-e225-41ff-83f7-d9b1f0b1874a"}},"uncorrectedTrack":{"name":"Homeward Bound","mbid":"00b571a7-cb2e-4ba2-99b6-7d50cab9ca57","artist":{"name":"Simon \u0026 Garfunkel","mbid":"5d02f264-e225-41ff-83f7-d9b1f0b1874a"}},"album":{"name":"Parsley, Sage, Rosemary And Thyme","mbid":"512b73d9-ff03-3e42-988a-c65db081476f","artist":{"name":"Simon \u0026 Garfunkel","mbid":"5d02f264-e225-41ff-83f7-d9b1f0b1874a"}}},{"timestamp":{"iso":"2011-01-29T05:16:29","unixtimestamp":1296278189},"track":{"name":"Get Off Of My Cloud","mbid":"3ed30f1a-b0ff-4a07-a45c-8911d8bc61bc","artist":{"name":"The Rolling Stones","mbid":"b071f9fa-14b0-4217-8e97-eb41da73f598"}},"uncorrectedTrack":{"name":"Get Off Of My Cloud","mbid":"3ed30f1a-b0ff-4a07-a45c-8911d8bc61bc","artist":{"name":"The Rolling Stones","mbid":"b071f9fa-14b0-4217-8e97-eb41da73f598"}}},{"timestamp":{"iso":"2011-01-29T05:19:43","unixtimestamp":1296278383},"track":{"name":"Sympathy for the Devil","mbid":"bd473640-02a7-4650-8341-62bd7df09605","artist":{"name":"The Rolling Stones","mbid":"b071f9fa-14b0-4217-8e97-eb41da73f598"}},"uncorrectedTrack":{"name":"Sympathy for the Devil","mbid":"bd473640-02a7-4650-8341-62bd7df09605","artist":{"name":"The Rolling Stones","mbid":"b071f9fa-14b0-4217-8e97-eb41da73f598"}},"album":{"name":"The Rolling Stone Magazines 500 Greatest Songs Of All Time","artist":{"name":"The Rolling Stones","mbid":"b071f9fa-14b0-4217-8e97-eb41da73f598"}}}]