"ISO time"	"unixtime"	"track name"	"track mbid"	"artist name"	"artist mbid"	"uncorrected track name"	"uncorrected track mbid"	"uncorrected artist name"	"uncorrected artist mbid"
"2009-07-20T00:16:41"	"1248049001"	"Service Bell"	"40d63516-2034-41bc-802b-cafd7cc452c1"	"Grizzly Bear"	"59a7fbcb-ff74-494d-abd0-9c82359040c9"	"Service Bell"	"40d63516-2034-41bc-802b-cafd7cc452c1"	"Grizzly Bear"	"59a7fbcb-ff74-494d-abd0-9c82359040c9"
"2009-07-20T00:17:09"	"1248049029"	"Imitosis"	"7790e395-daf9-4520-8a34-654f3d46df38"	"Andrew Bird"	"081b133e-ce74-42ba-92c1-c18234acb532"	"Imitosis"	"7790e395-daf9-4520-8a34-654f3d46df38"	"Andrew Bird"	"081b133e-ce74-42ba-92c1-c18234acb532"
"2009-07-20T00:30:25"	"1248049825"	"Leftovers"	"31b8d1b6-c51c-463b-930c-fbaed21735f2"	"Johnny Flynn"	"ce19a7e1-8c47-4dc6-9492-ef907ddc6514"	"Leftovers"	"31b8d1b6-c51c-463b-930c-fbaed21735f2"	"Johnny Flynn"	"ce19a7e1-8c47-4dc6-9492-ef907ddc6514"
"2009-07-20T00:33:15"	"1248049995"	"The Concubine"	"a10ca359-3098-425b-8b1d-889cd0b166b7"	"Beirut"	"0af78501-5647-4c18-9a0d-66ac8789e13b"	"The Concubine"	"a10ca359-3098-425b-8b1d-889cd0b166b7"	"Beirut"	"0af78501-5647-4c18-9a0d-66ac8789e13b"
"2009-07-26T06:43:05"	"1248590585"	"Amon Hen"	"1e9bbd4f-84ff-41a6-bbe9-5d386cc85954"	"Howard Shore"	"9b58672a-e68e-4972-956e-a8985a165a1f"	"Amon Hen"	"1e9bbd4f-84ff-41a6-bbe9-5d386cc85954"	"Howard Shore"	"9b58672a-e68e-4972-956e-a8985a165a1f"
"2009-07-26T06:43:32"	"1248590612"	"Looks Just Like the Sun"	"38eaba30-e116-4178-b645-871a7434fd66"	"Broken Social Scene"	"2eada8f8-056a-4093-bbc2-004909ce743b"	"Looks Just Like the Sun"	"38eaba30-e116-4178-b645-871a7434fd66"	"Broken Social Scene"	"2eada8f8-056a-4093-bbc2-004909ce743b"
"2009-07-26T07:15:48"	"1248592548"	"Parlez-moi d'amour"	"2fdd3589-ce18-42f2-966e-6fca40999f05"	"Lucienne Boyer"	"794f27ad-ad32-4a88-b390-79d0141773ca"	"Parlez-moi d'amour"	"2fdd3589-ce18-42f2-966e-6fca40999f05"	"Lucienne Boyer"	"794f27ad-ad32-4a88-b390-79d0141773ca"
"2009-07-26T07:18:32"	"1248592712"	"Pigalle"	"41d29856-05b0-46dc-9ee5-90b0a83931cf"	"Georges Ulmer"	"836ad164-ec00-4652-89d3-e34353627f63"	"Pigalle"	"41d29856-05b0-46dc-9ee5-90b0a83931cf"	"Georges Ulmer"	"836ad164-ec00-4652-89d3-e34353627f63"
"2009-07-27T02:51:13"	"1248663073"	"A paris"	""	"Yves Montand"	"c5e59ab1-caa7-4044-b671-9e493a85e8e0"	"A paris"	""	"Yves Montand"	"c5e59ab1-caa7-4044-b671-9e493a85e8e0"
"2009-07-28T01:52:32"	"1248745952"	"Laughter In The Dark"	"d5b07b88-882b-4192-9407-0cb7d1dd453a"	"A Hawk and a Hacksaw"	"b7cef615-5d43-463f-9032-5d3bc0d96b7f"	"Laughter In The Dark"	"d5b07b88-882b-4192-9407-0cb7d1dd453a"	"A Hawk and a Hacksaw"	"b7cef615-5d43-463f-9032-5d3bc0d96b7f"
"2009-07-28T01:59:40"	"1248746380"	"Phone Call"	"a014bd4c-1cfb-411c-ba09-4aeb9ad47860"	"Jon Brion"	"a32e4aac-1db8-4dc6-be34-a813c4530627"	"Phone Call"	"a014bd4c-1cfb-411c-ba09-4aeb9ad47860"	"Jon Brion"	"a32e4aac-1db8-4dc6-be34-a813c4530627"
"2009-07-28T02:03:29"	"1248746609"	"Craven Leaves"	"bf301050-3ac4-44b3-be34-9115aab8116b"	"Zbigniew Preisner"	"d229ee11-fc4e-4a1c-8e0a-1e8f84950532"	"Craven Leaves"	"bf301050-3ac4-44b3-be34-9115aab8116b"	"Zbigniew Preisner"	"d229ee11-fc4e-4a1c-8e0a-1e8f84950532"
"2009-07-28T02:05:30"	"1248746730"	"Reverie"	"7de9a4df-408f-4c7c-b0b2-f8ec19994c57"	"Claude Debussy"	"be50643c-0377-4968-b48c-47e06b2e2a3b"	"Reverie"	"7de9a4df-408f-4c7c-b0b2-f8ec19994c57"	"Claude Debussy"	"be50643c-0377-4968-b48c-47e06b2e2a3b"
"2009-07-28T02:07:36"	"1248746856"	"Rue Des Cascades"	"043a8ae9-47c7-422a-81f8-fdcba3c117e5"	"Yann Tiersen"	"12d432a3-feb0-49b1-a107-d20751880764"	"Rue Des Cascades"	"043a8ae9-47c7-422a-81f8-fdcba3c117e5"	"Yann Tiersen"	"12d432a3-feb0-49b1-a107-d20751880764"
"2009-07-28T05:24:23"	"1248758663"	"Im Not"	""	"Panda Bear"	"fd3c3f9f-a471-498e-ab3a-940ac20b6bbd"	"Im Not"	""	"Panda Bear"	"fd3c3f9f-a471-498e-ab3a-940ac20b6bbd"
"2009-07-28T14:45:37"	"1248792337"	"L'Autre Valse d'Amélie"	"19a07892-30f3-4102-80e8-e2a516910609"	"Yann Tiersen"	"12d432a3-feb0-49b1-a107-d20751880764"	"L'Autre Valse d'Amélie"	"19a07892-30f3-4102-80e8-e2a516910609"	"Yann Tiersen"	"12d432a3-feb0-49b1-a107-d20751880764"
"2009-07-28T14:52:26"	"1248792746"	"Burning"	"0a73cc35-d391-47ab-93b1-8b852346cec2"	"The Whitest Boy Alive"	"f83781c8-64f9-4657-85bd-51f74d195cfd"	"Burning"	"0a73cc35-d391-47ab-93b1-8b852346cec2"	"The Whitest Boy Alive"	"f83781c8-64f9-4657-85bd-51f74d195cfd"
"2009-07-28T15:15:38"	"1248794138"	"Something to Live For"	"0bcaf518-ea5d-4119-af03-74e64b921c73"	"Yann Tiersen & Shannon Wright"	""	"Something to Live For"	"0bcaf518-ea5d-4119-af03-74e64b921c73"	"Yann Tiersen & Shannon Wright"	""
"2009-07-28T15:40:45"	"1248795645"	"Baby Carni Bird"	"24846235-1467-4d03-845d-e551331987f3"	"Camille"	"32bc3ce0-117a-4778-8271-fc271ad56fc3"	"Baby Carni Bird"	"24846235-1467-4d03-845d-e551331987f3"	"Camille"	"32bc3ce0-117a-4778-8271-fc271ad56fc3"
"2009-07-28T15:59:14"	"1248796754"	"The Tunnel"	"22199993-c676-4358-b99b-b5fbd0ad38e2"	"John Murphy"	"1ad39ddd-b4fd-49b7-8137-d5569c0eb2e5"	"The Tunnel"	"22199993-c676-4358-b99b-b5fbd0ad38e2"	"John Murphy"	"1ad39ddd-b4fd-49b7-8137-d5569c0eb2e5"
"2009-07-28T16:05:10"	"1248797110"	"Le vieil amant"	"2d63605b-ef49-4d4e-9bd3-f876b0cc45d7"	"Émilie Simon"	"01252145-c9e8-4de5-a480-9b2bed05450a"	"Le Vieil Amant"	""	"Emilie Simon"	""
"2009-07-28T19:22:11"	"1248808931"	"Granmon"	"2e03fc80-4a95-4889-b099-619c25684086"	"Detektivbyrån"	"0f716769-a803-44a5-bb5c-cd9d563716dd"	"Granmon"	"2e03fc80-4a95-4889-b099-619c25684086"	"Detektivbyrån"	"0f716769-a803-44a5-bb5c-cd9d563716dd"
"2009-07-28T19:28:19"	"1248809299"	"La Redécouverte"	"0285e1a8-aa26-4a28-a20f-d9b544898d30"	"Yann Tiersen"	"12d432a3-feb0-49b1-a107-d20751880764"	"La Redécouverte"	"0285e1a8-aa26-4a28-a20f-d9b544898d30"	"Yann Tiersen"	"12d432a3-feb0-49b1-a107-d20751880764"
"2009-07-28T20:16:38"	"1248812198"	"Mon amant de Saint-Jean"	""	"Lucienne Delyle"	"82e0bc9c-2cf4-403d-939c-1d8c00767170"	"Mon amant de Saint-Jean"	""	"Lucienne Delyle"	"82e0bc9c-2cf4-403d-939c-1d8c00767170"
"2009-07-31T20:59:51"	"1249073991"	"Talisman"	"048401d2-ef01-4e8c-867a-ea9e461e8775"	"Air"	"018dcc90-b1a2-400a-a96e-64b6a101f009"	"Talisman"	"048401d2-ef01-4e8c-867a-ea9e461e8775"	"Air"	"018dcc90-b1a2-400a-a96e-64b6a101f009"
"2009-08-02T06:25:49"	"1249194349"	"Kamionos kút"	"a4ba622a-27db-4220-b61d-b65983892f45"	"Besh O Drom"	"4f91e2f8-f0e4-4e12-b6f6-fafbd381b9cf"	"Kamionos kút"	"a4ba622a-27db-4220-b61d-b65983892f45"	"Besh O Drom"	"4f91e2f8-f0e4-4e12-b6f6-fafbd381b9cf"
"2009-08-02T06:30:57"	"1249194657"	"Pusztító"	"eea7a36c-e0ba-4bf6-89ce-e46744c93c3d"	"Besh O Drom"	"4f91e2f8-f0e4-4e12-b6f6-fafbd381b9cf"	"Pusztító"	"eea7a36c-e0ba-4bf6-89ce-e46744c93c3d"	"Besh O Drom"	"4f91e2f8-f0e4-4e12-b6f6-fafbd381b9cf"
"2009-08-02T06:36:39"	"1249194999"	"Meggyújtom A Pipám"	"63072523-dacd-4e0d-a405-f3ed6d8cdf8a"	"Besh O Drom"	"4f91e2f8-f0e4-4e12-b6f6-fafbd381b9cf"	"Meggyújtom A Pipám"	"63072523-dacd-4e0d-a405-f3ed6d8cdf8a"	"Besh O Drom"	"4f91e2f8-f0e4-4e12-b6f6-fafbd381b9cf"
"2009-08-02T06:47:40"	"1249195660"	"Salam"	"ba55c8bb-9be7-4bd6-a2ba-c4182fa0d77c"	"Youcef"	"b4c931b8-0577-4e66-94f8-76b988e5ead3"	"Salam"	"ba55c8bb-9be7-4bd6-a2ba-c4182fa0d77c"	"Youcef"	"b4c931b8-0577-4e66-94f8-76b988e5ead3"
"2009-08-02T06:51:05"	"1249195865"	"Ship of Fools (Stone of Exile)"	"077312aa-5289-418d-b37d-ccc1f075162d"	"Secret Chiefs 3"	"45ec9b41-eeea-42da-8337-28c67a8d2934"	"Ship of Fools (Stone of Exile)"	"077312aa-5289-418d-b37d-ccc1f075162d"	"Secret Chiefs 3"	"45ec9b41-eeea-42da-8337-28c67a8d2934"
"2009-08-02T07:22:55"	"1249197775"	"Muskátlis teraszokon"	"f3bd8fc2-28ed-4632-9057-9070183efdcc"	"Amorf Ördögök"	"f1537804-4520-4324-b6b4-b2dfe83242e3"	"Muskátlis teraszokon"	"f3bd8fc2-28ed-4632-9057-9070183efdcc"	"Amorf Ördögök"	"f1537804-4520-4324-b6b4-b2dfe83242e3"
"2009-08-02T07:38:05"	"1249198685"	"La Valse A Mille Temps"	""	"Jacques Brel"	"91eda19b-1437-42cd-b7af-69df24b7f275"	"La Valse A Mille Temps"	""	"Jacques Brel"	"91eda19b-1437-42cd-b7af-69df24b7f275"
"2009-08-02T07:42:03"	"1249198923"	"A Black And White Rainbow"	"ccf62cf5-7658-4377-883f-ef1303f7578d"	"A Hawk and a Hacksaw"	"b7cef615-5d43-463f-9032-5d3bc0d96b7f"	"A Black And White Rainbow"	"ccf62cf5-7658-4377-883f-ef1303f7578d"	"A Hawk and a Hacksaw"	"b7cef615-5d43-463f-9032-5d3bc0d96b7f"
"2009-08-02T07:44:22"	"1249199062"	"Vallottál már ilyet?"	"e6b8c842-2591-49f5-88c4-52f801de188e"	"Kaukázus"	"16b9bb67-ebe5-4b68-9087-b6d7b5769705"	"Vallottál már ilyet?"	"e6b8c842-2591-49f5-88c4-52f801de188e"	"Kaukázus"	"16b9bb67-ebe5-4b68-9087-b6d7b5769705"
"2009-08-02T07:45:36"	"1249199136"	"Moonlight Sonata"	"2039e718-7aef-450a-a219-b24d9c9c0b35"	"Ludwig van Beethoven"	"1f9df192-a621-4f54-8850-2c5373b7eac9"	"Moonlight Sonata"	"2039e718-7aef-450a-a219-b24d9c9c0b35"	"Ludwig van Beethoven"	"1f9df192-a621-4f54-8850-2c5373b7eac9"
"2009-08-02T17:01:16"	"1249232476"	"Sza Tele Zsav"	"2d5a8214-0a70-403b-90e6-929af147d9af"	"Ando Drom"	"b3a63b9b-fb36-4022-8a92-da1cf08214cc"	"Sza Tele Zsav"	"2d5a8214-0a70-403b-90e6-929af147d9af"	"Ando Drom"	"b3a63b9b-fb36-4022-8a92-da1cf08214cc"
"2009-08-02T17:01:49"	"1249232509"	"Carolina"	"b277be81-ebc3-4f28-b598-21a979d39560"	"Taraf de Haïdouks"	"41f0dc28-8482-41b8-b28c-05ac31af0928"	"Carolina"	"b277be81-ebc3-4f28-b598-21a979d39560"	"Taraf de Haïdouks"	"41f0dc28-8482-41b8-b28c-05ac31af0928"
"2009-08-02T17:02:54"	"1249232574"	"Mysterieuse"	"9e4868fa-1355-405c-9d6d-e0bcca06dbf3"	"Csókolom"	"68245d0d-9d01-4bcb-9475-d8848840abed"	"Mysterieuse"	"9e4868fa-1355-405c-9d6d-e0bcca06dbf3"	"Csókolom"	"68245d0d-9d01-4bcb-9475-d8848840abed"
"2009-08-02T17:03:44"	"1249232624"	"Lei Toi"	"05cb5f15-f07a-4a51-8420-3b11763463d5"	"Mitsoura"	"1abc3af4-2ea0-446e-83de-b8444a64d3f4"	"Lei Toi"	"05cb5f15-f07a-4a51-8420-3b11763463d5"	"Mitsoura"	"1abc3af4-2ea0-446e-83de-b8444a64d3f4"
"2009-08-02T17:04:19"	"1249232659"	"L'homme Qui Boit (The Man Who Drinks) (World)"	""	"Mahala Rai Banda"	"21cc597f-1ed6-4a00-b728-4ec0d3b811e3"	"L'homme Qui Boit (The Man Who Drinks) (World)"	""	"Mahala Rai Banda"	"21cc597f-1ed6-4a00-b728-4ec0d3b811e3"
"2009-08-02T17:04:54"	"1249232694"	"Asfalt Tango"	"3f992092-6aee-4382-bd7e-76c6db242580"	"Fanfare Ciocărlia"	"a98da524-e565-4d89-b729-17d5a5fe75e0"	"Asfalt Tango"	"3f992092-6aee-4382-bd7e-76c6db242580"	"Fanfare Ciocărlia"	"a98da524-e565-4d89-b729-17d5a5fe75e0"
"2009-08-02T17:05:16"	"1249232716"	"Vedd fel a legjobb ruhád"	"2e1de90f-4fff-4eb9-aa38-7aedff8d5c68"	"Amorf Ördögök"	"f1537804-4520-4324-b6b4-b2dfe83242e3"	"Vedd fel a legjobb ruhád"	"2e1de90f-4fff-4eb9-aa38-7aedff8d5c68"	"Amorf Ördögök"	"f1537804-4520-4324-b6b4-b2dfe83242e3"
"2009-08-02T17:05:56"	"1249232756"	"Spoitoresa"	""	"Mahala Raï Banda"	""	"Spoitoresa"	""	"Mahala Raï Banda"	""
"2009-08-02T17:07:02"	"1249232822"	"Zirzop"	"106d8288-8fc5-42e3-b33e-181d4b921bec"	"Fatima Spar und Die Freedom Fries"	"63645239-112d-479e-b369-97087ed44989"	"Zirzop"	"106d8288-8fc5-42e3-b33e-181d4b921bec"	"Fatima Spar und Die Freedom Fries"	"63645239-112d-479e-b369-97087ed44989"
"2009-08-05T07:02:12"	"1249455732"	"Shousetsu"	"15c4daf7-cf78-457e-bdb5-f4712ef4f966"	"Radicalfashion"	"7eccc375-3163-4850-89bf-ce1b42eba3a9"	"Shousetsu"	"15c4daf7-cf78-457e-bdb5-f4712ef4f966"	"Radicalfashion"	"7eccc375-3163-4850-89bf-ce1b42eba3a9"
"2009-08-05T07:07:34"	"1249456054"	"Cloud Whereabouts"	"8591c322-562d-473e-b36d-4b452a20fd89"	"Fourcolor"	"35ecde03-e81c-478b-9c58-bf2b5bef7a0a"	"Cloud Whereabouts"	"8591c322-562d-473e-b36d-4b452a20fd89"	"Fourcolor"	"35ecde03-e81c-478b-9c58-bf2b5bef7a0a"
"2009-08-05T07:10:16"	"1249456216"	"Beside a Well"	""	"Chihei Hatakeyama"	""	"Beside a Well"	""	"Chihei Hatakeyama"	""
"2009-08-05T07:25:07"	"1249457107"	"August Neige"	"79c3168b-aae4-4707-a7db-3e219b86503c"	"Sawako"	"28dcd46c-0bd1-4787-8487-a43e7e13b233"	"August Neige"	"79c3168b-aae4-4707-a7db-3e219b86503c"	"Sawako"	"28dcd46c-0bd1-4787-8487-a43e7e13b233"
"2009-08-05T07:30:35"	"1249457435"	"Strange Seed"	"f2697a29-34ce-4edc-b5be-22045f96409d"	"Gutevolk"	"38284e06-c741-40c4-b247-f7dc0de5f24c"	"Strange Seed"	"f2697a29-34ce-4edc-b5be-22045f96409d"	"Gutevolk"	"38284e06-c741-40c4-b247-f7dc0de5f24c"
"2009-08-05T08:06:03"	"1249459563"	"vignette"	"39c39072-4019-46d0-86ee-7219ab7c93ae"	"Fourcolor"	"35ecde03-e81c-478b-9c58-bf2b5bef7a0a"	"vignette"	"39c39072-4019-46d0-86ee-7219ab7c93ae"	"Fourcolor"	"35ecde03-e81c-478b-9c58-bf2b5bef7a0a"
"2009-08-05T14:35:07"	"1249482907"	"picture of three life"	"96aa8d3d-47f3-4a60-ad0a-fe399bbf535f"	"Yasushi Yoshida"	"c5b13da1-e20a-40b2-ab1d-b86e09772e7a"	"picture of three life"	"96aa8d3d-47f3-4a60-ad0a-fe399bbf535f"	"Yasushi Yoshida"	"c5b13da1-e20a-40b2-ab1d-b86e09772e7a"
"2009-08-05T14:48:44"	"1249483724"	"WATASHI NO NEML TABI"	"68864b97-59c4-4491-bc92-755570de778a"	"Moskitoo"	"fde895b9-395a-4f98-92b6-85c322a8c375"	"WATASHI NO NEML TABI"	"68864b97-59c4-4491-bc92-755570de778a"	"Moskitoo"	"fde895b9-395a-4f98-92b6-85c322a8c375"
"2009-08-06T06:01:39"	"1249538499"	"Song without Words, Op. 85, No. 2"	"41ae35ef-8fbd-4e73-a338-0245e79d3ec1"	"Felix Mendelssohn"	"0e85eb79-1c05-44ba-827c-7b259a3d941a"	"Song without Words, Op. 85, No. 2"	"41ae35ef-8fbd-4e73-a338-0245e79d3ec1"	"Felix Mendelssohn"	"0e85eb79-1c05-44ba-827c-7b259a3d941a"
"2009-08-10T21:39:53"	"1249940393"	"Moderato"	""	"Sergei Rachmaninoff"	""	"Moderato"	""	"Sergei Rachmaninoff"	""
"2009-08-12T03:45:26"	"1250048726"	"Lilacs"	""	"Sergei Rachmaninoff"	""	"Lilacs"	""	"Sergei Rachmaninoff"	""
"2009-08-12T03:51:38"	"1250049098"	"Sonata No. 5, Op. 53"	"e0aeb8a3-c5db-41c5-acca-f59b4d5be6e8"	"Alexander Scriabin"	""	"Sonata No. 5, Op. 53"	"e0aeb8a3-c5db-41c5-acca-f59b4d5be6e8"	"Alexander Scriabin"	""
"2009-08-27T04:00:31"	"1251345631"	"Madrigal"	""	"Sergei Prokofiev"	""	"Madrigal"	""	"Sergei Prokofiev"	""
"2009-08-27T04:48:13"	"1251348493"	"String Quartet #16 - movement #1 (Haydn)"	""	"Franz Joseph Haydn"	""	"String Quartet #16 - movement #1 (Haydn)"	""	"Haydn"	""
"2009-08-27T06:19:58"	"1251353998"	"Dans Tes Yeux (feat. Guesch Patti)"	""	"Gonzales"	"859d4c71-8baf-4987-91ac-a138c9bba81f"	"Dans Tes Yeux (feat. Guesch Patti)"	""	"Gonzales"	"859d4c71-8baf-4987-91ac-a138c9bba81f"
"2009-08-28T07:30:45"	"1251444645"	"Que Reste-t-il De Nos Amours"	"82e5b99f-4bb4-4588-8377-1809e2509d80"	"Charles Trenet"	"31ee7748-fd85-46cf-bdd2-5a30955a5890"	"Que Reste-T-Il De Nos Amours"	""	"Charles Trénet"	""
"2009-08-28T07:37:30"	"1251445050"	"Luna rossa"	"d493eb9a-abb0-4da4-8e54-95e9cab2c4f0"	"Lucienne Delyle"	"82e0bc9c-2cf4-403d-939c-1d8c00767170"	"Luna rossa"	"d493eb9a-abb0-4da4-8e54-95e9cab2c4f0"	"Lucienne Delyle"	"82e0bc9c-2cf4-403d-939c-1d8c00767170"
"2009-08-28T07:48:27"	"1251445707"	"La mauvaise réputation"	"924190fc-d11d-4be8-b289-e20183cd22f1"	"Georges Brassens"	"b58165ba-ac55-49a1-8855-caf16c68f5f2"	"La mauvaise réputation"	"924190fc-d11d-4be8-b289-e20183cd22f1"	"Georges Brassens"	"b58165ba-ac55-49a1-8855-caf16c68f5f2"
"2009-08-28T07:50:49"	"1251445849"	"Sexe"	"aa887e3b-b42b-4415-b57e-269c2eb7aa1f"	"Line Renaud"	"2f2d054c-130d-4108-9827-1b4709766b4e"	"Sexe"	"aa887e3b-b42b-4415-b57e-269c2eb7aa1f"	"Line Renaud"	"2f2d054c-130d-4108-9827-1b4709766b4e"
"2009-08-29T09:18:29"	"1251537509"	"Waltz of the Flowers"	"d6e5d796-3644-4590-b213-ffb40f0baf50"	"Pyotr Ilyich Tchaikovsky"	"488b0efa-65fa-45da-9773-6b0cc3f4101c"	"Waltz of the Flowers"	"d6e5d796-3644-4590-b213-ffb40f0baf50"	"Pyotr Ilyich Tchaikovsky"	"488b0efa-65fa-45da-9773-6b0cc3f4101c"
"2009-09-01T17:25:29"	"1251825929"	"The Man I Love"	"6792094d-7c1b-431c-993d-6c481ea0bd86"	"Teddy Wilson"	"2e89725a-ac85-414c-b3b2-70f0a82fae9a"	"The Man I Love"	"6792094d-7c1b-431c-993d-6c481ea0bd86"	"Teddy Wilson"	"2e89725a-ac85-414c-b3b2-70f0a82fae9a"
"2009-09-01T17:43:17"	"1251826997"	"La Noyée"	"0b883adc-4878-4269-92ae-bfeb97b5a568"	"Yann Tiersen"	"12d432a3-feb0-49b1-a107-d20751880764"	"La Noyée"	"0b883adc-4878-4269-92ae-bfeb97b5a568"	"Yann Tiersen"	"12d432a3-feb0-49b1-a107-d20751880764"
"2009-11-26T08:00:53"	"1259222453"	"Breathe"	"9f3d6056-7852-4427-9bf2-cdec8b773ced"	"Télépopmusik"	"265f242e-cf4e-4fbe-a3fe-43112387172f"	"Breathe"	"9f3d6056-7852-4427-9bf2-cdec8b773ced"	"Télépopmusik"	"265f242e-cf4e-4fbe-a3fe-43112387172f"
"2009-11-26T08:01:00"	"1259222460"	"In the Waiting Line"	"b357af22-0fc3-433e-8209-9a946911a1c0"	"Zero 7"	"c23b637b-97c6-41eb-8ef6-6c724efc80a8"	"In the Waiting Line"	"b357af22-0fc3-433e-8209-9a946911a1c0"	"Zero 7"	"c23b637b-97c6-41eb-8ef6-6c724efc80a8"
"2010-01-08T15:18:23"	"1262963903"	"Genetic World"	"04a605dd-0306-4e15-bfad-bb94d9afdfb0"	"Télépopmusik"	"265f242e-cf4e-4fbe-a3fe-43112387172f"	"Genetic World"	"04a605dd-0306-4e15-bfad-bb94d9afdfb0"	"Télépopmusik"	"265f242e-cf4e-4fbe-a3fe-43112387172f"
"2010-01-18T23:52:48"	"1263858768"	"Bad Crumbs"	"6ddcc83a-ee00-43ab-827a-a59215f66a61"	"Animal Collective"	"0c751690-c784-4a4f-b1e4-c1de27d47581"	"Bad Crumbs"	"6ddcc83a-ee00-43ab-827a-a59215f66a61"	"Animal Collective"	"0c751690-c784-4a4f-b1e4-c1de27d47581"
"2010-01-20T23:05:07"	"1264028707"	"Heat Miser"	"2b518560-d635-4b66-9d50-fab6735853fe"	"Massive Attack"	"10adbe5e-a2c0-4bf3-8249-2b4cbf6e6ca8"	"Heat Miser"	"2b518560-d635-4b66-9d50-fab6735853fe"	"Massive Attack"	"10adbe5e-a2c0-4bf3-8249-2b4cbf6e6ca8"
"2010-01-26T23:01:50"	"1264546910"	"Forgiveness"	"de3fba4d-3a7b-44b4-b72c-688fe8519446"	"Yeasayer"	"3feba7fa-3837-424a-b4f1-0077d217f569"	"Forgiveness"	"de3fba4d-3a7b-44b4-b72c-688fe8519446"	"Yeasayer"	"3feba7fa-3837-424a-b4f1-0077d217f569"
"2010-01-27T00:19:41"	"1264551581"	"Swans (Life After Death)"	"5261c2bb-c784-4b47-b574-d250de9473c1"	"Islands"	"4de30660-26a8-4390-af6f-8fc0564e7e61"	"Swans (Life After Death)"	"5261c2bb-c784-4b47-b574-d250de9473c1"	"Islands"	"4de30660-26a8-4390-af6f-8fc0564e7e61"
"2010-01-27T00:33:26"	"1264552406"	"Dying Is Fine"	"2acd19cf-f0db-479b-bbae-60ed8c388532"	"Ra Ra Riot"	"d8f63b51-73e0-4f65-8bd3-bcfe6892fb0e"	"Dying Is Fine"	"2acd19cf-f0db-479b-bbae-60ed8c388532"	"Ra Ra Riot"	"d8f63b51-73e0-4f65-8bd3-bcfe6892fb0e"
"2010-01-27T00:44:04"	"1264553044"	"Rumpus"	"194e8d5b-310b-4339-9bce-4a1d87d18ef9"	"Karen O and the Kids"	"32c91695-1a31-4ec5-a12e-9e3870b64dbd"	"Rumpus"	"194e8d5b-310b-4339-9bce-4a1d87d18ef9"	"Karen O and the Kids"	"32c91695-1a31-4ec5-a12e-9e3870b64dbd"
"2010-01-27T00:58:35"	"1264553915"	"The Ballad Of Mack The Knife (Bonus Track)"	""	"Lotte Lenya"	"244f758f-5154-49c8-b3e1-551491e502f3"	"The Ballad Of Mack The Knife (Bonus Track)"	""	"Lotte Lenya"	"244f758f-5154-49c8-b3e1-551491e502f3"
"2010-01-31T00:38:52"	"1264898332"	"Still Frame"	""	"Lusine"	""	"Still Frame"	""	"Lusine"	""
"2010-01-31T00:46:22"	"1264898782"	"Betray"	"3bff9e39-3c51-4fba-b9f1-060272076827"	"Son Lux"	"afcd292c-3c1e-4708-af4a-991aadf957e4"	"Betray"	"3bff9e39-3c51-4fba-b9f1-060272076827"	"Son Lux"	"afcd292c-3c1e-4708-af4a-991aadf957e4"
"2010-01-31T00:52:57"	"1264899177"	"Untitled One"	"0f2db221-d1f5-4a51-a93d-95bb7db26cde"	"Odd Nosdam"	"af256aa5-4bc7-4aca-9b89-55ca26fe5468"	"Untitled One"	"0f2db221-d1f5-4a51-a93d-95bb7db26cde"	"Odd Nosdam"	"af256aa5-4bc7-4aca-9b89-55ca26fe5468"
"2010-01-31T15:18:35"	"1264951115"	"Stay"	"ad8f64d1-6cd7-4423-b6c9-fe2485b2b4aa"	"Son Lux"	"afcd292c-3c1e-4708-af4a-991aadf957e4"	"Stay"	"ad8f64d1-6cd7-4423-b6c9-fe2485b2b4aa"	"Son Lux"	"afcd292c-3c1e-4708-af4a-991aadf957e4"
"2010-01-31T15:23:54"	"1264951434"	"Keep Up Appearance"	"60e4cc42-72c2-47cc-831b-3fdf668a83b0"	"Dosh"	"a6018f35-4de1-4003-8941-6f72012898e7"	"Keep Up Appearance"	"60e4cc42-72c2-47cc-831b-3fdf668a83b0"	"Dosh"	"a6018f35-4de1-4003-8941-6f72012898e7"
"2010-02-02T21:18:01"	"1265145481"	"After The Curtain"	"3e075e0c-8cfb-41ce-bb09-84de9c9937a9"	"Beirut"	"0af78501-5647-4c18-9a0d-66ac8789e13b"	"After The Curtain"	"3e075e0c-8cfb-41ce-bb09-84de9c9937a9"	"Beirut"	"0af78501-5647-4c18-9a0d-66ac8789e13b"
"2010-02-02T21:21:27"	"1265145687"	"Simple X"	"278b9d75-263a-4fac-b6c1-5d7294d50416"	"Andrew Bird"	"081b133e-ce74-42ba-92c1-c18234acb532"	"Simple X"	"278b9d75-263a-4fac-b6c1-5d7294d50416"	"Andrew Bird"	"081b133e-ce74-42ba-92c1-c18234acb532"
"2010-02-02T21:43:03"	"1265146983"	"How It Ends"	"1979be8a-33bd-45ee-96ad-aefbcaa4f358"	"DeVotchKa"	"a66cc38c-e6cd-4725-a8fd-7d32b998347f"	"How It Ends"	"1979be8a-33bd-45ee-96ad-aefbcaa4f358"	"DeVotchKa"	"a66cc38c-e6cd-4725-a8fd-7d32b998347f"
"2010-02-02T21:49:10"	"1265147350"	"Carousels"	"32839643-7009-4a7e-8194-5a0abbb5562d"	"Beirut"	"0af78501-5647-4c18-9a0d-66ac8789e13b"	"Carousels"	"32839643-7009-4a7e-8194-5a0abbb5562d"	"Beirut"	"0af78501-5647-4c18-9a0d-66ac8789e13b"
"2010-02-02T21:54:24"	"1265147664"	"Plasticities"	"431a2b5d-d7b8-4a7a-a4ae-bf88804027aa"	"Andrew Bird"	"081b133e-ce74-42ba-92c1-c18234acb532"	"Plasticities"	"431a2b5d-d7b8-4a7a-a4ae-bf88804027aa"	"Andrew Bird"	"081b133e-ce74-42ba-92c1-c18234acb532"
"2010-02-03T02:55:10"	"1265165710"	"Hunter"	"0168002b-c5c9-4d1f-afdb-42eba8e40d86"	"Portishead"	"17e0ef75-fae9-4fa3-b6f6-39a8c986d686"	"Hunter"	"0168002b-c5c9-4d1f-afdb-42eba8e40d86"	"Portishead"	"17e0ef75-fae9-4fa3-b6f6-39a8c986d686"
"2010-02-03T02:58:48"	"1265165928"	"World Looking In"	"42009ce2-a79f-4bf1-bff1-534626f8d4e3"	"Morcheeba"	"067102ea-9519-4622-9077-57ca4164cfbb"	"World Looking In"	"42009ce2-a79f-4bf1-bff1-534626f8d4e3"	"Morcheeba"	"067102ea-9519-4622-9077-57ca4164cfbb"
"2010-02-03T03:12:38"	"1265166758"	"Little Secrets"	"6519f25d-1c27-42b8-b6ad-28604b6225bd"	"Passion Pit"	"daeec599-bf5d-4428-994a-e76ba5f86e2f"	"Little Secrets"	"6519f25d-1c27-42b8-b6ad-28604b6225bd"	"Passion Pit"	"daeec599-bf5d-4428-994a-e76ba5f86e2f"
"2010-02-03T03:21:21"	"1265167281"	"Can You Tell"	"707be2af-4cb2-4f1b-9931-dbd6bf9bb17d"	"Ra Ra Riot"	"d8f63b51-73e0-4f65-8bd3-bcfe6892fb0e"	"Can You Tell"	"707be2af-4cb2-4f1b-9931-dbd6bf9bb17d"	"Ra Ra Riot"	"d8f63b51-73e0-4f65-8bd3-bcfe6892fb0e"
"2010-02-03T03:21:28"	"1265167288"	"I'm Not Gonna Teach Your Boyfriend How to Dance With You"	"15d2c509-5d96-4ebd-b309-b4ff21610da5"	"Black Kids"	"38f953ac-af97-40b1-b95c-ab35cc0d7a81"	"I'm Not Gonna Teach Your Boyfriend How to Dance With You"	"15d2c509-5d96-4ebd-b309-b4ff21610da5"	"Black Kids"	"38f953ac-af97-40b1-b95c-ab35cc0d7a81"
"2010-02-03T03:23:09"	"1265167389"	"Animal"	"1aac2b6c-d260-4523-8644-e845afe7c11e"	"Miike Snow"	"753a1564-aaef-4d39-bc68-4a8d5e328cf7"	"Animal"	"1aac2b6c-d260-4523-8644-e845afe7c11e"	"Miike Snow"	"753a1564-aaef-4d39-bc68-4a8d5e328cf7"
"2010-02-03T03:39:01"	"1265168341"	"Bluish"	"596ae034-8a18-4541-bd8b-ece7ca29c29b"	"Animal Collective"	"0c751690-c784-4a4f-b1e4-c1de27d47581"	"Bluish"	"596ae034-8a18-4541-bd8b-ece7ca29c29b"	"Animal Collective"	"0c751690-c784-4a4f-b1e4-c1de27d47581"
"2010-02-03T03:42:17"	"1265168537"	"My Girls"	"f34bab62-0ca6-417e-a80e-71e45d5cb729"	"Animal Collective"	"0c751690-c784-4a4f-b1e4-c1de27d47581"	"My Girls"	"f34bab62-0ca6-417e-a80e-71e45d5cb729"	"Animal Collective"	"0c751690-c784-4a4f-b1e4-c1de27d47581"
"2010-02-03T04:12:44"	"1265170364"	"Good Morning Midnight"	"2fb41ad6-415e-4e58-8348-21dbd8160a47"	"Fanfarlo"	"91f909a4-809a-47a7-b15f-94d6878b06cb"	"Good Morning Midnight"	"2fb41ad6-415e-4e58-8348-21dbd8160a47"	"Fanfarlo"	"91f909a4-809a-47a7-b15f-94d6878b06cb"
"2010-02-03T08:27:46"	"1265185666"	"Six Days"	"ddd561b1-764a-4b9a-b4bd-9f526c7ba97b"	"DJ Shadow"	"efa2c11a-1a35-4b60-bc1b-66d37de88511"	"Six Days"	"ddd561b1-764a-4b9a-b4bd-9f526c7ba97b"	"DJ Shadow"	"efa2c11a-1a35-4b60-bc1b-66d37de88511"
"2010-02-03T08:34:31"	"1265186071"	"White Winter Hymnal"	"2ef2eff2-4a6e-4b77-9aa0-ca923fe94eff"	"Fleet Foxes"	"fa97dd36-1b82-43d7-a6e4-2adeafd59cef"	"White Winter Hymnal"	"2ef2eff2-4a6e-4b77-9aa0-ca923fe94eff"	"Fleet Foxes"	"fa97dd36-1b82-43d7-a6e4-2adeafd59cef"
"2010-02-03T11:15:15"	"1265195715"	"The Rip"	"39b6290d-e950-44b1-b648-88ae4c539baa"	"Portishead"	"17e0ef75-fae9-4fa3-b6f6-39a8c986d686"	"The Rip"	"39b6290d-e950-44b1-b648-88ae4c539baa"	"Portishead"	"17e0ef75-fae9-4fa3-b6f6-39a8c986d686"
"2010-02-03T11:43:42"	"1265197422"	"The Decant Session"	"3368b255-7da9-417f-a2df-cfcc60e3b24c"	"Yann Tiersen"	"12d432a3-feb0-49b1-a107-d20751880764"	"The Decant Session"	"3368b255-7da9-417f-a2df-cfcc60e3b24c"	"Yann Tiersen"	"12d432a3-feb0-49b1-a107-d20751880764"
"2010-02-03T11:51:36"	"1265197896"	"Good Bye Lenin"	"02fe46a9-d90a-4cfc-9739-52bda578cbe7"	"Yann Tiersen"	"12d432a3-feb0-49b1-a107-d20751880764"	"Good Bye Lenin"	"02fe46a9-d90a-4cfc-9739-52bda578cbe7"	"Yann Tiersen"	"12d432a3-feb0-49b1-a107-d20751880764"
"2010-02-03T15:54:36"	"1265212476"	"Paradise Circus"	"022ef151-9c94-435d-b637-a8fe9ac9acb2"	"Massive Attack"	"10adbe5e-a2c0-4bf3-8249-2b4cbf6e6ca8"	"Paradise Circus feat. Hope Sandoval"	""	"Massive Attack"	"10adbe5e-a2c0-4bf3-8249-2b4cbf6e6ca8"
"2010-02-04T12:32:51"	"1265286771"	"Ponderosa"	"3ff51c13-eaa0-49a0-9405-77fdd28fad19"	"Tricky"	"5bf64d94-efd9-4334-96fd-e6197b0b02b8"	"Ponderosa"	"3ff51c13-eaa0-49a0-9405-77fdd28fad19"	"Tricky"	"5bf64d94-efd9-4334-96fd-e6197b0b02b8"
"2010-02-04T14:19:25"	"1265293165"	"Peacebone"	"5d460c00-78af-4590-9b8e-22881b311163"	"Animal Collective"	"0c751690-c784-4a4f-b1e4-c1de27d47581"	"Peacebone"	"5d460c00-78af-4590-9b8e-22881b311163"	"Animal Collective"	"0c751690-c784-4a4f-b1e4-c1de27d47581"
"2010-02-04T14:19:36"	"1265293176"	"15 Step"	"d1fb7f52-0c9d-42d6-a100-ed0e5ff328a8"	"Radiohead"	"a74b1b7f-71a5-4011-9441-d0b5e4122711"	"15 Step"	"d1fb7f52-0c9d-42d6-a100-ed0e5ff328a8"	"Radiohead"	"a74b1b7f-71a5-4011-9441-d0b5e4122711"
"2010-02-04T14:19:41"	"1265293181"	"Gobbledigook"	"00c535fd-60fe-4c22-abd5-b52fd1b2a57c"	"Sigur Rós"	"f6f2326f-6b25-4170-b89d-e235b25508e8"	"Gobbledigook"	"00c535fd-60fe-4c22-abd5-b52fd1b2a57c"	"Sigur Rós"	"f6f2326f-6b25-4170-b89d-e235b25508e8"
"2010-02-04T14:19:51"	"1265293191"	"Recurring"	"8a20b745-f1a2-4d6a-8be9-849d9c5cef23"	"Bonobo"	"6f7dea51-1d02-4be1-b138-92078518350c"	"Recurring"	"8a20b745-f1a2-4d6a-8be9-849d9c5cef23"	"Bonobo"	"6f7dea51-1d02-4be1-b138-92078518350c"
"2010-02-05T03:20:46"	"1265340046"	"Last Nite"	"3a3042ee-0083-4164-be82-77271d4a405f"	"The Strokes"	"f181961b-20f7-459e-89de-920ef03c7ed0"	"Last Nite"	"3a3042ee-0083-4164-be82-77271d4a405f"	"The Strokes"	"f181961b-20f7-459e-89de-920ef03c7ed0"
"2010-02-08T18:39:59"	"1265654399"	"Let Your Love Grow Tall"	"b657b5cc-b75d-4d9f-bdb1-b4673ee7aad6"	"Passion Pit"	"daeec599-bf5d-4428-994a-e76ba5f86e2f"	"Let Your Love Grow Tall"	"b657b5cc-b75d-4d9f-bdb1-b4673ee7aad6"	"Passion Pit"	"daeec599-bf5d-4428-994a-e76ba5f86e2f"
"2010-02-10T07:14:16"	"1265786056"	"Pa Pa Power"	"e7c6c7b4-9830-4539-9142-c839d023e253"	"Dead Man's Bones"	"b2c8ff02-6078-4e9a-b2d7-267451925394"	"Pa Pa Power"	"e7c6c7b4-9830-4539-9142-c839d023e253"	"Dead Man's Bones"	"b2c8ff02-6078-4e9a-b2d7-267451925394"
"2010-02-11T14:54:48"	"1265900088"	"Minuet and Badinerie (from Orchestral Suite No. 2 inB Minor)"	""	"Johann Sebastian Bach"	"24f1766e-9635-4d58-a4d4-9413f9f98a4c"	"Minuet and Badinerie (from Orchestral Suite No. 2 inB Minor)"	""	"Bach, Johann Sebastian"	""
"2010-02-11T15:03:24"	"1265900604"	"Chorale Prelude, BWV 645, ""Wachet Auf, Ruft Uns Die Stimme"""	""	"Johann Sebastian Bach"	"24f1766e-9635-4d58-a4d4-9413f9f98a4c"	"Chorale Prelude, BWV 645, ""Wachet Auf, Ruft Uns Die Stimme"""	""	"Johann Sebastian Bach"	"24f1766e-9635-4d58-a4d4-9413f9f98a4c"
"2010-02-18T14:10:30"	"1266502230"	"On My Way"	"f0b941d7-8c67-4b27-92fd-73c7bd6c7acf"	"Cocoon"	"0d8ec10b-f516-4bc9-a068-cda1522caee6"	"On My Way"	"f0b941d7-8c67-4b27-92fd-73c7bd6c7acf"	"Cocoon"	"0d8ec10b-f516-4bc9-a068-cda1522caee6"
"2010-02-18T14:43:47"	"1266504227"	"08 Sonata 29 in Bb Op.106 'Hammerklavier' - IV - Argo allegro"	""	"Ludwig van Beethoven"	"1f9df192-a621-4f54-8850-2c5373b7eac9"	"08 Sonata 29 in Bb Op.106 'Hammerklavier' - IV - Argo allegro"	""	"Ludwig van Beethoven"	"1f9df192-a621-4f54-8850-2c5373b7eac9"
"2010-02-18T15:00:57"	"1266505257"	"01 Sonata 10 in G Op.14,2 - I - Allegro"	""	"Ludwig van Beethoven"	"1f9df192-a621-4f54-8850-2c5373b7eac9"	"01 Sonata 10 in G Op.14,2 - I - Allegro"	""	"Ludwig van Beethoven"	"1f9df192-a621-4f54-8850-2c5373b7eac9"
"2010-02-18T15:15:00"	"1266506100"	"Two Dots"	""	"Lusine"	""	"Two Dots"	""	"Lusine"	""
"2010-02-19T08:52:37"	"1266569557"	"Venus as a Boy"	"76490b9d-32a5-4d13-8221-22ea6e3bbc0a"	"Björk"	"87c5dedd-371d-4a53-9f7f-80522fb7f3cb"	"Venus as a Boy"	"76490b9d-32a5-4d13-8221-22ea6e3bbc0a"	"Björk"	"87c5dedd-371d-4a53-9f7f-80522fb7f3cb"
"2010-02-22T01:05:46"	"1266800746"	"Taxi Cab"	"1eb76ecc-df8b-424e-920a-35a872571fc1"	"Vampire Weekend"	"af37c51c-0790-4a29-b995-456f98a6b8c9"	"Taxi Cab"	"1eb76ecc-df8b-424e-920a-35a872571fc1"	"Vampire Weekend"	"af37c51c-0790-4a29-b995-456f98a6b8c9"
"2010-03-02T09:09:12"	"1267520952"	"Heaven's Gonna Burn Your Eyes"	"0c0a7e6e-e190-41f7-8e74-032df3dfc77f"	"Thievery Corporation"	"a505bb48-ad65-4af4-ae47-29149715bff9"	"Heaven's Gonna Burn Your Eyes"	"0c0a7e6e-e190-41f7-8e74-032df3dfc77f"	"Thievery Corporation"	"a505bb48-ad65-4af4-ae47-29149715bff9"
"2010-03-03T16:06:07"	"1267632367"	"Psyche"	"37bd0914-d223-46ca-926f-86cc0a923eac"	"Massive Attack"	"10adbe5e-a2c0-4bf3-8249-2b4cbf6e6ca8"	"Psyche"	"37bd0914-d223-46ca-926f-86cc0a923eac"	"Massive Attack"	"10adbe5e-a2c0-4bf3-8249-2b4cbf6e6ca8"
"2010-03-03T16:12:35"	"1267632755"	"Your Ex-Lover Is Dead"	"4e3cdac1-a547-44ba-8c0f-7b7d2245ea15"	"Stars"	"16ebb731-7ba0-4dc0-ad87-ef4c56461d81"	"Your Ex-Lover Is Dead"	"4e3cdac1-a547-44ba-8c0f-7b7d2245ea15"	"Stars"	"16ebb731-7ba0-4dc0-ad87-ef4c56461d81"
"2010-03-03T16:53:52"	"1267635232"	"Ghostwriter"	"54f534ee-cf6c-439e-a04f-d9c8e93484c5"	"RJD2"	"1a120ec5-35b3-4f3e-aa49-7201550d9feb"	"Ghostwriter"	"54f534ee-cf6c-439e-a04f-d9c8e93484c5"	"RJD2"	"1a120ec5-35b3-4f3e-aa49-7201550d9feb"
"2010-03-03T17:22:07"	"1267636927"	"Marmalade"	"81513704-9da0-4199-bdb0-8a18214d881b"	"Cagedbaby"	"b398215e-c440-4dee-bd18-9d82f715442f"	"Marmalade"	"81513704-9da0-4199-bdb0-8a18214d881b"	"Cagedbaby"	"b398215e-c440-4dee-bd18-9d82f715442f"
"2010-03-08T19:29:23"	"1268076563"	"All Through The Night"	"c28a179b-bc29-4948-a775-aa037076e77e"	"Emancipator"	"aa1d4315-5246-42b2-b62b-f997d046d8b2"	"All Through The Night"	"c28a179b-bc29-4948-a775-aa037076e77e"	"Emancipator"	"aa1d4315-5246-42b2-b62b-f997d046d8b2"
"2010-03-08T19:41:21"	"1268077281"	"Röyksopp Forever"	"bc0b400c-1f18-495e-abca-e14b3ec97af8"	"Röyksopp"	"1c70a3fc-fa3c-4be1-8b55-c3192db8a884"	"Röyksopp Forever"	"bc0b400c-1f18-495e-abca-e14b3ec97af8"	"Röyksopp"	"1c70a3fc-fa3c-4be1-8b55-c3192db8a884"
"2010-03-09T16:59:58"	"1268153998"	"Slow Nerve Action"	"00f4167c-6eeb-46dc-97e2-41c490caf102"	"The Flaming Lips"	"1f43d76f-8edf-44f6-aaf1-b65f05ad9402"	"Slow Nerve Action"	"00f4167c-6eeb-46dc-97e2-41c490caf102"	"The Flaming Lips"	"1f43d76f-8edf-44f6-aaf1-b65f05ad9402"
"2010-03-09T17:00:19"	"1268154019"	"I'm Good, I'm Gone"	"12dac8b3-ba8a-4337-80ee-c3ff37a60ab2"	"Lykke Li"	"cc7d4686-ea02-45fd-956e-94c1a322558c"	"I'm Good, I'm Gone"	"12dac8b3-ba8a-4337-80ee-c3ff37a60ab2"	"Lykke Li"	"cc7d4686-ea02-45fd-956e-94c1a322558c"
"2010-03-09T18:44:17"	"1268160257"	"The Golden Eel"	"87315545-769c-403e-86ae-f94ebdd796cc"	"Ween"	"c0eee88b-47f2-4cd2-ac48-a045e902a432"	"The Golden Eel"	"87315545-769c-403e-86ae-f94ebdd796cc"	"Ween"	"c0eee88b-47f2-4cd2-ac48-a045e902a432"
"2010-03-11T13:16:44"	"1268313404"	"Brother Sport"	"4c9b8cdb-3919-4536-933f-1567feed9a4e"	"Animal Collective"	"0c751690-c784-4a4f-b1e4-c1de27d47581"	"Brother Sport"	"4c9b8cdb-3919-4536-933f-1567feed9a4e"	"Animal Collective"	"0c751690-c784-4a4f-b1e4-c1de27d47581"
"2010-03-15T15:33:28"	"1268667208"	"Giving up the Gun"	"fb46ee06-4ded-4b0c-862f-4e2b226d9430"	"Vampire Weekend"	"af37c51c-0790-4a29-b995-456f98a6b8c9"	"Giving up the Gun"	"fb46ee06-4ded-4b0c-862f-4e2b226d9430"	"Vampire Weekend"	"af37c51c-0790-4a29-b995-456f98a6b8c9"
"2010-06-02T23:35:02"	"1275521702"	"Casimir Pulaski Day"	"19d0e69a-1efb-43ee-b414-1ec7c2b26cb4"	"Sufjan Stevens"	"01d3c51b-9b98-418a-8d8e-37f6fab59d8c"	"Casimir Pulaski Day"	"19d0e69a-1efb-43ee-b414-1ec7c2b26cb4"	"Sufjan Stevens"	"01d3c51b-9b98-418a-8d8e-37f6fab59d8c"
"2010-06-03T10:00:40"	"1275559240"	"愛の実験"	"8e32fd04-b1bd-449d-bf70-57c6a3057239"	"Lily Chou-Chou"	"5652bb3e-f225-49de-9637-5aa1539b4a7c"	"愛の実験"	""	"LILY CHOU CHOU"	""
"2010-06-03T10:01:05"	"1275559265"	"愛の実験"	"8e32fd04-b1bd-449d-bf70-57c6a3057239"	"Lily Chou-Chou"	"5652bb3e-f225-49de-9637-5aa1539b4a7c"	"愛の実験"	"8e32fd04-b1bd-449d-bf70-57c6a3057239"	"Lily Chou-Chou"	"5652bb3e-f225-49de-9637-5aa1539b4a7c"
"2010-06-03T10:18:07"	"1275560287"	"White Surf style 5."	"915cb1ca-a266-444b-8218-7fe671914d94"	"Supercar"	"371d6599-6292-4f3f-94d2-5b2fd19b089c"	"White Surf style 5."	"915cb1ca-a266-444b-8218-7fe671914d94"	"Supercar"	"371d6599-6292-4f3f-94d2-5b2fd19b089c"
"2010-06-03T10:22:23"	"1275560543"	"Watashi-no Koibito"	"8d4b6fab-7bca-47f3-849e-f35ec823d676"	"小島麻由美"	"8defddcb-85ab-4283-a1a8-68405fa98b6b"	"Watashi-no Koibito"	"8d4b6fab-7bca-47f3-849e-f35ec823d676"	"小島麻由美"	"8defddcb-85ab-4283-a1a8-68405fa98b6b"
"2010-06-03T10:29:22"	"1275560962"	"arne"	"736b04b9-bef4-4a15-97a0-e4bffe313c98"	"Haruka Nakamura"	"3d6a7fdc-2357-4d7c-bbe5-773c8245d5a0"	"arne"	"736b04b9-bef4-4a15-97a0-e4bffe313c98"	"Haruka Nakamura"	"3d6a7fdc-2357-4d7c-bbe5-773c8245d5a0"
"2010-06-03T10:35:26"	"1275561326"	"TEAM ROCK"	"7038d8f0-d83a-463f-bb11-56a3200a5ebe"	"くるり"	"252c9f8a-be04-4146-b73e-a24696b2f5ed"	"TEAM ROCK"	"7038d8f0-d83a-463f-bb11-56a3200a5ebe"	"くるり"	"252c9f8a-be04-4146-b73e-a24696b2f5ed"
"2010-06-03T11:05:28"	"1275563128"	"Kiss of Life (Bonus Track)"	""	"Friendly Fires"	"ef656595-bbe8-4386-8953-be8df9f54472"	"Kiss of Life (Bonus Track)"	""	"Friendly Fires"	"ef656595-bbe8-4386-8953-be8df9f54472"
"2010-06-14T06:43:37"	"1276497817"	"Home"	"618eb454-669f-438a-946c-831ed6bdfb41"	"Villagers"	"22f6ed4d-c1ce-4f7b-8e69-a5761a9de9aa"	"Home"	"618eb454-669f-438a-946c-831ed6bdfb41"	"Villagers"	"22f6ed4d-c1ce-4f7b-8e69-a5761a9de9aa"
"2010-06-19T06:14:30"	"1276928070"	"Sasong (Stretched)"	""	"Avey Tare & Kría Brekkan"	""	"Sasong (Stretched)"	""	"Avey Tare & Kría Brekkan"	""
"2010-06-29T06:22:34"	"1277792554"	"Someone Great"	"5a6c9abc-2104-45ed-b4d7-db0f870e26df"	"LCD Soundsystem"	"2aaf7396-6ab8-40f3-9776-a41c42c8e26b"	"Someone Great"	"5a6c9abc-2104-45ed-b4d7-db0f870e26df"	"LCD Soundsystem"	"2aaf7396-6ab8-40f3-9776-a41c42c8e26b"
"2010-08-02T16:25:56"	"1280766356"	"Aerodynamic"	"5bc82f70-7776-4f00-b041-eaf05dac1d68"	"Daft Punk"	"056e4f3e-d505-4dad-8ec1-d04f521cbb56"	"Aerodynamic"	"5bc82f70-7776-4f00-b041-eaf05dac1d68"	"Daft Punk"	"056e4f3e-d505-4dad-8ec1-d04f521cbb56"
"2010-08-19T20:44:30"	"1282250670"	"Curse This City"	"6b8e7830-6714-4158-bc4e-a4c366ffe0da"	"Hockey"	"0f1c12c9-15d7-4dbd-918f-4d6148423385"	"Curse This City"	"6b8e7830-6714-4158-bc4e-a4c366ffe0da"	"Hockey"	"0f1c12c9-15d7-4dbd-918f-4d6148423385"
"2010-08-27T04:22:06"	"1282882926"	"rr vs. d"	"33a1fc18-fab6-4e22-aaaf-57beec64b8d4"	"Au"	"01515686-f67b-49a3-9b68-7b53914fc0a8"	"rr vs. d"	"33a1fc18-fab6-4e22-aaaf-57beec64b8d4"	"Au"	"01515686-f67b-49a3-9b68-7b53914fc0a8"
"2010-09-14T06:01:29"	"1284444089"	"Love Me Forever"	""	"Carlton & The Shoes"	""	"Love Me Forever"	""	"Carlton & The Shoes"	""
"2011-04-10T06:47:46"	"1302418066"	"Catch the Wind"	"19986bf7-7826-43b7-813f-311b8b0f1f4d"	"Donovan"	"72d7d717-0837-4f2a-9641-d0f9fdd3acf7"	"Catch the Wind"	"19986bf7-7826-43b7-813f-311b8b0f1f4d"	"Donovan"	"72d7d717-0837-4f2a-9641-d0f9fdd3acf7"
"2011-04-10T06:52:12"	"1302418332"	"This Flight Tonight"	"8877e386-4d72-4935-91f6-fa753b47f6c7"	"Joni Mitchell"	"a6de8ef9-b1a1-4756-97aa-481bbb8a4069"	"This Flight Tonight"	"8877e386-4d72-4935-91f6-fa753b47f6c7"	"Joni Mitchell"	"a6de8ef9-b1a1-4756-97aa-481bbb8a4069"
"2011-05-12T20:36:03"	"1305232563"	"Love Is New"	"7d81b79f-bc41-4a0c-9c87-80dffb002664"	"Brendan Canning"	"83a70b55-351a-49b4-a124-d6c9ea666de7"	"Love Is New"	"7d81b79f-bc41-4a0c-9c87-80dffb002664"	"Brendan Canning"	"83a70b55-351a-49b4-a124-d6c9ea666de7"
"2011-05-12T20:45:55"	"1305233155"	"Pretty One Play"	"2accbbb4-b833-4669-8492-16baaeb145f2"	"Reverie Sound Revue"	"7d415d1e-d61a-41ec-adaf-9039a713feed"	"Pretty One Play"	"2accbbb4-b833-4669-8492-16baaeb145f2"	"Reverie Sound Revue"	"7d415d1e-d61a-41ec-adaf-9039a713feed"
"2011-05-12T21:01:09"	"1305234069"	"All the Trees of the Field Will Clap Their Hands"	"2a0f55b9-e363-45df-9b06-2894b8676755"	"Sufjan Stevens"	"01d3c51b-9b98-418a-8d8e-37f6fab59d8c"	"All the Trees of the Field Will Clap Their Hands"	"2a0f55b9-e363-45df-9b06-2894b8676755"	"Sufjan Stevens"	"01d3c51b-9b98-418a-8d8e-37f6fab59d8c"
"2011-06-15T18:39:06"	"1308163146"	"In This Home on Ice"	"0b41d9a1-5986-4535-9ab7-cd40807ef1ac"	"Clap Your Hands Say Yeah"	"4b2d6a23-034d-4a29-9bb9-d2462796da4e"	"In This Home on Ice"	"0b41d9a1-5986-4535-9ab7-cd40807ef1ac"	"Clap Your Hands Say Yeah"	"4b2d6a23-034d-4a29-9bb9-d2462796da4e"
"2011-10-03T15:30:42"	"1317655842"	"Efêmera"	"d9266b07-3a79-47c1-9629-93bcb448462e"	"Tulipa Ruiz"	"883cbd06-7ed2-4c5f-a5c0-8ea7792b4655"	"Efêmera"	"d9266b07-3a79-47c1-9629-93bcb448462e"	"Tulipa Ruiz"	"883cbd06-7ed2-4c5f-a5c0-8ea7792b4655"
"2012-06-13T21:01:52"	"1339621312"	"Ketto"	"9fa9aba0-d8e2-4177-8ee7-728f365a7cd4"	"Bonobo"	"6f7dea51-1d02-4be1-b138-92078518350c"	"Ketto"	"9fa9aba0-d8e2-4177-8ee7-728f365a7cd4"	"Bonobo"	"6f7dea51-1d02-4be1-b138-92078518350c"
"2012-08-21T01:42:48"	"1345513368"	"Rondo alla Turca"	"698c5e02-7450-4744-9977-d611b9565fd2"	"Wolfgang Amadeus Mozart"	"255b884c-25e9-4da2-99e9-b104ed637eae"	"Rondo alla Turca"	"698c5e02-7450-4744-9977-d611b9565fd2"	"Wolfgang Amadeus Mozart"	"255b884c-25e9-4da2-99e9-b104ed637eae"
"2012-08-21T01:46:37"	"1345513597"	"Beethoven - Sonata Pathetique Classical Music to Make you Smarter"	""	"Ludwig van Beethoven"	"1f9df192-a621-4f54-8850-2c5373b7eac9"	"Beethoven - Sonata Pathetique Classical Music to Make you Smarter"	""	"Ludwig van Beethoven"	"1f9df192-a621-4f54-8850-2c5373b7eac9"
"2012-08-21T03:17:18"	"1345519038"	"Carolan's Welcome"	"aaf59fc2-a9bf-43f4-b2c9-ec94a0fa9138"	"Patrick Ball"	"92da8e7d-6138-4154-9ec5-91262fc28359"	"Carolan's Welcome"	"aaf59fc2-a9bf-43f4-b2c9-ec94a0fa9138"	"Patrick Ball"	"92da8e7d-6138-4154-9ec5-91262fc28359"
"2012-08-21T20:08:37"	"1345579717"	"All That You Give"	"91247ee5-9e3d-401c-b5b2-8bf63c11ec71"	"The Cinematic Orchestra"	"7c158ea8-c0aa-410e-bdc1-20bba9759577"	"All That You Give"	"91247ee5-9e3d-401c-b5b2-8bf63c11ec71"	"The Cinematic Orchestra"	"7c158ea8-c0aa-410e-bdc1-20bba9759577"
"2012-08-21T22:07:49"	"1345586869"	"Sampleame"	"e93aff84-d3d4-4a69-8964-7859ce4ff484"	"The Pinker Tones"	"0b2e9bf1-a93d-4c6a-90c4-396d61706fd3"	"Sampleame"	"e93aff84-d3d4-4a69-8964-7859ce4ff484"	"The Pinker Tones"	"0b2e9bf1-a93d-4c6a-90c4-396d61706fd3"
"2012-08-21T22:24:48"	"1345587888"	"Santa Fe"	"77105f13-82b6-41cd-ae2f-0050a8b06434"	"Beirut"	"0af78501-5647-4c18-9a0d-66ac8789e13b"	"Santa Fe"	"77105f13-82b6-41cd-ae2f-0050a8b06434"	"Beirut"	"0af78501-5647-4c18-9a0d-66ac8789e13b"
"2012-08-21T23:19:57"	"1345591197"	"Peter Gunn"	"01ca3471-50e5-4777-b814-9095729dab84"	"Henry Mancini"	"009c44ea-e657-45d2-9238-2dee75e2fceb"	"Peter Gunn"	"01ca3471-50e5-4777-b814-9095729dab84"	"Henry Mancini"	"009c44ea-e657-45d2-9238-2dee75e2fceb"
"2012-08-22T02:03:01"	"1345600981"	"Hold On"	"5e02f5fb-13c5-4b05-9e56-0be3b0bb1c8f"	"Alabama Shakes"	"40419b33-18e9-4d5a-a674-30b4bb14bac2"	"Hold On"	"5e02f5fb-13c5-4b05-9e56-0be3b0bb1c8f"	"Alabama Shakes"	"40419b33-18e9-4d5a-a674-30b4bb14bac2"
"2012-08-22T02:10:59"	"1345601459"	"Swimming In The Flood"	"3920df0c-98bc-4982-b2b0-e6764504ee66"	"Passion Pit"	"daeec599-bf5d-4428-994a-e76ba5f86e2f"	"Swimming In The Flood"	"3920df0c-98bc-4982-b2b0-e6764504ee66"	"Passion Pit"	"daeec599-bf5d-4428-994a-e76ba5f86e2f"
"2012-08-22T14:54:47"	"1345647287"	"Four Ton Mantis"	"a7f70453-ba46-4b01-8f12-6da2f24b1228"	"Amon Tobin"	"630662ea-1c7d-4208-99fd-ba3afec20f0c"	"Four Ton Mantis"	"a7f70453-ba46-4b01-8f12-6da2f24b1228"	"Amon Tobin"	"630662ea-1c7d-4208-99fd-ba3afec20f0c"
"2012-08-27T02:28:34"	"1346034514"	"Upon This Tidal Wave of Young Blood"	"35b3c152-ea9c-4e5e-a02d-92105f474159"	"Clap Your Hands Say Yeah"	"4b2d6a23-034d-4a29-9bb9-d2462796da4e"	"Upon This Tidal Wave of Young Blood"	"35b3c152-ea9c-4e5e-a02d-92105f474159"	"Clap Your Hands Say Yeah"	"4b2d6a23-034d-4a29-9bb9-d2462796da4e"
"2012-08-28T16:13:18"	"1346170398"	"Dreamy"	"1f1870d8-629f-4f82-b373-f8cf205f780c"	"Henry Mancini"	"009c44ea-e657-45d2-9238-2dee75e2fceb"	"Dreamy"	"1f1870d8-629f-4f82-b373-f8cf205f780c"	"Henry Mancini"	"009c44ea-e657-45d2-9238-2dee75e2fceb"
"2012-08-29T01:29:14"	"1346203754"	"Apelo"	""	"Yo-Yo Ma"	""	"Apelo"	""	"Yo-Yo Ma"	""
"2012-08-29T02:01:33"	"1346205693"	"Chi passa per'sta strada"	""	"Yo-Yo Ma"	""	"Chi passa per'sta strada"	""	"Yo-Yo Ma"	""
"2012-08-29T02:05:44"	"1346205944"	"Goat Rodeo"	""	"Stuart Duncan;Chris Thile;Edgar Meyer;Yo-Yo Ma"	""	"Goat Rodeo"	""	"Stuart Duncan;Chris Thile;Edgar Meyer;Yo-Yo Ma"	""
"2012-08-29T03:42:07"	"1346211727"	"We Put a Pearl in the Ground"	"0bccc8ca-8bc2-418e-8c76-6439c08ea360"	"St. Vincent"	"5334edc0-5faf-4ca5-b1df-000de3e1f752"	"We Put a Pearl in the Ground"	"0bccc8ca-8bc2-418e-8c76-6439c08ea360"	"St. Vincent"	"5334edc0-5faf-4ca5-b1df-000de3e1f752"
"2012-08-29T03:43:37"	"1346211817"	"Nue"	"4d049094-2344-4afe-994c-03cc64441e07"	"Nils Frahm"	"d03a54bc-6e07-4c04-a8d4-7fbf2bd07a01"	"Nue"	"4d049094-2344-4afe-994c-03cc64441e07"	"Nils Frahm"	"d03a54bc-6e07-4c04-a8d4-7fbf2bd07a01"
"2012-09-07T16:34:30"	"1347035670"	"Stay the Same"	"ef255283-adb9-4464-9e27-09e11ae6cb73"	"Bonobo"	"6f7dea51-1d02-4be1-b138-92078518350c"	"Stay the Same"	"ef255283-adb9-4464-9e27-09e11ae6cb73"	"Bonobo"	"6f7dea51-1d02-4be1-b138-92078518350c"
"2012-10-04T17:51:17"	"1349373077"	"Victoria Roma"	"e8b73376-e8d1-4c3f-b5d0-dfa606acb5e4"	"Gepe"	"c9e12a06-e0c5-4705-bb66-98231c5c9e71"	"Victoria Roma"	"e8b73376-e8d1-4c3f-b5d0-dfa606acb5e4"	"Gepe"	"c9e12a06-e0c5-4705-bb66-98231c5c9e71"
"2012-10-05T20:43:27"	"1349469807"	"Vagalumes Cegos"	"971067ae-e29a-40bb-9795-28c2d3543c44"	"Cícero"	"fe83acee-f465-4cd5-a6b0-9b1f946a335d"	"Vagalumes Cegos"	"971067ae-e29a-40bb-9795-28c2d3543c44"	"Cícero"	"fe83acee-f465-4cd5-a6b0-9b1f946a335d"
"2012-12-01T05:54:33"	"1354341273"	"Black Is The Color Of My True Love's Hair (Jaffa Remix)"	""	"Nina Simone"	"2944824d-4c26-476f-a981-be849081942f"	"Black Is The Color Of My True Love's Hair (Jaffa Remix)"	""	"Nina Simone"	"2944824d-4c26-476f-a981-be849081942f"
"2012-12-01T05:54:37"	"1354341277"	"I Love My Baby"	"04be23b0-cd56-435b-972b-2ac098e014cb"	"Nina Simone"	"2944824d-4c26-476f-a981-be849081942f"	"I Love My Baby"	"04be23b0-cd56-435b-972b-2ac098e014cb"	"Nina Simone"	"2944824d-4c26-476f-a981-be849081942f"
"2012-12-01T05:54:47"	"1354341287"	"Lets Stay Together"	"be624e97-7907-4008-aba6-8336c558ca5b"	"Al Green"	"fb7272ba-f130-4f0a-934d-6eeea4c18c9a"	"Lets Stay Together"	"be624e97-7907-4008-aba6-8336c558ca5b"	"Al Green"	"fb7272ba-f130-4f0a-934d-6eeea4c18c9a"
"2013-01-17T21:00:08"	"1358456408"	"Myth"	"d9eed2f2-76c1-4d75-afc2-7c9944201090"	"Beach House"	"d5cc67b8-1cc4-453b-96e8-44487acdebea"	"Myth"	"d9eed2f2-76c1-4d75-afc2-7c9944201090"	"Beach House"	"d5cc67b8-1cc4-453b-96e8-44487acdebea"
"2013-01-17T21:00:15"	"1358456415"	"Silver Soul"	"4851bda1-464c-4b70-b923-23f53010c9c6"	"Beach House"	"d5cc67b8-1cc4-453b-96e8-44487acdebea"	"Silver Soul"	"4851bda1-464c-4b70-b923-23f53010c9c6"	"Beach House"	"d5cc67b8-1cc4-453b-96e8-44487acdebea"
"2013-01-17T21:03:38"	"1358456618"	"Black Is The Color Of My True Love's Hair - Jaffa Remix"	""	"Nina Simone"	"2944824d-4c26-476f-a981-be849081942f"	"Black Is The Color Of My True Love's Hair - Jaffa Remix"	""	"Nina Simone"	"2944824d-4c26-476f-a981-be849081942f"
"2013-02-05T00:16:19"	"1360023379"	"Symphony No. 9 in D Minor, Op.125 'Choral': II. Molto vivace"	""	"Wiener Philharmoniker"	"28cf6701-545e-4767-861f-f76251f56992"	"Symphony No. 9 in D Minor, Op.125 'Choral': II. Molto vivace"	""	"Wiener Philharmoniker"	"28cf6701-545e-4767-861f-f76251f56992"
"2014-11-05T08:12:33"	"1415175153"	"Chicago"	"2d72dbd3-1dd9-49d5-a8b3-f7a7f771511a"	"Sufjan Stevens"	"01d3c51b-9b98-418a-8d8e-37f6fab59d8c"	"Chicago"	"2d72dbd3-1dd9-49d5-a8b3-f7a7f771511a"	"Sufjan Stevens"	"01d3c51b-9b98-418a-8d8e-37f6fab59d8c"
"2014-11-05T08:12:45"	"1415175165"	"Jacksonville"	"37ad2bb0-95b8-4747-a1e6-c36d4998672f"	"Sufjan Stevens"	"01d3c51b-9b98-418a-8d8e-37f6fab59d8c"	"Jacksonville"	"37ad2bb0-95b8-4747-a1e6-c36d4998672f"	"Sufjan Stevens"	"01d3c51b-9b98-418a-8d8e-37f6fab59d8c"
"2015-02-23T16:05:18"	"1424707518"	"'Ulili E (vocal duet with David Kamakahi)"	""	"Dennis Kamakahi"	"003f777f-98e1-4a55-9548-6ec52b7e624c"	"'Ulili E (vocal duet with David Kamakahi)"	""	"Dennis Kamakahi"	"003f777f-98e1-4a55-9548-6ec52b7e624c"
