"ISO time"	"unixtime"	"track name"	"track mbid"	"artist name"	"artist mbid"	"uncorrected track name"	"uncorrected track mbid"	"uncorrected artist name"	"uncorrected artist mbid"	"album name"	"album mbid"	"album artist name"	"album artist mbid"
"2009-02-27T05:24:10"	"1235712250"	"Metamorphosis Three"	""	"Philip Glass"	"45908599-e061-434f-a900-dd2df7931beb"	"Metamorphosis Three"	""	"Philip Glass"	"45908599-e061-434f-a900-dd2df7931beb"	"Solo Piano"	"f6d7526d-f2aa-48ed-93b1-631ce7491d5e"	"Philip Glass"	"45908599-e061-434f-a900-dd2df7931beb"
"2009-02-27T05:24:21"	"1235712261"	"Here To There"	"7af66d0f-7243-4426-b9f1-6acdb4d34113"	"Michael Nyman"	"575aaa0e-1956-4cfa-a8e1-a431af32d1a2"	"Here To There"	"7af66d0f-7243-4426-b9f1-6acdb4d34113"	"Michael Nyman"	"575aaa0e-1956-4cfa-a8e1-a431af32d1a2"	"The Piano"	"4bf88b0f-9999-4a7f-b4be-cd7f9e2a8599"	"Michael Nyman"	"575aaa0e-1956-4cfa-a8e1-a431af32d1a2"
"2009-02-27T17:07:32"	"1235754452"	"Coffee & TV"	"6b0c732d-6aaa-4203-bc3b-f887ac4080ea"	"Blur"	"ba853904-ae25-4ebb-89d6-c44cfbd71bd2"	"Coffee & TV"	"6b0c732d-6aaa-4203-bc3b-f887ac4080ea"	"Blur"	"ba853904-ae25-4ebb-89d6-c44cfbd71bd2"	"The Best of Blur"	""	"Blur"	"ba853904-ae25-4ebb-89d6-c44cfbd71bd2"
"2009-02-27T17:21:54"	"1235755314"	"New Born"	"99341e50-ff58-42a4-a6bb-872def6d77e8"	"Muse"	"1695c115-bf3f-4014-9966-2b0c50179193"	"New Born"	"99341e50-ff58-42a4-a6bb-872def6d77e8"	"Muse"	"1695c115-bf3f-4014-9966-2b0c50179193"	"Origin of Symmetry"	"97d1b365-f93a-4be2-b9b0-c9cb1bae6fe3"	"Muse"	"1695c115-bf3f-4014-9966-2b0c50179193"
"2009-02-27T17:22:18"	"1235755338"	"Fljótavík"	"1b469195-05da-45e3-b000-327d5f1b04c1"	"Sigur Rós"	"f6f2326f-6b25-4170-b89d-e235b25508e8"	"Fljótavík"	"1b469195-05da-45e3-b000-327d5f1b04c1"	"Sigur Rós"	"f6f2326f-6b25-4170-b89d-e235b25508e8"	"Með suð í eyrum við spilum endalaust"	"b4607a62-fa63-374b-87a6-e87ae1d53244"	"Sigur Rós"	"f6f2326f-6b25-4170-b89d-e235b25508e8"
"2009-02-27T17:22:22"	"1235755342"	"The View"	"00759cc9-9a2f-43b5-b6a2-516fcd20ee64"	"Modest Mouse"	"a96ac800-bfcb-412a-8a63-0a98df600700"	"The View"	"00759cc9-9a2f-43b5-b6a2-516fcd20ee64"	"Modest Mouse"	"a96ac800-bfcb-412a-8a63-0a98df600700"	"Good News For People Who Love Bad News"	"10a503f6-265a-4850-93bd-78b18fc6e6b8"	"Modest Mouse"	"a96ac800-bfcb-412a-8a63-0a98df600700"
"2009-02-27T17:22:27"	"1235755347"	"Rather Be"	"04032b2c-e116-4b7f-94b0-491490364042"	"The Verve"	"d4d17620-fd97-4574-92a8-a2cb7e72ce42"	"Rather Be"	"04032b2c-e116-4b7f-94b0-491490364042"	"The Verve"	"d4d17620-fd97-4574-92a8-a2cb7e72ce42"	""	""	""	""
"2009-02-27T17:22:30"	"1235755350"	"I Can't Forget"	""	"Pixies"	"b6b2bb8d-54a9-491f-9607-7b546023b433"	"I Can't Forget"	""	"Pixies"	"b6b2bb8d-54a9-491f-9607-7b546023b433"	"The B-Side File 3rd Edition"	"53c2c4b0-867e-40a3-8967-dee844377e29"	"Pixies"	"b6b2bb8d-54a9-491f-9607-7b546023b433"
"2009-02-27T17:22:34"	"1235755354"	"DLZ"	"9a30b492-d455-4e94-9019-0346f8c0bc29"	"TV on the Radio"	"eb872766-98f6-453d-883f-2ae908a18315"	"DLZ"	"9a30b492-d455-4e94-9019-0346f8c0bc29"	"TV on the Radio"	"eb872766-98f6-453d-883f-2ae908a18315"	""	""	""	""
"2009-02-27T17:22:37"	"1235755357"	"Losing My Religion"	"04233db6-f991-4fb2-bef9-813f95a0bf30"	"R.E.M."	"ea4dfa26-f633-4da6-a52a-f49ea4897b58"	"Losing My Religion"	"04233db6-f991-4fb2-bef9-813f95a0bf30"	"R.E.M."	"ea4dfa26-f633-4da6-a52a-f49ea4897b58"	"Out of Time"	"136f414d-9083-49c2-9aed-527a52653be5"	"R.E.M."	"ea4dfa26-f633-4da6-a52a-f49ea4897b58"
"2009-02-27T17:23:03"	"1235755383"	"White Chalk"	"42029f1f-7a73-485d-965c-bd0e36338736"	"PJ Harvey"	"1997bee8-1b6c-4571-a254-ae67f4156339"	"White Chalk"	"42029f1f-7a73-485d-965c-bd0e36338736"	"PJ Harvey"	"1997bee8-1b6c-4571-a254-ae67f4156339"	"White Chalk"	"6eb5da84-3538-4aba-97d3-99d7bb7c785a"	"PJ Harvey"	"1997bee8-1b6c-4571-a254-ae67f4156339"
"2009-07-19T08:31:31"	"1247992291"	"Dream Lover"	"f4cf25cf-8f34-4d74-aaa9-ba95f9f3c5f5"	"Bobby Darin"	"1f223eed-aa38-49da-9e76-62ab3adc2e04"	"Dream Lover"	"f4cf25cf-8f34-4d74-aaa9-ba95f9f3c5f5"	"Bobby Darin"	"1f223eed-aa38-49da-9e76-62ab3adc2e04"	"The Hit Singles Collection"	"6c070154-d7a1-4f35-9d13-372d1fb5d2f5"	"Bobby Darin"	"1f223eed-aa38-49da-9e76-62ab3adc2e04"
"2009-07-19T09:18:58"	"1247995138"	"Clipper"	"37ce7c8d-0fab-42b8-962d-574132b316e9"	"Autechre"	"410c9baf-5469-44f6-9852-826524b80c61"	"Clipper"	"37ce7c8d-0fab-42b8-962d-574132b316e9"	"Autechre"	"410c9baf-5469-44f6-9852-826524b80c61"	"Tri Repetae"	"1fe17de3-6c8e-48b2-92a6-22d159d78acf"	"Autechre"	"410c9baf-5469-44f6-9852-826524b80c61"
"2009-07-19T09:19:07"	"1247995147"	"Ganky"	"8f8864d8-4818-476d-baf9-6f62d677d279"	"Christ."	"e586991d-65d4-432d-948e-9f1ff6cff42a"	"Ganky"	"8f8864d8-4818-476d-baf9-6f62d677d279"	"Christ."	"e586991d-65d4-432d-948e-9f1ff6cff42a"	"Blue Shift Emissions"	"0cb8af74-88da-450d-9381-ea60a381c27b"	"Christ."	"e586991d-65d4-432d-948e-9f1ff6cff42a"
"2009-07-20T00:07:16"	"1248048436"	"5 Years Time"	"498678c3-7db5-4eaf-afdd-8d8015b018d4"	"Noah and the Whale"	"917bc621-ad02-477d-9308-a0304c5f9727"	"5 Years Time"	"498678c3-7db5-4eaf-afdd-8d8015b018d4"	"Noah and the Whale"	"917bc621-ad02-477d-9308-a0304c5f9727"	"5 Years Time (eSingle)"	""	"Noah and the Whale"	"917bc621-ad02-477d-9308-a0304c5f9727"
"2009-07-20T00:08:21"	"1248048501"	"2080"	"62510df7-d4e2-4ff0-9ca0-f8e65ad73ee1"	"Yeasayer"	"3feba7fa-3837-424a-b4f1-0077d217f569"	"2080"	"62510df7-d4e2-4ff0-9ca0-f8e65ad73ee1"	"Yeasayer"	"3feba7fa-3837-424a-b4f1-0077d217f569"	"All Hour Cymbals"	"55318661-9673-4bab-91cf-421c84b8701f"	"Yeasayer"	"3feba7fa-3837-424a-b4f1-0077d217f569"
"2009-07-20T00:08:42"	"1248048522"	"Sleep Alone"	"4231ad24-ac4a-4b47-b5cb-2b5d997a6881"	"Bat for Lashes"	"10000730-525f-4ed5-aaa8-92888f060f5f"	"Sleep Alone"	"4231ad24-ac4a-4b47-b5cb-2b5d997a6881"	"Bat for Lashes"	"10000730-525f-4ed5-aaa8-92888f060f5f"	""	""	""	""
"2009-07-20T00:09:05"	"1248048545"	"Won't Want for Love (Margaret in the Taiga)"	""	"The Decemberists"	"97b1142f-c71e-4971-8736-4a8ceaf6b4c3"	"Won't Want for Love (Margaret in the Taiga)"	""	"The Decemberists"	"97b1142f-c71e-4971-8736-4a8ceaf6b4c3"	""	""	""	""
"2009-07-20T00:09:10"	"1248048550"	"Romo-Goth"	"45847ca1-cf63-413a-883c-c1bf4e668868"	"Department of Eagles"	"60feda7a-9247-48fe-8892-79f9a7d0d503"	"Romo-Goth"	"45847ca1-cf63-413a-883c-c1bf4e668868"	"Department of Eagles"	"60feda7a-9247-48fe-8892-79f9a7d0d503"	"The Whitey on the Moon UK LP"	"09a11f27-9a36-4130-b405-78fbbf25d891"	"Department of Eagles"	"60feda7a-9247-48fe-8892-79f9a7d0d503"
"2009-07-20T00:09:14"	"1248048554"	"Lend Me Your Teeth"	"3db5e293-449d-4dba-bdd1-61d1c85a96a4"	"Devendra Banhart"	"0110e63e-0a9b-4818-af8e-41e180c20b9a"	"Lend Me Your Teeth"	"3db5e293-449d-4dba-bdd1-61d1c85a96a4"	"Devendra Banhart"	"0110e63e-0a9b-4818-af8e-41e180c20b9a"	"Oh Me Oh My... The Way the Day Goes by the Sun Is Setting Dogs Are Dreaming Lovesongs of the Christmas Spirit"	"34ea421e-8ba7-40c7-bd65-f558818d0c8d"	"Devendra Banhart"	"0110e63e-0a9b-4818-af8e-41e180c20b9a"
"2009-07-20T00:10:19"	"1248048619"	"Bluebells"	"abdfd001-52a6-48a4-8249-6b0e26bf91e8"	"Patrick Wolf"	"4ac4e32b-bd18-402e-adad-ae00e72f8d85"	"Bluebells"	"abdfd001-52a6-48a4-8249-6b0e26bf91e8"	"Patrick Wolf"	"4ac4e32b-bd18-402e-adad-ae00e72f8d85"	"Bluebells"	""	"Patrick Wolf"	"4ac4e32b-bd18-402e-adad-ae00e72f8d85"
"2009-07-20T00:26:14"	"1248049574"	"Banshee Beat"	"1b9eed6f-5762-40b3-848f-c2464fd6fe7e"	"Animal Collective"	"0c751690-c784-4a4f-b1e4-c1de27d47581"	"Banshee Beat"	"1b9eed6f-5762-40b3-848f-c2464fd6fe7e"	"Animal Collective"	"0c751690-c784-4a4f-b1e4-c1de27d47581"	"Feels"	"1ddb09aa-e6e7-3c50-9204-406bd0fadf4d"	"Animal Collective"	"0c751690-c784-4a4f-b1e4-c1de27d47581"
"2009-07-20T00:27:04"	"1248049624"	"Exit Music (for a Film)"	"5d62ab3d-f2d4-48b6-906e-165cc0e4baf7"	"Vampire Weekend"	"af37c51c-0790-4a29-b995-456f98a6b8c9"	"Exit Music (for a Film)"	"5d62ab3d-f2d4-48b6-906e-165cc0e4baf7"	"Vampire Weekend"	"af37c51c-0790-4a29-b995-456f98a6b8c9"	"Stereogum Presents... OK X: A Tribute To OK Computer"	""	"Various Artists"	"023671ff-b1ad-4133-a4f3-aadaaadfd2e0"
"2009-07-20T00:29:39"	"1248049779"	"3 Times"	"c425b2f7-85fe-4ccd-abc3-c425bbad07f6"	"Cat Power"	"03e52a44-b264-453c-a0e0-fbfd89d72765"	"3 Times"	"c425b2f7-85fe-4ccd-abc3-c425bbad07f6"	"Cat Power"	"03e52a44-b264-453c-a0e0-fbfd89d72765"	"Dear Sir"	"c5981f53-552a-4949-946d-985b26ca4de2"	"Cat Power"	"03e52a44-b264-453c-a0e0-fbfd89d72765"
"2009-07-20T00:32:14"	"1248049934"	"Like Lavender"	"ee57493f-bec3-44d1-a1eb-b93a2be1831e"	"Horse Feathers"	"20efa62f-4f98-4bdd-abcc-3e6cfb90d271"	"Like Lavender"	"ee57493f-bec3-44d1-a1eb-b93a2be1831e"	"Horse Feathers"	"20efa62f-4f98-4bdd-abcc-3e6cfb90d271"	"Words Are Dead"	"3611c447-cb3b-4531-a9ca-a3082a5c27e2"	"Horse Feathers"	"20efa62f-4f98-4bdd-abcc-3e6cfb90d271"
"2009-07-20T00:32:39"	"1248049959"	"Sailors Blue"	"c046e5db-67f3-4927-85e1-bdbacca9d49b"	"Seabear"	"30f3486e-1def-4fc4-b47b-5283eca9295f"	"Sailors Blue"	"c046e5db-67f3-4927-85e1-bdbacca9d49b"	"Seabear"	"30f3486e-1def-4fc4-b47b-5283eca9295f"	"The Ghost That Carried Us Away (Offical Morr Music Upload)"	""	"Seabear"	"30f3486e-1def-4fc4-b47b-5283eca9295f"
"2009-07-20T00:32:56"	"1248049976"	"O Lazy Days"	""	"M. Ward"	"655b3e5b-09e4-45dd-941c-6fa3fc12521b"	"O Lazy Days"	""	"M. Ward"	"655b3e5b-09e4-45dd-941c-6fa3fc12521b"	"Preserve Volume One"	""	"Various Artists"	"023671ff-b1ad-4133-a4f3-aadaaadfd2e0"
"2009-07-20T00:33:10"	"1248049990"	"Lucky You"	"2669fe12-f253-47fc-85e0-b0f9a7270408"	"The National"	"664c3e0e-42d8-48c1-b209-1efca19c0325"	"Lucky You"	"2669fe12-f253-47fc-85e0-b0f9a7270408"	"The National"	"664c3e0e-42d8-48c1-b209-1efca19c0325"	"Sad Songs for Dirty Lovers"	"0b2ec7c8-f1d4-456e-99b3-5421ca2e45c4"	"The National"	"664c3e0e-42d8-48c1-b209-1efca19c0325"
"2009-07-20T07:35:36"	"1248075336"	"Spare-Ohs"	"aa5a1505-26d3-43d4-8f43-91d08a0b0ab8"	"Andrew Bird"	"081b133e-ce74-42ba-92c1-c18234acb532"	"Spare-Ohs"	"aa5a1505-26d3-43d4-8f43-91d08a0b0ab8"	"Andrew Bird"	"081b133e-ce74-42ba-92c1-c18234acb532"	"Armchair Apocrypha"	"a01bc8ac-bdbe-3893-ab2d-2990e52005cf"	"Andrew Bird"	"081b133e-ce74-42ba-92c1-c18234acb532"
"2009-07-26T06:37:20"	"1248590240"	"The Brides"	"08dfd97c-591d-4d88-9e7f-af6474a14a4c"	"Wojciech Kilar"	"c8c021ad-6397-4990-b3b7-23d027c5931a"	"The Brides"	"08dfd97c-591d-4d88-9e7f-af6474a14a4c"	"Wojciech Kilar"	"c8c021ad-6397-4990-b3b7-23d027c5931a"	"Bram Stoker's Dracula"	""	"Various Artists"	"023671ff-b1ad-4133-a4f3-aadaaadfd2e0"
"2009-07-26T06:40:16"	"1248590416"	"Vessels"	"223eaf87-9191-43ef-a579-bbf0a6214c17"	"Philip Glass"	"45908599-e061-434f-a900-dd2df7931beb"	"Vessels"	"223eaf87-9191-43ef-a579-bbf0a6214c17"	"Philip Glass"	"45908599-e061-434f-a900-dd2df7931beb"	"Koyaanisqatsi"	"a5ba6562-f934-40ea-9dfc-d0844b6ae9ff"	"Philip Glass"	"45908599-e061-434f-a900-dd2df7931beb"
"2009-07-28T01:50:52"	"1248745852"	"All Imperfect Things"	"9aeff490-9756-47e4-96e2-ec732e94a567"	"Michael Nyman"	"575aaa0e-1956-4cfa-a8e1-a431af32d1a2"	"All Imperfect Things"	"9aeff490-9756-47e4-96e2-ec732e94a567"	"Michael Nyman"	"575aaa0e-1956-4cfa-a8e1-a431af32d1a2"	"The Piano"	"4bf88b0f-9999-4a7f-b4be-cd7f9e2a8599"	"Michael Nyman"	"575aaa0e-1956-4cfa-a8e1-a431af32d1a2"
"2009-07-28T01:51:37"	"1248745897"	"Bird Gerhl"	"abd31d7b-cce6-48ba-913f-dfb8d8dd568c"	"Antony and the Johnsons"	"90cc2464-234e-4da0-b39b-576f36e633bc"	"Bird Gerhl"	"abd31d7b-cce6-48ba-913f-dfb8d8dd568c"	"Antony and the Johnsons"	"90cc2464-234e-4da0-b39b-576f36e633bc"	""	""	""	""
"2009-07-28T02:02:09"	"1248746529"	"Standing at the Threshold"	"4fbb3d7e-3d8a-44b6-a321-54d083ec97e1"	"Deer Tick"	"c8c64bcc-48c6-47c9-8411-f5c4fd5a97bb"	"Standing at the Threshold"	"4fbb3d7e-3d8a-44b6-a321-54d083ec97e1"	"Deer Tick"	"c8c64bcc-48c6-47c9-8411-f5c4fd5a97bb"	"War Elephant"	"e0b0973b-2437-3e4d-b227-10f6a08010f8"	"Deer Tick"	"c8c64bcc-48c6-47c9-8411-f5c4fd5a97bb"
"2009-07-28T02:02:33"	"1248746553"	"Lost Watch"	"85d780d5-0833-497d-990c-055241a254bf"	"Seabear"	"30f3486e-1def-4fc4-b47b-5283eca9295f"	"Lost Watch"	"85d780d5-0833-497d-990c-055241a254bf"	"Seabear"	"30f3486e-1def-4fc4-b47b-5283eca9295f"	"The Ghost That Carried Us Away (Offical Morr Music Upload)"	""	"Seabear"	"30f3486e-1def-4fc4-b47b-5283eca9295f"
"2009-07-28T02:03:50"	"1248746630"	"Is There a Ghost"	"402fc1f3-d12a-4293-a002-ceeb4a5ff25a"	"Band of Horses"	"07b6020a-c539-4d68-aeef-f159f3befc76"	"Is There a Ghost"	"402fc1f3-d12a-4293-a002-ceeb4a5ff25a"	"Band of Horses"	"07b6020a-c539-4d68-aeef-f159f3befc76"	"Cease to Begin"	"88fd750d-1280-4a7a-8d49-8739c99f6db7"	"Band of Horses"	"07b6020a-c539-4d68-aeef-f159f3befc76"
"2009-07-28T02:04:57"	"1248746697"	"Deep Sea Diver"	"16731971-64ec-4085-90ea-62f0d9182fe7"	"Grizzly Bear"	"59a7fbcb-ff74-494d-abd0-9c82359040c9"	"Deep Sea Diver"	"16731971-64ec-4085-90ea-62f0d9182fe7"	"Grizzly Bear"	"59a7fbcb-ff74-494d-abd0-9c82359040c9"	"Horn Of Plenty"	"7ba95761-f458-34f0-87f1-c9503dc7f610"	"Grizzly Bear"	"59a7fbcb-ff74-494d-abd0-9c82359040c9"
"2009-07-28T02:05:04"	"1248746704"	"O Valencia!"	"4aa3223f-9cad-46cf-94c4-c501a5a77e08"	"The Decemberists"	"97b1142f-c71e-4971-8736-4a8ceaf6b4c3"	"O Valencia!"	"4aa3223f-9cad-46cf-94c4-c501a5a77e08"	"The Decemberists"	"97b1142f-c71e-4971-8736-4a8ceaf6b4c3"	"The Crane Wife"	"202f470f-0f0d-322b-b61a-be6f3ee7dd02"	"The Decemberists"	"97b1142f-c71e-4971-8736-4a8ceaf6b4c3"
"2009-07-28T05:16:10"	"1248758170"	"Stay Out of Trouble"	"2434aa5d-ad97-4b89-a32e-4cf693ea5f1d"	"Kings of Convenience"	"cf0f4547-ffbd-4011-98ad-0bec9ba022db"	"Stay Out of Trouble"	"2434aa5d-ad97-4b89-a32e-4cf693ea5f1d"	"Kings of Convenience"	"cf0f4547-ffbd-4011-98ad-0bec9ba022db"	"Riot on an Empty Street"	"ac9b0652-e883-4be3-ad58-fd1fb33a5ac4"	"Kings of Convenience"	"cf0f4547-ffbd-4011-98ad-0bec9ba022db"
"2009-07-28T05:21:09"	"1248758469"	"Such a Lovely Thing"	"cc9c16f1-7752-43bf-b3c0-77248cdab50c"	"DeVotchKa"	"a66cc38c-e6cd-4725-a8fd-7d32b998347f"	"Such a Lovely Thing"	"cc9c16f1-7752-43bf-b3c0-77248cdab50c"	"DeVotchKa"	"a66cc38c-e6cd-4725-a8fd-7d32b998347f"	"How It Ends"	"73f35fe6-59f3-4469-9665-5afe6a1320ed"	"DeVotchKa"	"a66cc38c-e6cd-4725-a8fd-7d32b998347f"
"2009-07-28T05:21:28"	"1248758488"	"Paseo 4, invierno (el largo y tedioso camino a casa)"	"fb91c8cc-ca51-486b-b75c-c2798ca23e51"	"Bosques de mi Mente"	"6ab190fc-80ea-46fe-b699-66578949c7bf"	"Paseo 4, invierno (el largo y tedioso camino a casa)"	"fb91c8cc-ca51-486b-b75c-c2798ca23e51"	"Bosques de mi Mente"	"6ab190fc-80ea-46fe-b699-66578949c7bf"	"LO-FI [ca104]"	""	"Bosques de mi Mente"	"6ab190fc-80ea-46fe-b699-66578949c7bf"
"2009-07-28T05:21:34"	"1248758494"	"Wealthy Man"	"f1960a57-3c01-4f65-986e-16042b4771d9"	"Cat Power"	"03e52a44-b264-453c-a0e0-fbfd89d72765"	"Wealthy Man"	"f1960a57-3c01-4f65-986e-16042b4771d9"	"Cat Power"	"03e52a44-b264-453c-a0e0-fbfd89d72765"	"Myra Lee"	"d843d873-faa9-4bbb-a080-df99935d46a6"	"Cat Power"	"03e52a44-b264-453c-a0e0-fbfd89d72765"
"2009-07-28T05:22:07"	"1248758527"	"Birds For The Mind"	"63b2bfb1-e731-46bf-820b-b909cfd7013c"	"Wim Mertens"	"bc2fd8bc-91ea-4b7e-a52e-d67bea5c0313"	"Birds For The Mind"	"63b2bfb1-e731-46bf-820b-b909cfd7013c"	"Wim Mertens"	"bc2fd8bc-91ea-4b7e-a52e-d67bea5c0313"	"Best of Wim Mertens"	"26200d67-3081-3edd-b98a-bf18931f2f5f"	"Wim Mertens"	"bc2fd8bc-91ea-4b7e-a52e-d67bea5c0313"
"2009-07-28T05:27:21"	"1248758841"	"Last Song"	"19330f5b-1231-4cb7-b679-e22b6f0a82cc"	"Jason Webley"	"ad608e84-8686-41a0-9cfd-d303ba7d9aaa"	"Last Song"	"19330f5b-1231-4cb7-b679-e22b6f0a82cc"	"Jason Webley"	"ad608e84-8686-41a0-9cfd-d303ba7d9aaa"	"Against the Night"	"0a50245e-b695-3923-8ad9-da182403799d"	"Jason Webley"	"ad608e84-8686-41a0-9cfd-d303ba7d9aaa"
"2009-07-28T14:44:51"	"1248792291"	"Knockin' on Heaven's Door"	"3eaaffbb-73bd-4178-81e8-7c10cfaca014"	"Antony and the Johnsons"	"90cc2464-234e-4da0-b39b-576f36e633bc"	"Knockin' on Heaven's Door"	"3eaaffbb-73bd-4178-81e8-7c10cfaca014"	"Antony and the Johnsons"	"90cc2464-234e-4da0-b39b-576f36e633bc"	"I'm Not There (Music From The Motion Picture)"	""	"[unknown]"	"0035056d-72ac-41fa-8ea6-0e27e55f42f7"
"2009-07-28T14:45:00"	"1248792300"	"Arboretum"	"e9a83d93-272c-4f50-9979-511311ce1512"	"Max Richter"	"509f20b2-5df3-4aec-9bbc-002131fb3f99"	"Arboretum"	"e9a83d93-272c-4f50-9979-511311ce1512"	"Max Richter"	"509f20b2-5df3-4aec-9bbc-002131fb3f99"	"The Blue Notebooks"	"cc094e62-fb89-42df-b141-8d0dafa9e607"	"Max Richter"	"509f20b2-5df3-4aec-9bbc-002131fb3f99"
"2009-07-28T14:45:30"	"1248792330"	"The Sea Is Calm"	"eb5033e7-c262-4bbb-af9b-7250d9c32511"	"CocoRosie"	"e162b2eb-6a42-4240-8c1b-c94d9a0acb73"	"The Sea Is Calm"	"eb5033e7-c262-4bbb-af9b-7250d9c32511"	"CocoRosie"	"e162b2eb-6a42-4240-8c1b-c94d9a0acb73"	"Noah's Ark"	""	"CocoRosie"	"e162b2eb-6a42-4240-8c1b-c94d9a0acb73"
"2009-07-28T14:49:08"	"1248792548"	"Young Folks"	"0603ff89-9728-444a-9c98-0475807df2aa"	"Peter Bjorn and John"	"32a83250-7e26-422d-b9ac-f4564343e9ce"	"Young Folks"	"0603ff89-9728-444a-9c98-0475807df2aa"	"Peter Bjorn and John"	"32a83250-7e26-422d-b9ac-f4564343e9ce"	"Writer's Block"	""	"Peter Bjorn and John"	"32a83250-7e26-422d-b9ac-f4564343e9ce"
"2009-07-28T14:49:51"	"1248792591"	"The Great Escape"	"78d08b6c-2115-49e7-b394-2c07358fbf00"	"Patrick Watson"	"36761426-59db-4c93-a706-bd3d93b22e30"	"The Great Escape"	"78d08b6c-2115-49e7-b394-2c07358fbf00"	"Patrick Watson"	"36761426-59db-4c93-a706-bd3d93b22e30"	"American Teen - Music From The Motion Picture"	""	"American Teen (Motion Picture Soundtrack)"	""
"2009-07-28T15:59:51"	"1248796791"	"Shipwreck"	"2171259b-2054-4bb3-b157-bbeccdb71cc7"	"Tiny Vipers"	"bffa75e3-2883-4960-9b7e-859517b13657"	"Shipwreck"	"2171259b-2054-4bb3-b157-bbeccdb71cc7"	"Tiny Vipers"	"bffa75e3-2883-4960-9b7e-859517b13657"	"Tiny Vipers"	"81e0f954-1468-474d-b885-5a42494813de"	"Tiny Vipers"	"bffa75e3-2883-4960-9b7e-859517b13657"
"2009-07-31T20:59:45"	"1249073985"	"This Must Be It"	"45d3cbf8-9e77-48da-9339-af7a4775bcc4"	"Röyksopp"	"1c70a3fc-fa3c-4be1-8b55-c3192db8a884"	"This Must Be It"	"45d3cbf8-9e77-48da-9339-af7a4775bcc4"	"Röyksopp"	"1c70a3fc-fa3c-4be1-8b55-c3192db8a884"	""	""	""	""
"2009-07-31T21:04:35"	"1249074275"	"Easy"	"8e276b63-fac7-4086-bb41-c2dec27a22b0"	"Groove Armada"	"35723b60-732e-4bd8-957f-320b416e7b7f"	"Easy"	"8e276b63-fac7-4086-bb41-c2dec27a22b0"	"Groove Armada"	"35723b60-732e-4bd8-957f-320b416e7b7f"	"Lovebox"	"2694f6c7-39a2-4e97-8abd-e20819540c6d"	"Groove Armada"	"35723b60-732e-4bd8-957f-320b416e7b7f"
"2009-07-31T21:10:58"	"1249074658"	"Pass This On"	"246222f5-9fb2-4e68-90fb-fb8eddc1f757"	"The Knife"	"737286bc-1b92-41c3-82f9-3573abc5378b"	"Pass This On"	"246222f5-9fb2-4e68-90fb-fb8eddc1f757"	"The Knife"	"737286bc-1b92-41c3-82f9-3573abc5378b"	"Deep Cuts"	"7ec39128-ef00-415d-905e-e2764e337193"	"The Knife"	"737286bc-1b92-41c3-82f9-3573abc5378b"
"2009-07-31T21:12:23"	"1249074743"	"Horizon"	"041799c5-69cc-42ae-b9f4-67184a953426"	"Fischerspooner"	"a4f54716-24d9-4c6b-8ba7-1d7e7a5173d0"	"Horizon"	"041799c5-69cc-42ae-b9f4-67184a953426"	"Fischerspooner"	"a4f54716-24d9-4c6b-8ba7-1d7e7a5173d0"	"#1"	"8de603ab-cef3-4bea-bef3-7ce756bd8217"	"Fischerspooner"	"a4f54716-24d9-4c6b-8ba7-1d7e7a5173d0"
"2009-08-02T06:46:44"	"1249195604"	"La fiera (castrojeriz)"	""	"Luca Congedo"	""	"La fiera (castrojeriz)"	""	"Luca Congedo"	""	"Dialogo (live)"	""	"Luca Congedo"	""
"2009-08-02T07:35:56"	"1249198556"	"Ma creole"	""	"Fernandel"	"0bce7eda-e55b-4176-aa1f-b8d2ca447a17"	"Ma creole"	""	"Fernandel"	"0bce7eda-e55b-4176-aa1f-b8d2ca447a17"	"Le Flamboyant"	""	"Fernandel"	"0bce7eda-e55b-4176-aa1f-b8d2ca447a17"
"2009-08-02T07:36:02"	"1249198562"	"Sunshines Better"	""	"John Martyn"	"e821a756-487f-4931-a02f-27cf11cec7bf"	"Sunshines Better"	""	"John Martyn"	"e821a756-487f-4931-a02f-27cf11cec7bf"	"Cafe Del Mar Vol 4"	""	"John Martyn"	"e821a756-487f-4931-a02f-27cf11cec7bf"
"2009-08-02T07:41:46"	"1249198906"	"Improvisation For Oud 2"	""	"Sandy Bull"	"518c0361-e340-488a-a950-846ae06489ad"	"Improvisation For Oud 2"	""	"Sandy Bull"	"518c0361-e340-488a-a950-846ae06489ad"	"Still Valentines Day, 1969: Live At The Matrix, San Francisco"	""	"Sandy Bull"	"518c0361-e340-488a-a950-846ae06489ad"
"2009-08-02T08:02:27"	"1249200147"	"III. Allegro risoluto"	""	"Jules Massenet"	"02839562-79a5-44ab-8dc1-ce9081e26994"	"III. Allegro risoluto"	""	"Jules Massenet"	"02839562-79a5-44ab-8dc1-ce9081e26994"	"Massenet: Orchestral Suites Nos. 1- 3 / Herodiade"	""	"Jules Massenet"	"02839562-79a5-44ab-8dc1-ce9081e26994"
"2009-08-02T08:02:34"	"1249200154"	"Ausklang (Epilogue) - Nacht (Night)"	""	"Richard Strauss"	"4cb43d82-824e-4034-b03d-1a98f36f6e16"	"Ausklang (Epilogue) - Nacht (Night)"	""	"Richard Strauss"	"4cb43d82-824e-4034-b03d-1a98f36f6e16"	"STRAUSS, R.: Eine Alpensinfonie (An Alpine Symphony)"	""	"Richard Strauss"	"4cb43d82-824e-4034-b03d-1a98f36f6e16"
"2009-08-02T17:02:30"	"1249232550"	"Joulik"	"54e56669-424b-4c63-bbd8-b924882325f6"	"Bratsch"	"aa3f9680-c2b2-4afc-8c6f-a5137acdc9a3"	"Joulik"	"54e56669-424b-4c63-bbd8-b924882325f6"	"Bratsch"	"aa3f9680-c2b2-4afc-8c6f-a5137acdc9a3"	"Sans Domicile Fixe"	"4f1af790-ccf2-41ef-97e6-b1b6f19b5775"	"Bratsch"	"aa3f9680-c2b2-4afc-8c6f-a5137acdc9a3"
"2009-08-02T17:03:17"	"1249232597"	"Pachima"	"af14d957-d1d7-4d64-baa5-cef8eef39c96"	"Balkan Beat Box"	"aaaca27e-cbb4-42d8-91be-57e902120817"	"Pachima"	"af14d957-d1d7-4d64-baa5-cef8eef39c96"	"Balkan Beat Box"	"aaaca27e-cbb4-42d8-91be-57e902120817"	"Nu Med"	"1f842b02-891d-496e-829d-8ba22c19edc3"	"Balkan Beat Box"	"aaaca27e-cbb4-42d8-91be-57e902120817"
"2009-08-02T17:04:03"	"1249232643"	"Nem megy"	"86c9ecf6-e0db-40e0-9879-f3a5b3414aeb"	"Emil.Rulez!"	"cd861cb0-6be2-4396-831b-a769909813eb"	"Nem megy"	"86c9ecf6-e0db-40e0-9879-f3a5b3414aeb"	"Emil.Rulez!"	"cd861cb0-6be2-4396-831b-a769909813eb"	"Zanga!Zanga"	"d01997fc-a087-4cfc-a151-f59570553da2"	"Emil.Rulez!"	"cd861cb0-6be2-4396-831b-a769909813eb"
"2009-08-02T17:05:39"	"1249232739"	"mindenki függ"	"abf31ca7-e88a-4b9a-bed3-8555b8e51e98"	"hiperkarma"	"e0fc6f9d-70c2-41f5-936c-fe27d1b9dc7c"	"mindenki függ"	"abf31ca7-e88a-4b9a-bed3-8555b8e51e98"	"hiperkarma"	"e0fc6f9d-70c2-41f5-936c-fe27d1b9dc7c"	"hiperkarma"	"e429a360-e38b-4ff1-9276-540cd40d881a"	"hiperkarma"	"e0fc6f9d-70c2-41f5-936c-fe27d1b9dc7c"
"2009-08-02T17:06:22"	"1249232782"	"Ibrahim Odja"	"adf37242-9a26-4663-b7cf-33c7d5b956cb"	"Kočani Orkestar"	""	"Ibrahim Odja"	"adf37242-9a26-4663-b7cf-33c7d5b956cb"	"Kočani Orkestar"	""	""	""	""	""
"2009-08-02T17:06:45"	"1249232805"	"Teremlakó"	"5175688b-55d8-4100-a17f-355a26654239"	"Ghymes"	"c6c1996f-1efb-4177-8c24-a777b8cecdc2"	"Teremlakó"	"5175688b-55d8-4100-a17f-355a26654239"	"Ghymes"	"c6c1996f-1efb-4177-8c24-a777b8cecdc2"	"Messzerepulo"	""	"Ghymes"	"c6c1996f-1efb-4177-8c24-a777b8cecdc2"
"2009-08-02T17:11:09"	"1249233069"	"Kánák Rátyi"	"808f5d3a-f699-40be-9188-c90f5055fee9"	"Romano Drom"	"a90cec9e-5bac-4c9d-833f-a1405aab75f8"	"Kánák Rátyi"	"808f5d3a-f699-40be-9188-c90f5055fee9"	"Romano Drom"	"a90cec9e-5bac-4c9d-833f-a1405aab75f8"	"Ando Foro"	"070748c7-6dc8-42e5-8cca-bcbd906a0a8e"	"Romano Drom"	"a90cec9e-5bac-4c9d-833f-a1405aab75f8"
"2009-08-02T17:11:12"	"1249233072"	"M323"	"def2826b-c692-48ac-9507-18d9520d691b"	"Emil.Rulez!"	"cd861cb0-6be2-4396-831b-a769909813eb"	"M323"	"def2826b-c692-48ac-9507-18d9520d691b"	"Emil.Rulez!"	"cd861cb0-6be2-4396-831b-a769909813eb"	"Zazie az ágyban"	"4eeb18a5-4983-4cd7-87cf-a1359a6d081a"	"Emil.Rulez!"	"cd861cb0-6be2-4396-831b-a769909813eb"
"2009-08-02T17:11:22"	"1249233082"	"Álom elé"	"0f30e77e-787e-48cf-ab52-4686d10c5ae5"	"Ghymes"	"c6c1996f-1efb-4177-8c24-a777b8cecdc2"	"Álom elé"	"0f30e77e-787e-48cf-ab52-4686d10c5ae5"	"Ghymes"	"c6c1996f-1efb-4177-8c24-a777b8cecdc2"	"Messzerepulo"	""	"Ghymes"	"c6c1996f-1efb-4177-8c24-a777b8cecdc2"
"2009-08-02T17:11:29"	"1249233089"	"Kibori (World)"	""	"Mahala Rai Banda"	"21cc597f-1ed6-4a00-b728-4ec0d3b811e3"	"Kibori (World)"	""	"Mahala Rai Banda"	"21cc597f-1ed6-4a00-b728-4ec0d3b811e3"	"Mahala Rai Banda"	""	"Mahala Rai Banda"	"21cc597f-1ed6-4a00-b728-4ec0d3b811e3"
"2009-08-02T17:11:40"	"1249233100"	"Unique Sun, Unique Blood!"	"1ecebff6-d84a-4622-82a7-970465c09a45"	"Municipale Balcanica"	"c20e4c45-0abb-4925-9ab9-e04c83c3edf9"	"Unique Sun, Unique Blood!"	"1ecebff6-d84a-4622-82a7-970465c09a45"	"Municipale Balcanica"	"c20e4c45-0abb-4925-9ab9-e04c83c3edf9"	"Foua"	""	"Municipale Balcanica"	"c20e4c45-0abb-4925-9ab9-e04c83c3edf9"
"2009-08-02T17:12:05"	"1249233125"	"Markov čoček"	"a57cb590-9d4d-4a78-aada-36637c9d3ada"	"Boban Marković Orkestar"	"17b3b9ac-50d2-45a8-9319-1a7ffba14a14"	"Markov Cocek"	""	"Boban Markovic Orkestar"	""	"Srce Cigansko"	""	"Boban Markovic Orkestar"	""
"2009-08-02T17:12:39"	"1249233159"	"Kinderszenen, Op. 15, No. 7, 'Dreaming'"	""	"Robert Schumann"	"3cd3882c-00f8-4362-a0c2-ad89ed248533"	"Kinderszenen, Op. 15, No. 7, 'Dreaming'"	""	"Robert Schumann"	"3cd3882c-00f8-4362-a0c2-ad89ed248533"	"Organ Meditation"	""	"Various Artists"	"023671ff-b1ad-4133-a4f3-aadaaadfd2e0"
"2009-08-02T17:12:43"	"1249233163"	"Symphony No. 9 in E minor; 3rd movement; Scherzo"	""	"Antonín Dvořák"	"0ff72316-6c3b-421f-b929-a0ac6af826ca"	"Symphony No. 9 in E minor; 3rd movement; Scherzo"	""	"Antonín Dvořák"	"0ff72316-6c3b-421f-b929-a0ac6af826ca"	"Symphony no.9 New World"	""	"Antonín Dvořák"	"0ff72316-6c3b-421f-b929-a0ac6af826ca"
"2009-08-02T17:12:48"	"1249233168"	"Looks Just Like the Sun"	"38eaba30-e116-4178-b645-871a7434fd66"	"Broken Social Scene"	"2eada8f8-056a-4093-bbc2-004909ce743b"	"Looks Just Like the Sun"	"38eaba30-e116-4178-b645-871a7434fd66"	"Broken Social Scene"	"2eada8f8-056a-4093-bbc2-004909ce743b"	"You Forgot It In People"	"4a62cd38-0405-33c0-ade2-6be951f7b777"	"Broken Social Scene"	"2eada8f8-056a-4093-bbc2-004909ce743b"
"2009-08-02T17:12:51"	"1249233171"	"Pigalle"	"41d29856-05b0-46dc-9ee5-90b0a83931cf"	"Georges Ulmer"	"836ad164-ec00-4652-89d3-e34353627f63"	"Pigalle"	"41d29856-05b0-46dc-9ee5-90b0a83931cf"	"Georges Ulmer"	"836ad164-ec00-4652-89d3-e34353627f63"	"The Very Best Of The French Chanson II"	""	"Édith Piaf"	"4f8ef4a3-40fa-46b5-8773-97686a8424f4"
"2009-08-02T17:13:00"	"1249233180"	"What's a Girl to Do?"	"ced5b15c-17a6-4acb-bc9f-d86f82439cb0"	"Bat for Lashes"	"10000730-525f-4ed5-aaa8-92888f060f5f"	"What's a Girl to Do?"	"ced5b15c-17a6-4acb-bc9f-d86f82439cb0"	"Bat for Lashes"	"10000730-525f-4ed5-aaa8-92888f060f5f"	"Fur and Gold"	"003ee347-0551-435f-82ba-e1afeff7f636"	"Bat for Lashes"	"10000730-525f-4ed5-aaa8-92888f060f5f"
"2009-08-02T17:13:06"	"1249233186"	"sea of tranquility"	"31e595c7-60f7-44f6-9c98-365026e3c1bb"	"Adem"	"5a217fef-76cb-43f7-95ba-75d0c495783f"	"sea of tranquility"	"31e595c7-60f7-44f6-9c98-365026e3c1bb"	"Adem"	"5a217fef-76cb-43f7-95ba-75d0c495783f"	"Love And Other Planets"	"85326335-3589-41e1-8d1c-e561fd0b9901"	"Adem"	"5a217fef-76cb-43f7-95ba-75d0c495783f"
"2009-08-02T17:13:12"	"1249233192"	"Dear Employee"	"f2c15855-a285-4ab8-b798-b654caad83e9"	"Papercuts"	"3d6e2ff3-6ca1-4d67-a1ae-d056970fcd32"	"Dear Employee"	"f2c15855-a285-4ab8-b798-b654caad83e9"	"Papercuts"	"3d6e2ff3-6ca1-4d67-a1ae-d056970fcd32"	"Can't Go Back"	"1a2da054-b4ef-4dc4-8fe6-4e8cd7318d01"	"Papercuts"	"3d6e2ff3-6ca1-4d67-a1ae-d056970fcd32"
"2009-08-02T17:13:17"	"1249233197"	"Keyboard Sonata in E Major, K.380/L.23/P.483: Andante comodo"	""	"Domenico Scarlatti"	"95c7a1d1-5cfd-41d5-99f9-0611262de8e1"	"Keyboard Sonata in E Major, K.380/L.23/P.483: Andante comodo"	""	"Domenico Scarlatti"	"95c7a1d1-5cfd-41d5-99f9-0611262de8e1"	"SCARLATTI, D.: Piano Sonatas (Selection)"	""	"Domenico Scarlatti"	"95c7a1d1-5cfd-41d5-99f9-0611262de8e1"
"2009-08-02T17:13:22"	"1249233202"	"J'attendrai"	"b2c3102c-c3d3-4514-9cec-01ac82782110"	"Rina Ketty"	"ab7b2783-0cc3-45f9-babf-39508677be83"	"J'attendrai"	"b2c3102c-c3d3-4514-9cec-01ac82782110"	"Rina Ketty"	"ab7b2783-0cc3-45f9-babf-39508677be83"	"The Very Best Of The French Chanson II"	""	"Édith Piaf"	"4f8ef4a3-40fa-46b5-8773-97686a8424f4"
"2009-08-02T17:13:26"	"1249233206"	"Highway of Endless Dreams"	"01466fe5-d78e-43ee-9577-89e9982efe01"	"M83"	"6d7b7cd4-254b-4c25-83f6-dd20f98ceacd"	"Highway of Endless Dreams"	"01466fe5-d78e-43ee-9577-89e9982efe01"	"M83"	"6d7b7cd4-254b-4c25-83f6-dd20f98ceacd"	"Saturdays = Youth"	"54c91622-a67a-4da4-9fce-1a37516ac12f"	"M83"	"6d7b7cd4-254b-4c25-83f6-dd20f98ceacd"
"2009-08-02T17:13:32"	"1249233212"	"How to Disappear Completely"	"62792524-c2aa-45ca-8ba9-fc3a9b94af32"	"Radiohead"	"a74b1b7f-71a5-4011-9441-d0b5e4122711"	"How to Disappear Completely"	"62792524-c2aa-45ca-8ba9-fc3a9b94af32"	"Radiohead"	"a74b1b7f-71a5-4011-9441-d0b5e4122711"	"Kid A"	"5cf1960d-d7c1-31cf-99e1-41c00069a471"	"Radiohead"	"a74b1b7f-71a5-4011-9441-d0b5e4122711"
"2009-08-02T17:13:37"	"1249233217"	"Blue Illusion"	""	"Glen Gray"	"7c3536ff-db06-4052-844a-c4f79d71379f"	"Blue Illusion"	""	"Glen Gray"	"7c3536ff-db06-4052-844a-c4f79d71379f"	"Live At The Rainbow Room NYC March / April 1936"	""	"Glen Gray"	"7c3536ff-db06-4052-844a-c4f79d71379f"
"2009-08-02T17:13:42"	"1249233222"	"Ma fille"	"124038b5-1192-4a50-a76f-a76d22c07e3e"	"Serge Reggiani"	"8bbd8256-2607-4447-a4df-f6151a386d32"	"Ma fille"	"124038b5-1192-4a50-a76f-a76d22c07e3e"	"Serge Reggiani"	"8bbd8256-2607-4447-a4df-f6151a386d32"	"Succès et Confidences"	"59f36429-adfd-4a91-9f0f-c18299e3d573"	"Serge Reggiani"	"8bbd8256-2607-4447-a4df-f6151a386d32"
"2009-08-02T17:13:46"	"1249233226"	"Si tu t'imagines"	"238c4074-ccb3-49ba-add1-fe3879a03840"	"Mouloudji"	"2b864ebb-e183-4cf6-928c-70bda3926029"	"Si tu t'imagines"	"238c4074-ccb3-49ba-add1-fe3879a03840"	"Mouloudji"	"2b864ebb-e183-4cf6-928c-70bda3926029"	"Mouloudji"	"89362b3d-c2ec-4352-b525-99dc1e779b6e"	"Mouloudji"	"2b864ebb-e183-4cf6-928c-70bda3926029"
"2009-08-02T17:13:51"	"1249233231"	"Boogie Woogie Bugle Boy"	"cc20292f-e160-4260-8e37-7c97badd2613"	"The Andrews Sisters"	"0c62ad8b-aeaa-4bdf-a17e-c800d3745ea4"	"Boogie Woogie Bugle Boy"	"cc20292f-e160-4260-8e37-7c97badd2613"	"The Andrews Sisters"	"0c62ad8b-aeaa-4bdf-a17e-c800d3745ea4"	"The Magic Of The Andrew Sisters"	""	"The Andrews Sisters"	"0c62ad8b-aeaa-4bdf-a17e-c800d3745ea4"
"2009-08-02T17:14:01"	"1249233241"	"Nantes"	"42a4d7aa-303e-4475-b465-2e0f718adaca"	"Barbara"	"286c9551-d703-4037-a022-b1b146afbabb"	"Nantes"	"42a4d7aa-303e-4475-b465-2e0f718adaca"	"Barbara"	"286c9551-d703-4037-a022-b1b146afbabb"	"Volume 4 : Göttingen"	""	"Barbara"	"286c9551-d703-4037-a022-b1b146afbabb"
"2009-08-02T17:14:04"	"1249233244"	"Rue Des Cascades"	"043a8ae9-47c7-422a-81f8-fdcba3c117e5"	"Yann Tiersen"	"12d432a3-feb0-49b1-a107-d20751880764"	"Rue Des Cascades"	"043a8ae9-47c7-422a-81f8-fdcba3c117e5"	"Yann Tiersen"	"12d432a3-feb0-49b1-a107-d20751880764"	"Rue Des Cascades"	"ce2ebf1c-1132-4fbf-8064-956f468c5b0b"	"Yann Tiersen"	"12d432a3-feb0-49b1-a107-d20751880764"
"2009-08-02T17:14:09"	"1249233249"	"The Barber of Seville"	""	"Gioacchino Rossini"	""	"The Barber of Seville"	""	"Gioacchino Rossini"	""	"Overtures"	""	"Gioacchino Rossini"	""
"2009-08-02T17:14:18"	"1249233258"	"Dancing in the Dark"	"48c367d8-a695-49f9-9cba-f6efaf414e18"	"Artie Shaw and His Orchestra"	"2a53f414-d289-4af8-85b6-5d292dfe36bd"	"Dancing in the Dark"	"48c367d8-a695-49f9-9cba-f6efaf414e18"	"Artie Shaw and His Orchestra"	"2a53f414-d289-4af8-85b6-5d292dfe36bd"	"In Hollywood 1940-1941  Vol. II"	""	"Artie Shaw and His Orchestra"	"2a53f414-d289-4af8-85b6-5d292dfe36bd"
"2009-08-02T17:14:24"	"1249233264"	"When Lights Are Low"	"0ffcca70-abff-4ed5-b1a8-fae2661daf57"	"Lionel Hampton"	"17cf2413-99c1-441d-ba92-700e811daf56"	"When Lights Are Low"	"0ffcca70-abff-4ed5-b1a8-fae2661daf57"	"Lionel Hampton"	"17cf2413-99c1-441d-ba92-700e811daf56"	"All Star Sessions: Hot Mallets, Vol. 2"	""	"Lionel Hampton"	"17cf2413-99c1-441d-ba92-700e811daf56"
"2009-08-02T17:14:30"	"1249233270"	"C'est à Capri"	"ca84913a-7fb2-438a-a7fa-b7c66f6ea523"	"Tino Rossi"	"0403d4fb-cc81-48ff-9c98-9d995b48d73b"	"C'est à Capri"	"ca84913a-7fb2-438a-a7fa-b7c66f6ea523"	"Tino Rossi"	"0403d4fb-cc81-48ff-9c98-9d995b48d73b"	"Best Of"	""	"Tino Rossi"	"0403d4fb-cc81-48ff-9c98-9d995b48d73b"
"2009-08-02T17:14:33"	"1249233273"	"The Charles C. Leary"	"48b2c24c-0bae-4eaf-ab05-c4b7abc53286"	"Devendra Banhart"	"0110e63e-0a9b-4818-af8e-41e180c20b9a"	"The Charles C. Leary"	"48b2c24c-0bae-4eaf-ab05-c4b7abc53286"	"Devendra Banhart"	"0110e63e-0a9b-4818-af8e-41e180c20b9a"	"Oh Me Oh My... The Way the Day Goes by the Sun Is Setting Dogs Are Dreaming Lovesongs of the Christmas Spirit"	"34ea421e-8ba7-40c7-bd65-f558818d0c8d"	"Devendra Banhart"	"0110e63e-0a9b-4818-af8e-41e180c20b9a"
"2009-08-02T17:14:39"	"1249233279"	"Night And Day"	"18b92766-e3a7-41dc-b122-cf2911b17504"	"Tommy Dorsey"	"b1cfd018-b393-4632-babc-8a343edb4baa"	"Night And Day"	"18b92766-e3a7-41dc-b122-cf2911b17504"	"Tommy Dorsey"	"b1cfd018-b393-4632-babc-8a343edb4baa"	"A Portrait of Tommy Dorsey (disc 1)"	""	"Tommy Dorsey"	"b1cfd018-b393-4632-babc-8a343edb4baa"
"2009-08-02T17:14:45"	"1249233285"	"Sur les quais du vieux Paris"	"cc2ac036-6377-46a4-89ff-d51a447c9953"	"Lucienne Delyle"	"82e0bc9c-2cf4-403d-939c-1d8c00767170"	"Sur les quais du vieux Paris"	"cc2ac036-6377-46a4-89ff-d51a447c9953"	"Lucienne Delyle"	"82e0bc9c-2cf4-403d-939c-1d8c00767170"	"Le Meilleur de Lucienne Delyle"	""	"Lucienne Delyle"	"82e0bc9c-2cf4-403d-939c-1d8c00767170"
"2009-08-02T17:14:53"	"1249233293"	"A Paris dans chaque faubourg"	"50e187c6-e012-48fe-8cc9-6cf8fd44126a"	"Lys Gauty"	"0c8deabe-862a-4026-b0a0-11cad4afc161"	"A Paris dans chaque faubourg"	"50e187c6-e012-48fe-8cc9-6cf8fd44126a"	"Lys Gauty"	"0c8deabe-862a-4026-b0a0-11cad4afc161"	"Les Années Folles"	""	"Tino Rossi"	"0403d4fb-cc81-48ff-9c98-9d995b48d73b"
"2009-08-02T17:14:57"	"1249233297"	"Ah, Weir"	"bd1bb752-f073-4f8b-8ed9-42b0cb81254d"	"Yeasayer"	"3feba7fa-3837-424a-b4f1-0077d217f569"	"Ah, Weir"	"bd1bb752-f073-4f8b-8ed9-42b0cb81254d"	"Yeasayer"	"3feba7fa-3837-424a-b4f1-0077d217f569"	"All Hour Cymbals"	"55318661-9673-4bab-91cf-421c84b8701f"	"Yeasayer"	"3feba7fa-3837-424a-b4f1-0077d217f569"
"2009-08-02T17:15:03"	"1249233303"	"Ma liberté"	"28833037-db74-4f9f-9316-1382b7d83267"	"Georges Moustaki"	"6e6dc19f-cfa9-45e8-aaad-ab1d92c60a80"	"Ma liberté"	"28833037-db74-4f9f-9316-1382b7d83267"	"Georges Moustaki"	"6e6dc19f-cfa9-45e8-aaad-ab1d92c60a80"	"Un métèque en liberté (disc 2)"	""	"Georges Moustaki"	"6e6dc19f-cfa9-45e8-aaad-ab1d92c60a80"
"2009-08-02T17:19:40"	"1249233580"	"Zsa Manca"	"03811f62-9fd7-4f3f-82ea-ff2fd1f4d3fc"	"!deladap"	"55cc41c4-d527-4b1a-b45d-4c2ff718f000"	"Zsa Manca"	"03811f62-9fd7-4f3f-82ea-ff2fd1f4d3fc"	"!deladap"	"55cc41c4-d527-4b1a-b45d-4c2ff718f000"	""	""	""	""
"2009-08-02T17:19:48"	"1249233588"	"Mahalageasca (Felix B Jaxxhouz Dubb)"	""	"Mahala Raï Banda"	""	"Mahalageasca (Felix B Jaxxhouz Dubb)"	""	"Mahala Raï Banda"	""	"Gypsy Beats & Balkan Bangers"	""	"Various Artists"	"023671ff-b1ad-4133-a4f3-aadaaadfd2e0"
"2009-08-02T17:19:53"	"1249233593"	"Csengőcsángó"	"0d4f938b-2490-466c-8bc1-ae096cead63e"	"Ghymes"	"c6c1996f-1efb-4177-8c24-a777b8cecdc2"	"Csengocsángó"	""	"Ghymes"	"c6c1996f-1efb-4177-8c24-a777b8cecdc2"	"Messzerepulo"	""	"Ghymes"	"c6c1996f-1efb-4177-8c24-a777b8cecdc2"
"2009-08-02T17:19:58"	"1249233598"	"$20 for Boban"	"daf9880b-38b3-4942-a16d-2d506925eb7a"	"Balkan Beat Box"	"aaaca27e-cbb4-42d8-91be-57e902120817"	"$20 for Boban"	"daf9880b-38b3-4942-a16d-2d506925eb7a"	"Balkan Beat Box"	"aaaca27e-cbb4-42d8-91be-57e902120817"	"Nu Med"	"1f842b02-891d-496e-829d-8ba22c19edc3"	"Balkan Beat Box"	"aaaca27e-cbb4-42d8-91be-57e902120817"
"2009-08-02T17:20:04"	"1249233604"	"Amarena"	"11cc1a66-704c-4d0c-9f55-73525bc51883"	"Figli Di Madre Ignota"	"c30a338d-0067-4c84-81ea-9ebcfdc96b40"	"Amarena"	"11cc1a66-704c-4d0c-9f55-73525bc51883"	"Figli Di Madre Ignota"	"c30a338d-0067-4c84-81ea-9ebcfdc96b40"	"Tamboo Tamboo"	"407c5434-5192-4cc6-86de-12343fac9229"	"Figli Di Madre Ignota"	"c30a338d-0067-4c84-81ea-9ebcfdc96b40"
"2009-08-02T17:20:08"	"1249233608"	"DJelem, DJelem"	""	"Saban Bajramovic"	""	"DJelem, DJelem"	""	"Saban Bajramovic"	""	"A Gypsy Legend"	""	"Saban Bajramovic"	""
"2009-08-02T17:20:12"	"1249233612"	"Kustino Oro"	"cd2cae94-e98b-44fe-ad55-a664c4f15eae"	"Goran Bregović"	"883ece23-2779-4091-b527-62eb07ee79d4"	"Kustino Oro"	"cd2cae94-e98b-44fe-ad55-a664c4f15eae"	"Goran Bregović"	"883ece23-2779-4091-b527-62eb07ee79d4"	"Underground Tango"	""	"Goran Bregović"	"883ece23-2779-4091-b527-62eb07ee79d4"
"2009-08-02T17:20:16"	"1249233616"	"meleg"	"f75f1dac-d7b9-44e3-bd17-02bfb6e7a894"	"Ludditák"	"a0717328-2c99-473a-b35e-d7b657c88ab8"	"meleg"	"f75f1dac-d7b9-44e3-bd17-02bfb6e7a894"	"Ludditák"	"a0717328-2c99-473a-b35e-d7b657c88ab8"	"Tizenegyes"	"79793797-1aaa-47ad-b28a-8bdd16e3aeb9"	"Ludditák"	"a0717328-2c99-473a-b35e-d7b657c88ab8"
"2009-08-02T17:20:23"	"1249233623"	"Mámorba Táncba"	"d83ffddf-11de-4820-a3ae-bdf69ad2eb7f"	"30Y"	"0c77c6d8-53aa-4aeb-a209-5f60335cf1e3"	"Mámorba Táncba"	"d83ffddf-11de-4820-a3ae-bdf69ad2eb7f"	"30Y"	"0c77c6d8-53aa-4aeb-a209-5f60335cf1e3"	""	""	""	""
"2009-08-02T17:20:36"	"1249233636"	"Light Up the Stars"	"58ae00d5-ac7e-4f2e-9027-fd36a90f4e84"	"ColorStar"	"a7026996-8222-45bc-8361-91e8b48ef328"	"Light Up the Stars"	"58ae00d5-ac7e-4f2e-9027-fd36a90f4e84"	"ColorStar"	"a7026996-8222-45bc-8361-91e8b48ef328"	"Komfort"	"19f8f7e8-4c8b-47e4-bfec-40eae1f2be0b"	"ColorStar"	"a7026996-8222-45bc-8361-91e8b48ef328"
"2009-08-02T17:20:44"	"1249233644"	"Gankino Horo"	"20958028-9061-47b4-8925-071842a9a7dc"	"Csókolom"	"68245d0d-9d01-4bcb-9475-d8848840abed"	"Gankino Horo"	"20958028-9061-47b4-8925-071842a9a7dc"	"Csókolom"	"68245d0d-9d01-4bcb-9475-d8848840abed"	"May I Kiss Your Hand"	"0e25fa53-d302-489d-95dd-85b867c6f0e8"	"Csókolom"	"68245d0d-9d01-4bcb-9475-d8848840abed"
"2009-08-29T09:06:47"	"1251536807"	"Funeral March"	"03507355-0483-4094-9044-e8bcecd0a9e0"	"Frédéric Chopin"	""	"Funeral March"	"03507355-0483-4094-9044-e8bcecd0a9e0"	"Frédéric Chopin"	""	"CHOPIN: Piano Favourites"	"aade37f0-87b8-4d8d-8c63-2435e90d14ef"	"Frédéric Chopin"	""
"2009-09-01T07:04:23"	"1251788663"	"I Ignore All My Friends"	"ffe47003-8aee-4e2d-bc65-b0e4c7d1ffe6"	"The Boats"	"509dec18-0d85-4879-b666-fb9f4c233420"	"I Ignore All My Friends"	"ffe47003-8aee-4e2d-bc65-b0e4c7d1ffe6"	"The Boats"	"509dec18-0d85-4879-b666-fb9f4c233420"	"Songs by the Sea"	"1dc7fa3b-450a-4ceb-bf53-b9ed9f3d177b"	"The Boats"	"509dec18-0d85-4879-b666-fb9f4c233420"
"2009-09-01T07:32:56"	"1251790376"	"Squance"	"1f1df547-0e80-4b8d-b29e-bf3f137fcd8b"	"Plaid"	"7e54d133-2525-4bc0-ae94-65584145a386"	"Squance"	"1f1df547-0e80-4b8d-b29e-bf3f137fcd8b"	"Plaid"	"7e54d133-2525-4bc0-ae94-65584145a386"	"Double Figure"	"c79bb06b-c16b-457e-91a2-d038dc52e8e3"	"Plaid"	"7e54d133-2525-4bc0-ae94-65584145a386"
"2009-09-01T07:47:47"	"1251791267"	"Hasty Boom Alert"	"300d3ab4-b3a9-4904-b4d4-0794d4b22a18"	"µ-Ziq"	"aae5b930-c59c-4509-81a1-4e65e8f424e4"	"Hasty Boom Alert"	"300d3ab4-b3a9-4904-b4d4-0794d4b22a18"	"µ-Ziq"	"aae5b930-c59c-4509-81a1-4e65e8f424e4"	"Lunatic Harness"	"e6051970-03c3-3bb6-91bc-876a6f57ff68"	"µ-Ziq"	"aae5b930-c59c-4509-81a1-4e65e8f424e4"
"2009-09-01T16:53:04"	"1251823984"	"Terrapin (Mr Scruff Mix)"	"06b5c07d-eacd-42ce-8b2d-647571add065"	"Bonobo"	"6f7dea51-1d02-4be1-b138-92078518350c"	"Terrapin (Mr Scruff Mix)"	"06b5c07d-eacd-42ce-8b2d-647571add065"	"Bonobo"	"6f7dea51-1d02-4be1-b138-92078518350c"	"Sweetness"	""	"Various Artists"	"023671ff-b1ad-4133-a4f3-aadaaadfd2e0"
"2009-09-01T16:54:45"	"1251824085"	"King Wisp"	"5677a003-d892-438b-89b6-cb86d5b76ddf"	"Bent"	"0a77bec1-12ef-4caa-b36a-f533001fcd29"	"King Wisp"	"5677a003-d892-438b-89b6-cb86d5b76ddf"	"Bent"	"0a77bec1-12ef-4caa-b36a-f533001fcd29"	"The Everlasting Blink"	"1e26334d-3930-3659-acc1-8117362e3e7d"	"Bent"	"0a77bec1-12ef-4caa-b36a-f533001fcd29"
"2009-09-01T17:02:29"	"1251824549"	"Some Books and a Bookshelf..."	"b4b6b3a4-f082-416e-ab40-331ca3e64063"	"Aoki Takamasa"	"ce30feb8-6664-4262-8bf3-4e30f4730fc9"	"Some Books and a Bookshelf..."	"b4b6b3a4-f082-416e-ab40-331ca3e64063"	"Aoki Takamasa"	"ce30feb8-6664-4262-8bf3-4e30f4730fc9"	""	""	""	""
"2009-09-01T17:22:27"	"1251825747"	"Cemeteries of London"	"02c63f74-6577-4fef-86b3-879942c2fe3d"	"Coldplay"	"cc197bad-dc9c-440d-a5b5-d52ba2e14234"	"Cemeteries of London"	"02c63f74-6577-4fef-86b3-879942c2fe3d"	"Coldplay"	"cc197bad-dc9c-440d-a5b5-d52ba2e14234"	"Viva la Vida or Death and All His Friends"	"10c38900-3f35-4a09-a9cc-5c44ee2da0ed"	"Coldplay"	"cc197bad-dc9c-440d-a5b5-d52ba2e14234"
"2009-09-01T17:46:10"	"1251827170"	"2 Pi r"	""	"Clint Mansell"	"fc015f11-be38-4b7d-b3e8-5d809242ecec"	"2 Pi r"	""	"Clint Mansell"	"fc015f11-be38-4b7d-b3e8-5d809242ecec"	"Pi Soundtrack"	""	"Various Artists"	"023671ff-b1ad-4133-a4f3-aadaaadfd2e0"
"2009-09-01T17:47:29"	"1251827249"	"Les Avions en papier"	"0cef19cc-d635-4ddf-bd8a-e8eded61fdf9"	"Bruno Coulais"	"67175330-1151-4d56-a0c1-2c208be39f6c"	"Les Avions en papier"	"0cef19cc-d635-4ddf-bd8a-e8eded61fdf9"	"Bruno Coulais"	"67175330-1151-4d56-a0c1-2c208be39f6c"	"Les Choristes"	"00aa47cd-6e11-4b90-8316-8b90d4bb0a21"	"Bruno Coulais"	"67175330-1151-4d56-a0c1-2c208be39f6c"
"2009-09-01T17:47:39"	"1251827259"	"England Prevails"	"521c427a-568d-4298-bad8-e6ab08460112"	"Dario Marianelli"	"9af7a998-33f9-4900-9396-9b5e1862298d"	"England Prevails"	"521c427a-568d-4298-bad8-e6ab08460112"	"Dario Marianelli"	"9af7a998-33f9-4900-9396-9b5e1862298d"	"V For Vendetta: Music From The Motion Picture"	""	"Dario Marianelli"	"9af7a998-33f9-4900-9396-9b5e1862298d"
"2009-09-05T06:55:50"	"1252133750"	"Arabesque in C major"	""	"Robert Schumann"	"3cd3882c-00f8-4362-a0c2-ad89ed248533"	"Arabesque in C major"	""	"Robert Schumann"	"3cd3882c-00f8-4362-a0c2-ad89ed248533"	"SCHUMANN, R.: Symphonic Etudes / Albumblatter / Arabesque"	""	"Robert Schumann"	"3cd3882c-00f8-4362-a0c2-ad89ed248533"
"2009-09-14T04:23:47"	"1252902227"	"Lover's Day"	""	"TV on the Radio"	"eb872766-98f6-453d-883f-2ae908a18315"	"Lover's Day"	""	"TV on the Radio"	"eb872766-98f6-453d-883f-2ae908a18315"	""	""	""	""
"2009-09-14T04:53:02"	"1252903982"	"Automatic"	"2f6ebef5-bf36-48a5-9263-d88cc5d29368"	"The Dismemberment Plan"	"1131e5da-dfdf-46c9-b6ff-b7ac552c2a3c"	"Automatic"	"2f6ebef5-bf36-48a5-9263-d88cc5d29368"	"The Dismemberment Plan"	"1131e5da-dfdf-46c9-b6ff-b7ac552c2a3c"	"Change"	"1ca29d49-10fd-4262-baee-dc5cdc7212e3"	"The Dismemberment Plan"	"1131e5da-dfdf-46c9-b6ff-b7ac552c2a3c"
"2009-09-14T04:53:35"	"1252904015"	"Same Kooks"	"1d3c634a-ccd8-459a-a042-fdf259739c0b"	"The Hold Steady"	"4883523d-fc0e-4d0d-802c-91379e767083"	"Same Kooks"	"1d3c634a-ccd8-459a-a042-fdf259739c0b"	"The Hold Steady"	"4883523d-fc0e-4d0d-802c-91379e767083"	"Boys And Girls In America"	"49c50ee8-7c95-4301-b7ad-04e05de04a38"	"The Hold Steady"	"4883523d-fc0e-4d0d-802c-91379e767083"
"2009-09-14T04:53:42"	"1252904022"	"Approaching Pavonis Mons by Balloon (Utopia Planitia)"	"242277d5-210f-4648-94a5-7a37a6b01d91"	"The Flaming Lips"	"1f43d76f-8edf-44f6-aaf1-b65f05ad9402"	"Approaching Pavonis Mons by Balloon (Utopia Planitia)"	"242277d5-210f-4648-94a5-7a37a6b01d91"	"The Flaming Lips"	"1f43d76f-8edf-44f6-aaf1-b65f05ad9402"	"Yoshimi Battles The Pink Robots"	"13017f24-673f-433e-962f-e17f75a6ee3a"	"The Flaming Lips"	"1f43d76f-8edf-44f6-aaf1-b65f05ad9402"
"2009-09-20T06:41:29"	"1253428889"	"Part of the Queue"	"22f64a1a-7e87-4261-be25-2274c76c3207"	"Oasis"	"39ab1aed-75e0-4140-bd47-540276886b60"	"Part of the Queue"	"22f64a1a-7e87-4261-be25-2274c76c3207"	"Oasis"	"39ab1aed-75e0-4140-bd47-540276886b60"	"Don't Believe the Truth"	""	"Oasis"	"39ab1aed-75e0-4140-bd47-540276886b60"
"2010-01-08T15:18:11"	"1262963891"	"Superstylin'"	"0211161a-9100-4215-8738-4d84d07378d3"	"Groove Armada"	"35723b60-732e-4bd8-957f-320b416e7b7f"	"Superstylin'"	"0211161a-9100-4215-8738-4d84d07378d3"	"Groove Armada"	"35723b60-732e-4bd8-957f-320b416e7b7f"	"Goodbye Country (Hello Nightclub)"	"05142b87-6f1b-4219-9576-6bfe57aa3d19"	"Groove Armada"	"35723b60-732e-4bd8-957f-320b416e7b7f"
"2010-01-08T15:18:15"	"1262963895"	"Strict Machine"	"b2184c74-7e83-4f87-992d-b61c304d9eed"	"Goldfrapp"	"7b885d42-3c41-4f43-9944-a5855ec5155e"	"Strict Machine"	"b2184c74-7e83-4f87-992d-b61c304d9eed"	"Goldfrapp"	"7b885d42-3c41-4f43-9944-a5855ec5155e"	"Black Cherry"	"6947767b-13f9-4232-b88a-6c579dd09901"	"Goldfrapp"	"7b885d42-3c41-4f43-9944-a5855ec5155e"
"2010-01-13T15:48:46"	"1263397726"	"Photobooth"	"4d360c77-67b5-41e3-8209-15a9a7ba6319"	"Friendly Fires"	"ef656595-bbe8-4386-8953-be8df9f54472"	"Photobooth"	"4d360c77-67b5-41e3-8209-15a9a7ba6319"	"Friendly Fires"	"ef656595-bbe8-4386-8953-be8df9f54472"	"Photobooth EP"	""	"Friendly Fires"	"ef656595-bbe8-4386-8953-be8df9f54472"
"2010-01-13T15:51:29"	"1263397889"	"Second Glance"	""	"Mobile Wash Unit"	""	"Second Glance"	""	"Mobile Wash Unit"	""	"Tent"	""	"Mobile Wash Unit"	""
"2010-01-25T22:48:47"	"1264459727"	"Salam"	"ba55c8bb-9be7-4bd6-a2ba-c4182fa0d77c"	"Youcef"	"b4c931b8-0577-4e66-94f8-76b988e5ead3"	"Salam"	"ba55c8bb-9be7-4bd6-a2ba-c4182fa0d77c"	"Youcef"	"b4c931b8-0577-4e66-94f8-76b988e5ead3"	"Tea In Marrakech"	"4d1e87f3-1e18-4cba-90ae-c670eefca884"	"Various Artists"	"023671ff-b1ad-4133-a4f3-aadaaadfd2e0"
"2010-01-27T00:00:36"	"1264550436"	"New Slang"	"af725905-9398-4434-89f4-966ccf413c79"	"The Shins"	"6c8b9855-ba8b-48f9-ac1d-42167f7f7b18"	"New Slang"	"af725905-9398-4434-89f4-966ccf413c79"	"The Shins"	"6c8b9855-ba8b-48f9-ac1d-42167f7f7b18"	"Oh, Inverted World"	"2f1b11bf-5dfe-450e-9db9-6b7804dc90eb"	"The Shins"	"6c8b9855-ba8b-48f9-ac1d-42167f7f7b18"
"2010-01-27T00:32:01"	"1264552321"	"Ludlow St."	"2afc0730-2c0a-484d-a44a-9cd368e722b1"	"Julian Casablancas"	"c5ce487b-0462-444e-a184-4de0fef7e028"	"Ludlow St."	"2afc0730-2c0a-484d-a44a-9cd368e722b1"	"Julian Casablancas"	"c5ce487b-0462-444e-a184-4de0fef7e028"	""	""	""	""
"2010-01-27T00:32:20"	"1264552340"	"The View from the Afternoon"	"123e75e7-a26b-4685-814a-58b7106e425f"	"Arctic Monkeys"	"ada7a83c-e3e1-40f1-93f9-3e73dbc9298a"	"The View from the Afternoon"	"123e75e7-a26b-4685-814a-58b7106e425f"	"Arctic Monkeys"	"ada7a83c-e3e1-40f1-93f9-3e73dbc9298a"	"Whatever People Say I Am, That's What I'm Not"	""	"Arctic Monkeys"	"ada7a83c-e3e1-40f1-93f9-3e73dbc9298a"
"2010-01-27T01:01:09"	"1264554069"	"Bi Seni Konusurum"	""	"Göksel"	"bbdc391d-76c5-4e15-9d0e-71f887a5ff1c"	"Bi Seni Konusurum"	""	"Göksel"	"bbdc391d-76c5-4e15-9d0e-71f887a5ff1c"	"Arka Bahcem"	""	"Göksel"	"bbdc391d-76c5-4e15-9d0e-71f887a5ff1c"
"2010-01-31T00:41:56"	"1264898516"	"Anex"	"689b6f83-7596-467b-b129-a9d2bc1c2747"	"Adam Johnson"	"450befb4-bf48-4f90-9e8c-9a7966b5611f"	"Anex"	"689b6f83-7596-467b-b129-a9d2bc1c2747"	"Adam Johnson"	"450befb4-bf48-4f90-9e8c-9a7966b5611f"	"Chigliak"	"ee2c105f-858b-40bf-8e72-4abc50f74aec"	"Adam Johnson"	"450befb4-bf48-4f90-9e8c-9a7966b5611f"
"2010-01-31T00:42:58"	"1264898578"	"Bicom"	"3743a35f-ce39-4513-bb46-5289ea9d531d"	"Monolake"	"cedf92fe-eba1-45e2-ba16-b1b6af5169b8"	"Bicom"	"3743a35f-ce39-4513-bb46-5289ea9d531d"	"Monolake"	"cedf92fe-eba1-45e2-ba16-b1b6af5169b8"	"Cinemascope"	"168ccfd0-da6d-4eed-9b58-6427047f3c05"	"Monolake"	"cedf92fe-eba1-45e2-ba16-b1b6af5169b8"
"2010-01-31T00:45:38"	"1264898738"	"footprints and secrets"	"235a13c4-aa07-42b5-9047-185d05c4b1cb"	"Maps and Diagrams"	"7441bccd-67f4-4294-90d9-f9fd1bb4a37e"	"footprints and secrets"	"235a13c4-aa07-42b5-9047-185d05c4b1cb"	"Maps and Diagrams"	"7441bccd-67f4-4294-90d9-f9fd1bb4a37e"	"Antennas And Signals"	"d09c9884-1467-45d5-b668-c0fffe0b4b53"	"Maps and Diagrams"	"7441bccd-67f4-4294-90d9-f9fd1bb4a37e"
"2010-01-31T00:45:42"	"1264898742"	"Ithaca"	"a9a4db2f-0438-41a8-b299-26f0662a6d95"	"Cepia"	"073e03c4-871b-43c8-b038-05bcd7a9f812"	"Ithaca"	"a9a4db2f-0438-41a8-b299-26f0662a6d95"	"Cepia"	"073e03c4-871b-43c8-b038-05bcd7a9f812"	""	""	""	""
"2010-01-31T15:33:47"	"1264952027"	"An Owl With Knees"	"76c2655b-1ab2-4922-8b74-43b4db903ae6"	"The Books"	"1270af14-9c17-4400-8ebb-3f0ac40dcfb0"	"An Owl With Knees"	"76c2655b-1ab2-4922-8b74-43b4db903ae6"	"The Books"	"1270af14-9c17-4400-8ebb-3f0ac40dcfb0"	"Lost and Safe"	"1e1174f6-328d-40d5-a480-f757c880e753"	"The Books"	"1270af14-9c17-4400-8ebb-3f0ac40dcfb0"
"2010-01-31T16:33:02"	"1264955582"	"Let It Down"	"1c72b6c9-69ce-4cd3-9b63-b5a456f73ab9"	"George Harrison"	"3bccbe10-3478-4f89-8485-3baccc445826"	"Let It Down"	"1c72b6c9-69ce-4cd3-9b63-b5a456f73ab9"	"George Harrison"	"3bccbe10-3478-4f89-8485-3baccc445826"	"All Things Must Pass"	"09f91730-85f7-4148-b31c-ff62b14fcd3e"	"George Harrison"	"3bccbe10-3478-4f89-8485-3baccc445826"
"2010-01-31T16:33:07"	"1264955587"	"Think About You"	"54bb0045-1218-4bd4-958f-e85551997418"	"Ringo Starr"	"300c4c73-33ac-4255-9d57-4e32627f5e13"	"Think About You"	"54bb0045-1218-4bd4-958f-e85551997418"	"Ringo Starr"	"300c4c73-33ac-4255-9d57-4e32627f5e13"	"Liverpool 8"	"37de94b4-cff4-4f46-8501-8e2f2952d50a"	"Ringo Starr"	"300c4c73-33ac-4255-9d57-4e32627f5e13"
"2010-01-31T16:33:11"	"1264955591"	"Maybe I'm Amazed (2001 Digital Remaster)"	""	"Paul & Linda McCartney"	"0f7f36b3-624f-4ec0-aeb9-31459d159dbc"	"Maybe I'm Amazed (2001 Digital Remaster)"	""	"Paul & Linda McCartney"	"0f7f36b3-624f-4ec0-aeb9-31459d159dbc"	"Wingspan - Paul McCartney Hits And History"	""	"Paul McCartney"	"ba550d0e-adac-4864-b88b-407cab5e76af"
"2010-01-31T16:33:14"	"1264955594"	"Mull Of Kintyre"	"0a9c6a69-e379-40d1-b08c-bd0c28a5facb"	"Wings"	"212ce99e-bfdc-4bd2-a3d9-d44de2ec2679"	"Mull Of Kintyre"	"0a9c6a69-e379-40d1-b08c-bd0c28a5facb"	"Wings"	"212ce99e-bfdc-4bd2-a3d9-d44de2ec2679"	"Around The Old Town"	""	"Various Artists"	"023671ff-b1ad-4133-a4f3-aadaaadfd2e0"
"2010-01-31T16:33:22"	"1264955602"	"People Are Strange"	"2f98b9b8-9124-432d-83ba-cb29094f0141"	"The Doors"	"9efff43b-3b29-4082-824e-bc82f646f93d"	"People Are Strange"	"2f98b9b8-9124-432d-83ba-cb29094f0141"	"The Doors"	"9efff43b-3b29-4082-824e-bc82f646f93d"	"Greatest Hits"	"87952622-7dd2-4038-aecf-2e926e058eed"	"The Doors"	"9efff43b-3b29-4082-824e-bc82f646f93d"
"2010-02-02T21:17:56"	"1265145476"	"Sold! To the Nice Rich Man"	"0089f804-1784-4ed2-9ec1-c7e6893a0046"	"The Welcome Wagon"	"6b462ae4-d92b-465c-b00a-b50f942f4e7c"	"Sold! To the Nice Rich Man"	"0089f804-1784-4ed2-9ec1-c7e6893a0046"	"The Welcome Wagon"	"6b462ae4-d92b-465c-b00a-b50f942f4e7c"	""	""	""	""
"2010-02-03T03:27:26"	"1265167646"	"Exit Music (for a Film)"	"5d62ab3d-f2d4-48b6-906e-165cc0e4baf7"	"Vampire Weekend"	"af37c51c-0790-4a29-b995-456f98a6b8c9"	"Exit Music (for a Film)"	"5d62ab3d-f2d4-48b6-906e-165cc0e4baf7"	"Vampire Weekend"	"af37c51c-0790-4a29-b995-456f98a6b8c9"	"Stereogum Presents... OK X: A Tribute To OK Computer"	""	"Various Artists"	"023671ff-b1ad-4133-a4f3-aadaaadfd2e0"
"2010-02-03T03:29:07"	"1265167747"	"Without You"	"c7af06fc-788c-4ef3-a148-7108b8dec27f"	"Empire of the Sun"	"ac7e838c-3d95-47c2-92a9-81767ad7c217"	"Without You"	"c7af06fc-788c-4ef3-a148-7108b8dec27f"	"Empire of the Sun"	"ac7e838c-3d95-47c2-92a9-81767ad7c217"	""	""	""	""
"2010-02-07T10:35:32"	"1265538932"	"Exit Music (for a Film)"	"5d62ab3d-f2d4-48b6-906e-165cc0e4baf7"	"Vampire Weekend"	"af37c51c-0790-4a29-b995-456f98a6b8c9"	"Exit Music (for a Film)"	"5d62ab3d-f2d4-48b6-906e-165cc0e4baf7"	"Vampire Weekend"	"af37c51c-0790-4a29-b995-456f98a6b8c9"	"Stereogum Presents... OK X: A Tribute To OK Computer"	""	"Various Artists"	"023671ff-b1ad-4133-a4f3-aadaaadfd2e0"
"2010-03-03T17:03:19"	"1267635799"	"raindrops"	"b9256842-b284-4066-9699-74693497f874"	"Mr. Meeble"	"c5e42662-0c32-4403-8210-6c5df6b8e1ba"	"raindrops"	"b9256842-b284-4066-9699-74693497f874"	"Mr. Meeble"	"c5e42662-0c32-4403-8210-6c5df6b8e1ba"	""	""	""	""
"2010-03-03T17:49:19"	"1267638559"	"Mistletoe"	"05a53a0e-94f4-4572-a42d-de84d89a24a9"	"Colbie Caillat"	"99b72a79-d049-4538-8d90-f3760309409e"	"Mistletoe"	"05a53a0e-94f4-4572-a42d-de84d89a24a9"	"Colbie Caillat"	"99b72a79-d049-4538-8d90-f3760309409e"	"Mistletoe"	"32306928-689e-4149-a8c1-534a11a68fc6"	"Colbie Caillat"	"99b72a79-d049-4538-8d90-f3760309409e"
"2010-03-07T19:55:30"	"1267991730"	"Fall of Stone"	"4d92eacf-29d7-4019-afd9-63e408c5cac3"	"Winter North Atlantic"	"069fd488-3b0e-42b0-9409-31fa467608fc"	"Fall of Stone"	"4d92eacf-29d7-4019-afd9-63e408c5cac3"	"Winter North Atlantic"	"069fd488-3b0e-42b0-9409-31fa467608fc"	"A Memento for Dr Mori"	""	"Winter North Atlantic"	"069fd488-3b0e-42b0-9409-31fa467608fc"
"2010-03-09T18:37:23"	"1268159843"	"It's Summertime"	""	"The Flaming Lips"	"1f43d76f-8edf-44f6-aaf1-b65f05ad9402"	"It's Summertime"	""	"The Flaming Lips"	"1f43d76f-8edf-44f6-aaf1-b65f05ad9402"	"Yoshimi Battles The Pink Robots"	"13017f24-673f-433e-962f-e17f75a6ee3a"	"The Flaming Lips"	"1f43d76f-8edf-44f6-aaf1-b65f05ad9402"
"2010-03-09T18:37:47"	"1268159867"	"Summer Baby"	""	"Pavement"	"36bfa85f-737b-41db-a8fc-b8825850ffc3"	"Summer Baby"	""	"Pavement"	"36bfa85f-737b-41db-a8fc-b8825850ffc3"	"Westing (By Musket and Sextant)"	"da7a8255-7049-4e92-aa71-d17e2f26ee50"	"Pavement"	"36bfa85f-737b-41db-a8fc-b8825850ffc3"
"2010-03-09T18:38:02"	"1268159882"	"Time Trap"	"023684c4-b48c-4b5e-aaf8-c06e396b9445"	"Built to Spill"	"3ac482b8-1494-4071-a0e9-f192f9d2c2b0"	"Time Trap"	"023684c4-b48c-4b5e-aaf8-c06e396b9445"	"Built to Spill"	"3ac482b8-1494-4071-a0e9-f192f9d2c2b0"	"Keep It Like a Secret"	"4eac7bfa-5248-4d9c-9114-87d97d7fea31"	"Built to Spill"	"3ac482b8-1494-4071-a0e9-f192f9d2c2b0"
"2010-03-09T18:38:28"	"1268159908"	"Opus 40"	"06db537d-fe06-432f-836b-2418347bbb46"	"Mercury Rev"	"7b1cf87e-c54f-4abc-893d-90245a31900d"	"Opus 40"	"06db537d-fe06-432f-836b-2418347bbb46"	"Mercury Rev"	"7b1cf87e-c54f-4abc-893d-90245a31900d"	"Deserter's Songs"	"c158adac-e9aa-4d2b-a625-a9a4252153dc"	"Mercury Rev"	"7b1cf87e-c54f-4abc-893d-90245a31900d"
"2010-03-09T18:38:32"	"1268159912"	"Fire It Up"	"6fe9c494-2288-4421-a495-dae909370220"	"Modest Mouse"	"a96ac800-bfcb-412a-8a63-0a98df600700"	"Fire It Up"	"6fe9c494-2288-4421-a495-dae909370220"	"Modest Mouse"	"a96ac800-bfcb-412a-8a63-0a98df600700"	"We Were Dead Before The Ship Even Sank"	"d63d427d-499c-4eb4-996e-535e36013766"	"Modest Mouse"	"a96ac800-bfcb-412a-8a63-0a98df600700"
"2010-03-09T18:42:38"	"1268160158"	"Bees"	"8a2bef25-238b-4f3f-a53e-2bf438019294"	"Animal Collective"	"0c751690-c784-4a4f-b1e4-c1de27d47581"	"Bees"	"8a2bef25-238b-4f3f-a53e-2bf438019294"	"Animal Collective"	"0c751690-c784-4a4f-b1e4-c1de27d47581"	"Feels"	"1ddb09aa-e6e7-3c50-9204-406bd0fadf4d"	"Animal Collective"	"0c751690-c784-4a4f-b1e4-c1de27d47581"
"2010-03-09T18:42:41"	"1268160161"	"Two-Headed Boy"	"a14325a0-0e65-412a-9338-f6da554304f9"	"Neutral Milk Hotel"	"a506f761-2c22-4b2f-8a94-bd748c2c8f75"	"Two-Headed Boy"	"a14325a0-0e65-412a-9338-f6da554304f9"	"Neutral Milk Hotel"	"a506f761-2c22-4b2f-8a94-bd748c2c8f75"	"In the Aeroplane Over the Sea"	"023fcf90-dca7-4a4e-a4e2-ed0eaba78f9e"	"Neutral Milk Hotel"	"a506f761-2c22-4b2f-8a94-bd748c2c8f75"
"2010-03-09T18:42:46"	"1268160166"	"2080"	"62510df7-d4e2-4ff0-9ca0-f8e65ad73ee1"	"Yeasayer"	"3feba7fa-3837-424a-b4f1-0077d217f569"	"2080"	"62510df7-d4e2-4ff0-9ca0-f8e65ad73ee1"	"Yeasayer"	"3feba7fa-3837-424a-b4f1-0077d217f569"	"All Hour Cymbals"	"55318661-9673-4bab-91cf-421c84b8701f"	"Yeasayer"	"3feba7fa-3837-424a-b4f1-0077d217f569"
"2010-03-09T18:42:48"	"1268160168"	"War on War"	"6f4fed33-cd8d-4bd6-a9d1-6317971b6740"	"Wilco"	"9e53f84d-ef44-4c16-9677-5fd4d78cbd7d"	"War on War"	"6f4fed33-cd8d-4bd6-a9d1-6317971b6740"	"Wilco"	"9e53f84d-ef44-4c16-9677-5fd4d78cbd7d"	"Yankee Hotel Foxtrot"	"d67d3f47-f7b5-45fe-9567-a237746a6105"	"Wilco"	"9e53f84d-ef44-4c16-9677-5fd4d78cbd7d"
"2010-03-09T23:35:51"	"1268177751"	"Breaking It Up"	"4021370b-ad07-40fd-bb1e-4d1b8791b929"	"Lykke Li"	"cc7d4686-ea02-45fd-956e-94c1a322558c"	"Breaking It Up"	"4021370b-ad07-40fd-bb1e-4d1b8791b929"	"Lykke Li"	"cc7d4686-ea02-45fd-956e-94c1a322558c"	"Youth Novels"	"e633eb6f-a54b-4ba9-8aa8-92f35f2ac259"	"Lykke Li"	"cc7d4686-ea02-45fd-956e-94c1a322558c"
"2010-03-09T23:36:14"	"1268177774"	"Another Runaway"	"2d85d4e3-8dc4-40e7-b8c7-b44c92d71c47"	"Ladyhawke"	"2e547c75-36c1-49d0-984e-b14498c936f0"	"Another Runaway"	"2d85d4e3-8dc4-40e7-b8c7-b44c92d71c47"	"Ladyhawke"	"2e547c75-36c1-49d0-984e-b14498c936f0"	""	""	""	""
"2010-03-09T23:37:09"	"1268177829"	"Burial"	"e27db911-aa78-4c05-b66b-8d1a3269e6b1"	"Miike Snow"	"753a1564-aaef-4d39-bc68-4a8d5e328cf7"	"Burial"	"e27db911-aa78-4c05-b66b-8d1a3269e6b1"	"Miike Snow"	"753a1564-aaef-4d39-bc68-4a8d5e328cf7"	""	""	""	""
"2010-03-09T23:38:25"	"1268177905"	"Home Sweet Home"	"b301c924-f5e7-4fdd-8dac-2e6d137c6a7a"	"Those Dancing Days"	"cb50b2a7-a2cd-4099-961f-e8b71abb7dfa"	"Home Sweet Home"	"b301c924-f5e7-4fdd-8dac-2e6d137c6a7a"	"Those Dancing Days"	"cb50b2a7-a2cd-4099-961f-e8b71abb7dfa"	""	""	""	""
"2010-04-19T22:29:28"	"1271716168"	"Exit Music (for a Film)"	"5d62ab3d-f2d4-48b6-906e-165cc0e4baf7"	"Vampire Weekend"	"af37c51c-0790-4a29-b995-456f98a6b8c9"	"Exit Music (for a Film)"	"5d62ab3d-f2d4-48b6-906e-165cc0e4baf7"	"Vampire Weekend"	"af37c51c-0790-4a29-b995-456f98a6b8c9"	"Stereogum Presents... OK X: A Tribute To OK Computer"	""	"Various Artists"	"023671ff-b1ad-4133-a4f3-aadaaadfd2e0"
"2010-04-19T22:29:32"	"1271716172"	"Rome"	"698da713-fe03-4b11-aad6-140bc424053b"	"Phoenix"	"02f4c1ff-65e0-4412-8e8b-6239b0faecb5"	"Rome"	"698da713-fe03-4b11-aad6-140bc424053b"	"Phoenix"	"02f4c1ff-65e0-4412-8e8b-6239b0faecb5"	"Wolfgang Amadeus Phoenix"	"7289292c-5fe4-36de-b635-f80581d1182e"	"Phoenix"	"02f4c1ff-65e0-4412-8e8b-6239b0faecb5"
"2010-04-19T22:29:35"	"1271716175"	"Can You Tell"	"707be2af-4cb2-4f1b-9931-dbd6bf9bb17d"	"Ra Ra Riot"	"d8f63b51-73e0-4f65-8bd3-bcfe6892fb0e"	"Can You Tell"	"707be2af-4cb2-4f1b-9931-dbd6bf9bb17d"	"Ra Ra Riot"	"d8f63b51-73e0-4f65-8bd3-bcfe6892fb0e"	"Ra Ra Riot"	"5875a3e7-f952-4772-81c6-ee96b435205f"	"Ra Ra Riot"	"d8f63b51-73e0-4f65-8bd3-bcfe6892fb0e"
"2010-04-19T22:29:41"	"1271716181"	"Anchorage"	"c4a377ba-476f-4d91-899e-1d7a60c8538a"	"Surfer Blood"	"f11ab2aa-4a60-49b2-b37b-505a05b5d179"	"Anchorage"	"c4a377ba-476f-4d91-899e-1d7a60c8538a"	"Surfer Blood"	"f11ab2aa-4a60-49b2-b37b-505a05b5d179"	"Astro Coast"	"42225785-2dc4-4ecf-b791-8c6b074a60d5"	"Surfer Blood"	"f11ab2aa-4a60-49b2-b37b-505a05b5d179"
"2010-05-01T20:57:33"	"1272747453"	"Bring Out Your Dead"	"ce680f23-80b2-4a78-b252-518a4ba48cdc"	"Friendly Fires"	"ef656595-bbe8-4386-8953-be8df9f54472"	"Bring Out Your Dead"	"ce680f23-80b2-4a78-b252-518a4ba48cdc"	"Friendly Fires"	"ef656595-bbe8-4386-8953-be8df9f54472"	"Cross The Line EP"	"e06aa30c-e1ba-4eb4-bef7-f626f29ded28"	"Friendly Fires"	"ef656595-bbe8-4386-8953-be8df9f54472"
"2010-05-10T22:00:41"	"1273528841"	"Exit Music (for a Film)"	"5d62ab3d-f2d4-48b6-906e-165cc0e4baf7"	"Vampire Weekend"	"af37c51c-0790-4a29-b995-456f98a6b8c9"	"Exit Music (for a Film)"	"5d62ab3d-f2d4-48b6-906e-165cc0e4baf7"	"Vampire Weekend"	"af37c51c-0790-4a29-b995-456f98a6b8c9"	"Stereogum Presents... OK X: A Tribute To OK Computer"	""	"Various Artists"	"023671ff-b1ad-4133-a4f3-aadaaadfd2e0"
"2010-06-03T10:06:09"	"1275559569"	"Glimpse of Maria"	""	"岩代太郎"	"9036aa01-4bc5-403b-ba4a-ddc39dac7e2f"	"Glimpse of Maria"	""	"岩代太郎"	"9036aa01-4bc5-403b-ba4a-ddc39dac7e2f"	""	""	""	""
"2010-06-04T00:20:45"	"1275610845"	"Bring Out Your Dead"	"ce680f23-80b2-4a78-b252-518a4ba48cdc"	"Friendly Fires"	"ef656595-bbe8-4386-8953-be8df9f54472"	"Bring Out Your Dead"	"ce680f23-80b2-4a78-b252-518a4ba48cdc"	"Friendly Fires"	"ef656595-bbe8-4386-8953-be8df9f54472"	"Cross The Line EP"	"e06aa30c-e1ba-4eb4-bef7-f626f29ded28"	"Friendly Fires"	"ef656595-bbe8-4386-8953-be8df9f54472"
"2010-06-04T00:21:20"	"1275610880"	"Undercover Martyn"	"386a0937-da7a-4cb6-a12e-e843adcbf376"	"Two Door Cinema Club"	"6f1de078-6684-4792-820d-2ffad64c15ed"	"Undercover Martyn"	"386a0937-da7a-4cb6-a12e-e843adcbf376"	"Two Door Cinema Club"	"6f1de078-6684-4792-820d-2ffad64c15ed"	"Tourist History"	"76d0d68c-8077-4cfa-b709-9e1d1b733759"	"Two Door Cinema Club"	"6f1de078-6684-4792-820d-2ffad64c15ed"
"2010-06-04T00:21:33"	"1275610893"	"Sex City"	"1bcbbf93-bd29-4ae5-bf3c-eb7dbf90c24e"	"Van She"	"a05b1b41-e959-4867-9f04-ee7ae15fa047"	"Sex City"	"1bcbbf93-bd29-4ae5-bf3c-eb7dbf90c24e"	"Van She"	"a05b1b41-e959-4867-9f04-ee7ae15fa047"	"Van She EP"	""	"Van She"	"a05b1b41-e959-4867-9f04-ee7ae15fa047"
"2010-06-04T00:21:35"	"1275610895"	"Little Secrets"	"6519f25d-1c27-42b8-b6ad-28604b6225bd"	"Passion Pit"	"daeec599-bf5d-4428-994a-e76ba5f86e2f"	"Little Secrets"	"6519f25d-1c27-42b8-b6ad-28604b6225bd"	"Passion Pit"	"daeec599-bf5d-4428-994a-e76ba5f86e2f"	"Manners"	"4ae747c7-64f6-4426-b385-a7870f71b133"	"Passion Pit"	"daeec599-bf5d-4428-994a-e76ba5f86e2f"
"2010-06-04T00:21:56"	"1275610916"	"This Momentary"	"73960481-66fc-4743-8eda-866f09d48439"	"Delphic"	"01ab4dea-a4eb-419c-ae2b-dd0b7bc78883"	"This Momentary"	"73960481-66fc-4743-8eda-866f09d48439"	"Delphic"	"01ab4dea-a4eb-419c-ae2b-dd0b7bc78883"	"Acolyte"	"5cac29b4-3c6b-46a5-8abb-79bb7fba623d"	"Delphic"	"01ab4dea-a4eb-419c-ae2b-dd0b7bc78883"
"2010-06-04T00:22:07"	"1275610927"	"Sixteen"	"f022f949-209e-4a6b-b1fd-c5d2f3cc9cd0"	"Bombay Bicycle Club"	"0ae49abe-d6af-44fa-8ab0-b9ace5690e6f"	"Sixteen"	"f022f949-209e-4a6b-b1fd-c5d2f3cc9cd0"	"Bombay Bicycle Club"	"0ae49abe-d6af-44fa-8ab0-b9ace5690e6f"	"The Boy I Used to Be"	"cb9818dd-1028-3419-b750-4ce5e8edb100"	"Bombay Bicycle Club"	"0ae49abe-d6af-44fa-8ab0-b9ace5690e6f"
"2010-07-31T08:42:30"	"1280565750"	"Electric Feel (Justice Remix)"	"05037fb1-6135-4631-b758-8e04633c05e9"	"MGMT"	"50e6288e-3db5-4253-ae51-5e8738ef2c31"	"Electric Feel (Justice Remix)"	"05037fb1-6135-4631-b758-8e04633c05e9"	"MGMT"	"50e6288e-3db5-4253-ae51-5e8738ef2c31"	"Electric Feel"	"343b8994-b8b3-48ef-ad00-0a1c6749f3a4"	"MGMT"	"50e6288e-3db5-4253-ae51-5e8738ef2c31"
"2010-07-31T08:42:37"	"1280565757"	"O.A.V.I.P."	"1f37429e-97b3-4c35-bc2f-5df9046507b1"	"The Maccabees"	"83b86967-6b1a-4ca8-9cf0-c7cfe047ef3f"	"O.A.V.I.P."	"1f37429e-97b3-4c35-bc2f-5df9046507b1"	"The Maccabees"	"83b86967-6b1a-4ca8-9cf0-c7cfe047ef3f"	"Colour It In"	"1239e881-1cca-4be6-b738-ce843bf213b9"	"The Maccabees"	"83b86967-6b1a-4ca8-9cf0-c7cfe047ef3f"
"2010-07-31T08:42:42"	"1280565762"	"All My Friends"	"1c07945c-236b-4957-9d00-03b596f5a3b5"	"LCD Soundsystem"	"2aaf7396-6ab8-40f3-9776-a41c42c8e26b"	"All My Friends"	"1c07945c-236b-4957-9d00-03b596f5a3b5"	"LCD Soundsystem"	"2aaf7396-6ab8-40f3-9776-a41c42c8e26b"	"Sound Of Silver"	"7461ca27-65e8-4106-a75e-de068dc3a619"	"LCD Soundsystem"	"2aaf7396-6ab8-40f3-9776-a41c42c8e26b"
"2010-07-31T08:42:47"	"1280565767"	"Learn to Lose"	"287e0b85-ce1b-4cea-a395-b09337149a4c"	"Hockey"	"0f1c12c9-15d7-4dbd-918f-4d6148423385"	"Learn to Lose"	"287e0b85-ce1b-4cea-a395-b09337149a4c"	"Hockey"	"0f1c12c9-15d7-4dbd-918f-4d6148423385"	"Mind Chaos"	"45a2fe79-d494-4835-b70b-96984a056023"	"Hockey"	"0f1c12c9-15d7-4dbd-918f-4d6148423385"
"2010-08-19T19:52:44"	"1282247564"	"Photobooth"	"4d360c77-67b5-41e3-8209-15a9a7ba6319"	"Friendly Fires"	"ef656595-bbe8-4386-8953-be8df9f54472"	"Photobooth"	"4d360c77-67b5-41e3-8209-15a9a7ba6319"	"Friendly Fires"	"ef656595-bbe8-4386-8953-be8df9f54472"	"Photobooth EP"	""	"Friendly Fires"	"ef656595-bbe8-4386-8953-be8df9f54472"
"2010-08-19T19:52:50"	"1282247570"	"Clubbed to Death"	"d381eee1-12b1-4af1-9537-c8662612033e"	"Rob Dougan"	"19f1a3c4-aae2-4818-9bbe-bdb30af32f6a"	"Clubbed to Death"	"d381eee1-12b1-4af1-9537-c8662612033e"	"Rob Dougan"	"19f1a3c4-aae2-4818-9bbe-bdb30af32f6a"	"Furious Angels + Bonus..."	""	"Rob Dougan"	"19f1a3c4-aae2-4818-9bbe-bdb30af32f6a"
"2010-08-19T19:52:53"	"1282247573"	"Bright Pink Bookmark"	"e0ff4a85-0fc1-4f7f-9101-00b3d7790e0b"	"Frightened Rabbit"	"dc21d171-7204-4759-9fd0-77d031aeb40c"	"Bright Pink Bookmark"	"e0ff4a85-0fc1-4f7f-9101-00b3d7790e0b"	"Frightened Rabbit"	"dc21d171-7204-4759-9fd0-77d031aeb40c"	"The Midnight Organ Fight"	"c3df7206-f769-49bb-9f57-2f6110c65621"	"Frightened Rabbit"	"dc21d171-7204-4759-9fd0-77d031aeb40c"
"2010-08-19T19:53:01"	"1282247581"	"Us v Them"	"4f6672c4-609d-4a2d-a601-1b1b540632f1"	"LCD Soundsystem"	"2aaf7396-6ab8-40f3-9776-a41c42c8e26b"	"Us v Them"	"4f6672c4-609d-4a2d-a601-1b1b540632f1"	"LCD Soundsystem"	"2aaf7396-6ab8-40f3-9776-a41c42c8e26b"	"Sound Of Silver"	"7461ca27-65e8-4106-a75e-de068dc3a619"	"LCD Soundsystem"	"2aaf7396-6ab8-40f3-9776-a41c42c8e26b"
"2010-08-19T19:53:07"	"1282247587"	"Don't Stop"	"677d1df8-6ccf-434d-972a-d7b9b0197b2c"	"Brazilian Girls"	"8b2350de-b682-4fe7-ad8f-4508d7b6c697"	"Don't Stop"	"677d1df8-6ccf-434d-972a-d7b9b0197b2c"	"Brazilian Girls"	"8b2350de-b682-4fe7-ad8f-4508d7b6c697"	"Brazilian Girls"	"75735819-6bca-42bf-a807-5d456f277dbd"	"Brazilian Girls"	"8b2350de-b682-4fe7-ad8f-4508d7b6c697"
"2010-08-19T19:58:02"	"1282247882"	"Ghosts N Stuff"	"05542e90-747e-439e-840a-fac5c246c444"	"deadmau5"	"316f2aab-3477-4c62-bb08-eb04dcdcc18f"	"Ghosts N Stuff"	"05542e90-747e-439e-840a-fac5c246c444"	"deadmau5"	"316f2aab-3477-4c62-bb08-eb04dcdcc18f"	"BPM:TV DANCE 2009"	""	"Various Artists"	"023671ff-b1ad-4133-a4f3-aadaaadfd2e0"
"2010-08-19T19:58:04"	"1282247884"	"Too Too Too Fast"	"1f4924d8-7957-47a9-9d95-a5000e44ecb2"	"Ra Ra Riot"	"d8f63b51-73e0-4f65-8bd3-bcfe6892fb0e"	"Too Too Too Fast"	"1f4924d8-7957-47a9-9d95-a5000e44ecb2"	"Ra Ra Riot"	"d8f63b51-73e0-4f65-8bd3-bcfe6892fb0e"	"The Rhumb Line"	"de65757f-bc8d-415b-89e0-298712b5f741"	"Ra Ra Riot"	"d8f63b51-73e0-4f65-8bd3-bcfe6892fb0e"
"2010-08-19T20:38:24"	"1282250304"	"La belle et le bad boy"	"83373005-0146-4eb4-95e8-9e6cac95fc6e"	"MC Solaar"	"bbbd2644-b4cb-4bb5-a442-315310f68a0b"	"La belle et le bad boy"	"83373005-0146-4eb4-95e8-9e6cac95fc6e"	"MC Solaar"	"bbbd2644-b4cb-4bb5-a442-315310f68a0b"	"Cinquième as"	"f4ccbe48-b636-4b59-8fd2-06a305181e77"	"MC Solaar"	"bbbd2644-b4cb-4bb5-a442-315310f68a0b"
"2010-08-19T20:38:25"	"1282250305"	"Work, Work, Work (Pub, Club, Sleep)"	"9d62ffa8-18d6-4aea-8b31-cfc451e7a5f4"	"The Rakes"	"69ddb6e2-4a4c-4340-b426-c39fc4461122"	"Work, Work, Work (Pub, Club, Sleep)"	"9d62ffa8-18d6-4aea-8b31-cfc451e7a5f4"	"The Rakes"	"69ddb6e2-4a4c-4340-b426-c39fc4461122"	""	""	""	""
"2010-08-19T20:38:26"	"1282250306"	"Heart of Chambers"	"ba0d4b50-96c8-4b40-855e-1bcdec1d2c41"	"Beach House"	"d5cc67b8-1cc4-453b-96e8-44487acdebea"	"Heart of Chambers"	"ba0d4b50-96c8-4b40-855e-1bcdec1d2c41"	"Beach House"	"d5cc67b8-1cc4-453b-96e8-44487acdebea"	"Devotion"	"1b22d999-b30b-356d-9370-c1e07d0223c5"	"Beach House"	"d5cc67b8-1cc4-453b-96e8-44487acdebea"
"2010-08-19T20:39:21"	"1282250361"	"Human Behaviour"	"2879ab7c-55cc-48e9-a004-bbcd137f2e1a"	"Björk"	"87c5dedd-371d-4a53-9f7f-80522fb7f3cb"	"Human Behaviour"	"2879ab7c-55cc-48e9-a004-bbcd137f2e1a"	"Björk"	"87c5dedd-371d-4a53-9f7f-80522fb7f3cb"	"Debut"	"59ce3545-ab96-4243-a692-f7816735305b"	"Björk"	"87c5dedd-371d-4a53-9f7f-80522fb7f3cb"
"2010-08-19T20:40:09"	"1282250409"	"Take Pills"	"e1704c41-11a5-4a74-b342-43034e072288"	"Panda Bear"	"fd3c3f9f-a471-498e-ab3a-940ac20b6bbd"	"Take Pills"	"e1704c41-11a5-4a74-b342-43034e072288"	"Panda Bear"	"fd3c3f9f-a471-498e-ab3a-940ac20b6bbd"	""	""	""	""
"2010-08-19T20:40:20"	"1282250420"	"Casual Conversations"	"3cb137de-ca2d-4256-b6a5-a0b1803f9f31"	"Supertramp"	"d2ff6b6b-fc30-48dc-8952-06f9d8fc64f8"	"Casual Conversations"	"3cb137de-ca2d-4256-b6a5-a0b1803f9f31"	"Supertramp"	"d2ff6b6b-fc30-48dc-8952-06f9d8fc64f8"	"Breakfast In America"	"a7519c7a-2c95-4288-bd55-9fc3a021c650"	"Supertramp"	"d2ff6b6b-fc30-48dc-8952-06f9d8fc64f8"
"2010-08-19T20:40:31"	"1282250431"	"Turn A Square"	"aaf353f4-1c0b-47e1-8490-4dd88c20e62f"	"The Shins"	"6c8b9855-ba8b-48f9-ac1d-42167f7f7b18"	"Turn A Square"	"aaf353f4-1c0b-47e1-8490-4dd88c20e62f"	"The Shins"	"6c8b9855-ba8b-48f9-ac1d-42167f7f7b18"	"2004-04-16: Austin, TX, USA"	"37e94f8d-feef-451c-815b-911a45151545"	"The Shins"	"6c8b9855-ba8b-48f9-ac1d-42167f7f7b18"
"2010-08-19T20:42:06"	"1282250526"	"Don't Look Back"	"378dbdba-6bf9-415a-bbaf-d7ba89be62b4"	"Télépopmusik"	"265f242e-cf4e-4fbe-a3fe-43112387172f"	"Don't Look Back"	"378dbdba-6bf9-415a-bbaf-d7ba89be62b4"	"Télépopmusik"	"265f242e-cf4e-4fbe-a3fe-43112387172f"	""	""	""	""
"2010-08-19T20:42:08"	"1282250528"	"L'arrivée sur l'île"	"1e23780e-1f81-4643-90af-69ddce6da2e2"	"Yann Tiersen"	"12d432a3-feb0-49b1-a107-d20751880764"	"L'arrivée sur l'île"	"1e23780e-1f81-4643-90af-69ddce6da2e2"	"Yann Tiersen"	"12d432a3-feb0-49b1-a107-d20751880764"	""	""	""	""
"2010-08-19T20:42:09"	"1282250529"	"Lasso"	"48ee0b7a-bbff-4bc7-bd8f-54696515fe43"	"Phoenix"	"02f4c1ff-65e0-4412-8e8b-6239b0faecb5"	"Lasso"	"48ee0b7a-bbff-4bc7-bd8f-54696515fe43"	"Phoenix"	"02f4c1ff-65e0-4412-8e8b-6239b0faecb5"	"Wolfgang Amadeus Phoenix"	"7289292c-5fe4-36de-b635-f80581d1182e"	"Phoenix"	"02f4c1ff-65e0-4412-8e8b-6239b0faecb5"
"2010-08-19T20:42:11"	"1282250531"	"Jocasta"	"19f3f126-9791-4795-87cf-81c9cc0cdc7f"	"Noah and the Whale"	"917bc621-ad02-477d-9308-a0304c5f9727"	"Jocasta"	"19f3f126-9791-4795-87cf-81c9cc0cdc7f"	"Noah and the Whale"	"917bc621-ad02-477d-9308-a0304c5f9727"	"Peaceful, The World Lays Me Down"	"35aa1419-4284-47e8-ac73-b16996d4a4b3"	"Noah and the Whale"	"917bc621-ad02-477d-9308-a0304c5f9727"
"2010-08-19T20:42:12"	"1282250532"	"Walking on a Dream"	"63b9ac69-0a07-4ae9-a311-d7b8f054bd19"	"Empire of the Sun"	"ac7e838c-3d95-47c2-92a9-81767ad7c217"	"Walking on a Dream"	"63b9ac69-0a07-4ae9-a311-d7b8f054bd19"	"Empire of the Sun"	"ac7e838c-3d95-47c2-92a9-81767ad7c217"	"Walking on a Dream"	"216c1d78-ebde-4844-a647-8a670ba46571"	"Empire of the Sun"	"ac7e838c-3d95-47c2-92a9-81767ad7c217"
"2010-08-20T00:44:08"	"1282265048"	"Long Distance Runaround"	"9ab186a4-79c7-43e5-bd46-00f7500f386e"	"Yes"	"8353f93f-163e-48c2-bb75-9f18987a3d46"	"Long Distance Runaround"	"9ab186a4-79c7-43e5-bd46-00f7500f386e"	"Yes"	"8353f93f-163e-48c2-bb75-9f18987a3d46"	"Fragile"	"0b1a9481-16f5-4953-8c27-7a17cc4f48fa"	"Yes"	"8353f93f-163e-48c2-bb75-9f18987a3d46"
"2010-08-20T00:44:11"	"1282265051"	"Swamp"	"6694d5a1-3fa9-45a0-8514-9a3f9288f1a8"	"Télépopmusik"	"265f242e-cf4e-4fbe-a3fe-43112387172f"	"Swamp"	"6694d5a1-3fa9-45a0-8514-9a3f9288f1a8"	"Télépopmusik"	"265f242e-cf4e-4fbe-a3fe-43112387172f"	"Angel Milk"	""	"Various Artists"	"023671ff-b1ad-4133-a4f3-aadaaadfd2e0"
"2010-08-22T20:57:39"	"1282510659"	"Homme"	"97477e37-b30f-4a50-811b-768d968440e0"	"Brazilian Girls"	"8b2350de-b682-4fe7-ad8f-4508d7b6c697"	"Homme"	"97477e37-b30f-4a50-811b-768d968440e0"	"Brazilian Girls"	"8b2350de-b682-4fe7-ad8f-4508d7b6c697"	"Brazilian Girls"	"75735819-6bca-42bf-a807-5d456f277dbd"	"Brazilian Girls"	"8b2350de-b682-4fe7-ad8f-4508d7b6c697"
"2010-08-22T20:57:49"	"1282510669"	"Rush Minute"	"11654026-1bda-4e9c-9ed1-1c365a10ab43"	"Massive Attack"	"10adbe5e-a2c0-4bf3-8249-2b4cbf6e6ca8"	"Rush Minute"	"11654026-1bda-4e9c-9ed1-1c365a10ab43"	"Massive Attack"	"10adbe5e-a2c0-4bf3-8249-2b4cbf6e6ca8"	"Heligoland"	"5042d45d-6a48-4546-bdf5-26f01caa3a43"	"Massive Attack"	"10adbe5e-a2c0-4bf3-8249-2b4cbf6e6ca8"
"2010-08-22T20:57:52"	"1282510672"	"Evil Bee"	"9f46f016-9475-4ff6-97a5-a96f129df263"	"Menomena"	"ad386705-fb8c-40ec-94d7-e690e079e979"	"Evil Bee"	"9f46f016-9475-4ff6-97a5-a96f129df263"	"Menomena"	"ad386705-fb8c-40ec-94d7-e690e079e979"	"Friend and Foe"	"e1b8b36f-5994-496a-b56c-e99e4fabebee"	"Menomena"	"ad386705-fb8c-40ec-94d7-e690e079e979"
"2010-08-22T20:57:58"	"1282510678"	"Introdiction"	"352e9ba8-7093-4cf2-a7b4-54708dd063cc"	"MC Solaar"	"bbbd2644-b4cb-4bb5-a442-315310f68a0b"	"Introdiction"	"352e9ba8-7093-4cf2-a7b4-54708dd063cc"	"MC Solaar"	"bbbd2644-b4cb-4bb5-a442-315310f68a0b"	"Cinquième as"	"f4ccbe48-b636-4b59-8fd2-06a305181e77"	"MC Solaar"	"bbbd2644-b4cb-4bb5-a442-315310f68a0b"
"2010-08-22T20:58:57"	"1282510737"	"Phantom Limb"	"379e3d6d-a897-4b54-a07c-17c831d19c69"	"The Shins"	"6c8b9855-ba8b-48f9-ac1d-42167f7f7b18"	"Phantom Limb"	"379e3d6d-a897-4b54-a07c-17c831d19c69"	"The Shins"	"6c8b9855-ba8b-48f9-ac1d-42167f7f7b18"	"Wincing the Night Away"	"a0d42921-c7aa-42ef-a63d-3a23ca203ddf"	"The Shins"	"6c8b9855-ba8b-48f9-ac1d-42167f7f7b18"
"2010-08-22T21:04:36"	"1282511076"	"Superheroes"	"45cc24b9-bff2-4e3e-a482-36cef77c503d"	"Esthero"	"681bf706-8664-4658-ab1a-39e1d385fae2"	"Superheroes"	"45cc24b9-bff2-4e3e-a482-36cef77c503d"	"Esthero"	"681bf706-8664-4658-ab1a-39e1d385fae2"	"Breath From Another"	"1216c791-dbcc-4e2c-9ff8-887a9f904f62"	"Esthero"	"681bf706-8664-4658-ab1a-39e1d385fae2"
"2010-08-22T21:04:40"	"1282511080"	"Blinking Pigs"	"76d30560-73ed-4b7c-a659-274624a25bcd"	"Little Dragon"	"c8a9ae11-63bf-409b-8bf3-a96b3712a2ff"	"Blinking Pigs"	"76d30560-73ed-4b7c-a659-274624a25bcd"	"Little Dragon"	"c8a9ae11-63bf-409b-8bf3-a96b3712a2ff"	"Machine Dreams"	"a3c84e22-d807-4954-9ff0-82a009581abf"	"Little Dragon"	"c8a9ae11-63bf-409b-8bf3-a96b3712a2ff"
"2010-08-22T21:04:58"	"1282511098"	"Love Is Here To Stay"	"b912f154-e7f7-48ea-ac5c-1b0abd85e2e3"	"Chungking"	"458dc7c6-8d7d-437e-aaa6-c2be199e9697"	"Love Is Here To Stay"	"b912f154-e7f7-48ea-ac5c-1b0abd85e2e3"	"Chungking"	"458dc7c6-8d7d-437e-aaa6-c2be199e9697"	"Stay Up Forever"	"9c94a986-4db3-4df3-a078-63d214e2ce95"	"Chungking"	"458dc7c6-8d7d-437e-aaa6-c2be199e9697"
"2010-08-22T21:12:54"	"1282511574"	"Kids On Holiday"	"1e177c35-7003-43f7-be0f-6f7174f7f572"	"Animal Collective"	"0c751690-c784-4a4f-b1e4-c1de27d47581"	"Kids On Holiday"	"1e177c35-7003-43f7-be0f-6f7174f7f572"	"Animal Collective"	"0c751690-c784-4a4f-b1e4-c1de27d47581"	"Sung Tongs"	"a23912f7-2bdb-36e1-9806-d63da139b40b"	"Animal Collective"	"0c751690-c784-4a4f-b1e4-c1de27d47581"
"2010-08-22T21:13:00"	"1282511580"	"Sombre dimanche"	"ede3b08a-5256-482f-919a-d12b79457625"	"Damia"	"03587257-195b-4953-ac4d-1935f55a7017"	"Sombre dimanche"	"ede3b08a-5256-482f-919a-d12b79457625"	"Damia"	"03587257-195b-4953-ac4d-1935f55a7017"	"Anthologie (1929-1944)"	""	"Damia"	"03587257-195b-4953-ac4d-1935f55a7017"
"2010-08-22T21:13:05"	"1282511585"	"Emmenez-Moi"	"58e84c52-6249-48f8-b830-21b9ad880a23"	"Charles Aznavour"	"50e5b70f-3727-4bce-9eb1-d7a6d0db4d55"	"Emmenez-Moi"	"58e84c52-6249-48f8-b830-21b9ad880a23"	"Charles Aznavour"	"50e5b70f-3727-4bce-9eb1-d7a6d0db4d55"	"20 Chansons D'or"	"a3d56320-6624-43bb-a27c-2652cf243ccf"	"Charles Aznavour"	"50e5b70f-3727-4bce-9eb1-d7a6d0db4d55"
"2010-08-22T21:13:17"	"1282511597"	"The Only One"	"a3acb043-d53f-4f6b-b0bc-0263edc69243"	"The Black Keys"	"d15721d8-56b4-453d-b506-fc915b14cba2"	"The Only One"	"a3acb043-d53f-4f6b-b0bc-0263edc69243"	"The Black Keys"	"d15721d8-56b4-453d-b506-fc915b14cba2"	"Brothers"	"710a1e4f-7207-4b06-82e1-96f926c9076f"	"The Black Keys"	"d15721d8-56b4-453d-b506-fc915b14cba2"
"2010-08-22T21:13:25"	"1282511605"	"I Can Change"	"8192f2b1-1dda-4f3f-a1b1-2ffd40d53ab2"	"LCD Soundsystem"	"2aaf7396-6ab8-40f3-9776-a41c42c8e26b"	"I Can Change"	"8192f2b1-1dda-4f3f-a1b1-2ffd40d53ab2"	"LCD Soundsystem"	"2aaf7396-6ab8-40f3-9776-a41c42c8e26b"	"This Is Happening"	"f4ff70fd-2908-4540-9246-5922aa48987c"	"LCD Soundsystem"	"2aaf7396-6ab8-40f3-9776-a41c42c8e26b"
"2010-08-22T21:13:29"	"1282511609"	"Love's Almighty"	""	"Télépopmusik"	"265f242e-cf4e-4fbe-a3fe-43112387172f"	"Love's Almighty"	""	"Télépopmusik"	"265f242e-cf4e-4fbe-a3fe-43112387172f"	""	""	""	""
"2010-08-22T21:13:33"	"1282511613"	"Strasbourg"	"003bec1b-0b26-4091-ab3c-2e7120be1e20"	"The Rakes"	"69ddb6e2-4a4c-4340-b426-c39fc4461122"	"Strasbourg"	"003bec1b-0b26-4091-ab3c-2e7120be1e20"	"The Rakes"	"69ddb6e2-4a4c-4340-b426-c39fc4461122"	"Capture/Release (New Version)"	""	"The Rakes"	"69ddb6e2-4a4c-4340-b426-c39fc4461122"
"2010-08-22T21:18:47"	"1282511927"	"Kamionos kút"	"a4ba622a-27db-4220-b61d-b65983892f45"	"Besh O Drom"	"4f91e2f8-f0e4-4e12-b6f6-fafbd381b9cf"	"Kamionos kút"	"a4ba622a-27db-4220-b61d-b65983892f45"	"Besh O Drom"	"4f91e2f8-f0e4-4e12-b6f6-fafbd381b9cf"	""	""	""	""
"2010-08-22T21:18:54"	"1282511934"	"Toothpaste Kisses"	"04e4d4c9-fe4d-4e12-9965-5753fbbafa70"	"The Maccabees"	"83b86967-6b1a-4ca8-9cf0-c7cfe047ef3f"	"Toothpaste Kisses"	"04e4d4c9-fe4d-4e12-9965-5753fbbafa70"	"The Maccabees"	"83b86967-6b1a-4ca8-9cf0-c7cfe047ef3f"	"Colour It In"	"1239e881-1cca-4be6-b738-ce843bf213b9"	"The Maccabees"	"83b86967-6b1a-4ca8-9cf0-c7cfe047ef3f"
"2010-08-22T21:19:00"	"1282511940"	"Flying a Kite"	"fffe757f-5e1c-4de3-b3af-32589fe1772c"	"Joanna Newsom"	"cb69e1f1-bc76-4df5-93c9-cf97dd8a3b5c"	"Flying a Kite"	"fffe757f-5e1c-4de3-b3af-32589fe1772c"	"Joanna Newsom"	"cb69e1f1-bc76-4df5-93c9-cf97dd8a3b5c"	"Walnut Whales"	"14b8ae54-46c1-47f7-be42-de959ddc7ee7"	"Joanna Newsom"	"cb69e1f1-bc76-4df5-93c9-cf97dd8a3b5c"
"2010-08-29T00:23:26"	"1283041406"	"Just What I Needed"	"7d03aa55-4a75-4ab2-bea8-de3638fa3165"	"The Cars"	"092b603f-eb4c-4958-b10e-02420de5885b"	"Just What I Needed"	"7d03aa55-4a75-4ab2-bea8-de3638fa3165"	"The Cars"	"092b603f-eb4c-4958-b10e-02420de5885b"	"Greatest Hits"	"8d4253b8-bdd9-3aba-b984-fdede8438fd3"	"The Cars"	"092b603f-eb4c-4958-b10e-02420de5885b"
"2010-08-29T00:24:34"	"1283041474"	"Shame"	"1eae643b-225c-4e74-a532-3792c3c274ab"	"The Motels"	"c433b570-1cb8-472a-bed7-4e24f94ea665"	"Shame"	"1eae643b-225c-4e74-a532-3792c3c274ab"	"The Motels"	"c433b570-1cb8-472a-bed7-4e24f94ea665"	"The Best Of The Motels - No Vacancy"	""	"The Motels"	"c433b570-1cb8-472a-bed7-4e24f94ea665"
"2010-08-29T00:24:36"	"1283041476"	"Dead Man's Party"	"2c4aaba3-2d77-4688-9414-056cea0d7e6b"	"Oingo Boingo"	"166bc1cb-a2b7-412d-bcd5-5f439d2cf5f1"	"Dead Man's Party"	"2c4aaba3-2d77-4688-9414-056cea0d7e6b"	"Oingo Boingo"	"166bc1cb-a2b7-412d-bcd5-5f439d2cf5f1"	"Dead Man's Party"	""	"Oingo Boingo"	"166bc1cb-a2b7-412d-bcd5-5f439d2cf5f1"
"2010-08-29T00:24:38"	"1283041478"	"Show Me"	"2534f818-a090-4947-9f1d-72c88a5deed1"	"The Pretenders"	"75ffaf7d-46ee-4794-a405-9ec20c0c1696"	"Show Me"	"2534f818-a090-4947-9f1d-72c88a5deed1"	"The Pretenders"	"75ffaf7d-46ee-4794-a405-9ec20c0c1696"	"The Singles"	"03cd0d62-410a-361f-becc-397cde939b7f"	"The Pretenders"	"75ffaf7d-46ee-4794-a405-9ec20c0c1696"
"2010-08-29T00:24:41"	"1283041481"	"Oh Tara"	"19dd9045-75c3-495c-a0c6-35220a0aa8a9"	"The Knack"	"12fc46b5-eafc-4a16-bf81-72430f8babc0"	"Oh Tara"	"19dd9045-75c3-495c-a0c6-35220a0aa8a9"	"The Knack"	"12fc46b5-eafc-4a16-bf81-72430f8babc0"	"Get The Knack"	"489e7f56-d73e-3772-9229-c45375da5e5b"	"The Knack"	"12fc46b5-eafc-4a16-bf81-72430f8babc0"
"2010-08-29T00:24:44"	"1283041484"	"I Could Show You How"	"5e966f31-6f42-43ca-82f1-4bdde46cb93b"	"Naked Eyes"	"d5d477bc-97c5-410c-983b-ff541580566f"	"I Could Show You How"	"5e966f31-6f42-43ca-82f1-4bdde46cb93b"	"Naked Eyes"	"d5d477bc-97c5-410c-983b-ff541580566f"	"The Best Of Naked Eyes"	"0e28df56-b33a-46d7-9326-9e62d21fdc68"	"Naked Eyes"	"d5d477bc-97c5-410c-983b-ff541580566f"
"2010-08-29T00:24:46"	"1283041486"	"Take My Breath Away"	"f9cb1970-e4f8-4fd6-9dea-bc8703601583"	"Berlin"	"08d94fc8-c9cf-465f-b15f-f3f9378fcbf7"	"Take My Breath Away"	"f9cb1970-e4f8-4fd6-9dea-bc8703601583"	"Berlin"	"08d94fc8-c9cf-465f-b15f-f3f9378fcbf7"	"Take My Breath Away"	"bcef6099-3c1e-4fa4-a896-f21b29540520"	"Berlin"	"08d94fc8-c9cf-465f-b15f-f3f9378fcbf7"
"2010-08-29T00:24:49"	"1283041489"	"Everybody Have Fun Tonight"	"039a87b6-7199-486b-8850-b8b2870b0fe1"	"Wang Chung"	"47c8a452-4efb-45b4-a0d3-df506dbe42b2"	"Everybody Have Fun Tonight"	"039a87b6-7199-486b-8850-b8b2870b0fe1"	"Wang Chung"	"47c8a452-4efb-45b4-a0d3-df506dbe42b2"	"Mosaic"	"fee7bb8f-5298-4098-a0ac-8e82518d3fd3"	"Wang Chung"	"47c8a452-4efb-45b4-a0d3-df506dbe42b2"
"2010-08-29T00:24:52"	"1283041492"	"Our Lips Are Sealed"	""	"The Go-Go's"	"f18a5b98-e388-4f4b-9ae1-c079cc7e5830"	"Our Lips Are Sealed"	""	"The Go-Go's"	"f18a5b98-e388-4f4b-9ae1-c079cc7e5830"	"Return To The Valley Of The Go-Go's"	""	"The Go-Go's"	"f18a5b98-e388-4f4b-9ae1-c079cc7e5830"
"2010-08-29T00:24:56"	"1283041496"	"Never Tear Us Apart"	""	"Various Artists"	"023671ff-b1ad-4133-a4f3-aadaaadfd2e0"	"Never Tear Us Apart"	""	"Various Artists"	"023671ff-b1ad-4133-a4f3-aadaaadfd2e0"	""	""	""	""
"2010-08-29T00:24:58"	"1283041498"	"Hip to Be Square"	""	"Huey Lewis & The News"	""	"Hip to Be Square"	""	"Huey Lewis & The News"	""	"Greatest Hits"	"42e480c0-2447-4236-91d0-d0c70894b205"	"Huey Lewis & The News"	""
"2010-08-29T00:25:00"	"1283041500"	"Broken"	"090058fb-ca1f-4628-94bd-8fc6b410a392"	"Tears for Fears"	"7c7f9c94-dee8-4903-892b-6cf44652e2de"	"Broken"	"090058fb-ca1f-4628-94bd-8fc6b410a392"	"Tears for Fears"	"7c7f9c94-dee8-4903-892b-6cf44652e2de"	"Songs from the Big Chair"	"ad82cea0-a56e-4ba0-9ab6-2089fe9d00a0"	"Tears for Fears"	"7c7f9c94-dee8-4903-892b-6cf44652e2de"
"2010-08-29T00:25:04"	"1283041504"	"This Must Be The Place (Naive Melody)"	"568b6c89-bc5e-45ef-b0f7-5c0993dabcc5"	"Talking Heads"	"a94a7155-c79d-4409-9fcf-220cb0e4dc3a"	"This Must Be The Place (Naive Melody)"	"568b6c89-bc5e-45ef-b0f7-5c0993dabcc5"	"Talking Heads"	"a94a7155-c79d-4409-9fcf-220cb0e4dc3a"	"Speaking in Tongues"	"1a3a8c1c-34df-42da-b362-c53d8da010f7"	"Talking Heads"	"a94a7155-c79d-4409-9fcf-220cb0e4dc3a"
"2010-08-29T00:38:39"	"1283042319"	"She's A Beauty"	"80272cc2-96cb-4739-a1e3-7cb2ad0cdbc2"	"The Tubes"	"e5180390-dacf-49fb-a4ad-68af9ca7bb13"	"She's A Beauty"	"80272cc2-96cb-4739-a1e3-7cb2ad0cdbc2"	"The Tubes"	"e5180390-dacf-49fb-a4ad-68af9ca7bb13"	"The Best of The Tubes"	"aa43107f-99eb-4b01-a719-0dc845b66094"	"The Tubes"	"e5180390-dacf-49fb-a4ad-68af9ca7bb13"
"2010-08-29T00:39:09"	"1283042349"	"Generals And Majors"	"15d4cd65-d0d7-45c8-b4f1-641e8d89b5cc"	"XTC"	"97c86b2c-2765-46a2-aef8-76a7e24c430f"	"Generals And Majors"	"15d4cd65-d0d7-45c8-b4f1-641e8d89b5cc"	"XTC"	"97c86b2c-2765-46a2-aef8-76a7e24c430f"	"Fossil Fuel THE XTC SINGLES 77-92 1"	""	"XTC"	"97c86b2c-2765-46a2-aef8-76a7e24c430f"
"2010-08-29T20:28:47"	"1283113727"	"Generals And Majors"	"15d4cd65-d0d7-45c8-b4f1-641e8d89b5cc"	"XTC"	"97c86b2c-2765-46a2-aef8-76a7e24c430f"	"Generals And Majors"	"15d4cd65-d0d7-45c8-b4f1-641e8d89b5cc"	"XTC"	"97c86b2c-2765-46a2-aef8-76a7e24c430f"	"Fossil Fuel THE XTC SINGLES 77-92 1"	""	"XTC"	"97c86b2c-2765-46a2-aef8-76a7e24c430f"
"2010-08-29T20:28:54"	"1283113734"	"Do You Believe in Love"	"76a99788-3b8c-4068-aaf2-d46d4ba0ca77"	"Huey Lewis & The News"	""	"Do You Believe in Love"	"76a99788-3b8c-4068-aaf2-d46d4ba0ca77"	"Huey Lewis & The News"	""	"Greatest Hits"	"42e480c0-2447-4236-91d0-d0c70894b205"	"Huey Lewis & The News"	""
"2010-09-05T18:31:30"	"1283711490"	"Goodbye Stranger"	"519d92ac-5302-4b52-a1ec-887c547b3130"	"Supertramp"	"d2ff6b6b-fc30-48dc-8952-06f9d8fc64f8"	"Goodbye Stranger"	"519d92ac-5302-4b52-a1ec-887c547b3130"	"Supertramp"	"d2ff6b6b-fc30-48dc-8952-06f9d8fc64f8"	"Breakfast In America"	"a7519c7a-2c95-4288-bd55-9fc3a021c650"	"Supertramp"	"d2ff6b6b-fc30-48dc-8952-06f9d8fc64f8"
"2010-09-05T18:54:03"	"1283712843"	"VCR"	"67b201ca-736a-43da-a483-8a74bc0fcdc0"	"The xx"	"c5c2ea1c-4bde-4f4d-bd0b-47b200bf99d6"	"VCR"	"67b201ca-736a-43da-a483-8a74bc0fcdc0"	"The xx"	"c5c2ea1c-4bde-4f4d-bd0b-47b200bf99d6"	"Future Balearica: New Chill & Warm Sunset Sounds"	""	"Various"	"376d9f83-b8db-4194-9e9b-67c380ccef91"
"2010-09-05T18:54:06"	"1283712846"	"Walking the Dog"	"5c118fbe-df3e-43bc-b24f-7d0b05504616"	"fun."	"136c4166-85b3-4994-aa04-59857c434199"	"Walking the Dog"	"5c118fbe-df3e-43bc-b24f-7d0b05504616"	"fun."	"136c4166-85b3-4994-aa04-59857c434199"	""	""	""	""
"2010-09-05T18:54:07"	"1283712847"	"The Purple Bottle"	"af57a629-271f-47aa-92f8-4b3d91473f10"	"Animal Collective"	"0c751690-c784-4a4f-b1e4-c1de27d47581"	"The Purple Bottle"	"af57a629-271f-47aa-92f8-4b3d91473f10"	"Animal Collective"	"0c751690-c784-4a4f-b1e4-c1de27d47581"	"Feels"	"1ddb09aa-e6e7-3c50-9204-406bd0fadf4d"	"Animal Collective"	"0c751690-c784-4a4f-b1e4-c1de27d47581"
"2010-09-07T22:05:56"	"1283897156"	"Hasta la Vista"	"00d8608a-bdc9-4801-9887-ba22b978d197"	"MC Solaar"	"bbbd2644-b4cb-4bb5-a442-315310f68a0b"	"Hasta la Vista"	"00d8608a-bdc9-4801-9887-ba22b978d197"	"MC Solaar"	"bbbd2644-b4cb-4bb5-a442-315310f68a0b"	"Cinquième as"	"f4ccbe48-b636-4b59-8fd2-06a305181e77"	"MC Solaar"	"bbbd2644-b4cb-4bb5-a442-315310f68a0b"
"2010-09-07T22:06:06"	"1283897166"	"Wandering Star"	"38584665-2f9e-4ac7-8554-a78ea06ce1aa"	"Portishead"	"17e0ef75-fae9-4fa3-b6f6-39a8c986d686"	"Wandering Star"	"38584665-2f9e-4ac7-8554-a78ea06ce1aa"	"Portishead"	"17e0ef75-fae9-4fa3-b6f6-39a8c986d686"	"Dummy"	"8f468f36-8c7e-4fc1-9166-50664d267127"	"Portishead"	"17e0ef75-fae9-4fa3-b6f6-39a8c986d686"
"2010-09-07T22:06:09"	"1283897169"	"Animal Arithmetic"	"4d18476c-b03f-47a8-85b5-f8fb130bcdc7"	"Jónsi"	"0ecc2c46-d335-485c-a077-240482609672"	"Animal Arithmetic"	"4d18476c-b03f-47a8-85b5-f8fb130bcdc7"	"Jónsi"	"0ecc2c46-d335-485c-a077-240482609672"	"Go"	"9511d78e-1068-3fa8-a393-c39d35e393c5"	"Jónsi"	"0ecc2c46-d335-485c-a077-240482609672"
"2010-09-07T22:06:11"	"1283897171"	"Sweet Road"	"20eaf548-0f72-41af-9891-cc8db96bde55"	"Animal Collective"	"0c751690-c784-4a4f-b1e4-c1de27d47581"	"Sweet Road"	"20eaf548-0f72-41af-9891-cc8db96bde55"	"Animal Collective"	"0c751690-c784-4a4f-b1e4-c1de27d47581"	"Sung Tongs"	"a23912f7-2bdb-36e1-9806-d63da139b40b"	"Animal Collective"	"0c751690-c784-4a4f-b1e4-c1de27d47581"
"2010-09-17T18:30:18"	"1284748218"	"Come To Me"	"073a3038-f420-414f-8174-2d1e0ee52ba2"	"Koop"	"f969f986-97df-4fa0-8cef-ffccd098ff50"	"Come To Me"	"073a3038-f420-414f-8174-2d1e0ee52ba2"	"Koop"	"f969f986-97df-4fa0-8cef-ffccd098ff50"	"Grey's Anatomy Volume 3 Original Soundtrack"	""	"Various"	"376d9f83-b8db-4194-9e9b-67c380ccef91"
"2010-09-17T18:30:55"	"1284748255"	"Turtle Island"	"4887debc-b9a5-4eb2-bb0a-49e0a393dccb"	"Beach House"	"d5cc67b8-1cc4-453b-96e8-44487acdebea"	"Turtle Island"	"4887debc-b9a5-4eb2-bb0a-49e0a393dccb"	"Beach House"	"d5cc67b8-1cc4-453b-96e8-44487acdebea"	"Devotion"	"1b22d999-b30b-356d-9370-c1e07d0223c5"	"Beach House"	"d5cc67b8-1cc4-453b-96e8-44487acdebea"
"2010-09-19T00:47:01"	"1284857221"	"Someone Great"	"5a6c9abc-2104-45ed-b4d7-db0f870e26df"	"LCD Soundsystem"	"2aaf7396-6ab8-40f3-9776-a41c42c8e26b"	"Someone Great"	"5a6c9abc-2104-45ed-b4d7-db0f870e26df"	"LCD Soundsystem"	"2aaf7396-6ab8-40f3-9776-a41c42c8e26b"	"Sound Of Silver"	"7461ca27-65e8-4106-a75e-de068dc3a619"	"LCD Soundsystem"	"2aaf7396-6ab8-40f3-9776-a41c42c8e26b"
"2010-09-19T00:47:03"	"1284857223"	"Tissue Shoulders"	"3aec117a-f043-49ae-a69e-3d3f66544338"	"The Maccabees"	"83b86967-6b1a-4ca8-9cf0-c7cfe047ef3f"	"Tissue Shoulders"	"3aec117a-f043-49ae-a69e-3d3f66544338"	"The Maccabees"	"83b86967-6b1a-4ca8-9cf0-c7cfe047ef3f"	"Colour It In"	"1239e881-1cca-4be6-b738-ce843bf213b9"	"The Maccabees"	"83b86967-6b1a-4ca8-9cf0-c7cfe047ef3f"
"2010-09-19T00:47:04"	"1284857224"	"I Feel Better"	"0622d883-eac9-4367-91d5-9f28039cfe1c"	"Frightened Rabbit"	"dc21d171-7204-4759-9fd0-77d031aeb40c"	"I Feel Better"	"0622d883-eac9-4367-91d5-9f28039cfe1c"	"Frightened Rabbit"	"dc21d171-7204-4759-9fd0-77d031aeb40c"	"The Midnight Organ Fight"	"c3df7206-f769-49bb-9f57-2f6110c65621"	"Frightened Rabbit"	"dc21d171-7204-4759-9fd0-77d031aeb40c"
"2010-09-20T21:20:43"	"1285017643"	"West"	"7b304293-6763-4323-b38d-c112f2692c61"	"Menomena"	"ad386705-fb8c-40ec-94d7-e690e079e979"	"West"	"7b304293-6763-4323-b38d-c112f2692c61"	"Menomena"	"ad386705-fb8c-40ec-94d7-e690e079e979"	"Friend and Foe"	"e1b8b36f-5994-496a-b56c-e99e4fabebee"	"Menomena"	"ad386705-fb8c-40ec-94d7-e690e079e979"
"2010-09-20T21:20:50"	"1285017650"	"Bros"	"e171d473-3e2a-4609-9c37-c6dc9de21098"	"Panda Bear"	"fd3c3f9f-a471-498e-ab3a-940ac20b6bbd"	"Bros"	"e171d473-3e2a-4609-9c37-c6dc9de21098"	"Panda Bear"	"fd3c3f9f-a471-498e-ab3a-940ac20b6bbd"	""	""	""	""
"2010-09-20T21:21:36"	"1285017696"	"Armistice"	"bd0c6f9d-adc6-47f4-adde-448f9d7d8c4b"	"Phoenix"	"02f4c1ff-65e0-4412-8e8b-6239b0faecb5"	"Armistice"	"bd0c6f9d-adc6-47f4-adde-448f9d7d8c4b"	"Phoenix"	"02f4c1ff-65e0-4412-8e8b-6239b0faecb5"	"Wolfgang Amadeus Phoenix"	"7289292c-5fe4-36de-b635-f80581d1182e"	"Phoenix"	"02f4c1ff-65e0-4412-8e8b-6239b0faecb5"
"2010-09-20T21:29:20"	"1285018160"	"Dance Yrself Clean"	"14ccd58d-c7aa-4b7e-b456-9700c2261f85"	"LCD Soundsystem"	"2aaf7396-6ab8-40f3-9776-a41c42c8e26b"	"Dance Yrself Clean"	"14ccd58d-c7aa-4b7e-b456-9700c2261f85"	"LCD Soundsystem"	"2aaf7396-6ab8-40f3-9776-a41c42c8e26b"	"This Is Happening"	"f4ff70fd-2908-4540-9246-5922aa48987c"	"LCD Soundsystem"	"2aaf7396-6ab8-40f3-9776-a41c42c8e26b"
"2010-09-30T16:53:37"	"1285865617"	"You Still Believe in Me"	"844bdc22-f6d6-4453-b068-0aa24dfd78f1"	"The Beach Boys"	"1d45138d-c675-4016-87a7-7ad5cce5e1bc"	"You Still Believe in Me"	"844bdc22-f6d6-4453-b068-0aa24dfd78f1"	"The Beach Boys"	"1d45138d-c675-4016-87a7-7ad5cce5e1bc"	"Good Vibrations: Thirty Years of the Beach Boys (disc 2)"	""	"The Beach Boys"	"1d45138d-c675-4016-87a7-7ad5cce5e1bc"
"2010-09-30T16:53:43"	"1285865623"	"Barlights"	"047c59a4-1128-40f3-9cfe-b3f5b2a2140b"	"fun."	"136c4166-85b3-4994-aa04-59857c434199"	"Barlights"	"047c59a4-1128-40f3-9cfe-b3f5b2a2140b"	"fun."	"136c4166-85b3-4994-aa04-59857c434199"	"Aim and Ignite"	""	"fun."	"136c4166-85b3-4994-aa04-59857c434199"
"2010-09-30T16:53:57"	"1285865637"	"Stronger"	"c2a831cb-b236-408e-920c-957219a0ca6d"	"Kanye West"	"164f0d73-1234-4e2c-8743-d77bf2191051"	"Stronger"	"c2a831cb-b236-408e-920c-957219a0ca6d"	"Kanye West"	"164f0d73-1234-4e2c-8743-d77bf2191051"	"Graduation (International Version)"	""	"Kanye West"	"164f0d73-1234-4e2c-8743-d77bf2191051"
"2010-09-30T16:53:59"	"1285865639"	"Hunter"	"0168002b-c5c9-4d1f-afdb-42eba8e40d86"	"Portishead"	"17e0ef75-fae9-4fa3-b6f6-39a8c986d686"	"Hunter"	"0168002b-c5c9-4d1f-afdb-42eba8e40d86"	"Portishead"	"17e0ef75-fae9-4fa3-b6f6-39a8c986d686"	"Third"	"9f05d3c7-d1b1-4e2e-9130-f66a9df43997"	"Portishead"	"17e0ef75-fae9-4fa3-b6f6-39a8c986d686"
"2010-09-30T16:54:01"	"1285865641"	"Afternoon Sister"	"0c78a51c-b571-424b-9e99-417ce09dc72f"	"Air"	"018dcc90-b1a2-400a-a96e-64b6a101f009"	"Afternoon Sister"	"0c78a51c-b571-424b-9e99-417ce09dc72f"	"Air"	"018dcc90-b1a2-400a-a96e-64b6a101f009"	"The Virgin Suicides"	"32d41e18-e2df-36d7-b1bf-495849d8274f"	"Air"	"018dcc90-b1a2-400a-a96e-64b6a101f009"
"2010-09-30T16:54:03"	"1285865643"	"First Rendez-Vous"	"5f88ea3e-10cc-4b89-9df3-5b5d50b2b53b"	"Yann Tiersen"	"12d432a3-feb0-49b1-a107-d20751880764"	"First Rendez-Vous"	"5f88ea3e-10cc-4b89-9df3-5b5d50b2b53b"	"Yann Tiersen"	"12d432a3-feb0-49b1-a107-d20751880764"	"Good Bye Lenin!"	"781fe76b-d57a-405c-827a-fd00dbdc6e66"	"Yann Tiersen"	"12d432a3-feb0-49b1-a107-d20751880764"
"2010-09-30T16:54:05"	"1285865645"	"Les colonies"	"468d552e-578d-453b-afd5-56a68351b7eb"	"MC Solaar"	"bbbd2644-b4cb-4bb5-a442-315310f68a0b"	"Les colonies"	"468d552e-578d-453b-afd5-56a68351b7eb"	"MC Solaar"	"bbbd2644-b4cb-4bb5-a442-315310f68a0b"	"Cinquième as"	"f4ccbe48-b636-4b59-8fd2-06a305181e77"	"MC Solaar"	"bbbd2644-b4cb-4bb5-a442-315310f68a0b"
"2010-09-30T16:54:10"	"1285865650"	"Izzo (H.O.V.A.)"	"1f3c8f5b-952d-4ebe-972a-0e6e3a39dd80"	"Jay-Z"	""	"Izzo (H.O.V.A.)"	"1f3c8f5b-952d-4ebe-972a-0e6e3a39dd80"	"Jay-Z"	""	""	""	""	""
"2010-09-30T16:54:48"	"1285865688"	"Loved by You"	""	"Jake Coco"	"8eda791b-0f39-490f-a13e-b15d6f439f7c"	"Loved by You"	""	"Jake Coco"	"8eda791b-0f39-490f-a13e-b15d6f439f7c"	"I.Live.To.Love"	""	"Jake Coco"	"8eda791b-0f39-490f-a13e-b15d6f439f7c"
"2010-09-30T16:55:04"	"1285865704"	"Can You Tell"	"707be2af-4cb2-4f1b-9931-dbd6bf9bb17d"	"Ra Ra Riot"	"d8f63b51-73e0-4f65-8bd3-bcfe6892fb0e"	"Can You Tell"	"707be2af-4cb2-4f1b-9931-dbd6bf9bb17d"	"Ra Ra Riot"	"d8f63b51-73e0-4f65-8bd3-bcfe6892fb0e"	"Ra Ra Riot"	"5875a3e7-f952-4772-81c6-ee96b435205f"	"Ra Ra Riot"	"d8f63b51-73e0-4f65-8bd3-bcfe6892fb0e"
"2010-09-30T16:56:44"	"1285865804"	"Que Pena"	"600231a2-72a7-40e6-9885-25ffc0fb2940"	"Jorge Ben"	"84548d0f-ab29-487a-9c00-f489cee4e1c7"	"Que Pena"	"600231a2-72a7-40e6-9885-25ffc0fb2940"	"Jorge Ben"	"84548d0f-ab29-487a-9c00-f489cee4e1c7"	"The Definitive Collection"	""	"Various Artists"	"023671ff-b1ad-4133-a4f3-aadaaadfd2e0"
"2010-09-30T16:56:46"	"1285865806"	"Ragged Wood"	"82e6c7c2-d14c-4384-959e-a2d59d4f97cc"	"Fleet Foxes"	"fa97dd36-1b82-43d7-a6e4-2adeafd59cef"	"Ragged Wood"	"82e6c7c2-d14c-4384-959e-a2d59d4f97cc"	"Fleet Foxes"	"fa97dd36-1b82-43d7-a6e4-2adeafd59cef"	"Fleet Foxes"	"6dcdfc2d-f37a-31ab-8994-e66f7934d866"	"Fleet Foxes"	"fa97dd36-1b82-43d7-a6e4-2adeafd59cef"
"2010-11-15T18:44:09"	"1289846649"	"Someone Great"	"5a6c9abc-2104-45ed-b4d7-db0f870e26df"	"LCD Soundsystem"	"2aaf7396-6ab8-40f3-9776-a41c42c8e26b"	"Someone Great"	"5a6c9abc-2104-45ed-b4d7-db0f870e26df"	"LCD Soundsystem"	"2aaf7396-6ab8-40f3-9776-a41c42c8e26b"	"Sound Of Silver"	"7461ca27-65e8-4106-a75e-de068dc3a619"	"LCD Soundsystem"	"2aaf7396-6ab8-40f3-9776-a41c42c8e26b"
"2010-12-16T01:28:13"	"1292462893"	"Get Out The Way"	"819bacff-935d-4a82-8c10-72f108f30f61"	"Classified"	"3bd5fb5e-8dd3-4130-be7f-c408a0534f80"	"Get Out The Way"	"819bacff-935d-4a82-8c10-72f108f30f61"	"Classified"	"3bd5fb5e-8dd3-4130-be7f-c408a0534f80"	"Self Explanatory"	""	"Classified"	"3bd5fb5e-8dd3-4130-be7f-c408a0534f80"
"2010-12-16T01:30:11"	"1292463011"	"Blink"	"7c005ae6-dd4d-4988-8856-c52cdab91056"	"Blue Scholars"	"69cd93fd-1c2b-40f5-ae03-7bf4b4213fd3"	"Blink"	"7c005ae6-dd4d-4988-8856-c52cdab91056"	"Blue Scholars"	"69cd93fd-1c2b-40f5-ae03-7bf4b4213fd3"	"Blue Scholars"	"5b332bc0-44ae-436c-a179-8f484c2b6350"	"Blue Scholars"	"69cd93fd-1c2b-40f5-ae03-7bf4b4213fd3"
"2010-12-16T01:37:42"	"1292463462"	"Welcome to Jamrock"	"280161e6-2e1d-42bc-b8b6-3bee869aa5bb"	"Damian Marley"	"cbfb9bcd-c5a0-4d7c-865f-2c641c171e1c"	"Welcome to Jamrock"	"280161e6-2e1d-42bc-b8b6-3bee869aa5bb"	"Damian Marley"	"cbfb9bcd-c5a0-4d7c-865f-2c641c171e1c"	"Now That's What I Call Music! 62 (disc 2)"	""	"Various Artists"	"023671ff-b1ad-4133-a4f3-aadaaadfd2e0"
"2010-12-16T01:37:46"	"1292463466"	"I Used to Love H.E.R."	"e274f7c2-2244-4d81-8dcf-7ab9b1d40435"	"Common"	"c0a1179b-b14a-4d68-a3c1-1fdab16ed602"	"I Used to Love H.E.R."	"e274f7c2-2244-4d81-8dcf-7ab9b1d40435"	"Common"	"c0a1179b-b14a-4d68-a3c1-1fdab16ed602"	"Resurrection"	""	"Common Sense"	"3e5d88cb-502e-42d2-9372-7c9b12b43e6d"
"2010-12-16T01:38:01"	"1292463481"	"I'm a African"	"2a04ac65-12ad-4584-b448-49894d1709de"	"dead prez"	"3b02795b-bd2c-4aac-8f6c-e581514cc2d8"	"I'm a African"	"2a04ac65-12ad-4584-b448-49894d1709de"	"dead prez"	"3b02795b-bd2c-4aac-8f6c-e581514cc2d8"	"Lets Get Free"	"44d9c76c-bf29-4c83-af05-17951608a5f5"	"dead prez"	"3b02795b-bd2c-4aac-8f6c-e581514cc2d8"
