[{"timestamp":{"iso":"2009-07-20T17:02:13","unixtimestamp":1248109333},"track":{"name":"The Spirit Is Near","mbid":"3b32e346-6312-4237-a7ce-2b19d590000e","artist":{"name":"Devendra Banhart","mbid":"0110e63e-0a9b-4818-af8e-41e180c20b9a"}},"uncorrectedTrack":{"name":"The Spirit Is Near","mbid":"3b32e346-6312-4237-a7ce-2b19d590000e","artist":{"name":"Devendra Banhart","mbid":"0110e63e-0a9b-4818-af8e-41e180c20b9a"}}},{"timestamp":{"iso":"2009-07-20T17:08:01","unixtimestamp":1248109681},"track":{"name":"Pagan Angel and a Borrowed Car","mbid":"65d7acbe-ab6d-4a52-9c3d-9ffb08d636f9","artist":{"name":"Iron \u0026 Wine","mbid":"c3f28da8-662d-4f09-bdc7-3084bf685930"}},"uncorrectedTrack":{"name":"Pagan Angel and a Borrowed Car","mbid":"65d7acbe-ab6d-4a52-9c3d-9ffb08d636f9","artist":{"name":"Iron \u0026 Wine","mbid":"c3f28da8-662d-4f09-bdc7-3084bf685930"}}},{"timestamp":{"iso":"2009-07-28T14:57:26","unixtimestamp":1248793046},"track":{"name":"Free Until They Cut Me Down","mbid":"138c3d65-5a3f-41fd-8dda-a01394da65b1","artist":{"name":"Iron \u0026 Wine","mbid":"c3f28da8-662d-4f09-bdc7-3084bf685930"}},"uncorrectedTrack":{"name":"Free Until They Cut Me Down","mbid":"138c3d65-5a3f-41fd-8dda-a01394da65b1","artist":{"name":"Iron \u0026 Wine","mbid":"c3f28da8-662d-4f09-bdc7-3084bf685930"}}},{"timestamp":{"iso":"2009-08-02T06:57:16","unixtimestamp":1249196236},"track":{"name":"Theghri (I Send An S.O.S.)","artist":{"name":"Souad Massi"}},"uncorrectedTrack":{"name":"Theghri (I Send An S.O.S.)","artist":{"name":"Souad Massi"}}},{"timestamp":{"iso":"2009-08-02T17:29:22","unixtimestamp":1249234162},"track":{"name":"La Belle Dame Sans Regrets","mbid":"1d2a3c8d-231f-4c3f-8e7a-eab3816d5aee","artist":{"name":"Sting","mbid":"4edb7c9c-2ce5-4b4d-8527-51268eae946e"}},"uncorrectedTrack":{"name":"La Belle Dame Sans Regrets","mbid":"1d2a3c8d-231f-4c3f-8e7a-eab3816d5aee","artist":{"name":"Sting","mbid":"4edb7c9c-2ce5-4b4d-8527-51268eae946e"}}},{"timestamp":{"iso":"2009-08-30T07:44:03","unixtimestamp":1251618243},"track":{"name":"Adagio molto e cantabile","mbid":"9d20727f-6680-4f1d-83a2-61386aded0aa","artist":{"name":"Ludwig van Beethoven","mbid":"1f9df192-a621-4f54-8850-2c5373b7eac9"}},"uncorrectedTrack":{"name":"Adagio molto e cantabile","mbid":"9d20727f-6680-4f1d-83a2-61386aded0aa","artist":{"name":"Ludwig van Beethoven","mbid":"1f9df192-a621-4f54-8850-2c5373b7eac9"}}},{"timestamp":{"iso":"2012-08-22T15:30:45","unixtimestamp":1345649445},"track":{"name":"Baleora (Main I)","artist":{"name":"Claude Monnet","mbid":"5367ef63-3bcd-4319-a617-2633186632c2"}},"uncorrectedTrack":{"name":"Baleora (Main I)","artist":{"name":"Claude Monnet","mbid":"5367ef63-3bcd-4319-a617-2633186632c2"}}}]