[{"timestamp":{"iso":"2009-07-20T00:16:41","unixtimestamp":1248049001},"track":{"name":"Service Bell","mbid":"40d63516-2034-41bc-802b-cafd7cc452c1","artist":{"name":"Grizzly Bear","mbid":"59a7fbcb-ff74-494d-abd0-9c82359040c9"}},"uncorrectedTrack":{"name":"Service Bell","mbid":"40d63516-2034-41bc-802b-cafd7cc452c1","artist":{"name":"Grizzly Bear","mbid":"59a7fbcb-ff74-494d-abd0-9c82359040c9"}}},{"timestamp":{"iso":"2009-07-20T00:17:09","unixtimestamp":1248049029},"track":{"name":"Imitosis","mbid":"7790e395-daf9-4520-8a34-654f3d46df38","artist":{"name":"Andrew Bird","mbid":"081b133e-ce74-42ba-92c1-c18234acb532"}},"uncorrectedTrack":{"name":"Imitosis","mbid":"7790e395-daf9-4520-8a34-654f3d46df38","artist":{"name":"Andrew Bird","mbid":"081b133e-ce74-42ba-92c1-c18234acb532"}}},{"timestamp":{"iso":"2009-07-20T00:30:25","unixtimestamp":1248049825},"track":{"name":"Leftovers","mbid":"31b8d1b6-c51c-463b-930c-fbaed21735f2","artist":{"name":"Johnny Flynn","mbid":"ce19a7e1-8c47-4dc6-9492-ef907ddc6514"}},"uncorrectedTrack":{"name":"Leftovers","mbid":"31b8d1b6-c51c-463b-930c-fbaed21735f2","artist":{"name":"Johnny Flynn","mbid":"ce19a7e1-8c47-4dc6-9492-ef907ddc6514"}}},{"timestamp":{"iso":"2009-07-20T00:33:15","unixtimestamp":1248049995},"track":{"name":"The Concubine","mbid":"a10ca359-3098-425b-8b1d-889cd0b166b7","artist":{"name":"Beirut","mbid":"0af78501-5647-4c18-9a0d-66ac8789e13b"}},"uncorrectedTrack":{"name":"The Concubine","mbid":"a10ca359-3098-425b-8b1d-889cd0b166b7","artist":{"name":"Beirut","mbid":"0af78501-5647-4c18-9a0d-66ac8789e13b"}}},{"timestamp":{"iso":"2009-07-26T06:43:05","unixtimestamp":1248590585},"track":{"name":"Amon Hen","mbid":"1e9bbd4f-84ff-41a6-bbe9-5d386cc85954","artist":{"name":"Howard Shore","mbid":"9b58672a-e68e-4972-956e-a8985a165a1f"}},"uncorrectedTrack":{"name":"Amon Hen","mbid":"1e9bbd4f-84ff-41a6-bbe9-5d386cc85954","artist":{"name":"Howard Shore","mbid":"9b58672a-e68e-4972-956e-a8985a165a1f"}}},{"timestamp":{"iso":"2009-07-26T06:43:32","unixtimestamp":1248590612},"track":{"name":"Looks Just Like the Sun","mbid":"38eaba30-e116-4178-b645-871a7434fd66","artist":{"name":"Broken Social Scene","mbid":"2eada8f8-056a-4093-bbc2-004909ce743b"}},"uncorrectedTrack":{"name":"Looks Just Like the Sun","mbid":"38eaba30-e116-4178-b645-871a7434fd66","artist":{"name":"Broken Social Scene","mbid":"2eada8f8-056a-4093-bbc2-004909ce743b"}}},{"timestamp":{"iso":"2009-07-26T07:15:48","unixtimestamp":1248592548},"track":{"name":"Parlez-moi d\u0027amour","mbid":"2fdd3589-ce18-42f2-966e-6fca40999f05","artist":{"name":"Lucienne Boyer","mbid":"794f27ad-ad32-4a88-b390-79d0141773ca"}},"uncorrectedTrack":{"name":"Parlez-moi d\u0027amour","mbid":"2fdd3589-ce18-42f2-966e-6fca40999f05","artist":{"name":"Lucienne Boyer","mbid":"794f27ad-ad32-4a88-b390-79d0141773ca"}}},{"timestamp":{"iso":"2009-07-26T07:18:32","unixtimestamp":1248592712},"track":{"name":"Pigalle","mbid":"41d29856-05b0-46dc-9ee5-90b0a83931cf","artist":{"name":"Georges Ulmer","mbid":"836ad164-ec00-4652-89d3-e34353627f63"}},"uncorrectedTrack":{"name":"Pigalle","mbid":"41d29856-05b0-46dc-9ee5-90b0a83931cf","artist":{"name":"Georges Ulmer","mbid":"836ad164-ec00-4652-89d3-e34353627f63"}}},{"timestamp":{"iso":"2009-07-27T02:51:13","unixtimestamp":1248663073},"track":{"name":"A paris","artist":{"name":"Yves Montand","mbid":"c5e59ab1-caa7-4044-b671-9e493a85e8e0"}},"uncorrectedTrack":{"name":"A paris","artist":{"name":"Yves Montand","mbid":"c5e59ab1-caa7-4044-b671-9e493a85e8e0"}}},{"timestamp":{"iso":"2009-07-28T01:52:32","unixtimestamp":1248745952},"track":{"name":"Laughter In The Dark","mbid":"d5b07b88-882b-4192-9407-0cb7d1dd453a","artist":{"name":"A Hawk and a Hacksaw","mbid":"b7cef615-5d43-463f-9032-5d3bc0d96b7f"}},"uncorrectedTrack":{"name":"Laughter In The Dark","mbid":"d5b07b88-882b-4192-9407-0cb7d1dd453a","artist":{"name":"A Hawk and a Hacksaw","mbid":"b7cef615-5d43-463f-9032-5d3bc0d96b7f"}}},{"timestamp":{"iso":"2009-07-28T01:59:40","unixtimestamp":1248746380},"track":{"name":"Phone Call","mbid":"a014bd4c-1cfb-411c-ba09-4aeb9ad47860","artist":{"name":"Jon Brion","mbid":"a32e4aac-1db8-4dc6-be34-a813c4530627"}},"uncorrectedTrack":{"name":"Phone Call","mbid":"a014bd4c-1cfb-411c-ba09-4aeb9ad47860","artist":{"name":"Jon Brion","mbid":"a32e4aac-1db8-4dc6-be34-a813c4530627"}}},{"timestamp":{"iso":"2009-07-28T02:03:29","unixtimestamp":1248746609},"track":{"name":"Craven Leaves","mbid":"bf301050-3ac4-44b3-be34-9115aab8116b","artist":{"name":"Zbigniew Preisner","mbid":"d229ee11-fc4e-4a1c-8e0a-1e8f84950532"}},"uncorrectedTrack":{"name":"Craven Leaves","mbid":"bf301050-3ac4-44b3-be34-9115aab8116b","artist":{"name":"Zbigniew Preisner","mbid":"d229ee11-fc4e-4a1c-8e0a-1e8f84950532"}}},{"timestamp":{"iso":"2009-07-28T02:05:30","unixtimestamp":1248746730},"track":{"name":"Reverie","mbid":"7de9a4df-408f-4c7c-b0b2-f8ec19994c57","artist":{"name":"Claude Debussy","mbid":"be50643c-0377-4968-b48c-47e06b2e2a3b"}},"uncorrectedTrack":{"name":"Reverie","mbid":"7de9a4df-408f-4c7c-b0b2-f8ec19994c57","artist":{"name":"Claude Debussy","mbid":"be50643c-0377-4968-b48c-47e06b2e2a3b"}}},{"timestamp":{"iso":"2009-07-28T02:07:36","unixtimestamp":1248746856},"track":{"name":"Rue Des Cascades","mbid":"043a8ae9-47c7-422a-81f8-fdcba3c117e5","artist":{"name":"Yann Tiersen","mbid":"12d432a3-feb0-49b1-a107-d20751880764"}},"uncorrectedTrack":{"name":"Rue Des Cascades","mbid":"043a8ae9-47c7-422a-81f8-fdcba3c117e5","artist":{"name":"Yann Tiersen","mbid":"12d432a3-feb0-49b1-a107-d20751880764"}}},{"timestamp":{"iso":"2009-07-28T05:24:23","unixtimestamp":1248758663},"track":{"name":"Im Not","artist":{"name":"Panda Bear","mbid":"fd3c3f9f-a471-498e-ab3a-940ac20b6bbd"}},"uncorrectedTrack":{"name":"Im Not","artist":{"name":"Panda Bear","mbid":"fd3c3f9f-a471-498e-ab3a-940ac20b6bbd"}}},{"timestamp":{"iso":"2009-07-28T14:45:37","unixtimestamp":1248792337},"track":{"name":"L\u0027Autre Valse d\u0027Amélie","mbid":"19a07892-30f3-4102-80e8-e2a516910609","artist":{"name":"Yann Tiersen","mbid":"12d432a3-feb0-49b1-a107-d20751880764"}},"uncorrectedTrack":{"name":"L\u0027Autre Valse d\u0027Amélie","mbid":"19a07892-30f3-4102-80e8-e2a516910609","artist":{"name":"Yann Tiersen","mbid":"12d432a3-feb0-49b1-a107-d20751880764"}}},{"timestamp":{"iso":"2009-07-28T14:52:26","unixtimestamp":1248792746},"track":{"name":"Burning","mbid":"0a73cc35-d391-47ab-93b1-8b852346cec2","artist":{"name":"The Whitest Boy Alive","mbid":"f83781c8-64f9-4657-85bd-51f74d195cfd"}},"uncorrectedTrack":{"name":"Burning","mbid":"0a73cc35-d391-47ab-93b1-8b852346cec2","artist":{"name":"The Whitest Boy Alive","mbid":"f83781c8-64f9-4657-85bd-51f74d195cfd"}}},{"timestamp":{"iso":"2009-07-28T15:15:38","unixtimestamp":1248794138},"track":{"name":"Something to Live For","mbid":"0bcaf518-ea5d-4119-af03-74e64b921c73","artist":{"name":"Yann Tiersen \u0026 Shannon Wright"}},"uncorrectedTrack":{"name":"Something to Live For","mbid":"0bcaf518-ea5d-4119-af03-74e64b921c73","artist":{"name":"Yann Tiersen \u0026 Shannon Wright"}}},{"timestamp":{"iso":"2009-07-28T15:40:45","unixtimestamp":1248795645},"track":{"name":"Baby Carni Bird","mbid":"24846235-1467-4d03-845d-e551331987f3","artist":{"name":"Camille","mbid":"32bc3ce0-117a-4778-8271-fc271ad56fc3"}},"uncorrectedTrack":{"name":"Baby Carni Bird","mbid":"24846235-1467-4d03-845d-e551331987f3","artist":{"name":"Camille","mbid":"32bc3ce0-117a-4778-8271-fc271ad56fc3"}}},{"timestamp":{"iso":"2009-07-28T15:59:14","unixtimestamp":1248796754},"track":{"name":"The Tunnel","mbid":"22199993-c676-4358-b99b-b5fbd0ad38e2","artist":{"name":"John Murphy","mbid":"1ad39ddd-b4fd-49b7-8137-d5569c0eb2e5"}},"uncorrectedTrack":{"name":"The Tunnel","mbid":"22199993-c676-4358-b99b-b5fbd0ad38e2","artist":{"name":"John Murphy","mbid":"1ad39ddd-b4fd-49b7-8137-d5569c0eb2e5"}}},{"timestamp":{"iso":"2009-07-28T16:05:10","unixtimestamp":1248797110},"track":{"name":"Le vieil amant","mbid":"2d63605b-ef49-4d4e-9bd3-f876b0cc45d7","artist":{"name":"Émilie Simon","mbid":"01252145-c9e8-4de5-a480-9b2bed05450a"}},"uncorrectedTrack":{"name":"Le Vieil Amant","artist":{"name":"Emilie Simon"}}},{"timestamp":{"iso":"2009-07-28T19:22:11","unixtimestamp":1248808931},"track":{"name":"Granmon","mbid":"2e03fc80-4a95-4889-b099-619c25684086","artist":{"name":"Detektivbyrån","mbid":"0f716769-a803-44a5-bb5c-cd9d563716dd"}},"uncorrectedTrack":{"name":"Granmon","mbid":"2e03fc80-4a95-4889-b099-619c25684086","artist":{"name":"Detektivbyrån","mbid":"0f716769-a803-44a5-bb5c-cd9d563716dd"}}},{"timestamp":{"iso":"2009-07-28T19:28:19","unixtimestamp":1248809299},"track":{"name":"La Redécouverte","mbid":"0285e1a8-aa26-4a28-a20f-d9b544898d30","artist":{"name":"Yann Tiersen","mbid":"12d432a3-feb0-49b1-a107-d20751880764"}},"uncorrectedTrack":{"name":"La Redécouverte","mbid":"0285e1a8-aa26-4a28-a20f-d9b544898d30","artist":{"name":"Yann Tiersen","mbid":"12d432a3-feb0-49b1-a107-d20751880764"}}},{"timestamp":{"iso":"2009-07-28T20:16:38","unixtimestamp":1248812198},"track":{"name":"Mon amant de Saint-Jean","artist":{"name":"Lucienne Delyle","mbid":"82e0bc9c-2cf4-403d-939c-1d8c00767170"}},"uncorrectedTrack":{"name":"Mon amant de Saint-Jean","artist":{"name":"Lucienne Delyle","mbid":"82e0bc9c-2cf4-403d-939c-1d8c00767170"}}},{"timestamp":{"iso":"2009-07-31T20:59:51","unixtimestamp":1249073991},"track":{"name":"Talisman","mbid":"048401d2-ef01-4e8c-867a-ea9e461e8775","artist":{"name":"Air","mbid":"018dcc90-b1a2-400a-a96e-64b6a101f009"}},"uncorrectedTrack":{"name":"Talisman","mbid":"048401d2-ef01-4e8c-867a-ea9e461e8775","artist":{"name":"Air","mbid":"018dcc90-b1a2-400a-a96e-64b6a101f009"}}},{"timestamp":{"iso":"2009-08-02T06:25:49","unixtimestamp":1249194349},"track":{"name":"Kamionos kút","mbid":"a4ba622a-27db-4220-b61d-b65983892f45","artist":{"name":"Besh O Drom","mbid":"4f91e2f8-f0e4-4e12-b6f6-fafbd381b9cf"}},"uncorrectedTrack":{"name":"Kamionos kút","mbid":"a4ba622a-27db-4220-b61d-b65983892f45","artist":{"name":"Besh O Drom","mbid":"4f91e2f8-f0e4-4e12-b6f6-fafbd381b9cf"}}},{"timestamp":{"iso":"2009-08-02T06:30:57","unixtimestamp":1249194657},"track":{"name":"Pusztító","mbid":"eea7a36c-e0ba-4bf6-89ce-e46744c93c3d","artist":{"name":"Besh O Drom","mbid":"4f91e2f8-f0e4-4e12-b6f6-fafbd381b9cf"}},"uncorrectedTrack":{"name":"Pusztító","mbid":"eea7a36c-e0ba-4bf6-89ce-e46744c93c3d","artist":{"name":"Besh O Drom","mbid":"4f91e2f8-f0e4-4e12-b6f6-fafbd381b9cf"}}},{"timestamp":{"iso":"2009-08-02T06:36:39","unixtimestamp":1249194999},"track":{"name":"Meggyújtom A Pipám","mbid":"63072523-dacd-4e0d-a405-f3ed6d8cdf8a","artist":{"name":"Besh O Drom","mbid":"4f91e2f8-f0e4-4e12-b6f6-fafbd381b9cf"}},"uncorrectedTrack":{"name":"Meggyújtom A Pipám","mbid":"63072523-dacd-4e0d-a405-f3ed6d8cdf8a","artist":{"name":"Besh O Drom","mbid":"4f91e2f8-f0e4-4e12-b6f6-fafbd381b9cf"}}},{"timestamp":{"iso":"2009-08-02T06:47:40","unixtimestamp":1249195660},"track":{"name":"Salam","mbid":"ba55c8bb-9be7-4bd6-a2ba-c4182fa0d77c","artist":{"name":"Youcef","mbid":"b4c931b8-0577-4e66-94f8-76b988e5ead3"}},"uncorrectedTrack":{"name":"Salam","mbid":"ba55c8bb-9be7-4bd6-a2ba-c4182fa0d77c","artist":{"name":"Youcef","mbid":"b4c931b8-0577-4e66-94f8-76b988e5ead3"}}},{"timestamp":{"iso":"2009-08-02T06:51:05","unixtimestamp":1249195865},"track":{"name":"Ship of Fools (Stone of Exile)","mbid":"077312aa-5289-418d-b37d-ccc1f075162d","artist":{"name":"Secret Chiefs 3","mbid":"45ec9b41-eeea-42da-8337-28c67a8d2934"}},"uncorrectedTrack":{"name":"Ship of Fools (Stone of Exile)","mbid":"077312aa-5289-418d-b37d-ccc1f075162d","artist":{"name":"Secret Chiefs 3","mbid":"45ec9b41-eeea-42da-8337-28c67a8d2934"}}},{"timestamp":{"iso":"2009-08-02T07:22:55","unixtimestamp":1249197775},"track":{"name":"Muskátlis teraszokon","mbid":"f3bd8fc2-28ed-4632-9057-9070183efdcc","artist":{"name":"Amorf Ördögök","mbid":"f1537804-4520-4324-b6b4-b2dfe83242e3"}},"uncorrectedTrack":{"name":"Muskátlis teraszokon","mbid":"f3bd8fc2-28ed-4632-9057-9070183efdcc","artist":{"name":"Amorf Ördögök","mbid":"f1537804-4520-4324-b6b4-b2dfe83242e3"}}},{"timestamp":{"iso":"2009-08-02T07:38:05","unixtimestamp":1249198685},"track":{"name":"La Valse A Mille Temps","artist":{"name":"Jacques Brel","mbid":"91eda19b-1437-42cd-b7af-69df24b7f275"}},"uncorrectedTrack":{"name":"La Valse A Mille Temps","artist":{"name":"Jacques Brel","mbid":"91eda19b-1437-42cd-b7af-69df24b7f275"}}},{"timestamp":{"iso":"2009-08-02T07:42:03","unixtimestamp":1249198923},"track":{"name":"A Black And White Rainbow","mbid":"ccf62cf5-7658-4377-883f-ef1303f7578d","artist":{"name":"A Hawk and a Hacksaw","mbid":"b7cef615-5d43-463f-9032-5d3bc0d96b7f"}},"uncorrectedTrack":{"name":"A Black And White Rainbow","mbid":"ccf62cf5-7658-4377-883f-ef1303f7578d","artist":{"name":"A Hawk and a Hacksaw","mbid":"b7cef615-5d43-463f-9032-5d3bc0d96b7f"}}},{"timestamp":{"iso":"2009-08-02T07:44:22","unixtimestamp":1249199062},"track":{"name":"Vallottál már ilyet?","mbid":"e6b8c842-2591-49f5-88c4-52f801de188e","artist":{"name":"Kaukázus","mbid":"16b9bb67-ebe5-4b68-9087-b6d7b5769705"}},"uncorrectedTrack":{"name":"Vallottál már ilyet?","mbid":"e6b8c842-2591-49f5-88c4-52f801de188e","artist":{"name":"Kaukázus","mbid":"16b9bb67-ebe5-4b68-9087-b6d7b5769705"}}},{"timestamp":{"iso":"2009-08-02T07:45:36","unixtimestamp":1249199136},"track":{"name":"Moonlight Sonata","mbid":"2039e718-7aef-450a-a219-b24d9c9c0b35","artist":{"name":"Ludwig van Beethoven","mbid":"1f9df192-a621-4f54-8850-2c5373b7eac9"}},"uncorrectedTrack":{"name":"Moonlight Sonata","mbid":"2039e718-7aef-450a-a219-b24d9c9c0b35","artist":{"name":"Ludwig van Beethoven","mbid":"1f9df192-a621-4f54-8850-2c5373b7eac9"}}},{"timestamp":{"iso":"2009-08-02T17:01:16","unixtimestamp":1249232476},"track":{"name":"Sza Tele Zsav","mbid":"2d5a8214-0a70-403b-90e6-929af147d9af","artist":{"name":"Ando Drom","mbid":"b3a63b9b-fb36-4022-8a92-da1cf08214cc"}},"uncorrectedTrack":{"name":"Sza Tele Zsav","mbid":"2d5a8214-0a70-403b-90e6-929af147d9af","artist":{"name":"Ando Drom","mbid":"b3a63b9b-fb36-4022-8a92-da1cf08214cc"}}},{"timestamp":{"iso":"2009-08-02T17:01:49","unixtimestamp":1249232509},"track":{"name":"Carolina","mbid":"b277be81-ebc3-4f28-b598-21a979d39560","artist":{"name":"Taraf de Haïdouks","mbid":"41f0dc28-8482-41b8-b28c-05ac31af0928"}},"uncorrectedTrack":{"name":"Carolina","mbid":"b277be81-ebc3-4f28-b598-21a979d39560","artist":{"name":"Taraf de Haïdouks","mbid":"41f0dc28-8482-41b8-b28c-05ac31af0928"}}},{"timestamp":{"iso":"2009-08-02T17:02:54","unixtimestamp":1249232574},"track":{"name":"Mysterieuse","mbid":"9e4868fa-1355-405c-9d6d-e0bcca06dbf3","artist":{"name":"Csókolom","mbid":"68245d0d-9d01-4bcb-9475-d8848840abed"}},"uncorrectedTrack":{"name":"Mysterieuse","mbid":"9e4868fa-1355-405c-9d6d-e0bcca06dbf3","artist":{"name":"Csókolom","mbid":"68245d0d-9d01-4bcb-9475-d8848840abed"}}},{"timestamp":{"iso":"2009-08-02T17:03:44","unixtimestamp":1249232624},"track":{"name":"Lei Toi","mbid":"05cb5f15-f07a-4a51-8420-3b11763463d5","artist":{"name":"Mitsoura","mbid":"1abc3af4-2ea0-446e-83de-b8444a64d3f4"}},"uncorrectedTrack":{"name":"Lei Toi","mbid":"05cb5f15-f07a-4a51-8420-3b11763463d5","artist":{"name":"Mitsoura","mbid":"1abc3af4-2ea0-446e-83de-b8444a64d3f4"}}},{"timestamp":{"iso":"2009-08-02T17:04:19","unixtimestamp":1249232659},"track":{"name":"L\u0027homme Qui Boit (The Man Who Drinks) (World)","artist":{"name":"Mahala Rai Banda","mbid":"21cc597f-1ed6-4a00-b728-4ec0d3b811e3"}},"uncorrectedTrack":{"name":"L\u0027homme Qui Boit (The Man Who Drinks) (World)","artist":{"name":"Mahala Rai Banda","mbid":"21cc597f-1ed6-4a00-b728-4ec0d3b811e3"}}},{"timestamp":{"iso":"2009-08-02T17:04:54","unixtimestamp":1249232694},"track":{"name":"Asfalt Tango","mbid":"3f992092-6aee-4382-bd7e-76c6db242580","artist":{"name":"Fanfare Ciocărlia","mbid":"a98da524-e565-4d89-b729-17d5a5fe75e0"}},"uncorrectedTrack":{"name":"Asfalt Tango","mbid":"3f992092-6aee-4382-bd7e-76c6db242580","artist":{"name":"Fanfare Ciocărlia","mbid":"a98da524-e565-4d89-b729-17d5a5fe75e0"}}},{"timestamp":{"iso":"2009-08-02T17:05:16","unixtimestamp":1249232716},"track":{"name":"Vedd fel a legjobb ruhád","mbid":"2e1de90f-4fff-4eb9-aa38-7aedff8d5c68","artist":{"name":"Amorf Ördögök","mbid":"f1537804-4520-4324-b6b4-b2dfe83242e3"}},"uncorrectedTrack":{"name":"Vedd fel a legjobb ruhád","mbid":"2e1de90f-4fff-4eb9-aa38-7aedff8d5c68","artist":{"name":"Amorf Ördögök","mbid":"f1537804-4520-4324-b6b4-b2dfe83242e3"}}},{"timestamp":{"iso":"2009-08-02T17:05:56","unixtimestamp":1249232756},"track":{"name":"Spoitoresa","artist":{"name":"Mahala Raï Banda"}},"uncorrectedTrack":{"name":"Spoitoresa","artist":{"name":"Mahala Raï Banda"}}},{"timestamp":{"iso":"2009-08-02T17:07:02","unixtimestamp":1249232822},"track":{"name":"Zirzop","mbid":"106d8288-8fc5-42e3-b33e-181d4b921bec","artist":{"name":"Fatima Spar und Die Freedom Fries","mbid":"63645239-112d-479e-b369-97087ed44989"}},"uncorrectedTrack":{"name":"Zirzop","mbid":"106d8288-8fc5-42e3-b33e-181d4b921bec","artist":{"name":"Fatima Spar und Die Freedom Fries","mbid":"63645239-112d-479e-b369-97087ed44989"}}},{"timestamp":{"iso":"2009-08-05T07:02:12","unixtimestamp":1249455732},"track":{"name":"Shousetsu","mbid":"15c4daf7-cf78-457e-bdb5-f4712ef4f966","artist":{"name":"Radicalfashion","mbid":"7eccc375-3163-4850-89bf-ce1b42eba3a9"}},"uncorrectedTrack":{"name":"Shousetsu","mbid":"15c4daf7-cf78-457e-bdb5-f4712ef4f966","artist":{"name":"Radicalfashion","mbid":"7eccc375-3163-4850-89bf-ce1b42eba3a9"}}},{"timestamp":{"iso":"2009-08-05T07:07:34","unixtimestamp":1249456054},"track":{"name":"Cloud Whereabouts","mbid":"8591c322-562d-473e-b36d-4b452a20fd89","artist":{"name":"Fourcolor","mbid":"35ecde03-e81c-478b-9c58-bf2b5bef7a0a"}},"uncorrectedTrack":{"name":"Cloud Whereabouts","mbid":"8591c322-562d-473e-b36d-4b452a20fd89","artist":{"name":"Fourcolor","mbid":"35ecde03-e81c-478b-9c58-bf2b5bef7a0a"}}},{"timestamp":{"iso":"2009-08-05T07:10:16","unixtimestamp":1249456216},"track":{"name":"Beside a Well","artist":{"name":"Chihei Hatakeyama"}},"uncorrectedTrack":{"name":"Beside a Well","artist":{"name":"Chihei Hatakeyama"}}},{"timestamp":{"iso":"2009-08-05T07:25:07","unixtimestamp":1249457107},"track":{"name":"August Neige","mbid":"79c3168b-aae4-4707-a7db-3e219b86503c","artist":{"name":"Sawako","mbid":"28dcd46c-0bd1-4787-8487-a43e7e13b233"}},"uncorrectedTrack":{"name":"August Neige","mbid":"79c3168b-aae4-4707-a7db-3e219b86503c","artist":{"name":"Sawako","mbid":"28dcd46c-0bd1-4787-8487-a43e7e13b233"}}},{"timestamp":{"iso":"2009-08-05T07:30:35","unixtimestamp":1249457435},"track":{"name":"Strange Seed","mbid":"f2697a29-34ce-4edc-b5be-22045f96409d","artist":{"name":"Gutevolk","mbid":"38284e06-c741-40c4-b247-f7dc0de5f24c"}},"uncorrectedTrack":{"name":"Strange Seed","mbid":"f2697a29-34ce-4edc-b5be-22045f96409d","artist":{"name":"Gutevolk","mbid":"38284e06-c741-40c4-b247-f7dc0de5f24c"}}},{"timestamp":{"iso":"2009-08-05T08:06:03","unixtimestamp":1249459563},"track":{"name":"vignette","mbid":"39c39072-4019-46d0-86ee-7219ab7c93ae","artist":{"name":"Fourcolor","mbid":"35ecde03-e81c-478b-9c58-bf2b5bef7a0a"}},"uncorrectedTrack":{"name":"vignette","mbid":"39c39072-4019-46d0-86ee-7219ab7c93ae","artist":{"name":"Fourcolor","mbid":"35ecde03-e81c-478b-9c58-bf2b5bef7a0a"}}},{"timestamp":{"iso":"2009-08-05T14:35:07","unixtimestamp":1249482907},"track":{"name":"picture of three life","mbid":"96aa8d3d-47f3-4a60-ad0a-fe399bbf535f","artist":{"name":"Yasushi Yoshida","mbid":"c5b13da1-e20a-40b2-ab1d-b86e09772e7a"}},"uncorrectedTrack":{"name":"picture of three life","mbid":"96aa8d3d-47f3-4a60-ad0a-fe399bbf535f","artist":{"name":"Yasushi Yoshida","mbid":"c5b13da1-e20a-40b2-ab1d-b86e09772e7a"}}},{"timestamp":{"iso":"2009-08-05T14:48:44","unixtimestamp":1249483724},"track":{"name":"WATASHI NO NEML TABI","mbid":"68864b97-59c4-4491-bc92-755570de778a","artist":{"name":"Moskitoo","mbid":"fde895b9-395a-4f98-92b6-85c322a8c375"}},"uncorrectedTrack":{"name":"WATASHI NO NEML TABI","mbid":"68864b97-59c4-4491-bc92-755570de778a","artist":{"name":"Moskitoo","mbid":"fde895b9-395a-4f98-92b6-85c322a8c375"}}},{"timestamp":{"iso":"2009-08-06T06:01:39","unixtimestamp":1249538499},"track":{"name":"Song without Words, Op. 85, No. 2","mbid":"41ae35ef-8fbd-4e73-a338-0245e79d3ec1","artist":{"name":"Felix Mendelssohn","mbid":"0e85eb79-1c05-44ba-827c-7b259a3d941a"}},"uncorrectedTrack":{"name":"Song without Words, Op. 85, No. 2","mbid":"41ae35ef-8fbd-4e73-a338-0245e79d3ec1","artist":{"name":"Felix Mendelssohn","mbid":"0e85eb79-1c05-44ba-827c-7b259a3d941a"}}},{"timestamp":{"iso":"2009-08-10T21:39:53","unixtimestamp":1249940393},"track":{"name":"Moderato","artist":{"name":"Sergei Rachmaninoff"}},"uncorrectedTrack":{"name":"Moderato","artist":{"name":"Sergei Rachmaninoff"}}},{"timestamp":{"iso":"2009-08-12T03:45:26","unixtimestamp":1250048726},"track":{"name":"Lilacs","artist":{"name":"Sergei Rachmaninoff"}},"uncorrectedTrack":{"name":"Lilacs","artist":{"name":"Sergei Rachmaninoff"}}},{"timestamp":{"iso":"2009-08-12T03:51:38","unixtimestamp":1250049098},"track":{"name":"Sonata No. 5, Op. 53","mbid":"e0aeb8a3-c5db-41c5-acca-f59b4d5be6e8","artist":{"name":"Alexander Scriabin"}},"uncorrectedTrack":{"name":"Sonata No. 5, Op. 53","mbid":"e0aeb8a3-c5db-41c5-acca-f59b4d5be6e8","artist":{"name":"Alexander Scriabin"}}},{"timestamp":{"iso":"2009-08-27T04:00:31","unixtimestamp":1251345631},"track":{"name":"Madrigal","artist":{"name":"Sergei Prokofiev"}},"uncorrectedTrack":{"name":"Madrigal","artist":{"name":"Sergei Prokofiev"}}},{"timestamp":{"iso":"2009-08-27T04:48:13","unixtimestamp":1251348493},"track":{"name":"String Quartet #16 - movement #1 (Haydn)","artist":{"name":"Franz Joseph Haydn"}},"uncorrectedTrack":{"name":"String Quartet #16 - movement #1 (Haydn)","artist":{"name":"Haydn"}}},{"timestamp":{"iso":"2009-08-27T06:19:58","unixtimestamp":1251353998},"track":{"name":"Dans Tes Yeux (feat. Guesch Patti)","artist":{"name":"Gonzales","mbid":"859d4c71-8baf-4987-91ac-a138c9bba81f"}},"uncorrectedTrack":{"name":"Dans Tes Yeux (feat. Guesch Patti)","artist":{"name":"Gonzales","mbid":"859d4c71-8baf-4987-91ac-a138c9bba81f"}}},{"timestamp":{"iso":"2009-08-28T07:30:45","unixtimestamp":1251444645},"track":{"name":"Que Reste-t-il De Nos Amours","mbid":"82e5b99f-4bb4-4588-8377-1809e2509d80","artist":{"name":"Charles Trenet","mbid":"31ee7748-fd85-46cf-bdd2-5a30955a5890"}},"uncorrectedTrack":{"name":"Que Reste-T-Il De Nos Amours","artist":{"name":"Charles Trénet"}}},{"timestamp":{"iso":"2009-08-28T07:37:30","unixtimestamp":1251445050},"track":{"name":"Luna rossa","mbid":"d493eb9a-abb0-4da4-8e54-95e9cab2c4f0","artist":{"name":"Lucienne Delyle","mbid":"82e0bc9c-2cf4-403d-939c-1d8c00767170"}},"uncorrectedTrack":{"name":"Luna rossa","mbid":"d493eb9a-abb0-4da4-8e54-95e9cab2c4f0","artist":{"name":"Lucienne Delyle","mbid":"82e0bc9c-2cf4-403d-939c-1d8c00767170"}}},{"timestamp":{"iso":"2009-08-28T07:48:27","unixtimestamp":1251445707},"track":{"name":"La mauvaise réputation","mbid":"924190fc-d11d-4be8-b289-e20183cd22f1","artist":{"name":"Georges Brassens","mbid":"b58165ba-ac55-49a1-8855-caf16c68f5f2"}},"uncorrectedTrack":{"name":"La mauvaise réputation","mbid":"924190fc-d11d-4be8-b289-e20183cd22f1","artist":{"name":"Georges Brassens","mbid":"b58165ba-ac55-49a1-8855-caf16c68f5f2"}}},{"timestamp":{"iso":"2009-08-28T07:50:49","unixtimestamp":1251445849},"track":{"name":"Sexe","mbid":"aa887e3b-b42b-4415-b57e-269c2eb7aa1f","artist":{"name":"Line Renaud","mbid":"2f2d054c-130d-4108-9827-1b4709766b4e"}},"uncorrectedTrack":{"name":"Sexe","mbid":"aa887e3b-b42b-4415-b57e-269c2eb7aa1f","artist":{"name":"Line Renaud","mbid":"2f2d054c-130d-4108-9827-1b4709766b4e"}}},{"timestamp":{"iso":"2009-08-29T09:18:29","unixtimestamp":1251537509},"track":{"name":"Waltz of the Flowers","mbid":"d6e5d796-3644-4590-b213-ffb40f0baf50","artist":{"name":"Pyotr Ilyich Tchaikovsky","mbid":"488b0efa-65fa-45da-9773-6b0cc3f4101c"}},"uncorrectedTrack":{"name":"Waltz of the Flowers","mbid":"d6e5d796-3644-4590-b213-ffb40f0baf50","artist":{"name":"Pyotr Ilyich Tchaikovsky","mbid":"488b0efa-65fa-45da-9773-6b0cc3f4101c"}}},{"timestamp":{"iso":"2009-09-01T17:25:29","unixtimestamp":1251825929},"track":{"name":"The Man I Love","mbid":"6792094d-7c1b-431c-993d-6c481ea0bd86","artist":{"name":"Teddy Wilson","mbid":"2e89725a-ac85-414c-b3b2-70f0a82fae9a"}},"uncorrectedTrack":{"name":"The Man I Love","mbid":"6792094d-7c1b-431c-993d-6c481ea0bd86","artist":{"name":"Teddy Wilson","mbid":"2e89725a-ac85-414c-b3b2-70f0a82fae9a"}}},{"timestamp":{"iso":"2009-09-01T17:43:17","unixtimestamp":1251826997},"track":{"name":"La Noyée","mbid":"0b883adc-4878-4269-92ae-bfeb97b5a568","artist":{"name":"Yann Tiersen","mbid":"12d432a3-feb0-49b1-a107-d20751880764"}},"uncorrectedTrack":{"name":"La Noyée","mbid":"0b883adc-4878-4269-92ae-bfeb97b5a568","artist":{"name":"Yann Tiersen","mbid":"12d432a3-feb0-49b1-a107-d20751880764"}}},{"timestamp":{"iso":"2009-11-26T08:00:53","unixtimestamp":1259222453},"track":{"name":"Breathe","mbid":"9f3d6056-7852-4427-9bf2-cdec8b773ced","artist":{"name":"Télépopmusik","mbid":"265f242e-cf4e-4fbe-a3fe-43112387172f"}},"uncorrectedTrack":{"name":"Breathe","mbid":"9f3d6056-7852-4427-9bf2-cdec8b773ced","artist":{"name":"Télépopmusik","mbid":"265f242e-cf4e-4fbe-a3fe-43112387172f"}}},{"timestamp":{"iso":"2009-11-26T08:01:00","unixtimestamp":1259222460},"track":{"name":"In the Waiting Line","mbid":"b357af22-0fc3-433e-8209-9a946911a1c0","artist":{"name":"Zero 7","mbid":"c23b637b-97c6-41eb-8ef6-6c724efc80a8"}},"uncorrectedTrack":{"name":"In the Waiting Line","mbid":"b357af22-0fc3-433e-8209-9a946911a1c0","artist":{"name":"Zero 7","mbid":"c23b637b-97c6-41eb-8ef6-6c724efc80a8"}}},{"timestamp":{"iso":"2010-01-08T15:18:23","unixtimestamp":1262963903},"track":{"name":"Genetic World","mbid":"04a605dd-0306-4e15-bfad-bb94d9afdfb0","artist":{"name":"Télépopmusik","mbid":"265f242e-cf4e-4fbe-a3fe-43112387172f"}},"uncorrectedTrack":{"name":"Genetic World","mbid":"04a605dd-0306-4e15-bfad-bb94d9afdfb0","artist":{"name":"Télépopmusik","mbid":"265f242e-cf4e-4fbe-a3fe-43112387172f"}}},{"timestamp":{"iso":"2010-01-18T23:52:48","unixtimestamp":1263858768},"track":{"name":"Bad Crumbs","mbid":"6ddcc83a-ee00-43ab-827a-a59215f66a61","artist":{"name":"Animal Collective","mbid":"0c751690-c784-4a4f-b1e4-c1de27d47581"}},"uncorrectedTrack":{"name":"Bad Crumbs","mbid":"6ddcc83a-ee00-43ab-827a-a59215f66a61","artist":{"name":"Animal Collective","mbid":"0c751690-c784-4a4f-b1e4-c1de27d47581"}}},{"timestamp":{"iso":"2010-01-20T23:05:07","unixtimestamp":1264028707},"track":{"name":"Heat Miser","mbid":"2b518560-d635-4b66-9d50-fab6735853fe","artist":{"name":"Massive Attack","mbid":"10adbe5e-a2c0-4bf3-8249-2b4cbf6e6ca8"}},"uncorrectedTrack":{"name":"Heat Miser","mbid":"2b518560-d635-4b66-9d50-fab6735853fe","artist":{"name":"Massive Attack","mbid":"10adbe5e-a2c0-4bf3-8249-2b4cbf6e6ca8"}}},{"timestamp":{"iso":"2010-01-26T23:01:50","unixtimestamp":1264546910},"track":{"name":"Forgiveness","mbid":"de3fba4d-3a7b-44b4-b72c-688fe8519446","artist":{"name":"Yeasayer","mbid":"3feba7fa-3837-424a-b4f1-0077d217f569"}},"uncorrectedTrack":{"name":"Forgiveness","mbid":"de3fba4d-3a7b-44b4-b72c-688fe8519446","artist":{"name":"Yeasayer","mbid":"3feba7fa-3837-424a-b4f1-0077d217f569"}}},{"timestamp":{"iso":"2010-01-27T00:19:41","unixtimestamp":1264551581},"track":{"name":"Swans (Life After Death)","mbid":"5261c2bb-c784-4b47-b574-d250de9473c1","artist":{"name":"Islands","mbid":"4de30660-26a8-4390-af6f-8fc0564e7e61"}},"uncorrectedTrack":{"name":"Swans (Life After Death)","mbid":"5261c2bb-c784-4b47-b574-d250de9473c1","artist":{"name":"Islands","mbid":"4de30660-26a8-4390-af6f-8fc0564e7e61"}}},{"timestamp":{"iso":"2010-01-27T00:33:26","unixtimestamp":1264552406},"track":{"name":"Dying Is Fine","mbid":"2acd19cf-f0db-479b-bbae-60ed8c388532","artist":{"name":"Ra Ra Riot","mbid":"d8f63b51-73e0-4f65-8bd3-bcfe6892fb0e"}},"uncorrectedTrack":{"name":"Dying Is Fine","mbid":"2acd19cf-f0db-479b-bbae-60ed8c388532","artist":{"name":"Ra Ra Riot","mbid":"d8f63b51-73e0-4f65-8bd3-bcfe6892fb0e"}}},{"timestamp":{"iso":"2010-01-27T00:44:04","unixtimestamp":1264553044},"track":{"name":"Rumpus","mbid":"194e8d5b-310b-4339-9bce-4a1d87d18ef9","artist":{"name":"Karen O and the Kids","mbid":"32c91695-1a31-4ec5-a12e-9e3870b64dbd"}},"uncorrectedTrack":{"name":"Rumpus","mbid":"194e8d5b-310b-4339-9bce-4a1d87d18ef9","artist":{"name":"Karen O and the Kids","mbid":"32c91695-1a31-4ec5-a12e-9e3870b64dbd"}}},{"timestamp":{"iso":"2010-01-27T00:58:35","unixtimestamp":1264553915},"track":{"name":"The Ballad Of Mack The Knife (Bonus Track)","artist":{"name":"Lotte Lenya","mbid":"244f758f-5154-49c8-b3e1-551491e502f3"}},"uncorrectedTrack":{"name":"The Ballad Of Mack The Knife (Bonus Track)","artist":{"name":"Lotte Lenya","mbid":"244f758f-5154-49c8-b3e1-551491e502f3"}}},{"timestamp":{"iso":"2010-01-31T00:38:52","unixtimestamp":1264898332},"track":{"name":"Still Frame","artist":{"name":"Lusine"}},"uncorrectedTrack":{"name":"Still Frame","artist":{"name":"Lusine"}}},{"timestamp":{"iso":"2010-01-31T00:46:22","unixtimestamp":1264898782},"track":{"name":"Betray","mbid":"3bff9e39-3c51-4fba-b9f1-060272076827","artist":{"name":"Son Lux","mbid":"afcd292c-3c1e-4708-af4a-991aadf957e4"}},"uncorrectedTrack":{"name":"Betray","mbid":"3bff9e39-3c51-4fba-b9f1-060272076827","artist":{"name":"Son Lux","mbid":"afcd292c-3c1e-4708-af4a-991aadf957e4"}}},{"timestamp":{"iso":"2010-01-31T00:52:57","unixtimestamp":1264899177},"track":{"name":"Untitled One","mbid":"0f2db221-d1f5-4a51-a93d-95bb7db26cde","artist":{"name":"Odd Nosdam","mbid":"af256aa5-4bc7-4aca-9b89-55ca26fe5468"}},"uncorrectedTrack":{"name":"Untitled One","mbid":"0f2db221-d1f5-4a51-a93d-95bb7db26cde","artist":{"name":"Odd Nosdam","mbid":"af256aa5-4bc7-4aca-9b89-55ca26fe5468"}}},{"timestamp":{"iso":"2010-01-31T15:18:35","unixtimestamp":1264951115},"track":{"name":"Stay","mbid":"ad8f64d1-6cd7-4423-b6c9-fe2485b2b4aa","artist":{"name":"Son Lux","mbid":"afcd292c-3c1e-4708-af4a-991aadf957e4"}},"uncorrectedTrack":{"name":"Stay","mbid":"ad8f64d1-6cd7-4423-b6c9-fe2485b2b4aa","artist":{"name":"Son Lux","mbid":"afcd292c-3c1e-4708-af4a-991aadf957e4"}}},{"timestamp":{"iso":"2010-01-31T15:23:54","unixtimestamp":1264951434},"track":{"name":"Keep Up Appearance","mbid":"60e4cc42-72c2-47cc-831b-3fdf668a83b0","artist":{"name":"Dosh","mbid":"a6018f35-4de1-4003-8941-6f72012898e7"}},"uncorrectedTrack":{"name":"Keep Up Appearance","mbid":"60e4cc42-72c2-47cc-831b-3fdf668a83b0","artist":{"name":"Dosh","mbid":"a6018f35-4de1-4003-8941-6f72012898e7"}}},{"timestamp":{"iso":"2010-02-02T21:18:01","unixtimestamp":1265145481},"track":{"name":"After The Curtain","mbid":"3e075e0c-8cfb-41ce-bb09-84de9c9937a9","artist":{"name":"Beirut","mbid":"0af78501-5647-4c18-9a0d-66ac8789e13b"}},"uncorrectedTrack":{"name":"After The Curtain","mbid":"3e075e0c-8cfb-41ce-bb09-84de9c9937a9","artist":{"name":"Beirut","mbid":"0af78501-5647-4c18-9a0d-66ac8789e13b"}}},{"timestamp":{"iso":"2010-02-02T21:21:27","unixtimestamp":1265145687},"track":{"name":"Simple X","mbid":"278b9d75-263a-4fac-b6c1-5d7294d50416","artist":{"name":"Andrew Bird","mbid":"081b133e-ce74-42ba-92c1-c18234acb532"}},"uncorrectedTrack":{"name":"Simple X","mbid":"278b9d75-263a-4fac-b6c1-5d7294d50416","artist":{"name":"Andrew Bird","mbid":"081b133e-ce74-42ba-92c1-c18234acb532"}}},{"timestamp":{"iso":"2010-02-02T21:43:03","unixtimestamp":1265146983},"track":{"name":"How It Ends","mbid":"1979be8a-33bd-45ee-96ad-aefbcaa4f358","artist":{"name":"DeVotchKa","mbid":"a66cc38c-e6cd-4725-a8fd-7d32b998347f"}},"uncorrectedTrack":{"name":"How It Ends","mbid":"1979be8a-33bd-45ee-96ad-aefbcaa4f358","artist":{"name":"DeVotchKa","mbid":"a66cc38c-e6cd-4725-a8fd-7d32b998347f"}}},{"timestamp":{"iso":"2010-02-02T21:49:10","unixtimestamp":1265147350},"track":{"name":"Carousels","mbid":"32839643-7009-4a7e-8194-5a0abbb5562d","artist":{"name":"Beirut","mbid":"0af78501-5647-4c18-9a0d-66ac8789e13b"}},"uncorrectedTrack":{"name":"Carousels","mbid":"32839643-7009-4a7e-8194-5a0abbb5562d","artist":{"name":"Beirut","mbid":"0af78501-5647-4c18-9a0d-66ac8789e13b"}}},{"timestamp":{"iso":"2010-02-02T21:54:24","unixtimestamp":1265147664},"track":{"name":"Plasticities","mbid":"431a2b5d-d7b8-4a7a-a4ae-bf88804027aa","artist":{"name":"Andrew Bird","mbid":"081b133e-ce74-42ba-92c1-c18234acb532"}},"uncorrectedTrack":{"name":"Plasticities","mbid":"431a2b5d-d7b8-4a7a-a4ae-bf88804027aa","artist":{"name":"Andrew Bird","mbid":"081b133e-ce74-42ba-92c1-c18234acb532"}}},{"timestamp":{"iso":"2010-02-03T02:55:10","unixtimestamp":1265165710},"track":{"name":"Hunter","mbid":"0168002b-c5c9-4d1f-afdb-42eba8e40d86","artist":{"name":"Portishead","mbid":"17e0ef75-fae9-4fa3-b6f6-39a8c986d686"}},"uncorrectedTrack":{"name":"Hunter","mbid":"0168002b-c5c9-4d1f-afdb-42eba8e40d86","artist":{"name":"Portishead","mbid":"17e0ef75-fae9-4fa3-b6f6-39a8c986d686"}}},{"timestamp":{"iso":"2010-02-03T02:58:48","unixtimestamp":1265165928},"track":{"name":"World Looking In","mbid":"42009ce2-a79f-4bf1-bff1-534626f8d4e3","artist":{"name":"Morcheeba","mbid":"067102ea-9519-4622-9077-57ca4164cfbb"}},"uncorrectedTrack":{"name":"World Looking In","mbid":"42009ce2-a79f-4bf1-bff1-534626f8d4e3","artist":{"name":"Morcheeba","mbid":"067102ea-9519-4622-9077-57ca4164cfbb"}}},{"timestamp":{"iso":"2010-02-03T03:12:38","unixtimestamp":1265166758},"track":{"name":"Little Secrets","mbid":"6519f25d-1c27-42b8-b6ad-28604b6225bd","artist":{"name":"Passion Pit","mbid":"daeec599-bf5d-4428-994a-e76ba5f86e2f"}},"uncorrectedTrack":{"name":"Little Secrets","mbid":"6519f25d-1c27-42b8-b6ad-28604b6225bd","artist":{"name":"Passion Pit","mbid":"daeec599-bf5d-4428-994a-e76ba5f86e2f"}}},{"timestamp":{"iso":"2010-02-03T03:21:21","unixtimestamp":1265167281},"track":{"name":"Can You Tell","mbid":"707be2af-4cb2-4f1b-9931-dbd6bf9bb17d","artist":{"name":"Ra Ra Riot","mbid":"d8f63b51-73e0-4f65-8bd3-bcfe6892fb0e"}},"uncorrectedTrack":{"name":"Can You Tell","mbid":"707be2af-4cb2-4f1b-9931-dbd6bf9bb17d","artist":{"name":"Ra Ra Riot","mbid":"d8f63b51-73e0-4f65-8bd3-bcfe6892fb0e"}}},{"timestamp":{"iso":"2010-02-03T03:21:28","unixtimestamp":1265167288},"track":{"name":"I\u0027m Not Gonna Teach Your Boyfriend How to Dance With You","mbid":"15d2c509-5d96-4ebd-b309-b4ff21610da5","artist":{"name":"Black Kids","mbid":"38f953ac-af97-40b1-b95c-ab35cc0d7a81"}},"uncorrectedTrack":{"name":"I\u0027m Not Gonna Teach Your Boyfriend How to Dance With You","mbid":"15d2c509-5d96-4ebd-b309-b4ff21610da5","artist":{"name":"Black Kids","mbid":"38f953ac-af97-40b1-b95c-ab35cc0d7a81"}}},{"timestamp":{"iso":"2010-02-03T03:23:09","unixtimestamp":1265167389},"track":{"name":"Animal","mbid":"1aac2b6c-d260-4523-8644-e845afe7c11e","artist":{"name":"Miike Snow","mbid":"753a1564-aaef-4d39-bc68-4a8d5e328cf7"}},"uncorrectedTrack":{"name":"Animal","mbid":"1aac2b6c-d260-4523-8644-e845afe7c11e","artist":{"name":"Miike Snow","mbid":"753a1564-aaef-4d39-bc68-4a8d5e328cf7"}}},{"timestamp":{"iso":"2010-02-03T03:39:01","unixtimestamp":1265168341},"track":{"name":"Bluish","mbid":"596ae034-8a18-4541-bd8b-ece7ca29c29b","artist":{"name":"Animal Collective","mbid":"0c751690-c784-4a4f-b1e4-c1de27d47581"}},"uncorrectedTrack":{"name":"Bluish","mbid":"596ae034-8a18-4541-bd8b-ece7ca29c29b","artist":{"name":"Animal Collective","mbid":"0c751690-c784-4a4f-b1e4-c1de27d47581"}}},{"timestamp":{"iso":"2010-02-03T03:42:17","unixtimestamp":1265168537},"track":{"name":"My Girls","mbid":"f34bab62-0ca6-417e-a80e-71e45d5cb729","artist":{"name":"Animal Collective","mbid":"0c751690-c784-4a4f-b1e4-c1de27d47581"}},"uncorrectedTrack":{"name":"My Girls","mbid":"f34bab62-0ca6-417e-a80e-71e45d5cb729","artist":{"name":"Animal Collective","mbid":"0c751690-c784-4a4f-b1e4-c1de27d47581"}}},{"timestamp":{"iso":"2010-02-03T04:12:44","unixtimestamp":1265170364},"track":{"name":"Good Morning Midnight","mbid":"2fb41ad6-415e-4e58-8348-21dbd8160a47","artist":{"name":"Fanfarlo","mbid":"91f909a4-809a-47a7-b15f-94d6878b06cb"}},"uncorrectedTrack":{"name":"Good Morning Midnight","mbid":"2fb41ad6-415e-4e58-8348-21dbd8160a47","artist":{"name":"Fanfarlo","mbid":"91f909a4-809a-47a7-b15f-94d6878b06cb"}}},{"timestamp":{"iso":"2010-02-03T08:27:46","unixtimestamp":1265185666},"track":{"name":"Six Days","mbid":"ddd561b1-764a-4b9a-b4bd-9f526c7ba97b","artist":{"name":"DJ Shadow","mbid":"efa2c11a-1a35-4b60-bc1b-66d37de88511"}},"uncorrectedTrack":{"name":"Six Days","mbid":"ddd561b1-764a-4b9a-b4bd-9f526c7ba97b","artist":{"name":"DJ Shadow","mbid":"efa2c11a-1a35-4b60-bc1b-66d37de88511"}}},{"timestamp":{"iso":"2010-02-03T08:34:31","unixtimestamp":1265186071},"track":{"name":"White Winter Hymnal","mbid":"2ef2eff2-4a6e-4b77-9aa0-ca923fe94eff","artist":{"name":"Fleet Foxes","mbid":"fa97dd36-1b82-43d7-a6e4-2adeafd59cef"}},"uncorrectedTrack":{"name":"White Winter Hymnal","mbid":"2ef2eff2-4a6e-4b77-9aa0-ca923fe94eff","artist":{"name":"Fleet Foxes","mbid":"fa97dd36-1b82-43d7-a6e4-2adeafd59cef"}}},{"timestamp":{"iso":"2010-02-03T11:15:15","unixtimestamp":1265195715},"track":{"name":"The Rip","mbid":"39b6290d-e950-44b1-b648-88ae4c539baa","artist":{"name":"Portishead","mbid":"17e0ef75-fae9-4fa3-b6f6-39a8c986d686"}},"uncorrectedTrack":{"name":"The Rip","mbid":"39b6290d-e950-44b1-b648-88ae4c539baa","artist":{"name":"Portishead","mbid":"17e0ef75-fae9-4fa3-b6f6-39a8c986d686"}}},{"timestamp":{"iso":"2010-02-03T11:43:42","unixtimestamp":1265197422},"track":{"name":"The Decant Session","mbid":"3368b255-7da9-417f-a2df-cfcc60e3b24c","artist":{"name":"Yann Tiersen","mbid":"12d432a3-feb0-49b1-a107-d20751880764"}},"uncorrectedTrack":{"name":"The Decant Session","mbid":"3368b255-7da9-417f-a2df-cfcc60e3b24c","artist":{"name":"Yann Tiersen","mbid":"12d432a3-feb0-49b1-a107-d20751880764"}}},{"timestamp":{"iso":"2010-02-03T11:51:36","unixtimestamp":1265197896},"track":{"name":"Good Bye Lenin","mbid":"02fe46a9-d90a-4cfc-9739-52bda578cbe7","artist":{"name":"Yann Tiersen","mbid":"12d432a3-feb0-49b1-a107-d20751880764"}},"uncorrectedTrack":{"name":"Good Bye Lenin","mbid":"02fe46a9-d90a-4cfc-9739-52bda578cbe7","artist":{"name":"Yann Tiersen","mbid":"12d432a3-feb0-49b1-a107-d20751880764"}}},{"timestamp":{"iso":"2010-02-03T15:54:36","unixtimestamp":1265212476},"track":{"name":"Paradise Circus","mbid":"022ef151-9c94-435d-b637-a8fe9ac9acb2","artist":{"name":"Massive Attack","mbid":"10adbe5e-a2c0-4bf3-8249-2b4cbf6e6ca8"}},"uncorrectedTrack":{"name":"Paradise Circus feat. Hope Sandoval","artist":{"name":"Massive Attack","mbid":"10adbe5e-a2c0-4bf3-8249-2b4cbf6e6ca8"}}},{"timestamp":{"iso":"2010-02-04T12:32:51","unixtimestamp":1265286771},"track":{"name":"Ponderosa","mbid":"3ff51c13-eaa0-49a0-9405-77fdd28fad19","artist":{"name":"Tricky","mbid":"5bf64d94-efd9-4334-96fd-e6197b0b02b8"}},"uncorrectedTrack":{"name":"Ponderosa","mbid":"3ff51c13-eaa0-49a0-9405-77fdd28fad19","artist":{"name":"Tricky","mbid":"5bf64d94-efd9-4334-96fd-e6197b0b02b8"}}},{"timestamp":{"iso":"2010-02-04T14:19:25","unixtimestamp":1265293165},"track":{"name":"Peacebone","mbid":"5d460c00-78af-4590-9b8e-22881b311163","artist":{"name":"Animal Collective","mbid":"0c751690-c784-4a4f-b1e4-c1de27d47581"}},"uncorrectedTrack":{"name":"Peacebone","mbid":"5d460c00-78af-4590-9b8e-22881b311163","artist":{"name":"Animal Collective","mbid":"0c751690-c784-4a4f-b1e4-c1de27d47581"}}},{"timestamp":{"iso":"2010-02-04T14:19:36","unixtimestamp":1265293176},"track":{"name":"15 Step","mbid":"d1fb7f52-0c9d-42d6-a100-ed0e5ff328a8","artist":{"name":"Radiohead","mbid":"a74b1b7f-71a5-4011-9441-d0b5e4122711"}},"uncorrectedTrack":{"name":"15 Step","mbid":"d1fb7f52-0c9d-42d6-a100-ed0e5ff328a8","artist":{"name":"Radiohead","mbid":"a74b1b7f-71a5-4011-9441-d0b5e4122711"}}},{"timestamp":{"iso":"2010-02-04T14:19:41","unixtimestamp":1265293181},"track":{"name":"Gobbledigook","mbid":"00c535fd-60fe-4c22-abd5-b52fd1b2a57c","artist":{"name":"Sigur Rós","mbid":"f6f2326f-6b25-4170-b89d-e235b25508e8"}},"uncorrectedTrack":{"name":"Gobbledigook","mbid":"00c535fd-60fe-4c22-abd5-b52fd1b2a57c","artist":{"name":"Sigur Rós","mbid":"f6f2326f-6b25-4170-b89d-e235b25508e8"}}},{"timestamp":{"iso":"2010-02-04T14:19:51","unixtimestamp":1265293191},"track":{"name":"Recurring","mbid":"8a20b745-f1a2-4d6a-8be9-849d9c5cef23","artist":{"name":"Bonobo","mbid":"6f7dea51-1d02-4be1-b138-92078518350c"}},"uncorrectedTrack":{"name":"Recurring","mbid":"8a20b745-f1a2-4d6a-8be9-849d9c5cef23","artist":{"name":"Bonobo","mbid":"6f7dea51-1d02-4be1-b138-92078518350c"}}},{"timestamp":{"iso":"2010-02-05T03:20:46","unixtimestamp":1265340046},"track":{"name":"Last Nite","mbid":"3a3042ee-0083-4164-be82-77271d4a405f","artist":{"name":"The Strokes","mbid":"f181961b-20f7-459e-89de-920ef03c7ed0"}},"uncorrectedTrack":{"name":"Last Nite","mbid":"3a3042ee-0083-4164-be82-77271d4a405f","artist":{"name":"The Strokes","mbid":"f181961b-20f7-459e-89de-920ef03c7ed0"}}},{"timestamp":{"iso":"2010-02-08T18:39:59","unixtimestamp":1265654399},"track":{"name":"Let Your Love Grow Tall","mbid":"b657b5cc-b75d-4d9f-bdb1-b4673ee7aad6","artist":{"name":"Passion Pit","mbid":"daeec599-bf5d-4428-994a-e76ba5f86e2f"}},"uncorrectedTrack":{"name":"Let Your Love Grow Tall","mbid":"b657b5cc-b75d-4d9f-bdb1-b4673ee7aad6","artist":{"name":"Passion Pit","mbid":"daeec599-bf5d-4428-994a-e76ba5f86e2f"}}},{"timestamp":{"iso":"2010-02-10T07:14:16","unixtimestamp":1265786056},"track":{"name":"Pa Pa Power","mbid":"e7c6c7b4-9830-4539-9142-c839d023e253","artist":{"name":"Dead Man\u0027s Bones","mbid":"b2c8ff02-6078-4e9a-b2d7-267451925394"}},"uncorrectedTrack":{"name":"Pa Pa Power","mbid":"e7c6c7b4-9830-4539-9142-c839d023e253","artist":{"name":"Dead Man\u0027s Bones","mbid":"b2c8ff02-6078-4e9a-b2d7-267451925394"}}},{"timestamp":{"iso":"2010-02-11T14:54:48","unixtimestamp":1265900088},"track":{"name":"Minuet and Badinerie (from Orchestral Suite No. 2 inB Minor)","artist":{"name":"Johann Sebastian Bach","mbid":"24f1766e-9635-4d58-a4d4-9413f9f98a4c"}},"uncorrectedTrack":{"name":"Minuet and Badinerie (from Orchestral Suite No. 2 inB Minor)","artist":{"name":"Bach, Johann Sebastian"}}},{"timestamp":{"iso":"2010-02-11T15:03:24","unixtimestamp":1265900604},"track":{"name":"Chorale Prelude, BWV 645, \"Wachet Auf, Ruft Uns Die Stimme\"","artist":{"name":"Johann Sebastian Bach","mbid":"24f1766e-9635-4d58-a4d4-9413f9f98a4c"}},"uncorrectedTrack":{"name":"Chorale Prelude, BWV 645, \"Wachet Auf, Ruft Uns Die Stimme\"","artist":{"name":"Johann Sebastian Bach","mbid":"24f1766e-9635-4d58-a4d4-9413f9f98a4c"}}},{"timestamp":{"iso":"2010-02-18T14:10:30","unixtimestamp":1266502230},"track":{"name":"On My Way","mbid":"f0b941d7-8c67-4b27-92fd-73c7bd6c7acf","artist":{"name":"Cocoon","mbid":"0d8ec10b-f516-4bc9-a068-cda1522caee6"}},"uncorrectedTrack":{"name":"On My Way","mbid":"f0b941d7-8c67-4b27-92fd-73c7bd6c7acf","artist":{"name":"Cocoon","mbid":"0d8ec10b-f516-4bc9-a068-cda1522caee6"}}},{"timestamp":{"iso":"2010-02-18T14:43:47","unixtimestamp":1266504227},"track":{"name":"08 Sonata 29 in Bb Op.106 \u0027Hammerklavier\u0027 - IV - Argo allegro","artist":{"name":"Ludwig van Beethoven","mbid":"1f9df192-a621-4f54-8850-2c5373b7eac9"}},"uncorrectedTrack":{"name":"08 Sonata 29 in Bb Op.106 \u0027Hammerklavier\u0027 - IV - Argo allegro","artist":{"name":"Ludwig van Beethoven","mbid":"1f9df192-a621-4f54-8850-2c5373b7eac9"}}},{"timestamp":{"iso":"2010-02-18T15:00:57","unixtimestamp":1266505257},"track":{"name":"01 Sonata 10 in G Op.14,2 - I - Allegro","artist":{"name":"Ludwig van Beethoven","mbid":"1f9df192-a621-4f54-8850-2c5373b7eac9"}},"uncorrectedTrack":{"name":"01 Sonata 10 in G Op.14,2 - I - Allegro","artist":{"name":"Ludwig van Beethoven","mbid":"1f9df192-a621-4f54-8850-2c5373b7eac9"}}},{"timestamp":{"iso":"2010-02-18T15:15:00","unixtimestamp":1266506100},"track":{"name":"Two Dots","artist":{"name":"Lusine"}},"uncorrectedTrack":{"name":"Two Dots","artist":{"name":"Lusine"}}},{"timestamp":{"iso":"2010-02-19T08:52:37","unixtimestamp":1266569557},"track":{"name":"Venus as a Boy","mbid":"76490b9d-32a5-4d13-8221-22ea6e3bbc0a","artist":{"name":"Björk","mbid":"87c5dedd-371d-4a53-9f7f-80522fb7f3cb"}},"uncorrectedTrack":{"name":"Venus as a Boy","mbid":"76490b9d-32a5-4d13-8221-22ea6e3bbc0a","artist":{"name":"Björk","mbid":"87c5dedd-371d-4a53-9f7f-80522fb7f3cb"}}},{"timestamp":{"iso":"2010-02-22T01:05:46","unixtimestamp":1266800746},"track":{"name":"Taxi Cab","mbid":"1eb76ecc-df8b-424e-920a-35a872571fc1","artist":{"name":"Vampire Weekend","mbid":"af37c51c-0790-4a29-b995-456f98a6b8c9"}},"uncorrectedTrack":{"name":"Taxi Cab","mbid":"1eb76ecc-df8b-424e-920a-35a872571fc1","artist":{"name":"Vampire Weekend","mbid":"af37c51c-0790-4a29-b995-456f98a6b8c9"}}},{"timestamp":{"iso":"2010-03-02T09:09:12","unixtimestamp":1267520952},"track":{"name":"Heaven\u0027s Gonna Burn Your Eyes","mbid":"0c0a7e6e-e190-41f7-8e74-032df3dfc77f","artist":{"name":"Thievery Corporation","mbid":"a505bb48-ad65-4af4-ae47-29149715bff9"}},"uncorrectedTrack":{"name":"Heaven\u0027s Gonna Burn Your Eyes","mbid":"0c0a7e6e-e190-41f7-8e74-032df3dfc77f","artist":{"name":"Thievery Corporation","mbid":"a505bb48-ad65-4af4-ae47-29149715bff9"}}},{"timestamp":{"iso":"2010-03-03T16:06:07","unixtimestamp":1267632367},"track":{"name":"Psyche","mbid":"37bd0914-d223-46ca-926f-86cc0a923eac","artist":{"name":"Massive Attack","mbid":"10adbe5e-a2c0-4bf3-8249-2b4cbf6e6ca8"}},"uncorrectedTrack":{"name":"Psyche","mbid":"37bd0914-d223-46ca-926f-86cc0a923eac","artist":{"name":"Massive Attack","mbid":"10adbe5e-a2c0-4bf3-8249-2b4cbf6e6ca8"}}},{"timestamp":{"iso":"2010-03-03T16:12:35","unixtimestamp":1267632755},"track":{"name":"Your Ex-Lover Is Dead","mbid":"4e3cdac1-a547-44ba-8c0f-7b7d2245ea15","artist":{"name":"Stars","mbid":"16ebb731-7ba0-4dc0-ad87-ef4c56461d81"}},"uncorrectedTrack":{"name":"Your Ex-Lover Is Dead","mbid":"4e3cdac1-a547-44ba-8c0f-7b7d2245ea15","artist":{"name":"Stars","mbid":"16ebb731-7ba0-4dc0-ad87-ef4c56461d81"}}},{"timestamp":{"iso":"2010-03-03T16:53:52","unixtimestamp":1267635232},"track":{"name":"Ghostwriter","mbid":"54f534ee-cf6c-439e-a04f-d9c8e93484c5","artist":{"name":"RJD2","mbid":"1a120ec5-35b3-4f3e-aa49-7201550d9feb"}},"uncorrectedTrack":{"name":"Ghostwriter","mbid":"54f534ee-cf6c-439e-a04f-d9c8e93484c5","artist":{"name":"RJD2","mbid":"1a120ec5-35b3-4f3e-aa49-7201550d9feb"}}},{"timestamp":{"iso":"2010-03-03T17:22:07","unixtimestamp":1267636927},"track":{"name":"Marmalade","mbid":"81513704-9da0-4199-bdb0-8a18214d881b","artist":{"name":"Cagedbaby","mbid":"b398215e-c440-4dee-bd18-9d82f715442f"}},"uncorrectedTrack":{"name":"Marmalade","mbid":"81513704-9da0-4199-bdb0-8a18214d881b","artist":{"name":"Cagedbaby","mbid":"b398215e-c440-4dee-bd18-9d82f715442f"}}},{"timestamp":{"iso":"2010-03-08T19:29:23","unixtimestamp":1268076563},"track":{"name":"All Through The Night","mbid":"c28a179b-bc29-4948-a775-aa037076e77e","artist":{"name":"Emancipator","mbid":"aa1d4315-5246-42b2-b62b-f997d046d8b2"}},"uncorrectedTrack":{"name":"All Through The Night","mbid":"c28a179b-bc29-4948-a775-aa037076e77e","artist":{"name":"Emancipator","mbid":"aa1d4315-5246-42b2-b62b-f997d046d8b2"}}},{"timestamp":{"iso":"2010-03-08T19:41:21","unixtimestamp":1268077281},"track":{"name":"Röyksopp Forever","mbid":"bc0b400c-1f18-495e-abca-e14b3ec97af8","artist":{"name":"Röyksopp","mbid":"1c70a3fc-fa3c-4be1-8b55-c3192db8a884"}},"uncorrectedTrack":{"name":"Röyksopp Forever","mbid":"bc0b400c-1f18-495e-abca-e14b3ec97af8","artist":{"name":"Röyksopp","mbid":"1c70a3fc-fa3c-4be1-8b55-c3192db8a884"}}},{"timestamp":{"iso":"2010-03-09T16:59:58","unixtimestamp":1268153998},"track":{"name":"Slow Nerve Action","mbid":"00f4167c-6eeb-46dc-97e2-41c490caf102","artist":{"name":"The Flaming Lips","mbid":"1f43d76f-8edf-44f6-aaf1-b65f05ad9402"}},"uncorrectedTrack":{"name":"Slow Nerve Action","mbid":"00f4167c-6eeb-46dc-97e2-41c490caf102","artist":{"name":"The Flaming Lips","mbid":"1f43d76f-8edf-44f6-aaf1-b65f05ad9402"}}},{"timestamp":{"iso":"2010-03-09T17:00:19","unixtimestamp":1268154019},"track":{"name":"I\u0027m Good, I\u0027m Gone","mbid":"12dac8b3-ba8a-4337-80ee-c3ff37a60ab2","artist":{"name":"Lykke Li","mbid":"cc7d4686-ea02-45fd-956e-94c1a322558c"}},"uncorrectedTrack":{"name":"I\u0027m Good, I\u0027m Gone","mbid":"12dac8b3-ba8a-4337-80ee-c3ff37a60ab2","artist":{"name":"Lykke Li","mbid":"cc7d4686-ea02-45fd-956e-94c1a322558c"}}},{"timestamp":{"iso":"2010-03-09T18:44:17","unixtimestamp":1268160257},"track":{"name":"The Golden Eel","mbid":"87315545-769c-403e-86ae-f94ebdd796cc","artist":{"name":"Ween","mbid":"c0eee88b-47f2-4cd2-ac48-a045e902a432"}},"uncorrectedTrack":{"name":"The Golden Eel","mbid":"87315545-769c-403e-86ae-f94ebdd796cc","artist":{"name":"Ween","mbid":"c0eee88b-47f2-4cd2-ac48-a045e902a432"}}},{"timestamp":{"iso":"2010-03-11T13:16:44","unixtimestamp":1268313404},"track":{"name":"Brother Sport","mbid":"4c9b8cdb-3919-4536-933f-1567feed9a4e","artist":{"name":"Animal Collective","mbid":"0c751690-c784-4a4f-b1e4-c1de27d47581"}},"uncorrectedTrack":{"name":"Brother Sport","mbid":"4c9b8cdb-3919-4536-933f-1567feed9a4e","artist":{"name":"Animal Collective","mbid":"0c751690-c784-4a4f-b1e4-c1de27d47581"}}},{"timestamp":{"iso":"2010-03-15T15:33:28","unixtimestamp":1268667208},"track":{"name":"Giving up the Gun","mbid":"fb46ee06-4ded-4b0c-862f-4e2b226d9430","artist":{"name":"Vampire Weekend","mbid":"af37c51c-0790-4a29-b995-456f98a6b8c9"}},"uncorrectedTrack":{"name":"Giving up the Gun","mbid":"fb46ee06-4ded-4b0c-862f-4e2b226d9430","artist":{"name":"Vampire Weekend","mbid":"af37c51c-0790-4a29-b995-456f98a6b8c9"}}},{"timestamp":{"iso":"2010-06-02T23:35:02","unixtimestamp":1275521702},"track":{"name":"Casimir Pulaski Day","mbid":"19d0e69a-1efb-43ee-b414-1ec7c2b26cb4","artist":{"name":"Sufjan Stevens","mbid":"01d3c51b-9b98-418a-8d8e-37f6fab59d8c"}},"uncorrectedTrack":{"name":"Casimir Pulaski Day","mbid":"19d0e69a-1efb-43ee-b414-1ec7c2b26cb4","artist":{"name":"Sufjan Stevens","mbid":"01d3c51b-9b98-418a-8d8e-37f6fab59d8c"}}},{"timestamp":{"iso":"2010-06-03T10:00:40","unixtimestamp":1275559240},"track":{"name":"愛の実験","mbid":"8e32fd04-b1bd-449d-bf70-57c6a3057239","artist":{"name":"Lily Chou-Chou","mbid":"5652bb3e-f225-49de-9637-5aa1539b4a7c"}},"uncorrectedTrack":{"name":"愛の実験","artist":{"name":"LILY CHOU CHOU"}}},{"timestamp":{"iso":"2010-06-03T10:01:05","unixtimestamp":1275559265},"track":{"name":"愛の実験","mbid":"8e32fd04-b1bd-449d-bf70-57c6a3057239","artist":{"name":"Lily Chou-Chou","mbid":"5652bb3e-f225-49de-9637-5aa1539b4a7c"}},"uncorrectedTrack":{"name":"愛の実験","mbid":"8e32fd04-b1bd-449d-bf70-57c6a3057239","artist":{"name":"Lily Chou-Chou","mbid":"5652bb3e-f225-49de-9637-5aa1539b4a7c"}}},{"timestamp":{"iso":"2010-06-03T10:18:07","unixtimestamp":1275560287},"track":{"name":"White Surf style 5.","mbid":"915cb1ca-a266-444b-8218-7fe671914d94","artist":{"name":"Supercar","mbid":"371d6599-6292-4f3f-94d2-5b2fd19b089c"}},"uncorrectedTrack":{"name":"White Surf style 5.","mbid":"915cb1ca-a266-444b-8218-7fe671914d94","artist":{"name":"Supercar","mbid":"371d6599-6292-4f3f-94d2-5b2fd19b089c"}}},{"timestamp":{"iso":"2010-06-03T10:22:23","unixtimestamp":1275560543},"track":{"name":"Watashi-no Koibito","mbid":"8d4b6fab-7bca-47f3-849e-f35ec823d676","artist":{"name":"小島麻由美","mbid":"8defddcb-85ab-4283-a1a8-68405fa98b6b"}},"uncorrectedTrack":{"name":"Watashi-no Koibito","mbid":"8d4b6fab-7bca-47f3-849e-f35ec823d676","artist":{"name":"小島麻由美","mbid":"8defddcb-85ab-4283-a1a8-68405fa98b6b"}}},{"timestamp":{"iso":"2010-06-03T10:29:22","unixtimestamp":1275560962},"track":{"name":"arne","mbid":"736b04b9-bef4-4a15-97a0-e4bffe313c98","artist":{"name":"Haruka Nakamura","mbid":"3d6a7fdc-2357-4d7c-bbe5-773c8245d5a0"}},"uncorrectedTrack":{"name":"arne","mbid":"736b04b9-bef4-4a15-97a0-e4bffe313c98","artist":{"name":"Haruka Nakamura","mbid":"3d6a7fdc-2357-4d7c-bbe5-773c8245d5a0"}}},{"timestamp":{"iso":"2010-06-03T10:35:26","unixtimestamp":1275561326},"track":{"name":"TEAM ROCK","mbid":"7038d8f0-d83a-463f-bb11-56a3200a5ebe","artist":{"name":"くるり","mbid":"252c9f8a-be04-4146-b73e-a24696b2f5ed"}},"uncorrectedTrack":{"name":"TEAM ROCK","mbid":"7038d8f0-d83a-463f-bb11-56a3200a5ebe","artist":{"name":"くるり","mbid":"252c9f8a-be04-4146-b73e-a24696b2f5ed"}}},{"timestamp":{"iso":"2010-06-03T11:05:28","unixtimestamp":1275563128},"track":{"name":"Kiss of Life (Bonus Track)","artist":{"name":"Friendly Fires","mbid":"ef656595-bbe8-4386-8953-be8df9f54472"}},"uncorrectedTrack":{"name":"Kiss of Life (Bonus Track)","artist":{"name":"Friendly Fires","mbid":"ef656595-bbe8-4386-8953-be8df9f54472"}}},{"timestamp":{"iso":"2010-06-14T06:43:37","unixtimestamp":1276497817},"track":{"name":"Home","mbid":"618eb454-669f-438a-946c-831ed6bdfb41","artist":{"name":"Villagers","mbid":"22f6ed4d-c1ce-4f7b-8e69-a5761a9de9aa"}},"uncorrectedTrack":{"name":"Home","mbid":"618eb454-669f-438a-946c-831ed6bdfb41","artist":{"name":"Villagers","mbid":"22f6ed4d-c1ce-4f7b-8e69-a5761a9de9aa"}}},{"timestamp":{"iso":"2010-06-19T06:14:30","unixtimestamp":1276928070},"track":{"name":"Sasong (Stretched)","artist":{"name":"Avey Tare \u0026 Kría Brekkan"}},"uncorrectedTrack":{"name":"Sasong (Stretched)","artist":{"name":"Avey Tare \u0026 Kría Brekkan"}}},{"timestamp":{"iso":"2010-06-29T06:22:34","unixtimestamp":1277792554},"track":{"name":"Someone Great","mbid":"5a6c9abc-2104-45ed-b4d7-db0f870e26df","artist":{"name":"LCD Soundsystem","mbid":"2aaf7396-6ab8-40f3-9776-a41c42c8e26b"}},"uncorrectedTrack":{"name":"Someone Great","mbid":"5a6c9abc-2104-45ed-b4d7-db0f870e26df","artist":{"name":"LCD Soundsystem","mbid":"2aaf7396-6ab8-40f3-9776-a41c42c8e26b"}}},{"timestamp":{"iso":"2010-08-02T16:25:56","unixtimestamp":1280766356},"track":{"name":"Aerodynamic","mbid":"5bc82f70-7776-4f00-b041-eaf05dac1d68","artist":{"name":"Daft Punk","mbid":"056e4f3e-d505-4dad-8ec1-d04f521cbb56"}},"uncorrectedTrack":{"name":"Aerodynamic","mbid":"5bc82f70-7776-4f00-b041-eaf05dac1d68","artist":{"name":"Daft Punk","mbid":"056e4f3e-d505-4dad-8ec1-d04f521cbb56"}}},{"timestamp":{"iso":"2010-08-19T20:44:30","unixtimestamp":1282250670},"track":{"name":"Curse This City","mbid":"6b8e7830-6714-4158-bc4e-a4c366ffe0da","artist":{"name":"Hockey","mbid":"0f1c12c9-15d7-4dbd-918f-4d6148423385"}},"uncorrectedTrack":{"name":"Curse This City","mbid":"6b8e7830-6714-4158-bc4e-a4c366ffe0da","artist":{"name":"Hockey","mbid":"0f1c12c9-15d7-4dbd-918f-4d6148423385"}}},{"timestamp":{"iso":"2010-08-27T04:22:06","unixtimestamp":1282882926},"track":{"name":"rr vs. d","mbid":"33a1fc18-fab6-4e22-aaaf-57beec64b8d4","artist":{"name":"Au","mbid":"01515686-f67b-49a3-9b68-7b53914fc0a8"}},"uncorrectedTrack":{"name":"rr vs. d","mbid":"33a1fc18-fab6-4e22-aaaf-57beec64b8d4","artist":{"name":"Au","mbid":"01515686-f67b-49a3-9b68-7b53914fc0a8"}}},{"timestamp":{"iso":"2010-09-14T06:01:29","unixtimestamp":1284444089},"track":{"name":"Love Me Forever","artist":{"name":"Carlton \u0026 The Shoes"}},"uncorrectedTrack":{"name":"Love Me Forever","artist":{"name":"Carlton \u0026 The Shoes"}}},{"timestamp":{"iso":"2011-04-10T06:47:46","unixtimestamp":1302418066},"track":{"name":"Catch the Wind","mbid":"19986bf7-7826-43b7-813f-311b8b0f1f4d","artist":{"name":"Donovan","mbid":"72d7d717-0837-4f2a-9641-d0f9fdd3acf7"}},"uncorrectedTrack":{"name":"Catch the Wind","mbid":"19986bf7-7826-43b7-813f-311b8b0f1f4d","artist":{"name":"Donovan","mbid":"72d7d717-0837-4f2a-9641-d0f9fdd3acf7"}}},{"timestamp":{"iso":"2011-04-10T06:52:12","unixtimestamp":1302418332},"track":{"name":"This Flight Tonight","mbid":"8877e386-4d72-4935-91f6-fa753b47f6c7","artist":{"name":"Joni Mitchell","mbid":"a6de8ef9-b1a1-4756-97aa-481bbb8a4069"}},"uncorrectedTrack":{"name":"This Flight Tonight","mbid":"8877e386-4d72-4935-91f6-fa753b47f6c7","artist":{"name":"Joni Mitchell","mbid":"a6de8ef9-b1a1-4756-97aa-481bbb8a4069"}}},{"timestamp":{"iso":"2011-05-12T20:36:03","unixtimestamp":1305232563},"track":{"name":"Love Is New","mbid":"7d81b79f-bc41-4a0c-9c87-80dffb002664","artist":{"name":"Brendan Canning","mbid":"83a70b55-351a-49b4-a124-d6c9ea666de7"}},"uncorrectedTrack":{"name":"Love Is New","mbid":"7d81b79f-bc41-4a0c-9c87-80dffb002664","artist":{"name":"Brendan Canning","mbid":"83a70b55-351a-49b4-a124-d6c9ea666de7"}}},{"timestamp":{"iso":"2011-05-12T20:45:55","unixtimestamp":1305233155},"track":{"name":"Pretty One Play","mbid":"2accbbb4-b833-4669-8492-16baaeb145f2","artist":{"name":"Reverie Sound Revue","mbid":"7d415d1e-d61a-41ec-adaf-9039a713feed"}},"uncorrectedTrack":{"name":"Pretty One Play","mbid":"2accbbb4-b833-4669-8492-16baaeb145f2","artist":{"name":"Reverie Sound Revue","mbid":"7d415d1e-d61a-41ec-adaf-9039a713feed"}}},{"timestamp":{"iso":"2011-05-12T21:01:09","unixtimestamp":1305234069},"track":{"name":"All the Trees of the Field Will Clap Their Hands","mbid":"2a0f55b9-e363-45df-9b06-2894b8676755","artist":{"name":"Sufjan Stevens","mbid":"01d3c51b-9b98-418a-8d8e-37f6fab59d8c"}},"uncorrectedTrack":{"name":"All the Trees of the Field Will Clap Their Hands","mbid":"2a0f55b9-e363-45df-9b06-2894b8676755","artist":{"name":"Sufjan Stevens","mbid":"01d3c51b-9b98-418a-8d8e-37f6fab59d8c"}}},{"timestamp":{"iso":"2011-06-15T18:39:06","unixtimestamp":1308163146},"track":{"name":"In This Home on Ice","mbid":"0b41d9a1-5986-4535-9ab7-cd40807ef1ac","artist":{"name":"Clap Your Hands Say Yeah","mbid":"4b2d6a23-034d-4a29-9bb9-d2462796da4e"}},"uncorrectedTrack":{"name":"In This Home on Ice","mbid":"0b41d9a1-5986-4535-9ab7-cd40807ef1ac","artist":{"name":"Clap Your Hands Say Yeah","mbid":"4b2d6a23-034d-4a29-9bb9-d2462796da4e"}}},{"timestamp":{"iso":"2011-10-03T15:30:42","unixtimestamp":1317655842},"track":{"name":"Efêmera","mbid":"d9266b07-3a79-47c1-9629-93bcb448462e","artist":{"name":"Tulipa Ruiz","mbid":"883cbd06-7ed2-4c5f-a5c0-8ea7792b4655"}},"uncorrectedTrack":{"name":"Efêmera","mbid":"d9266b07-3a79-47c1-9629-93bcb448462e","artist":{"name":"Tulipa Ruiz","mbid":"883cbd06-7ed2-4c5f-a5c0-8ea7792b4655"}}},{"timestamp":{"iso":"2012-06-13T21:01:52","unixtimestamp":1339621312},"track":{"name":"Ketto","mbid":"9fa9aba0-d8e2-4177-8ee7-728f365a7cd4","artist":{"name":"Bonobo","mbid":"6f7dea51-1d02-4be1-b138-92078518350c"}},"uncorrectedTrack":{"name":"Ketto","mbid":"9fa9aba0-d8e2-4177-8ee7-728f365a7cd4","artist":{"name":"Bonobo","mbid":"6f7dea51-1d02-4be1-b138-92078518350c"}}},{"timestamp":{"iso":"2012-08-21T01:42:48","unixtimestamp":1345513368},"track":{"name":"Rondo alla Turca","mbid":"698c5e02-7450-4744-9977-d611b9565fd2","artist":{"name":"Wolfgang Amadeus Mozart","mbid":"255b884c-25e9-4da2-99e9-b104ed637eae"}},"uncorrectedTrack":{"name":"Rondo alla Turca","mbid":"698c5e02-7450-4744-9977-d611b9565fd2","artist":{"name":"Wolfgang Amadeus Mozart","mbid":"255b884c-25e9-4da2-99e9-b104ed637eae"}}},{"timestamp":{"iso":"2012-08-21T01:46:37","unixtimestamp":1345513597},"track":{"name":"Beethoven - Sonata Pathetique Classical Music to Make you Smarter","artist":{"name":"Ludwig van Beethoven","mbid":"1f9df192-a621-4f54-8850-2c5373b7eac9"}},"uncorrectedTrack":{"name":"Beethoven - Sonata Pathetique Classical Music to Make you Smarter","artist":{"name":"Ludwig van Beethoven","mbid":"1f9df192-a621-4f54-8850-2c5373b7eac9"}}},{"timestamp":{"iso":"2012-08-21T03:17:18","unixtimestamp":1345519038},"track":{"name":"Carolan\u0027s Welcome","mbid":"aaf59fc2-a9bf-43f4-b2c9-ec94a0fa9138","artist":{"name":"Patrick Ball","mbid":"92da8e7d-6138-4154-9ec5-91262fc28359"}},"uncorrectedTrack":{"name":"Carolan\u0027s Welcome","mbid":"aaf59fc2-a9bf-43f4-b2c9-ec94a0fa9138","artist":{"name":"Patrick Ball","mbid":"92da8e7d-6138-4154-9ec5-91262fc28359"}}},{"timestamp":{"iso":"2012-08-21T20:08:37","unixtimestamp":1345579717},"track":{"name":"All That You Give","mbid":"91247ee5-9e3d-401c-b5b2-8bf63c11ec71","artist":{"name":"The Cinematic Orchestra","mbid":"7c158ea8-c0aa-410e-bdc1-20bba9759577"}},"uncorrectedTrack":{"name":"All That You Give","mbid":"91247ee5-9e3d-401c-b5b2-8bf63c11ec71","artist":{"name":"The Cinematic Orchestra","mbid":"7c158ea8-c0aa-410e-bdc1-20bba9759577"}}},{"timestamp":{"iso":"2012-08-21T22:07:49","unixtimestamp":1345586869},"track":{"name":"Sampleame","mbid":"e93aff84-d3d4-4a69-8964-7859ce4ff484","artist":{"name":"The Pinker Tones","mbid":"0b2e9bf1-a93d-4c6a-90c4-396d61706fd3"}},"uncorrectedTrack":{"name":"Sampleame","mbid":"e93aff84-d3d4-4a69-8964-7859ce4ff484","artist":{"name":"The Pinker Tones","mbid":"0b2e9bf1-a93d-4c6a-90c4-396d61706fd3"}}},{"timestamp":{"iso":"2012-08-21T22:24:48","unixtimestamp":1345587888},"track":{"name":"Santa Fe","mbid":"77105f13-82b6-41cd-ae2f-0050a8b06434","artist":{"name":"Beirut","mbid":"0af78501-5647-4c18-9a0d-66ac8789e13b"}},"uncorrectedTrack":{"name":"Santa Fe","mbid":"77105f13-82b6-41cd-ae2f-0050a8b06434","artist":{"name":"Beirut","mbid":"0af78501-5647-4c18-9a0d-66ac8789e13b"}}},{"timestamp":{"iso":"2012-08-21T23:19:57","unixtimestamp":1345591197},"track":{"name":"Peter Gunn","mbid":"01ca3471-50e5-4777-b814-9095729dab84","artist":{"name":"Henry Mancini","mbid":"009c44ea-e657-45d2-9238-2dee75e2fceb"}},"uncorrectedTrack":{"name":"Peter Gunn","mbid":"01ca3471-50e5-4777-b814-9095729dab84","artist":{"name":"Henry Mancini","mbid":"009c44ea-e657-45d2-9238-2dee75e2fceb"}}},{"timestamp":{"iso":"2012-08-22T02:03:01","unixtimestamp":1345600981},"track":{"name":"Hold On","mbid":"5e02f5fb-13c5-4b05-9e56-0be3b0bb1c8f","artist":{"name":"Alabama Shakes","mbid":"40419b33-18e9-4d5a-a674-30b4bb14bac2"}},"uncorrectedTrack":{"name":"Hold On","mbid":"5e02f5fb-13c5-4b05-9e56-0be3b0bb1c8f","artist":{"name":"Alabama Shakes","mbid":"40419b33-18e9-4d5a-a674-30b4bb14bac2"}}},{"timestamp":{"iso":"2012-08-22T02:10:59","unixtimestamp":1345601459},"track":{"name":"Swimming In The Flood","mbid":"3920df0c-98bc-4982-b2b0-e6764504ee66","artist":{"name":"Passion Pit","mbid":"daeec599-bf5d-4428-994a-e76ba5f86e2f"}},"uncorrectedTrack":{"name":"Swimming In The Flood","mbid":"3920df0c-98bc-4982-b2b0-e6764504ee66","artist":{"name":"Passion Pit","mbid":"daeec599-bf5d-4428-994a-e76ba5f86e2f"}}},{"timestamp":{"iso":"2012-08-22T14:54:47","unixtimestamp":1345647287},"track":{"name":"Four Ton Mantis","mbid":"a7f70453-ba46-4b01-8f12-6da2f24b1228","artist":{"name":"Amon Tobin","mbid":"630662ea-1c7d-4208-99fd-ba3afec20f0c"}},"uncorrectedTrack":{"name":"Four Ton Mantis","mbid":"a7f70453-ba46-4b01-8f12-6da2f24b1228","artist":{"name":"Amon Tobin","mbid":"630662ea-1c7d-4208-99fd-ba3afec20f0c"}}},{"timestamp":{"iso":"2012-08-27T02:28:34","unixtimestamp":1346034514},"track":{"name":"Upon This Tidal Wave of Young Blood","mbid":"35b3c152-ea9c-4e5e-a02d-92105f474159","artist":{"name":"Clap Your Hands Say Yeah","mbid":"4b2d6a23-034d-4a29-9bb9-d2462796da4e"}},"uncorrectedTrack":{"name":"Upon This Tidal Wave of Young Blood","mbid":"35b3c152-ea9c-4e5e-a02d-92105f474159","artist":{"name":"Clap Your Hands Say Yeah","mbid":"4b2d6a23-034d-4a29-9bb9-d2462796da4e"}}},{"timestamp":{"iso":"2012-08-28T16:13:18","unixtimestamp":1346170398},"track":{"name":"Dreamy","mbid":"1f1870d8-629f-4f82-b373-f8cf205f780c","artist":{"name":"Henry Mancini","mbid":"009c44ea-e657-45d2-9238-2dee75e2fceb"}},"uncorrectedTrack":{"name":"Dreamy","mbid":"1f1870d8-629f-4f82-b373-f8cf205f780c","artist":{"name":"Henry Mancini","mbid":"009c44ea-e657-45d2-9238-2dee75e2fceb"}}},{"timestamp":{"iso":"2012-08-29T01:29:14","unixtimestamp":1346203754},"track":{"name":"Apelo","artist":{"name":"Yo-Yo Ma"}},"uncorrectedTrack":{"name":"Apelo","artist":{"name":"Yo-Yo Ma"}}},{"timestamp":{"iso":"2012-08-29T02:01:33","unixtimestamp":1346205693},"track":{"name":"Chi passa per\u0027sta strada","artist":{"name":"Yo-Yo Ma"}},"uncorrectedTrack":{"name":"Chi passa per\u0027sta strada","artist":{"name":"Yo-Yo Ma"}}},{"timestamp":{"iso":"2012-08-29T02:05:44","unixtimestamp":1346205944},"track":{"name":"Goat Rodeo","artist":{"name":"Stuart Duncan;Chris Thile;Edgar Meyer;Yo-Yo Ma"}},"uncorrectedTrack":{"name":"Goat Rodeo","artist":{"name":"Stuart Duncan;Chris Thile;Edgar Meyer;Yo-Yo Ma"}}},{"timestamp":{"iso":"2012-08-29T03:42:07","unixtimestamp":1346211727},"track":{"name":"We Put a Pearl in the Ground","mbid":"0bccc8ca-8bc2-418e-8c76-6439c08ea360","artist":{"name":"St. Vincent","mbid":"5334edc0-5faf-4ca5-b1df-000de3e1f752"}},"uncorrectedTrack":{"name":"We Put a Pearl in the Ground","mbid":"0bccc8ca-8bc2-418e-8c76-6439c08ea360","artist":{"name":"St. Vincent","mbid":"5334edc0-5faf-4ca5-b1df-000de3e1f752"}}},{"timestamp":{"iso":"2012-08-29T03:43:37","unixtimestamp":1346211817},"track":{"name":"Nue","mbid":"4d049094-2344-4afe-994c-03cc64441e07","artist":{"name":"Nils Frahm","mbid":"d03a54bc-6e07-4c04-a8d4-7fbf2bd07a01"}},"uncorrectedTrack":{"name":"Nue","mbid":"4d049094-2344-4afe-994c-03cc64441e07","artist":{"name":"Nils Frahm","mbid":"d03a54bc-6e07-4c04-a8d4-7fbf2bd07a01"}}},{"timestamp":{"iso":"2012-09-07T16:34:30","unixtimestamp":1347035670},"track":{"name":"Stay the Same","mbid":"ef255283-adb9-4464-9e27-09e11ae6cb73","artist":{"name":"Bonobo","mbid":"6f7dea51-1d02-4be1-b138-92078518350c"}},"uncorrectedTrack":{"name":"Stay the Same","mbid":"ef255283-adb9-4464-9e27-09e11ae6cb73","artist":{"name":"Bonobo","mbid":"6f7dea51-1d02-4be1-b138-92078518350c"}}},{"timestamp":{"iso":"2012-10-04T17:51:17","unixtimestamp":1349373077},"track":{"name":"Victoria Roma","mbid":"e8b73376-e8d1-4c3f-b5d0-dfa606acb5e4","artist":{"name":"Gepe","mbid":"c9e12a06-e0c5-4705-bb66-98231c5c9e71"}},"uncorrectedTrack":{"name":"Victoria Roma","mbid":"e8b73376-e8d1-4c3f-b5d0-dfa606acb5e4","artist":{"name":"Gepe","mbid":"c9e12a06-e0c5-4705-bb66-98231c5c9e71"}}},{"timestamp":{"iso":"2012-10-05T20:43:27","unixtimestamp":1349469807},"track":{"name":"Vagalumes Cegos","mbid":"971067ae-e29a-40bb-9795-28c2d3543c44","artist":{"name":"Cícero","mbid":"fe83acee-f465-4cd5-a6b0-9b1f946a335d"}},"uncorrectedTrack":{"name":"Vagalumes Cegos","mbid":"971067ae-e29a-40bb-9795-28c2d3543c44","artist":{"name":"Cícero","mbid":"fe83acee-f465-4cd5-a6b0-9b1f946a335d"}}},{"timestamp":{"iso":"2012-12-01T05:54:33","unixtimestamp":1354341273},"track":{"name":"Black Is The Color Of My True Love\u0027s Hair (Jaffa Remix)","artist":{"name":"Nina Simone","mbid":"2944824d-4c26-476f-a981-be849081942f"}},"uncorrectedTrack":{"name":"Black Is The Color Of My True Love\u0027s Hair (Jaffa Remix)","artist":{"name":"Nina Simone","mbid":"2944824d-4c26-476f-a981-be849081942f"}}},{"timestamp":{"iso":"2012-12-01T05:54:37","unixtimestamp":1354341277},"track":{"name":"I Love My Baby","mbid":"04be23b0-cd56-435b-972b-2ac098e014cb","artist":{"name":"Nina Simone","mbid":"2944824d-4c26-476f-a981-be849081942f"}},"uncorrectedTrack":{"name":"I Love My Baby","mbid":"04be23b0-cd56-435b-972b-2ac098e014cb","artist":{"name":"Nina Simone","mbid":"2944824d-4c26-476f-a981-be849081942f"}}},{"timestamp":{"iso":"2012-12-01T05:54:47","unixtimestamp":1354341287},"track":{"name":"Lets Stay Together","mbid":"be624e97-7907-4008-aba6-8336c558ca5b","artist":{"name":"Al Green","mbid":"fb7272ba-f130-4f0a-934d-6eeea4c18c9a"}},"uncorrectedTrack":{"name":"Lets Stay Together","mbid":"be624e97-7907-4008-aba6-8336c558ca5b","artist":{"name":"Al Green","mbid":"fb7272ba-f130-4f0a-934d-6eeea4c18c9a"}}},{"timestamp":{"iso":"2013-01-17T21:00:08","unixtimestamp":1358456408},"track":{"name":"Myth","mbid":"d9eed2f2-76c1-4d75-afc2-7c9944201090","artist":{"name":"Beach House","mbid":"d5cc67b8-1cc4-453b-96e8-44487acdebea"}},"uncorrectedTrack":{"name":"Myth","mbid":"d9eed2f2-76c1-4d75-afc2-7c9944201090","artist":{"name":"Beach House","mbid":"d5cc67b8-1cc4-453b-96e8-44487acdebea"}}},{"timestamp":{"iso":"2013-01-17T21:00:15","unixtimestamp":1358456415},"track":{"name":"Silver Soul","mbid":"4851bda1-464c-4b70-b923-23f53010c9c6","artist":{"name":"Beach House","mbid":"d5cc67b8-1cc4-453b-96e8-44487acdebea"}},"uncorrectedTrack":{"name":"Silver Soul","mbid":"4851bda1-464c-4b70-b923-23f53010c9c6","artist":{"name":"Beach House","mbid":"d5cc67b8-1cc4-453b-96e8-44487acdebea"}}},{"timestamp":{"iso":"2013-01-17T21:03:38","unixtimestamp":1358456618},"track":{"name":"Black Is The Color Of My True Love\u0027s Hair - Jaffa Remix","artist":{"name":"Nina Simone","mbid":"2944824d-4c26-476f-a981-be849081942f"}},"uncorrectedTrack":{"name":"Black Is The Color Of My True Love\u0027s Hair - Jaffa Remix","artist":{"name":"Nina Simone","mbid":"2944824d-4c26-476f-a981-be849081942f"}}},{"timestamp":{"iso":"2013-02-05T00:16:19","unixtimestamp":1360023379},"track":{"name":"Symphony No. 9 in D Minor, Op.125 \u0027Choral\u0027: II. Molto vivace","artist":{"name":"Wiener Philharmoniker","mbid":"28cf6701-545e-4767-861f-f76251f56992"}},"uncorrectedTrack":{"name":"Symphony No. 9 in D Minor, Op.125 \u0027Choral\u0027: II. Molto vivace","artist":{"name":"Wiener Philharmoniker","mbid":"28cf6701-545e-4767-861f-f76251f56992"}}},{"timestamp":{"iso":"2014-11-05T08:12:33","unixtimestamp":1415175153},"track":{"name":"Chicago","mbid":"2d72dbd3-1dd9-49d5-a8b3-f7a7f771511a","artist":{"name":"Sufjan Stevens","mbid":"01d3c51b-9b98-418a-8d8e-37f6fab59d8c"}},"uncorrectedTrack":{"name":"Chicago","mbid":"2d72dbd3-1dd9-49d5-a8b3-f7a7f771511a","artist":{"name":"Sufjan Stevens","mbid":"01d3c51b-9b98-418a-8d8e-37f6fab59d8c"}}},{"timestamp":{"iso":"2014-11-05T08:12:45","unixtimestamp":1415175165},"track":{"name":"Jacksonville","mbid":"37ad2bb0-95b8-4747-a1e6-c36d4998672f","artist":{"name":"Sufjan Stevens","mbid":"01d3c51b-9b98-418a-8d8e-37f6fab59d8c"}},"uncorrectedTrack":{"name":"Jacksonville","mbid":"37ad2bb0-95b8-4747-a1e6-c36d4998672f","artist":{"name":"Sufjan Stevens","mbid":"01d3c51b-9b98-418a-8d8e-37f6fab59d8c"}}},{"timestamp":{"iso":"2015-02-23T16:05:18","unixtimestamp":1424707518},"track":{"name":"\u0027Ulili E (vocal duet with David Kamakahi)","artist":{"name":"Dennis Kamakahi","mbid":"003f777f-98e1-4a55-9548-6ec52b7e624c"}},"uncorrectedTrack":{"name":"\u0027Ulili E (vocal duet with David Kamakahi)","artist":{"name":"Dennis Kamakahi","mbid":"003f777f-98e1-4a55-9548-6ec52b7e624c"}}}]